/* GENERATED by tools/ui_kit/make_icons.py — do not edit by hand. */
#include "uk_icons.h"

static const uint8_t uk_icon_layouts_22_map[] = {
    0x00,0x00,0x00,0x00,0x00,0x00,0x00,0x00,0x00,0x00,0x00,0x00,0x00,0x11,0x11,0x10,0x00,0x01,0x11,0x11,0x00,0x00,0x00,0x5e,
    0xff,0xff,0xfa,0x00,0xaf,0xff,0xff,0xe5,0x00,0x00,0xed,0x88,0x88,0xbf,0x55,0xfb,0x88,0x88,0xde,0x00,0x01,0xf9,0x00,0x00,
    0x3f,0x77,0xf3,0x00,0x00,0x9f,0x10,0x01,0xf9,0x00,0x00,0x3f,0x77,0xf3,0x00,0x00,0x9f,0x10,0x01,0xf9,0x00,0x00,0x3f,0x77,
    0xf3,0x00,0x00,0x9f,0x10,0x01,0xf9,0x00,0x00,0x3f,0x77,0xf3,0x00,0x00,0x9f,0x10,0x01,0xfb,0x33,0x33,0x6f,0x66,0xf6,0x33,
    0x33,0xbf,0x10,0x00,0xaf,0xff,0xff,0xfe,0x22,0xef,0xff,0xff,0xfa,0x00,0x00,0x05,0x77,0x77,0x62,0x00,0x26,0x77,0x77,0x50,
    0x00,0x00,0x05,0x77,0x77,0x61,0x00,0x16,0x77,0x77,0x50,0x00,0x00,0xaf,0xff,0xff,0xfe,0x22,0xef,0xff,0xff,0xfa,0x00,0x01,
    0xfb,0x33,0x33,0x6f,0x66,0xf6,0x33,0x33,0xbf,0x10,0x01,0xf9,0x00,0x00,0x3f,0x77,0xf3,0x00,0x00,0x9f,0x10,0x01,0xf9,0x00,
    0x00,0x3f,0x77,0xf3,0x00,0x00,0x9f,0x10,0x01,0xf9,0x00,0x00,0x3f,0x77,0xf3,0x00,0x00,0x9f,0x10,0x01,0xf9,0x00,0x00,0x3f,
    0x77,0xf3,0x00,0x00,0x9f,0x10,0x00,0xed,0x88,0x88,0xbf,0x55,0xfb,0x88,0x88,0xde,0x00,0x00,0x5e,0xff,0xff,0xfa,0x00,0xaf,
    0xff,0xff,0xe5,0x00,0x00,0x00,0x11,0x11,0x10,0x00,0x01,0x11,0x11,0x00,0x00,0x00,0x00,0x00,0x00,0x00,0x00,0x00,0x00,0x00,
    0x00,0x00,
};
static const lv_img_dsc_t uk_icon_layouts_22 = {
    .header.cf = LV_IMG_CF_ALPHA_4BIT, .header.always_zero = 0,
    .header.w = 22, .header.h = 22,
    .data_size = sizeof(uk_icon_layouts_22_map), .data = uk_icon_layouts_22_map,
};
static const uint8_t uk_icon_sun_22_map[] = {
    0x00,0x00,0x00,0x00,0x00,0x00,0x00,0x00,0x00,0x00,0x00,0x00,0x00,0x00,0x00,0x00,0x44,0x00,0x00,0x00,0x00,0x00,0x00,0x00,
    0x00,0x00,0x00,0xcc,0x00,0x00,0x00,0x00,0x00,0x00,0x00,0x00,0x00,0x00,0xcc,0x00,0x00,0x00,0x00,0x00,0x00,0x00,0xc9,0x00,
    0x00,0xbb,0x00,0x00,0x9b,0x00,0x00,0x00,0x00,0x9f,0xa0,0x00,0x11,0x00,0x0a,0xf9,0x00,0x00,0x00,0x00,0x0a,0xf1,0x03,0x77,
    0x30,0x1f,0xa0,0x00,0x00,0x00,0x00,0x00,0x11,0xaf,0xff,0xfb,0x11,0x00,0x00,0x00,0x00,0x00,0x00,0x0b,0xf9,0x33,0x9f,0xb0,
    0x00,0x00,0x00,0x00,0x00,0x00,0x3f,0x90,0x00,0x09,0xf3,0x00,0x00,0x00,0x04,0xcc,0xb1,0x7f,0x30,0x00,0x03,0xf7,0x1b,0xcc,
    0x40,0x04,0xcc,0xb1,0x7f,0x30,0x00,0x03,0xf7,0x1b,0xcc,0x40,0x00,0x00,0x00,0x3f,0x90,0x00,0x09,0xf3,0x00,0x00,0x00,0x00,
    0x00,0x00,0x0b,0xf9,0x33,0x9f,0xb0,0x00,0x00,0x00,0x00,0x00,0x00,0x11,0xbf,0xff,0xfb,0x11,0x00,0x00,0x00,0x00,0x00,0x0a,
    0xf1,0x04,0x77,0x30,0x1f,0xa0,0x00,0x00,0x00,0x00,0x9f,0xa0,0x00,0x11,0x00,0x0a,0xf9,0x00,0x00,0x00,0x00,0xc9,0x00,0x00,
    0xbb,0x00,0x00,0x9c,0x00,0x00,0x00,0x00,0x00,0x00,0x00,0xcc,0x00,0x00,0x00,0x00,0x00,0x00,0x00,0x00,0x00,0x00,0xcc,0x00,
    0x00,0x00,0x00,0x00,0x00,0x00,0x00,0x00,0x00,0x44,0x00,0x00,0x00,0x00,0x00,0x00,0x00,0x00,0x00,0x00,0x00,0x00,0x00,0x00,
    0x00,0x00,
};
static const lv_img_dsc_t uk_icon_sun_22 = {
    .header.cf = LV_IMG_CF_ALPHA_4BIT, .header.always_zero = 0,
    .header.w = 22, .header.h = 22,
    .data_size = sizeof(uk_icon_sun_22_map), .data = uk_icon_sun_22_map,
};
static const uint8_t uk_icon_moon_22_map[] = {
    0x00,0x00,0x00,0x00,0x00,0x00,0x00,0x00,0x00,0x00,0x00,0x00,0x00,0x00,0x00,0x00,0x00,0x00,0x00,0x00,0x00,0x00,0x00,0x00,
    0x00,0x00,0x10,0x00,0x00,0x00,0x00,0x00,0x00,0x00,0x00,0x00,0x1a,0xf7,0x00,0x00,0x00,0x00,0x00,0x00,0x00,0x00,0x02,0xdf,
    0xe2,0x00,0x00,0x00,0x00,0x00,0x00,0x00,0x00,0x1d,0xff,0x50,0x00,0x00,0x00,0x00,0x00,0x00,0x00,0x00,0x8f,0xfd,0x00,0x00,
    0x00,0x00,0x00,0x00,0x00,0x00,0x01,0xec,0xf9,0x00,0x00,0x00,0x00,0x00,0x00,0x00,0x00,0x05,0xf7,0xf8,0x00,0x00,0x00,0x00,
    0x00,0x00,0x00,0x00,0x08,0xf3,0xfa,0x00,0x00,0x00,0x00,0x00,0x00,0x00,0x00,0x08,0xf1,0xdd,0x00,0x00,0x00,0x00,0x00,0x00,
    0x00,0x00,0x07,0xf3,0x7f,0x60,0x00,0x00,0x00,0x00,0x00,0x00,0x00,0x04,0xf7,0x1e,0xe3,0x00,0x00,0x00,0x02,0x70,0x00,0x00,
    0x00,0xed,0x04,0xfe,0x50,0x00,0x00,0x5e,0xf1,0x00,0x00,0x00,0x7f,0x80,0x4e,0xfd,0x98,0x9d,0xff,0xa0,0x00,0x00,0x00,0x0b,
    0xf8,0x01,0x7d,0xff,0xff,0xfd,0x10,0x00,0x00,0x00,0x01,0xbf,0xd7,0x32,0x37,0xcf,0xd2,0x00,0x00,0x00,0x00,0x00,0x07,0xef,
    0xff,0xff,0xe8,0x10,0x00,0x00,0x00,0x00,0x00,0x00,0x04,0x78,0x85,0x10,0x00,0x00,0x00,0x00,0x00,0x00,0x00,0x00,0x00,0x00,
    0x00,0x00,0x00,0x00,0x00,0x00,0x00,0x00,0x00,0x00,0x00,0x00,0x00,0x00,0x00,0x00,0x00,0x00,0x00,0x00,0x00,0x00,0x00,0x00,
    0x00,0x00,
};
static const lv_img_dsc_t uk_icon_moon_22 = {
    .header.cf = LV_IMG_CF_ALPHA_4BIT, .header.always_zero = 0,
    .header.w = 22, .header.h = 22,
    .data_size = sizeof(uk_icon_moon_22_map), .data = uk_icon_moon_22_map,
};
static const uint8_t uk_icon_rec_22_map[] = {
    0x00,0x00,0x00,0x00,0x00,0x00,0x00,0x00,0x00,0x00,0x00,0x00,0x00,0x00,0x00,0x00,0x00,0x00,0x00,0x00,0x00,0x00,0x00,0x00,
    0x00,0x00,0x47,0x99,0x74,0x00,0x00,0x00,0x00,0x00,0x00,0x00,0x5d,0xff,0xff,0xff,0xd5,0x00,0x00,0x00,0x00,0x00,0x09,0xfe,
    0x73,0x11,0x37,0xef,0x90,0x00,0x00,0x00,0x00,0x9f,0xa1,0x00,0x00,0x00,0x1a,0xf9,0x00,0x00,0x00,0x05,0xfa,0x00,0x00,0x00,
    0x00,0x00,0xaf,0x50,0x00,0x00,0x0d,0xe1,0x00,0x00,0x44,0x00,0x00,0x1e,0xd0,0x00,0x00,0x4f,0x70,0x00,0x3d,0xff,0xd3,0x00,
    0x07,0xf4,0x00,0x00,0x7f,0x30,0x00,0xdf,0xff,0xfd,0x00,0x03,0xf7,0x00,0x00,0x9f,0x10,0x04,0xff,0xff,0xff,0x40,0x01,0xf9,
    0x00,0x00,0x9f,0x10,0x04,0xff,0xff,0xff,0x40,0x01,0xf9,0x00,0x00,0x7f,0x30,0x00,0xdf,0xff,0xfd,0x00,0x03,0xf7,0x00,0x00,
    0x4f,0x70,0x00,0x3d,0xff,0xd3,0x00,0x07,0xf4,0x00,0x00,0x0d,0xe1,0x00,0x00,0x44,0x00,0x00,0x1e,0xd0,0x00,0x00,0x05,0xfa,
    0x00,0x00,0x00,0x00,0x00,0xaf,0x50,0x00,0x00,0x00,0x9f,0xa1,0x00,0x00,0x00,0x1a,0xf9,0x00,0x00,0x00,0x00,0x09,0xfe,0x73,
    0x11,0x37,0xef,0x90,0x00,0x00,0x00,0x00,0x00,0x5d,0xff,0xff,0xff,0xd5,0x00,0x00,0x00,0x00,0x00,0x00,0x00,0x47,0x99,0x74,
    0x00,0x00,0x00,0x00,0x00,0x00,0x00,0x00,0x00,0x00,0x00,0x00,0x00,0x00,0x00,0x00,0x00,0x00,0x00,0x00,0x00,0x00,0x00,0x00,
    0x00,0x00,
};
static const lv_img_dsc_t uk_icon_rec_22 = {
    .header.cf = LV_IMG_CF_ALPHA_4BIT, .header.always_zero = 0,
    .header.w = 22, .header.h = 22,
    .data_size = sizeof(uk_icon_rec_22_map), .data = uk_icon_rec_22_map,
};
static const uint8_t uk_icon_gear_22_map[] = {
    0x00,0x00,0x00,0x00,0x00,0x00,0x00,0x00,0x00,0x00,0x00,0x00,0x00,0x00,0x00,0x00,0x22,0x00,0x00,0x00,0x00,0x00,0x00,0x00,
    0x00,0x00,0x01,0xdd,0x10,0x00,0x00,0x00,0x00,0x00,0x00,0x00,0x8c,0x9c,0xff,0xa6,0x96,0x00,0x00,0x00,0x00,0x00,0x00,0xef,
    0xff,0x9a,0xff,0xfe,0x00,0x00,0x00,0x00,0x00,0x06,0xf7,0x24,0x01,0x74,0x8f,0x40,0x00,0x00,0x00,0x08,0xef,0xf2,0x00,0x00,
    0x00,0x3f,0xfc,0x50,0x00,0x00,0x0c,0xf7,0x20,0x06,0xbb,0x60,0x04,0x9f,0xc0,0x00,0x00,0x09,0xf2,0x00,0xbf,0xee,0xfb,0x00,
    0x1f,0x90,0x00,0x00,0x2c,0xf4,0x07,0xf8,0x00,0x8f,0x60,0x4f,0xb1,0x00,0x03,0xef,0x80,0x0b,0xe0,0x00,0x0e,0xb0,0x1b,0xfd,
    0x20,0x03,0xef,0xa1,0x0b,0xe0,0x00,0x0e,0xb0,0x05,0xff,0x50,0x00,0x2b,0xf4,0x07,0xf8,0x00,0x8f,0x60,0x4f,0xd4,0x00,0x00,
    0x09,0xf1,0x00,0xbf,0xee,0xfb,0x00,0x2f,0x80,0x00,0x00,0x0c,0xf9,0x40,0x06,0xbb,0x60,0x00,0x4f,0xb0,0x00,0x00,0x06,0xcf,
    0xf3,0x00,0x00,0x00,0x1e,0xff,0xa0,0x00,0x00,0x00,0x04,0xf8,0x47,0x10,0x10,0x6f,0x92,0x00,0x00,0x00,0x00,0x00,0xef,0xff,
    0xa7,0xfe,0xef,0x10,0x00,0x00,0x00,0x00,0x00,0x69,0x6a,0xff,0xdc,0xfa,0x00,0x00,0x00,0x00,0x00,0x00,0x00,0x01,0xde,0x20,
    0x00,0x00,0x00,0x00,0x00,0x00,0x00,0x00,0x00,0x22,0x00,0x00,0x00,0x00,0x00,0x00,0x00,0x00,0x00,0x00,0x00,0x00,0x00,0x00,
    0x00,0x00,
};
static const lv_img_dsc_t uk_icon_gear_22 = {
    .header.cf = LV_IMG_CF_ALPHA_4BIT, .header.always_zero = 0,
    .header.w = 22, .header.h = 22,
    .data_size = sizeof(uk_icon_gear_22_map), .data = uk_icon_gear_22_map,
};
static const uint8_t uk_icon_car_22_map[] = {
    0x00,0x00,0x00,0x00,0x00,0x00,0x00,0x00,0x00,0x00,0x00,0x00,0x00,0x00,0x00,0x00,0x00,0x00,0x00,0x00,0x00,0x00,0x00,0x00,
    0x00,0x00,0x00,0x00,0x00,0x00,0x00,0x00,0x00,0x00,0x00,0x00,0x00,0x00,0x00,0x00,0x00,0x00,0x00,0x00,0x00,0x00,0x00,0x00,
    0x00,0x00,0x00,0x00,0x00,0x00,0x00,0x00,0x00,0x00,0x00,0x00,0x00,0x00,0x00,0x00,0x00,0x00,0x00,0x00,0x00,0x00,0x00,0x00,
    0x00,0x00,0x00,0x00,0x00,0x00,0x00,0x02,0x67,0x77,0x77,0x77,0x76,0x20,0x00,0x00,0x00,0x00,0x3e,0xff,0xff,0xff,0xff,0xff,
    0xe3,0x00,0x00,0x00,0x00,0xaf,0x42,0x22,0x22,0x22,0x24,0xfa,0x00,0x00,0x00,0x01,0xfb,0x00,0x00,0x00,0x00,0x00,0xbf,0x10,
    0x00,0x00,0x05,0xf6,0x00,0x00,0x00,0x00,0x00,0x6f,0x50,0x00,0x00,0x0a,0xf2,0x11,0x11,0x11,0x11,0x11,0x2f,0xa0,0x00,0x01,
    0xaf,0xff,0xff,0xff,0xff,0xff,0xff,0xff,0xfa,0x10,0x06,0xff,0xae,0xfd,0x88,0x88,0x88,0xdf,0xea,0xff,0x60,0x08,0xf2,0x3f,
    0xff,0x00,0x00,0x00,0xff,0xf2,0x2f,0x80,0x08,0xf3,0x1f,0xfd,0x00,0x00,0x00,0xdf,0xe1,0x3f,0x80,0x04,0xff,0xef,0xff,0xee,
    0xee,0xee,0xff,0xfe,0xff,0x40,0x00,0x5a,0xaa,0xaa,0xaa,0xaa,0xaa,0xaa,0xaa,0xa5,0x00,0x00,0x00,0x00,0x00,0x00,0x00,0x00,
    0x00,0x00,0x00,0x00,0x00,0x00,0x00,0x00,0x00,0x00,0x00,0x00,0x00,0x00,0x00,0x00,0x00,0x00,0x00,0x00,0x00,0x00,0x00,0x00,
    0x00,0x00,
};
static const lv_img_dsc_t uk_icon_car_22 = {
    .header.cf = LV_IMG_CF_ALPHA_4BIT, .header.always_zero = 0,
    .header.w = 22, .header.h = 22,
    .data_size = sizeof(uk_icon_car_22_map), .data = uk_icon_car_22_map,
};
static const uint8_t uk_icon_can_22_map[] = {
    0x00,0x00,0x00,0x00,0x00,0x00,0x00,0x00,0x00,0x00,0x00,0x00,0x00,0x00,0x00,0x00,0x00,0x00,0x00,0x00,0x00,0x00,0x00,0x00,
    0x00,0x00,0x00,0x00,0x00,0x00,0x25,0x20,0x00,0x00,0x00,0x00,0x00,0x00,0x00,0x00,0x08,0xff,0xf6,0x00,0x00,0x00,0x00,0x00,
    0x01,0x55,0x55,0x6f,0xb6,0xdf,0x10,0x00,0x00,0x00,0x00,0x08,0xff,0xff,0xff,0x40,0x7f,0x40,0x00,0x00,0x00,0x00,0x08,0xf6,
    0x55,0x6f,0xb5,0xdf,0x10,0x00,0x00,0x00,0x00,0x08,0xf1,0x00,0x08,0xff,0xf6,0x00,0x00,0x19,0xca,0x20,0x08,0xf1,0x00,0x00,
    0x25,0x20,0x00,0x00,0xcf,0xdf,0xe1,0x08,0xf1,0x00,0x00,0x00,0x00,0x00,0x03,0xf9,0x06,0xfd,0xce,0xf1,0x00,0x00,0x00,0x00,
    0x00,0x03,0xf8,0x06,0xfd,0xce,0xf1,0x00,0x00,0x00,0x00,0x00,0x00,0xcf,0xdf,0xe1,0x08,0xf1,0x00,0x00,0x00,0x00,0x00,0x00,
    0x19,0xca,0x20,0x08,0xf1,0x00,0x00,0x25,0x20,0x00,0x00,0x00,0x00,0x00,0x08,0xf1,0x00,0x08,0xff,0xf6,0x00,0x00,0x00,0x00,
    0x00,0x08,0xf6,0x55,0x6f,0xb6,0xdf,0x10,0x00,0x00,0x00,0x00,0x08,0xff,0xff,0xff,0x40,0x7f,0x40,0x00,0x00,0x00,0x00,0x01,
    0x55,0x55,0x6f,0xb5,0xdf,0x10,0x00,0x00,0x00,0x00,0x00,0x00,0x00,0x08,0xff,0xf6,0x00,0x00,0x00,0x00,0x00,0x00,0x00,0x00,
    0x00,0x25,0x20,0x00,0x00,0x00,0x00,0x00,0x00,0x00,0x00,0x00,0x00,0x00,0x00,0x00,0x00,0x00,0x00,0x00,0x00,0x00,0x00,0x00,
    0x00,0x00,
};
static const lv_img_dsc_t uk_icon_can_22 = {
    .header.cf = LV_IMG_CF_ALPHA_4BIT, .header.always_zero = 0,
    .header.w = 22, .header.h = 22,
    .data_size = sizeof(uk_icon_can_22_map), .data = uk_icon_can_22_map,
};
static const uint8_t uk_icon_obd_22_map[] = {
    0x00,0x00,0x00,0x00,0x00,0x00,0x00,0x00,0x00,0x00,0x00,0x00,0x00,0x00,0x00,0x00,0x00,0x00,0x00,0x00,0x00,0x00,0x00,0x00,
    0x00,0x00,0x00,0x00,0x00,0x00,0x00,0x00,0x00,0x00,0x00,0x00,0x00,0x00,0x00,0x00,0x00,0x00,0x00,0x00,0x00,0x00,0x00,0x00,
    0x00,0x00,0x00,0x00,0x00,0x00,0x00,0x00,0x05,0x66,0x66,0x66,0x66,0x66,0x66,0x66,0x50,0x00,0x00,0x2f,0xff,0xff,0xff,0xff,
    0xff,0xff,0xff,0xf2,0x00,0x00,0x0e,0xc4,0x44,0x44,0x44,0x44,0x44,0x4c,0xe0,0x00,0x00,0x0b,0xe0,0x00,0x00,0x00,0x00,0x00,
    0x0e,0xb0,0x00,0x00,0x08,0xf2,0x3a,0x16,0x80,0x95,0x1a,0x4f,0x80,0x00,0x00,0x05,0xf5,0x4c,0x18,0xa0,0xb7,0x2d,0x8f,0x50,
    0x00,0x00,0x02,0xf8,0x00,0x00,0x00,0x00,0x00,0x8f,0x20,0x00,0x00,0x00,0xeb,0x01,0xd6,0x3e,0x27,0xd0,0xbe,0x00,0x00,0x00,
    0x00,0xbe,0x00,0x83,0x29,0x14,0x80,0xeb,0x00,0x00,0x00,0x00,0x8f,0x54,0x44,0x44,0x44,0x45,0xf8,0x00,0x00,0x00,0x00,0x5f,
    0xff,0xff,0xff,0xff,0xff,0xf5,0x00,0x00,0x00,0x00,0x16,0x66,0x66,0x66,0x66,0x66,0x61,0x00,0x00,0x00,0x00,0x00,0x00,0x00,
    0x00,0x00,0x00,0x00,0x00,0x00,0x00,0x00,0x00,0x00,0x00,0x00,0x00,0x00,0x00,0x00,0x00,0x00,0x00,0x00,0x00,0x00,0x00,0x00,
    0x00,0x00,0x00,0x00,0x00,0x00,0x00,0x00,0x00,0x00,0x00,0x00,0x00,0x00,0x00,0x00,0x00,0x00,0x00,0x00,0x00,0x00,0x00,0x00,
    0x00,0x00,
};
static const lv_img_dsc_t uk_icon_obd_22 = {
    .header.cf = LV_IMG_CF_ALPHA_4BIT, .header.always_zero = 0,
    .header.w = 22, .header.h = 22,
    .data_size = sizeof(uk_icon_obd_22_map), .data = uk_icon_obd_22_map,
};
static const uint8_t uk_icon_wifi_22_map[] = {
    0x00,0x00,0x00,0x00,0x00,0x00,0x00,0x00,0x00,0x00,0x00,0x00,0x00,0x00,0x00,0x00,0x00,0x00,0x00,0x00,0x00,0x00,0x00,0x00,
    0x00,0x00,0x00,0x00,0x00,0x00,0x00,0x00,0x00,0x00,0x00,0x00,0x00,0x00,0x00,0x00,0x00,0x00,0x00,0x00,0x00,0x00,0x00,0x38,
    0xbd,0xee,0xdb,0x83,0x00,0x00,0x00,0x00,0x00,0x5c,0xff,0xeb,0xaa,0xbe,0xff,0xc5,0x00,0x00,0x00,0x1b,0xfe,0x83,0x00,0x00,
    0x00,0x38,0xef,0xb1,0x00,0x02,0xdf,0x91,0x00,0x00,0x00,0x00,0x00,0x19,0xfd,0x20,0x06,0xe5,0x00,0x01,0x69,0xaa,0x96,0x10,
    0x00,0x5e,0x60,0x00,0x00,0x01,0x8e,0xff,0xee,0xff,0xe8,0x10,0x00,0x00,0x00,0x00,0x2c,0xfc,0x51,0x00,0x15,0xcf,0xc2,0x00,
    0x00,0x00,0x00,0x6f,0x70,0x00,0x00,0x00,0x07,0xf6,0x00,0x00,0x00,0x00,0x02,0x00,0x03,0x66,0x30,0x00,0x20,0x00,0x00,0x00,
    0x00,0x00,0x01,0xbf,0xff,0xfb,0x10,0x00,0x00,0x00,0x00,0x00,0x00,0x06,0xf9,0x44,0x9f,0x60,0x00,0x00,0x00,0x00,0x00,0x00,
    0x00,0x20,0x22,0x02,0x00,0x00,0x00,0x00,0x00,0x00,0x00,0x00,0x05,0xff,0x50,0x00,0x00,0x00,0x00,0x00,0x00,0x00,0x00,0x09,
    0xff,0x90,0x00,0x00,0x00,0x00,0x00,0x00,0x00,0x00,0x04,0xee,0x40,0x00,0x00,0x00,0x00,0x00,0x00,0x00,0x00,0x00,0x00,0x00,
    0x00,0x00,0x00,0x00,0x00,0x00,0x00,0x00,0x00,0x00,0x00,0x00,0x00,0x00,0x00,0x00,0x00,0x00,0x00,0x00,0x00,0x00,0x00,0x00,
    0x00,0x00,
};
static const lv_img_dsc_t uk_icon_wifi_22 = {
    .header.cf = LV_IMG_CF_ALPHA_4BIT, .header.always_zero = 0,
    .header.w = 22, .header.h = 22,
    .data_size = sizeof(uk_icon_wifi_22_map), .data = uk_icon_wifi_22_map,
};
static const uint8_t uk_icon_chart_22_map[] = {
    0x00,0x00,0x00,0x00,0x00,0x00,0x00,0x00,0x00,0x00,0x00,0x00,0x00,0x00,0x00,0x00,0x00,0x00,0x00,0x00,0x00,0x00,0x00,0x00,
    0x00,0x00,0x00,0x00,0x00,0x00,0x00,0x00,0x00,0x00,0x00,0x00,0x00,0x00,0x00,0x00,0x00,0x00,0x00,0x00,0x00,0x00,0x00,0x00,
    0x00,0x00,0x00,0x00,0x04,0x00,0x00,0x00,0x00,0x00,0x00,0x00,0x00,0x00,0x00,0xaf,0x30,0x00,0x00,0x00,0x00,0x00,0x00,0x00,
    0x00,0x07,0xfa,0x00,0x00,0x00,0x00,0x00,0x00,0x00,0x00,0x00,0x4f,0xc1,0x00,0x00,0x00,0x00,0x00,0x00,0x00,0x00,0x02,0xee,
    0x20,0x00,0x00,0x00,0x00,0x00,0x05,0xa1,0x00,0x1d,0xf4,0x00,0x00,0x00,0x00,0x00,0x00,0x3e,0xfd,0x20,0xbf,0x60,0x00,0x00,
    0x00,0x00,0x00,0x01,0xdf,0x8f,0xea,0xf9,0x00,0x00,0x00,0x00,0x00,0x00,0x0b,0xf6,0x04,0xef,0xb0,0x00,0x00,0x00,0x00,0x00,
    0x00,0x8f,0x90,0x00,0x39,0x10,0x00,0x00,0x00,0x00,0x00,0x02,0xfb,0x00,0x00,0x00,0x00,0x00,0x00,0x00,0x00,0x00,0x00,0x61,
    0x00,0x00,0x00,0x00,0x00,0x00,0x00,0x00,0x00,0x00,0x00,0x00,0x00,0x00,0x00,0x00,0x00,0x00,0x00,0x00,0x68,0x88,0x88,0x88,
    0x88,0x88,0x88,0x88,0x86,0x00,0x00,0xef,0xff,0xff,0xff,0xff,0xff,0xff,0xff,0xfe,0x00,0x00,0x12,0x22,0x22,0x22,0x22,0x22,
    0x22,0x22,0x21,0x00,0x00,0x00,0x00,0x00,0x00,0x00,0x00,0x00,0x00,0x00,0x00,0x00,0x00,0x00,0x00,0x00,0x00,0x00,0x00,0x00,
    0x00,0x00,
};
static const lv_img_dsc_t uk_icon_chart_22 = {
    .header.cf = LV_IMG_CF_ALPHA_4BIT, .header.always_zero = 0,
    .header.w = 22, .header.h = 22,
    .data_size = sizeof(uk_icon_chart_22_map), .data = uk_icon_chart_22_map,
};
static const uint8_t uk_icon_play_22_map[] = {
    0x00,0x00,0x00,0x00,0x00,0x00,0x00,0x00,0x00,0x00,0x00,0x00,0x00,0x00,0x00,0x00,0x00,0x00,0x00,0x00,0x00,0x00,0x00,0x00,
    0x00,0x00,0x00,0x00,0x00,0x00,0x00,0x00,0x00,0x00,0x00,0x02,0x93,0x00,0x00,0x00,0x00,0x00,0x00,0x00,0x00,0x00,0x06,0xff,
    0x81,0x00,0x00,0x00,0x00,0x00,0x00,0x00,0x00,0x06,0xfd,0xfd,0x40,0x00,0x00,0x00,0x00,0x00,0x00,0x00,0x06,0xf4,0x6e,0xfa,
    0x10,0x00,0x00,0x00,0x00,0x00,0x00,0x06,0xf4,0x01,0xaf,0xe6,0x00,0x00,0x00,0x00,0x00,0x00,0x06,0xf4,0x00,0x04,0xdf,0xc3,
    0x00,0x00,0x00,0x00,0x00,0x06,0xf4,0x00,0x00,0x18,0xff,0x81,0x00,0x00,0x00,0x00,0x06,0xf4,0x00,0x00,0x00,0x3b,0xfd,0x10,
    0x00,0x00,0x00,0x06,0xf4,0x00,0x00,0x00,0x2b,0xfd,0x10,0x00,0x00,0x00,0x06,0xf4,0x00,0x00,0x08,0xff,0x81,0x00,0x00,0x00,
    0x00,0x06,0xf4,0x00,0x04,0xdf,0xc3,0x00,0x00,0x00,0x00,0x00,0x06,0xf4,0x01,0xaf,0xe6,0x00,0x00,0x00,0x00,0x00,0x00,0x06,
    0xf4,0x6e,0xfa,0x10,0x00,0x00,0x00,0x00,0x00,0x00,0x06,0xfd,0xfd,0x40,0x00,0x00,0x00,0x00,0x00,0x00,0x00,0x06,0xff,0x81,
    0x00,0x00,0x00,0x00,0x00,0x00,0x00,0x00,0x02,0x93,0x00,0x00,0x00,0x00,0x00,0x00,0x00,0x00,0x00,0x00,0x00,0x00,0x00,0x00,
    0x00,0x00,0x00,0x00,0x00,0x00,0x00,0x00,0x00,0x00,0x00,0x00,0x00,0x00,0x00,0x00,0x00,0x00,0x00,0x00,0x00,0x00,0x00,0x00,
    0x00,0x00,
};
static const lv_img_dsc_t uk_icon_play_22 = {
    .header.cf = LV_IMG_CF_ALPHA_4BIT, .header.always_zero = 0,
    .header.w = 22, .header.h = 22,
    .data_size = sizeof(uk_icon_play_22_map), .data = uk_icon_play_22_map,
};
static const uint8_t uk_icon_info_22_map[] = {
    0x00,0x00,0x00,0x00,0x00,0x00,0x00,0x00,0x00,0x00,0x00,0x00,0x00,0x00,0x00,0x00,0x11,0x00,0x00,0x00,0x00,0x00,0x00,0x00,
    0x00,0x06,0xbe,0xff,0xeb,0x60,0x00,0x00,0x00,0x00,0x00,0x03,0xdf,0xeb,0x99,0xbe,0xfd,0x30,0x00,0x00,0x00,0x00,0x5f,0xe6,
    0x00,0x00,0x01,0x6e,0xf5,0x00,0x00,0x00,0x03,0xfd,0x20,0x00,0x00,0x00,0x02,0xdf,0x30,0x00,0x00,0x0d,0xe2,0x00,0x00,0x99,
    0x00,0x00,0x3e,0xd0,0x00,0x00,0x6f,0x70,0x00,0x00,0x67,0x00,0x00,0x07,0xf6,0x00,0x00,0xbe,0x10,0x00,0x00,0x00,0x00,0x00,
    0x01,0xeb,0x00,0x00,0xeb,0x00,0x00,0x00,0x77,0x00,0x00,0x00,0xbe,0x00,0x01,0xf9,0x00,0x00,0x00,0xcc,0x00,0x00,0x00,0x9f,
    0x10,0x01,0xf9,0x00,0x00,0x00,0xcc,0x00,0x00,0x00,0x9f,0x10,0x00,0xeb,0x00,0x00,0x00,0xcc,0x00,0x00,0x00,0xbe,0x00,0x00,
    0xbe,0x10,0x00,0x00,0xcc,0x00,0x00,0x01,0xeb,0x00,0x00,0x6f,0x70,0x00,0x00,0xcc,0x00,0x00,0x07,0xf6,0x00,0x00,0x0d,0xe2,
    0x00,0x00,0xcc,0x00,0x00,0x2e,0xd0,0x00,0x00,0x03,0xfd,0x20,0x00,0x33,0x00,0x02,0xdf,0x30,0x00,0x00,0x00,0x5f,0xe7,0x10,
    0x00,0x01,0x7e,0xf5,0x00,0x00,0x00,0x00,0x03,0xdf,0xeb,0x99,0xbe,0xfd,0x30,0x00,0x00,0x00,0x00,0x00,0x06,0xbe,0xff,0xeb,
    0x60,0x00,0x00,0x00,0x00,0x00,0x00,0x00,0x00,0x11,0x00,0x00,0x00,0x00,0x00,0x00,0x00,0x00,0x00,0x00,0x00,0x00,0x00,0x00,
    0x00,0x00,
};
static const lv_img_dsc_t uk_icon_info_22 = {
    .header.cf = LV_IMG_CF_ALPHA_4BIT, .header.always_zero = 0,
    .header.w = 22, .header.h = 22,
    .data_size = sizeof(uk_icon_info_22_map), .data = uk_icon_info_22_map,
};
static const uint8_t uk_icon_left_22_map[] = {
    0x00,0x00,0x00,0x00,0x00,0x00,0x00,0x00,0x00,0x00,0x00,0x00,0x00,0x00,0x00,0x00,0x00,0x00,0x00,0x00,0x00,0x00,0x00,0x00,
    0x00,0x00,0x00,0x00,0x00,0x00,0x00,0x00,0x00,0x00,0x00,0x00,0x00,0x00,0x00,0x02,0x10,0x00,0x00,0x00,0x00,0x00,0x00,0x00,
    0x00,0x00,0x5f,0x80,0x00,0x00,0x00,0x00,0x00,0x00,0x00,0x00,0x05,0xfd,0x20,0x00,0x00,0x00,0x00,0x00,0x00,0x00,0x00,0x5f,
    0xd2,0x00,0x00,0x00,0x00,0x00,0x00,0x00,0x00,0x05,0xfd,0x20,0x00,0x00,0x00,0x00,0x00,0x00,0x00,0x00,0x5f,0xd2,0x00,0x00,
    0x00,0x00,0x00,0x00,0x00,0x00,0x05,0xfd,0x20,0x00,0x00,0x00,0x00,0x00,0x00,0x00,0x00,0x4f,0xd2,0x00,0x00,0x00,0x00,0x00,
    0x00,0x00,0x00,0x00,0x4f,0xd2,0x00,0x00,0x00,0x00,0x00,0x00,0x00,0x00,0x00,0x05,0xfd,0x20,0x00,0x00,0x00,0x00,0x00,0x00,
    0x00,0x00,0x00,0x5f,0xd2,0x00,0x00,0x00,0x00,0x00,0x00,0x00,0x00,0x00,0x05,0xfd,0x20,0x00,0x00,0x00,0x00,0x00,0x00,0x00,
    0x00,0x00,0x5f,0xd2,0x00,0x00,0x00,0x00,0x00,0x00,0x00,0x00,0x00,0x05,0xfd,0x20,0x00,0x00,0x00,0x00,0x00,0x00,0x00,0x00,
    0x00,0x5f,0x80,0x00,0x00,0x00,0x00,0x00,0x00,0x00,0x00,0x00,0x02,0x10,0x00,0x00,0x00,0x00,0x00,0x00,0x00,0x00,0x00,0x00,
    0x00,0x00,0x00,0x00,0x00,0x00,0x00,0x00,0x00,0x00,0x00,0x00,0x00,0x00,0x00,0x00,0x00,0x00,0x00,0x00,0x00,0x00,0x00,0x00,
    0x00,0x00,
};
static const lv_img_dsc_t uk_icon_left_22 = {
    .header.cf = LV_IMG_CF_ALPHA_4BIT, .header.always_zero = 0,
    .header.w = 22, .header.h = 22,
    .data_size = sizeof(uk_icon_left_22_map), .data = uk_icon_left_22_map,
};
static const uint8_t uk_icon_right_22_map[] = {
    0x00,0x00,0x00,0x00,0x00,0x00,0x00,0x00,0x00,0x00,0x00,0x00,0x00,0x00,0x00,0x00,0x00,0x00,0x00,0x00,0x00,0x00,0x00,0x00,
    0x00,0x00,0x00,0x00,0x00,0x00,0x00,0x00,0x00,0x00,0x00,0x00,0x01,0x20,0x00,0x00,0x00,0x00,0x00,0x00,0x00,0x00,0x00,0x08,
    0xf5,0x00,0x00,0x00,0x00,0x00,0x00,0x00,0x00,0x00,0x02,0xdf,0x50,0x00,0x00,0x00,0x00,0x00,0x00,0x00,0x00,0x00,0x2d,0xf5,
    0x00,0x00,0x00,0x00,0x00,0x00,0x00,0x00,0x00,0x02,0xdf,0x50,0x00,0x00,0x00,0x00,0x00,0x00,0x00,0x00,0x00,0x2d,0xf5,0x00,
    0x00,0x00,0x00,0x00,0x00,0x00,0x00,0x00,0x02,0xdf,0x50,0x00,0x00,0x00,0x00,0x00,0x00,0x00,0x00,0x00,0x2d,0xf4,0x00,0x00,
    0x00,0x00,0x00,0x00,0x00,0x00,0x00,0x2d,0xf4,0x00,0x00,0x00,0x00,0x00,0x00,0x00,0x00,0x02,0xdf,0x50,0x00,0x00,0x00,0x00,
    0x00,0x00,0x00,0x00,0x2d,0xf5,0x00,0x00,0x00,0x00,0x00,0x00,0x00,0x00,0x02,0xdf,0x50,0x00,0x00,0x00,0x00,0x00,0x00,0x00,
    0x00,0x2d,0xf5,0x00,0x00,0x00,0x00,0x00,0x00,0x00,0x00,0x02,0xdf,0x50,0x00,0x00,0x00,0x00,0x00,0x00,0x00,0x00,0x08,0xf5,
    0x00,0x00,0x00,0x00,0x00,0x00,0x00,0x00,0x00,0x01,0x20,0x00,0x00,0x00,0x00,0x00,0x00,0x00,0x00,0x00,0x00,0x00,0x00,0x00,
    0x00,0x00,0x00,0x00,0x00,0x00,0x00,0x00,0x00,0x00,0x00,0x00,0x00,0x00,0x00,0x00,0x00,0x00,0x00,0x00,0x00,0x00,0x00,0x00,
    0x00,0x00,
};
static const lv_img_dsc_t uk_icon_right_22 = {
    .header.cf = LV_IMG_CF_ALPHA_4BIT, .header.always_zero = 0,
    .header.w = 22, .header.h = 22,
    .data_size = sizeof(uk_icon_right_22_map), .data = uk_icon_right_22_map,
};
static const uint8_t uk_icon_close_22_map[] = {
    0x00,0x00,0x00,0x00,0x00,0x00,0x00,0x00,0x00,0x00,0x00,0x00,0x00,0x00,0x00,0x00,0x00,0x00,0x00,0x00,0x00,0x00,0x00,0x00,
    0x00,0x00,0x00,0x00,0x00,0x00,0x00,0x00,0x00,0x00,0x00,0x00,0x00,0x00,0x00,0x00,0x00,0x00,0x00,0x00,0x00,0x00,0x04,0x00,
    0x00,0x00,0x00,0x00,0x40,0x00,0x00,0x00,0x00,0x4f,0xa0,0x00,0x00,0x00,0x0a,0xf4,0x00,0x00,0x00,0x00,0x0a,0xfa,0x00,0x00,
    0x00,0xaf,0xa0,0x00,0x00,0x00,0x00,0x00,0xaf,0xa0,0x00,0x0a,0xfa,0x00,0x00,0x00,0x00,0x00,0x00,0x0a,0xfa,0x00,0xaf,0xa0,
    0x00,0x00,0x00,0x00,0x00,0x00,0x00,0xaf,0xaa,0xfa,0x00,0x00,0x00,0x00,0x00,0x00,0x00,0x00,0x0a,0xff,0xa0,0x00,0x00,0x00,
    0x00,0x00,0x00,0x00,0x00,0x0a,0xff,0xa0,0x00,0x00,0x00,0x00,0x00,0x00,0x00,0x00,0xaf,0xaa,0xfa,0x00,0x00,0x00,0x00,0x00,
    0x00,0x00,0x0a,0xfa,0x00,0xaf,0xa0,0x00,0x00,0x00,0x00,0x00,0x00,0xaf,0xa0,0x00,0x0a,0xfa,0x00,0x00,0x00,0x00,0x00,0x0a,
    0xfa,0x00,0x00,0x00,0xaf,0xa0,0x00,0x00,0x00,0x00,0x4f,0xa0,0x00,0x00,0x00,0x0a,0xf4,0x00,0x00,0x00,0x00,0x04,0x00,0x00,
    0x00,0x00,0x00,0x40,0x00,0x00,0x00,0x00,0x00,0x00,0x00,0x00,0x00,0x00,0x00,0x00,0x00,0x00,0x00,0x00,0x00,0x00,0x00,0x00,
    0x00,0x00,0x00,0x00,0x00,0x00,0x00,0x00,0x00,0x00,0x00,0x00,0x00,0x00,0x00,0x00,0x00,0x00,0x00,0x00,0x00,0x00,0x00,0x00,
    0x00,0x00,
};
static const lv_img_dsc_t uk_icon_close_22 = {
    .header.cf = LV_IMG_CF_ALPHA_4BIT, .header.always_zero = 0,
    .header.w = 22, .header.h = 22,
    .data_size = sizeof(uk_icon_close_22_map), .data = uk_icon_close_22_map,
};
static const uint8_t uk_icon_check_22_map[] = {
    0x00,0x00,0x00,0x00,0x00,0x00,0x00,0x00,0x00,0x00,0x00,0x00,0x00,0x00,0x00,0x00,0x00,0x00,0x00,0x00,0x00,0x00,0x00,0x00,
    0x00,0x00,0x00,0x00,0x00,0x00,0x00,0x00,0x00,0x00,0x00,0x00,0x00,0x00,0x00,0x00,0x00,0x00,0x00,0x00,0x00,0x00,0x00,0x00,
    0x00,0x00,0x00,0x00,0x00,0x00,0x00,0x00,0x00,0x00,0x00,0x00,0x00,0x00,0x00,0x1b,0x70,0x00,0x00,0x00,0x00,0x00,0x00,0x00,
    0x00,0x00,0xbf,0x70,0x00,0x00,0x00,0x00,0x00,0x00,0x00,0x00,0x0a,0xf9,0x00,0x00,0x00,0x00,0x00,0x00,0x00,0x00,0x00,0x8f,
    0xa0,0x00,0x00,0x00,0x00,0x00,0x00,0x00,0x00,0x07,0xfb,0x00,0x00,0x00,0x00,0x02,0x30,0x00,0x00,0x00,0x6f,0xc1,0x00,0x00,
    0x00,0x00,0x0a,0xf5,0x00,0x00,0x04,0xfd,0x10,0x00,0x00,0x00,0x00,0x02,0xdf,0x50,0x00,0x3e,0xe2,0x00,0x00,0x00,0x00,0x00,
    0x00,0x2d,0xf5,0x02,0xee,0x30,0x00,0x00,0x00,0x00,0x00,0x00,0x02,0xdf,0x6d,0xf4,0x00,0x00,0x00,0x00,0x00,0x00,0x00,0x00,
    0x2d,0xff,0x50,0x00,0x00,0x00,0x00,0x00,0x00,0x00,0x00,0x02,0xc6,0x00,0x00,0x00,0x00,0x00,0x00,0x00,0x00,0x00,0x00,0x00,
    0x00,0x00,0x00,0x00,0x00,0x00,0x00,0x00,0x00,0x00,0x00,0x00,0x00,0x00,0x00,0x00,0x00,0x00,0x00,0x00,0x00,0x00,0x00,0x00,
    0x00,0x00,0x00,0x00,0x00,0x00,0x00,0x00,0x00,0x00,0x00,0x00,0x00,0x00,0x00,0x00,0x00,0x00,0x00,0x00,0x00,0x00,0x00,0x00,
    0x00,0x00,
};
static const lv_img_dsc_t uk_icon_check_22 = {
    .header.cf = LV_IMG_CF_ALPHA_4BIT, .header.always_zero = 0,
    .header.w = 22, .header.h = 22,
    .data_size = sizeof(uk_icon_check_22_map), .data = uk_icon_check_22_map,
};
static const uint8_t uk_icon_image_22_map[] = {
    0x00,0x00,0x00,0x00,0x00,0x00,0x00,0x00,0x00,0x00,0x00,0x00,0x00,0x00,0x00,0x00,0x00,0x00,0x00,0x00,0x00,0x00,0x00,0x00,
    0x00,0x00,0x00,0x00,0x00,0x00,0x00,0x00,0x00,0x00,0x07,0xaa,0xaa,0xaa,0xaa,0xaa,0xaa,0xaa,0x70,0x00,0x00,0x9f,0xee,0xee,
    0xee,0xee,0xee,0xee,0xee,0xf9,0x00,0x01,0xfb,0x00,0x00,0x00,0x00,0x00,0x00,0x00,0xbf,0x00,0x01,0xf9,0x00,0x6b,0xa2,0x00,
    0x00,0x00,0x00,0x9f,0x10,0x01,0xf9,0x05,0xfe,0xfd,0x10,0x00,0x00,0x00,0x9f,0x10,0x01,0xf9,0x0a,0xf1,0x7f,0x40,0x00,0x00,
    0x00,0x9f,0x10,0x01,0xf9,0x08,0xf9,0xcf,0x20,0x00,0x00,0x00,0x9f,0x10,0x01,0xf9,0x01,0xcf,0xf8,0x00,0x00,0x00,0x00,0x9f,
    0x10,0x01,0xf9,0x00,0x0a,0xfc,0x10,0x00,0x00,0x00,0x9f,0x10,0x01,0xf9,0x00,0x8f,0xdf,0xc1,0x03,0xe7,0x00,0x9f,0x10,0x01,
    0xf9,0x08,0xfc,0x16,0xfd,0x5e,0xff,0x80,0x9f,0x10,0x01,0xf9,0x8f,0xc1,0x00,0x6f,0xfe,0x4c,0xf8,0x9f,0x10,0x01,0xfe,0xfc,
    0x10,0x00,0x06,0xd3,0x01,0xcf,0xef,0x10,0x00,0xff,0xc1,0x00,0x00,0x00,0x00,0x00,0x1c,0xff,0x00,0x00,0x9f,0xee,0xee,0xee,
    0xee,0xee,0xee,0xee,0xf9,0x00,0x00,0x07,0xaa,0xaa,0xaa,0xaa,0xaa,0xaa,0xaa,0x70,0x00,0x00,0x00,0x00,0x00,0x00,0x00,0x00,
    0x00,0x00,0x00,0x00,0x00,0x00,0x00,0x00,0x00,0x00,0x00,0x00,0x00,0x00,0x00,0x00,0x00,0x00,0x00,0x00,0x00,0x00,0x00,0x00,
    0x00,0x00,
};
static const lv_img_dsc_t uk_icon_image_22 = {
    .header.cf = LV_IMG_CF_ALPHA_4BIT, .header.always_zero = 0,
    .header.w = 22, .header.h = 22,
    .data_size = sizeof(uk_icon_image_22_map), .data = uk_icon_image_22_map,
};
static const uint8_t uk_icon_gauge_22_map[] = {
    0x00,0x00,0x00,0x00,0x00,0x00,0x00,0x00,0x00,0x00,0x00,0x00,0x00,0x00,0x00,0x00,0x00,0x00,0x00,0x00,0x00,0x00,0x00,0x00,
    0x00,0x00,0x00,0x00,0x00,0x00,0x00,0x00,0x00,0x00,0x00,0x00,0x00,0x00,0x00,0x00,0x00,0x00,0x00,0x00,0x00,0x00,0x00,0x00,
    0x00,0x00,0x00,0x00,0x00,0x00,0x00,0x00,0x00,0x00,0x00,0x00,0x00,0x00,0x00,0x00,0x00,0x00,0x00,0x00,0x00,0x00,0x00,0x00,
    0x00,0x00,0x00,0x00,0x00,0x00,0x00,0x00,0x00,0x37,0x88,0x63,0x00,0x00,0x00,0x00,0x00,0x00,0x00,0x4c,0xff,0xff,0xff,0xc3,
    0x00,0x00,0x00,0x00,0x00,0x07,0xff,0x94,0x11,0x48,0xef,0x60,0x00,0x00,0x00,0x00,0x6f,0xc2,0x00,0x00,0x01,0xdf,0xf6,0x00,
    0x00,0x00,0x02,0xed,0x10,0x00,0x00,0x0b,0xf7,0xde,0x20,0x00,0x00,0x09,0xf4,0x00,0x00,0x00,0x8f,0x90,0x4f,0x90,0x00,0x00,
    0x0d,0xc0,0x00,0x00,0x05,0xfb,0x00,0x0c,0xd0,0x00,0x00,0x1f,0x90,0x00,0x00,0x3f,0xd1,0x00,0x09,0xf1,0x00,0x00,0x2f,0x70,
    0x00,0x00,0xbe,0x30,0x00,0x07,0xf2,0x00,0x00,0x05,0x10,0x00,0x00,0x33,0x00,0x00,0x01,0x50,0x00,0x00,0x00,0x00,0x00,0x00,
    0x00,0x00,0x00,0x00,0x00,0x00,0x00,0x00,0x00,0x00,0x00,0x00,0x00,0x00,0x00,0x00,0x00,0x00,0x00,0x00,0x00,0x00,0x00,0x00,
    0x00,0x00,0x00,0x00,0x00,0x00,0x00,0x00,0x00,0x00,0x00,0x00,0x00,0x00,0x00,0x00,0x00,0x00,0x00,0x00,0x00,0x00,0x00,0x00,
    0x00,0x00,
};
static const lv_img_dsc_t uk_icon_gauge_22 = {
    .header.cf = LV_IMG_CF_ALPHA_4BIT, .header.always_zero = 0,
    .header.w = 22, .header.h = 22,
    .data_size = sizeof(uk_icon_gauge_22_map), .data = uk_icon_gauge_22_map,
};
static const uint8_t uk_icon_channels_22_map[] = {
    0x00,0x00,0x00,0x00,0x00,0x00,0x00,0x00,0x00,0x00,0x00,0x00,0x00,0x00,0x00,0x00,0x00,0x00,0x00,0x00,0x00,0x00,0x00,0x00,
    0x00,0x00,0x00,0x00,0x00,0x00,0x00,0x00,0x00,0x00,0x00,0x00,0x00,0x00,0x00,0x00,0x00,0x00,0x00,0x00,0x00,0x04,0x55,0x55,
    0x55,0x55,0x55,0x55,0x55,0x40,0x00,0x00,0x1f,0xff,0xff,0xff,0xff,0xff,0xff,0xff,0xf1,0x00,0x00,0x04,0x55,0x55,0x55,0x55,
    0x55,0x55,0x55,0x40,0x00,0x00,0x00,0x00,0x00,0x00,0x00,0x00,0x00,0x00,0x00,0x00,0x00,0x00,0x00,0x00,0x00,0x00,0x00,0x00,
    0x00,0x00,0x00,0x00,0x00,0x00,0x00,0x00,0x00,0x00,0x00,0x00,0x00,0x00,0x00,0x1b,0xcc,0xcc,0xcc,0xcc,0xcc,0xcc,0xcc,0xb1,
    0x00,0x00,0x1b,0xcc,0xcc,0xcc,0xcc,0xcc,0xcc,0xcc,0xb1,0x00,0x00,0x00,0x00,0x00,0x00,0x00,0x00,0x00,0x00,0x00,0x00,0x00,
    0x00,0x00,0x00,0x00,0x00,0x00,0x00,0x00,0x00,0x00,0x00,0x00,0x00,0x00,0x00,0x00,0x00,0x00,0x00,0x00,0x00,0x00,0x04,0x55,
    0x55,0x55,0x55,0x51,0x00,0x00,0x00,0x00,0x00,0x1f,0xff,0xff,0xff,0xff,0xf9,0x00,0x00,0x00,0x00,0x00,0x04,0x55,0x55,0x55,
    0x55,0x51,0x00,0x00,0x00,0x00,0x00,0x00,0x00,0x00,0x00,0x00,0x00,0x00,0x00,0x00,0x00,0x00,0x00,0x00,0x00,0x00,0x00,0x00,
    0x00,0x00,0x00,0x00,0x00,0x00,0x00,0x00,0x00,0x00,0x00,0x00,0x00,0x00,0x00,0x00,0x00,0x00,0x00,0x00,0x00,0x00,0x00,0x00,
    0x00,0x00,
};
static const lv_img_dsc_t uk_icon_channels_22 = {
    .header.cf = LV_IMG_CF_ALPHA_4BIT, .header.always_zero = 0,
    .header.w = 22, .header.h = 22,
    .data_size = sizeof(uk_icon_channels_22_map), .data = uk_icon_channels_22_map,
};
static const uint8_t uk_icon_web_22_map[] = {
    0x00,0x00,0x00,0x00,0x00,0x00,0x00,0x00,0x00,0x00,0x00,0x00,0x00,0x00,0x00,0x00,0x11,0x00,0x00,0x00,0x00,0x00,0x00,0x00,
    0x00,0x06,0xbe,0xff,0xeb,0x60,0x00,0x00,0x00,0x00,0x00,0x03,0xdf,0xef,0xff,0xee,0xfd,0x30,0x00,0x00,0x00,0x00,0x5f,0xe6,
    0x4f,0xbb,0xf3,0x6e,0xf5,0x00,0x00,0x00,0x03,0xfd,0x20,0xaf,0x22,0xfa,0x02,0xdf,0x30,0x00,0x00,0x0d,0xe2,0x01,0xfa,0x00,
    0xaf,0x10,0x2e,0xd0,0x00,0x00,0x6f,0x70,0x06,0xf5,0x00,0x5f,0x60,0x07,0xf6,0x00,0x00,0xbe,0x10,0x09,0xf1,0x00,0x1f,0x90,
    0x01,0xeb,0x00,0x00,0xeb,0x00,0x0b,0xe0,0x00,0x0e,0xb0,0x00,0xbe,0x00,0x01,0xfe,0xcc,0xce,0xfc,0xcc,0xcf,0xec,0xcc,0xef,
    0x10,0x01,0xfe,0xcc,0xce,0xfc,0xcc,0xcf,0xec,0xcc,0xef,0x10,0x00,0xeb,0x00,0x0b,0xe0,0x00,0x0e,0xb0,0x00,0xbe,0x00,0x00,
    0xbe,0x10,0x09,0xf1,0x00,0x1f,0x90,0x01,0xeb,0x00,0x00,0x6f,0x70,0x06,0xf5,0x00,0x5f,0x60,0x07,0xf6,0x00,0x00,0x0d,0xe2,
    0x01,0xfa,0x00,0xaf,0x10,0x2e,0xd0,0x00,0x00,0x03,0xfd,0x20,0xaf,0x22,0xfa,0x02,0xdf,0x30,0x00,0x00,0x00,0x5f,0xe7,0x4f,
    0xbb,0xf4,0x7e,0xf5,0x00,0x00,0x00,0x00,0x03,0xdf,0xef,0xff,0xfe,0xfd,0x30,0x00,0x00,0x00,0x00,0x00,0x06,0xbe,0xff,0xeb,
    0x60,0x00,0x00,0x00,0x00,0x00,0x00,0x00,0x00,0x11,0x00,0x00,0x00,0x00,0x00,0x00,0x00,0x00,0x00,0x00,0x00,0x00,0x00,0x00,
    0x00,0x00,
};
static const lv_img_dsc_t uk_icon_web_22 = {
    .header.cf = LV_IMG_CF_ALPHA_4BIT, .header.always_zero = 0,
    .header.w = 22, .header.h = 22,
    .data_size = sizeof(uk_icon_web_22_map), .data = uk_icon_web_22_map,
};
static const uint8_t uk_icon_peak_22_map[] = {
    0x00,0x00,0x00,0x00,0x00,0x00,0x00,0x00,0x00,0x00,0x00,0x00,0x00,0x00,0x00,0x00,0x00,0x00,0x00,0x00,0x00,0x00,0x00,0x00,
    0x00,0x00,0x00,0x00,0x00,0x12,0x22,0x10,0x00,0x00,0x00,0x00,0x00,0x00,0x00,0x01,0xff,0xff,0xf2,0x00,0x00,0x00,0x00,0x00,
    0x00,0x00,0x00,0x68,0x8b,0xf2,0x00,0x00,0x00,0x00,0x00,0x00,0x00,0x00,0x00,0x07,0xf2,0x00,0x00,0x00,0x00,0x00,0x00,0x00,
    0x00,0x00,0x07,0xf2,0x00,0x00,0x00,0x00,0x00,0x00,0x00,0x00,0x00,0x06,0xf1,0x00,0x00,0x00,0x00,0x00,0x00,0x00,0x00,0x00,
    0x00,0x10,0x00,0x00,0x00,0x00,0x04,0xa1,0x00,0x00,0x00,0x00,0x00,0x00,0x00,0x00,0x00,0x1e,0xfa,0x00,0x01,0xb4,0x00,0x00,
    0x00,0x00,0x00,0x00,0xaf,0xcf,0x70,0x0b,0xfd,0x10,0x00,0x00,0x00,0x00,0x05,0xf9,0x1c,0xf4,0x7f,0xcf,0x90,0x00,0x00,0x00,
    0x00,0x1e,0xd1,0x02,0xee,0xfc,0x0b,0xf3,0x00,0x00,0x00,0x00,0xaf,0x40,0x00,0x4f,0xe2,0x02,0xfc,0x00,0x00,0x00,0x05,0xf9,
    0x00,0x00,0x05,0x30,0x00,0x7f,0x70,0x00,0x00,0x1e,0xd1,0x00,0x00,0x00,0x00,0x00,0x0d,0xe2,0x00,0x00,0xaf,0x40,0x00,0x00,
    0x00,0x00,0x00,0x04,0xfa,0x00,0x00,0xe9,0x00,0x00,0x00,0x00,0x00,0x00,0x00,0x9e,0x00,0x00,0x10,0x00,0x00,0x00,0x00,0x00,
    0x00,0x00,0x01,0x00,0x00,0x00,0x00,0x00,0x00,0x00,0x00,0x00,0x00,0x00,0x00,0x00,0x00,0x00,0x00,0x00,0x00,0x00,0x00,0x00,
    0x00,0x00,
};
static const lv_img_dsc_t uk_icon_peak_22 = {
    .header.cf = LV_IMG_CF_ALPHA_4BIT, .header.always_zero = 0,
    .header.w = 22, .header.h = 22,
    .data_size = sizeof(uk_icon_peak_22_map), .data = uk_icon_peak_22_map,
};
static const uint8_t uk_icon_wrench_22_map[] = {
    0x00,0x00,0x00,0x00,0x00,0x00,0x00,0x00,0x00,0x00,0x00,0x00,0x00,0x00,0x00,0x00,0x00,0x00,0x00,0x00,0x00,0x00,0x00,0x00,
    0x00,0x00,0x00,0x00,0x00,0x00,0x00,0x00,0x00,0x00,0x00,0x00,0x00,0x00,0x00,0x00,0x00,0x00,0x00,0x00,0x00,0x00,0x00,0x00,
    0x00,0x00,0x4b,0x30,0x00,0x00,0x00,0x00,0x00,0x00,0x00,0x00,0x00,0xaf,0xf4,0x00,0x00,0x00,0x00,0x00,0x00,0x00,0x00,0x00,
    0xaf,0xfc,0x00,0x00,0x00,0x00,0x00,0x00,0x00,0x00,0x00,0x7f,0xfa,0x00,0x00,0x00,0x00,0x00,0x00,0x00,0x00,0x00,0xaf,0xf6,
    0x12,0x10,0x00,0x00,0x00,0x00,0x00,0x00,0x0a,0xfb,0xdf,0xff,0x90,0x00,0x00,0x00,0x00,0x00,0x00,0xaf,0xa0,0x19,0xfe,0x30,
    0x00,0x00,0x00,0x00,0x00,0x0a,0xfa,0x00,0x3e,0xe3,0x00,0x00,0x00,0x00,0x00,0x00,0xaf,0xa0,0x03,0xee,0x30,0x00,0x00,0x00,
    0x00,0x00,0x0a,0xfa,0x00,0x3e,0xe3,0x00,0x00,0x00,0x00,0x00,0x00,0x8f,0xa0,0x03,0xee,0x30,0x00,0x00,0x00,0x00,0x00,0x00,
    0xfc,0x00,0x3e,0xe3,0x00,0x00,0x00,0x00,0x00,0x00,0x00,0xfb,0x03,0xee,0x30,0x00,0x00,0x00,0x00,0x00,0x00,0x00,0x9f,0xef,
    0xe3,0x00,0x00,0x00,0x00,0x00,0x00,0x00,0x00,0x08,0xca,0x30,0x00,0x00,0x00,0x00,0x00,0x00,0x00,0x00,0x00,0x00,0x00,0x00,
    0x00,0x00,0x00,0x00,0x00,0x00,0x00,0x00,0x00,0x00,0x00,0x00,0x00,0x00,0x00,0x00,0x00,0x00,0x00,0x00,0x00,0x00,0x00,0x00,
    0x00,0x00,
};
static const lv_img_dsc_t uk_icon_wrench_22 = {
    .header.cf = LV_IMG_CF_ALPHA_4BIT, .header.always_zero = 0,
    .header.w = 22, .header.h = 22,
    .data_size = sizeof(uk_icon_wrench_22_map), .data = uk_icon_wrench_22_map,
};
static const uint8_t uk_icon_back_22_map[] = {
    0x00,0x00,0x00,0x00,0x00,0x00,0x00,0x00,0x00,0x00,0x00,0x00,0x00,0x00,0x00,0x00,0x00,0x00,0x00,0x00,0x00,0x00,0x00,0x00,
    0x00,0x00,0x00,0x00,0x00,0x00,0x00,0x00,0x00,0x00,0x00,0x00,0x00,0x00,0x00,0x00,0x00,0x00,0x00,0x00,0x00,0x00,0x00,0x00,
    0x13,0x00,0x00,0x00,0x00,0x00,0x00,0x00,0x00,0x00,0x02,0xde,0x00,0x00,0x00,0x00,0x00,0x00,0x00,0x00,0x00,0x2d,0xf5,0x00,
    0x00,0x00,0x00,0x00,0x00,0x00,0x00,0x02,0xdf,0x50,0x00,0x00,0x00,0x00,0x00,0x00,0x00,0x00,0x2d,0xf5,0x00,0x00,0x00,0x00,
    0x00,0x00,0x00,0x00,0x02,0xdf,0x50,0x00,0x00,0x00,0x00,0x00,0x00,0x00,0x00,0x1d,0xfe,0xcc,0xcc,0xcc,0xcc,0xcc,0xcc,0xb1,
    0x00,0x00,0x1d,0xfe,0xcc,0xcc,0xcc,0xcc,0xcc,0xcc,0xb1,0x00,0x00,0x02,0xdf,0x50,0x00,0x00,0x00,0x00,0x00,0x00,0x00,0x00,
    0x00,0x2d,0xf5,0x00,0x00,0x00,0x00,0x00,0x00,0x00,0x00,0x00,0x02,0xdf,0x50,0x00,0x00,0x00,0x00,0x00,0x00,0x00,0x00,0x00,
    0x2d,0xf5,0x00,0x00,0x00,0x00,0x00,0x00,0x00,0x00,0x00,0x02,0xde,0x00,0x00,0x00,0x00,0x00,0x00,0x00,0x00,0x00,0x00,0x13,
    0x00,0x00,0x00,0x00,0x00,0x00,0x00,0x00,0x00,0x00,0x00,0x00,0x00,0x00,0x00,0x00,0x00,0x00,0x00,0x00,0x00,0x00,0x00,0x00,
    0x00,0x00,0x00,0x00,0x00,0x00,0x00,0x00,0x00,0x00,0x00,0x00,0x00,0x00,0x00,0x00,0x00,0x00,0x00,0x00,0x00,0x00,0x00,0x00,
    0x00,0x00,
};
static const lv_img_dsc_t uk_icon_back_22 = {
    .header.cf = LV_IMG_CF_ALPHA_4BIT, .header.always_zero = 0,
    .header.w = 22, .header.h = 22,
    .data_size = sizeof(uk_icon_back_22_map), .data = uk_icon_back_22_map,
};
static const uint8_t uk_icon_qr_22_map[] = {
    0x00,0x00,0x00,0x00,0x00,0x00,0x00,0x00,0x00,0x00,0x00,0x00,0x00,0x00,0x00,0x00,0x00,0x00,0x00,0x00,0x00,0x00,0x00,0x07,
    0x99,0x99,0x92,0x00,0x29,0x99,0x99,0x70,0x00,0x00,0x7f,0xff,0xff,0xfd,0x00,0xdf,0xff,0xff,0xf7,0x00,0x00,0x9f,0x10,0x00,
    0xaf,0x00,0xfa,0x00,0x01,0xf9,0x00,0x00,0x9f,0x10,0x00,0xaf,0x00,0xfa,0x00,0x01,0xf9,0x00,0x00,0x9f,0x10,0x00,0xaf,0x00,
    0xfa,0x00,0x01,0xf9,0x00,0x00,0x9f,0x10,0x00,0xaf,0x00,0xfa,0x00,0x01,0xf9,0x00,0x00,0x9f,0xaa,0xaa,0xde,0x00,0xed,0xaa,
    0xaa,0xf9,0x00,0x00,0x2c,0xff,0xff,0xe6,0x00,0x6e,0xff,0xff,0xc2,0x00,0x00,0x00,0x00,0x00,0x00,0x00,0x00,0x00,0x00,0x00,
    0x00,0x00,0x00,0x00,0x00,0x00,0x00,0x00,0x00,0x00,0x00,0x00,0x00,0x2d,0xff,0xff,0xe6,0x00,0xcf,0xff,0x40,0xd7,0x00,0x00,
    0x9f,0xaa,0xaa,0xde,0x00,0xfd,0xbf,0x60,0x84,0x00,0x00,0x9f,0x10,0x00,0xaf,0x00,0xfb,0x6f,0x60,0x21,0x00,0x00,0x9f,0x10,
    0x00,0xaf,0x00,0xff,0xff,0x60,0xf8,0x00,0x00,0x9f,0x10,0x00,0xaf,0x00,0x46,0x66,0x11,0xf9,0x00,0x00,0x9f,0x10,0x00,0xaf,
    0x00,0x00,0x00,0x01,0xf9,0x00,0x00,0x7f,0xff,0xff,0xfd,0x00,0x00,0x2e,0xff,0xf9,0x00,0x00,0x07,0x99,0x99,0x82,0x00,0x00,
    0x19,0x99,0x93,0x00,0x00,0x00,0x00,0x00,0x00,0x00,0x00,0x00,0x00,0x00,0x00,0x00,0x00,0x00,0x00,0x00,0x00,0x00,0x00,0x00,
    0x00,0x00,
};
static const lv_img_dsc_t uk_icon_qr_22 = {
    .header.cf = LV_IMG_CF_ALPHA_4BIT, .header.always_zero = 0,
    .header.w = 22, .header.h = 22,
    .data_size = sizeof(uk_icon_qr_22_map), .data = uk_icon_qr_22_map,
};
static const uint8_t uk_icon_chip_22_map[] = {
    0x00,0x00,0x00,0x00,0x00,0x00,0x00,0x00,0x00,0x00,0x00,0x00,0x00,0x00,0x00,0x62,0x00,0x26,0x00,0x00,0x00,0x00,0x00,0x00,
    0x00,0x02,0xf8,0x00,0x8f,0x20,0x00,0x00,0x00,0x00,0x00,0x00,0x02,0xf8,0x00,0x8f,0x20,0x00,0x00,0x00,0x00,0x00,0x00,0x26,
    0xfa,0x55,0xaf,0x62,0x00,0x00,0x00,0x00,0x00,0x08,0xff,0xff,0xff,0xff,0xff,0x80,0x00,0x00,0x00,0x00,0x3f,0xb5,0x55,0x55,
    0x55,0x5b,0xf3,0x00,0x00,0x00,0x22,0x6f,0x50,0x00,0x00,0x00,0x05,0xf6,0x22,0x00,0x07,0xff,0xff,0x50,0x00,0x00,0x00,0x05,
    0xff,0xff,0x60,0x02,0x88,0xaf,0x50,0x00,0x00,0x00,0x05,0xfa,0x88,0x20,0x00,0x00,0x5f,0x50,0x00,0x00,0x00,0x05,0xf5,0x00,
    0x00,0x00,0x00,0x5f,0x50,0x00,0x00,0x00,0x05,0xf5,0x00,0x00,0x02,0x88,0xaf,0x50,0x00,0x00,0x00,0x05,0xfa,0x88,0x20,0x07,
    0xff,0xff,0x50,0x00,0x00,0x00,0x05,0xff,0xff,0x70,0x00,0x22,0x6f,0x50,0x00,0x00,0x00,0x05,0xf6,0x22,0x00,0x00,0x00,0x2f,
    0xb5,0x55,0x55,0x55,0x5c,0xf2,0x00,0x00,0x00,0x00,0x08,0xff,0xff,0xff,0xff,0xff,0x80,0x00,0x00,0x00,0x00,0x00,0x26,0xfa,
    0x55,0xaf,0x62,0x00,0x00,0x00,0x00,0x00,0x00,0x02,0xf8,0x00,0x8f,0x20,0x00,0x00,0x00,0x00,0x00,0x00,0x02,0xf8,0x00,0x8f,
    0x20,0x00,0x00,0x00,0x00,0x00,0x00,0x00,0x62,0x00,0x26,0x00,0x00,0x00,0x00,0x00,0x00,0x00,0x00,0x00,0x00,0x00,0x00,0x00,
    0x00,0x00,
};
static const lv_img_dsc_t uk_icon_chip_22 = {
    .header.cf = LV_IMG_CF_ALPHA_4BIT, .header.always_zero = 0,
    .header.w = 22, .header.h = 22,
    .data_size = sizeof(uk_icon_chip_22_map), .data = uk_icon_chip_22_map,
};
static const uint8_t uk_icon_route_22_map[] = {
    0x00,0x00,0x00,0x00,0x00,0x00,0x00,0x00,0x00,0x00,0x00,0x00,0x00,0x00,0x00,0x00,0x00,0x00,0x00,0x00,0x00,0x00,0x00,0x00,
    0x00,0x00,0x00,0x00,0x00,0x00,0x20,0x00,0x00,0x00,0x00,0x00,0x00,0x00,0x00,0x00,0x4e,0xfe,0x40,0x00,0x00,0x00,0x00,0x14,
    0x55,0x55,0x55,0xee,0x8e,0xe0,0x00,0x00,0x00,0x07,0xff,0xff,0xff,0xff,0xf8,0x08,0xf2,0x00,0x00,0x00,0x5f,0xc5,0x55,0x55,
    0x55,0xee,0x8e,0xe0,0x00,0x00,0x00,0xaf,0x10,0x00,0x00,0x00,0x4e,0xfe,0x40,0x00,0x00,0x00,0xbe,0x00,0x00,0x00,0x00,0x00,
    0x20,0x00,0x00,0x00,0x00,0x8f,0x60,0x00,0x00,0x00,0x00,0x00,0x00,0x00,0x00,0x00,0x1d,0xfd,0xcc,0xcc,0xcc,0xc8,0x10,0x00,
    0x00,0x00,0x00,0x01,0x9c,0xcc,0xcc,0xcc,0xdf,0xd1,0x00,0x00,0x00,0x00,0x00,0x00,0x00,0x00,0x00,0x06,0xf8,0x00,0x00,0x00,
    0x00,0x02,0x00,0x00,0x00,0x00,0x00,0xeb,0x00,0x00,0x00,0x04,0xef,0xe4,0x00,0x00,0x00,0x01,0xfa,0x00,0x00,0x00,0x0e,0xe8,
    0xee,0x55,0x55,0x55,0x5c,0xf5,0x00,0x00,0x00,0x2f,0x80,0x8f,0xff,0xff,0xff,0xff,0x70,0x00,0x00,0x00,0x0e,0xe8,0xee,0x55,
    0x55,0x55,0x41,0x00,0x00,0x00,0x00,0x04,0xef,0xe4,0x00,0x00,0x00,0x00,0x00,0x00,0x00,0x00,0x00,0x02,0x00,0x00,0x00,0x00,
    0x00,0x00,0x00,0x00,0x00,0x00,0x00,0x00,0x00,0x00,0x00,0x00,0x00,0x00,0x00,0x00,0x00,0x00,0x00,0x00,0x00,0x00,0x00,0x00,
    0x00,0x00,
};
static const lv_img_dsc_t uk_icon_route_22 = {
    .header.cf = LV_IMG_CF_ALPHA_4BIT, .header.always_zero = 0,
    .header.w = 22, .header.h = 22,
    .data_size = sizeof(uk_icon_route_22_map), .data = uk_icon_route_22_map,
};
static const uint8_t uk_icon_shifter_22_map[] = {
    0x00,0x00,0x00,0x00,0x00,0x00,0x00,0x00,0x00,0x00,0x00,0x00,0x00,0x00,0x00,0x00,0x00,0x00,0x00,0x00,0x00,0x00,0x00,0x08,
    0xc9,0x10,0x04,0xbb,0x40,0x01,0x9c,0x80,0x00,0x00,0x8f,0xef,0xa0,0x2e,0xee,0xe2,0x0a,0xfe,0xf8,0x00,0x00,0xce,0x0b,0xe0,
    0x5f,0x55,0xf5,0x0e,0xb0,0xec,0x00,0x00,0x9f,0xcf,0xb0,0x3f,0xdd,0xf3,0x0b,0xfc,0xf9,0x00,0x00,0x1b,0xfc,0x20,0x06,0xff,
    0x60,0x02,0xcf,0xb1,0x00,0x00,0x04,0xf6,0x00,0x00,0xcc,0x00,0x00,0x6f,0x40,0x00,0x00,0x04,0xf6,0x00,0x00,0xcc,0x00,0x00,
    0x6f,0x40,0x00,0x00,0x04,0xf6,0x00,0x00,0xcc,0x00,0x00,0x6f,0x40,0x00,0x00,0x04,0xfd,0xcc,0xcc,0xff,0xcc,0xcc,0xdf,0x40,
    0x00,0x00,0x04,0xfd,0xcc,0xcc,0xff,0xcc,0xcc,0xcc,0x10,0x00,0x00,0x04,0xf6,0x00,0x00,0xcc,0x00,0x00,0x00,0x00,0x00,0x00,
    0x04,0xf6,0x00,0x00,0xcc,0x00,0x00,0x00,0x00,0x00,0x00,0x04,0xf6,0x00,0x00,0xcc,0x00,0x00,0x00,0x00,0x00,0x00,0x1b,0xfc,
    0x20,0x06,0xee,0x60,0x00,0x00,0x00,0x00,0x00,0x9f,0xcf,0xb0,0x3f,0xdd,0xf3,0x00,0x00,0x00,0x00,0x00,0xce,0x0b,0xe0,0x5f,
    0x55,0xf5,0x00,0x00,0x00,0x00,0x00,0x8f,0xef,0xa0,0x2f,0xee,0xe2,0x00,0x00,0x00,0x00,0x00,0x08,0xc9,0x10,0x04,0xbb,0x40,
    0x00,0x00,0x00,0x00,0x00,0x00,0x00,0x00,0x00,0x00,0x00,0x00,0x00,0x00,0x00,0x00,0x00,0x00,0x00,0x00,0x00,0x00,0x00,0x00,
    0x00,0x00,
};
static const lv_img_dsc_t uk_icon_shifter_22 = {
    .header.cf = LV_IMG_CF_ALPHA_4BIT, .header.always_zero = 0,
    .header.w = 22, .header.h = 22,
    .data_size = sizeof(uk_icon_shifter_22_map), .data = uk_icon_shifter_22_map,
};
static const uint8_t uk_icon_spark_22_map[] = {
    0x00,0x00,0x00,0x00,0x00,0x00,0x00,0x00,0x00,0x00,0x00,0x00,0x00,0x00,0x00,0x00,0x00,0x00,0x00,0x00,0x00,0x00,0x00,0x00,
    0x00,0x00,0x05,0x60,0x00,0x00,0x00,0x00,0x00,0x00,0x00,0x00,0x00,0x0d,0xf1,0x00,0x00,0x00,0x00,0x00,0x00,0x00,0x00,0x00,
    0x4f,0xf7,0x00,0x00,0x00,0x00,0x00,0x00,0x00,0x00,0x00,0xaf,0xec,0x00,0x00,0x00,0x00,0x00,0x00,0x00,0x00,0x01,0xeb,0x9f,
    0x30,0x00,0x00,0x00,0x00,0x00,0x00,0x00,0x5b,0xf5,0x3f,0xc5,0x10,0x00,0x00,0x00,0x00,0x03,0x9e,0xff,0xa0,0x09,0xef,0xe9,
    0x40,0x00,0x00,0x00,0x1f,0xff,0xa1,0x00,0x00,0x18,0xff,0xf4,0x00,0x00,0x00,0x06,0xcf,0xfc,0x70,0x05,0xcf,0xfd,0x81,0x00,
    0x00,0x00,0x00,0x03,0x8e,0xf4,0x2f,0xe9,0x40,0x00,0x00,0x00,0x00,0x00,0x00,0x02,0xfa,0x7f,0x40,0x00,0x00,0x00,0x00,0x00,
    0x00,0x00,0x00,0xbe,0xde,0x00,0x00,0x28,0x10,0x00,0x00,0x00,0x00,0x00,0x6f,0xf8,0x00,0x00,0x6f,0x40,0x00,0x00,0x00,0x00,
    0x00,0x1e,0xf3,0x00,0x25,0x9f,0x75,0x10,0x00,0x00,0x00,0x00,0x08,0xa0,0x00,0xaf,0xff,0xff,0x70,0x00,0x00,0x00,0x00,0x00,
    0x00,0x00,0x25,0x9f,0x75,0x10,0x00,0x00,0x00,0x00,0x00,0x00,0x00,0x00,0x6f,0x40,0x00,0x00,0x00,0x00,0x00,0x00,0x00,0x00,
    0x00,0x28,0x10,0x00,0x00,0x00,0x00,0x00,0x00,0x00,0x00,0x00,0x00,0x00,0x00,0x00,0x00,0x00,0x00,0x00,0x00,0x00,0x00,0x00,
    0x00,0x00,
};
static const lv_img_dsc_t uk_icon_spark_22 = {
    .header.cf = LV_IMG_CF_ALPHA_4BIT, .header.always_zero = 0,
    .header.w = 22, .header.h = 22,
    .data_size = sizeof(uk_icon_spark_22_map), .data = uk_icon_spark_22_map,
};
static const uint8_t uk_icon_reset_22_map[] = {
    0x00,0x00,0x00,0x00,0x00,0x00,0x00,0x00,0x00,0x00,0x00,0x00,0x00,0x00,0x00,0x00,0x00,0x00,0x00,0x00,0x00,0x00,0x00,0x04,
    0x70,0x00,0x00,0x00,0x00,0x00,0x00,0x00,0x00,0x00,0x0a,0xe0,0x00,0x48,0xaa,0x84,0x00,0x00,0x00,0x00,0x00,0x0b,0xe0,0x3c,
    0xff,0xff,0xff,0xc4,0x00,0x00,0x00,0x00,0x0b,0xe5,0xfe,0x83,0x00,0x28,0xef,0x60,0x00,0x00,0x00,0x0b,0xfe,0xfd,0x70,0x00,
    0x00,0x2d,0xf4,0x00,0x00,0x00,0x07,0xdd,0xdd,0x80,0x00,0x00,0x02,0xed,0x00,0x00,0x00,0x00,0x00,0x00,0x00,0x00,0x00,0x00,
    0x8f,0x40,0x00,0x00,0x00,0x00,0x00,0x00,0x00,0x00,0x00,0x2f,0x80,0x00,0x00,0x06,0x90,0x00,0x00,0x00,0x00,0x00,0x0f,0xa0,
    0x00,0x00,0x0a,0xf0,0x00,0x00,0x00,0x00,0x00,0x0f,0xa0,0x00,0x00,0x08,0xf2,0x00,0x00,0x00,0x00,0x00,0x2f,0x80,0x00,0x00,
    0x04,0xf8,0x00,0x00,0x00,0x00,0x00,0x8f,0x40,0x00,0x00,0x00,0xce,0x20,0x00,0x00,0x00,0x02,0xed,0x00,0x00,0x00,0x00,0x4f,
    0xd2,0x00,0x00,0x00,0x2d,0xf4,0x00,0x00,0x00,0x00,0x06,0xfe,0x72,0x00,0x28,0xef,0x60,0x00,0x00,0x00,0x00,0x00,0x4d,0xff,
    0xff,0xff,0xd4,0x00,0x00,0x00,0x00,0x00,0x00,0x00,0x48,0xaa,0x84,0x00,0x00,0x00,0x00,0x00,0x00,0x00,0x00,0x00,0x00,0x00,
    0x00,0x00,0x00,0x00,0x00,0x00,0x00,0x00,0x00,0x00,0x00,0x00,0x00,0x00,0x00,0x00,0x00,0x00,0x00,0x00,0x00,0x00,0x00,0x00,
    0x00,0x00,
};
static const lv_img_dsc_t uk_icon_reset_22 = {
    .header.cf = LV_IMG_CF_ALPHA_4BIT, .header.always_zero = 0,
    .header.w = 22, .header.h = 22,
    .data_size = sizeof(uk_icon_reset_22_map), .data = uk_icon_reset_22_map,
};
static const uint8_t uk_icon_alert_22_map[] = {
    0x00,0x00,0x00,0x00,0x00,0x00,0x00,0x00,0x00,0x00,0x00,0x00,0x00,0x00,0x00,0x00,0x00,0x00,0x00,0x00,0x00,0x00,0x00,0x00,
    0x00,0x00,0x00,0x22,0x00,0x00,0x00,0x00,0x00,0x00,0x00,0x00,0x00,0x01,0xee,0x10,0x00,0x00,0x00,0x00,0x00,0x00,0x00,0x00,
    0x08,0xff,0x80,0x00,0x00,0x00,0x00,0x00,0x00,0x00,0x00,0x2f,0xcc,0xf2,0x00,0x00,0x00,0x00,0x00,0x00,0x00,0x00,0xaf,0x33,
    0xfa,0x00,0x00,0x00,0x00,0x00,0x00,0x00,0x04,0xfa,0x00,0xaf,0x40,0x00,0x00,0x00,0x00,0x00,0x00,0x0c,0xe2,0x66,0x2e,0xc0,
    0x00,0x00,0x00,0x00,0x00,0x00,0x6f,0x80,0xcc,0x08,0xf6,0x00,0x00,0x00,0x00,0x00,0x01,0xed,0x10,0xcc,0x01,0xde,0x10,0x00,
    0x00,0x00,0x00,0x08,0xf5,0x00,0xcc,0x00,0x5f,0x80,0x00,0x00,0x00,0x00,0x2f,0xc0,0x00,0xcc,0x00,0x0c,0xf2,0x00,0x00,0x00,
    0x00,0xaf,0x30,0x00,0x88,0x00,0x03,0xfa,0x00,0x00,0x00,0x04,0xfa,0x00,0x00,0x11,0x00,0x00,0x9f,0x40,0x00,0x00,0x0c,0xe2,
    0x00,0x00,0xbb,0x00,0x00,0x2e,0xc0,0x00,0x00,0x6f,0x70,0x00,0x00,0x33,0x00,0x00,0x07,0xf6,0x00,0x00,0xef,0xee,0xee,0xee,
    0xee,0xee,0xee,0xee,0xfe,0x00,0x00,0x9a,0xaa,0xaa,0xaa,0xaa,0xaa,0xaa,0xaa,0xa9,0x00,0x00,0x00,0x00,0x00,0x00,0x00,0x00,
    0x00,0x00,0x00,0x00,0x00,0x00,0x00,0x00,0x00,0x00,0x00,0x00,0x00,0x00,0x00,0x00,0x00,0x00,0x00,0x00,0x00,0x00,0x00,0x00,
    0x00,0x00,
};
static const lv_img_dsc_t uk_icon_alert_22 = {
    .header.cf = LV_IMG_CF_ALPHA_4BIT, .header.always_zero = 0,
    .header.w = 22, .header.h = 22,
    .data_size = sizeof(uk_icon_alert_22_map), .data = uk_icon_alert_22_map,
};
static const uint8_t uk_icon_update_22_map[] = {
    0x00,0x00,0x00,0x00,0x00,0x00,0x00,0x00,0x00,0x00,0x00,0x00,0x00,0x00,0x00,0x00,0x00,0x00,0x00,0x00,0x00,0x00,0x00,0x00,
    0x00,0x00,0x00,0x55,0x00,0x00,0x00,0x00,0x00,0x00,0x00,0x00,0x00,0x00,0xcc,0x00,0x00,0x00,0x00,0x00,0x00,0x00,0x00,0x00,
    0x00,0xcc,0x00,0x00,0x00,0x00,0x00,0x00,0x00,0x00,0x00,0x00,0xcc,0x00,0x00,0x00,0x00,0x00,0x00,0x00,0x00,0x00,0x00,0xcc,
    0x00,0x00,0x00,0x00,0x00,0x00,0x00,0x00,0x00,0x00,0xcc,0x00,0x00,0x00,0x00,0x00,0x00,0x00,0x00,0x75,0x00,0xcc,0x00,0x57,
    0x00,0x00,0x00,0x00,0x00,0x00,0xcf,0x60,0xcc,0x06,0xfc,0x00,0x00,0x00,0x00,0x00,0x00,0x2d,0xf6,0xcc,0x6f,0xd2,0x00,0x00,
    0x00,0x00,0x00,0x00,0x02,0xdf,0xee,0xfd,0x20,0x00,0x00,0x00,0x00,0x00,0x00,0x00,0x2d,0xff,0xd2,0x00,0x00,0x00,0x00,0x00,
    0x00,0x00,0x00,0x02,0xdd,0x20,0x00,0x00,0x00,0x00,0x00,0x00,0x00,0x00,0x00,0x00,0x00,0x00,0x00,0x00,0x00,0x00,0x00,0x00,
    0x00,0x00,0x00,0x00,0x00,0x00,0x00,0x00,0x00,0x00,0x00,0x00,0x00,0x00,0x00,0x00,0x00,0x00,0x00,0x00,0x03,0x78,0x88,0x88,
    0x88,0x88,0x88,0x87,0x30,0x00,0x00,0x09,0xff,0xff,0xff,0xff,0xff,0xff,0xff,0x90,0x00,0x00,0x00,0x22,0x22,0x22,0x22,0x22,
    0x22,0x22,0x00,0x00,0x00,0x00,0x00,0x00,0x00,0x00,0x00,0x00,0x00,0x00,0x00,0x00,0x00,0x00,0x00,0x00,0x00,0x00,0x00,0x00,
    0x00,0x00,
};
static const lv_img_dsc_t uk_icon_update_22 = {
    .header.cf = LV_IMG_CF_ALPHA_4BIT, .header.always_zero = 0,
    .header.w = 22, .header.h = 22,
    .data_size = sizeof(uk_icon_update_22_map), .data = uk_icon_update_22_map,
};
static const uint8_t uk_icon_card_22_map[] = {
    0x00,0x00,0x00,0x00,0x00,0x00,0x00,0x00,0x00,0x00,0x00,0x00,0x00,0x00,0x11,0x11,0x11,0x11,0x00,0x00,0x00,0x00,0x00,0x00,
    0x04,0xff,0xff,0xff,0xff,0xe3,0x00,0x00,0x00,0x00,0x00,0x06,0xfa,0xdf,0x8e,0xd9,0xfe,0x30,0x00,0x00,0x00,0x00,0x06,0xf4,
    0xaf,0x0e,0xb2,0xff,0xe3,0x00,0x00,0x00,0x00,0x06,0xf4,0xaf,0x0e,0xb2,0xfb,0xee,0x10,0x00,0x00,0x00,0x06,0xf4,0x59,0x08,
    0x61,0xa4,0x7f,0x40,0x00,0x00,0x00,0x06,0xf4,0x00,0x00,0x00,0x00,0x6f,0x40,0x00,0x00,0x00,0x06,0xf4,0x00,0x00,0x00,0x00,
    0x6f,0x40,0x00,0x00,0x00,0x06,0xf4,0x00,0x00,0x00,0x00,0x6f,0x40,0x00,0x00,0x00,0x06,0xf4,0x00,0x00,0x00,0x00,0x6f,0x40,
    0x00,0x00,0x00,0x06,0xf4,0x00,0x00,0x00,0x00,0x6f,0x40,0x00,0x00,0x00,0x06,0xf4,0x00,0x00,0x00,0x00,0x6f,0x40,0x00,0x00,
    0x00,0x06,0xf4,0x00,0x00,0x00,0x00,0x6f,0x40,0x00,0x00,0x00,0x06,0xf4,0x00,0x00,0x00,0x00,0x6f,0x40,0x00,0x00,0x00,0x06,
    0xf4,0x00,0x00,0x00,0x00,0x6f,0x40,0x00,0x00,0x00,0x06,0xf4,0x00,0x00,0x00,0x00,0x6f,0x40,0x00,0x00,0x00,0x06,0xf4,0x00,
    0x00,0x00,0x00,0x6f,0x40,0x00,0x00,0x00,0x06,0xfa,0x88,0x88,0x88,0x88,0xbf,0x40,0x00,0x00,0x00,0x05,0xff,0xff,0xff,0xff,
    0xff,0xff,0x20,0x00,0x00,0x00,0x00,0x11,0x11,0x11,0x11,0x11,0x11,0x00,0x00,0x00,0x00,0x00,0x00,0x00,0x00,0x00,0x00,0x00,
    0x00,0x00,
};
static const lv_img_dsc_t uk_icon_card_22 = {
    .header.cf = LV_IMG_CF_ALPHA_4BIT, .header.always_zero = 0,
    .header.w = 22, .header.h = 22,
    .data_size = sizeof(uk_icon_card_22_map), .data = uk_icon_card_22_map,
};
static const uint8_t uk_icon_dim_22_map[] = {
    0x00,0x00,0x00,0x00,0x00,0x00,0x00,0x00,0x00,0x00,0x00,0x00,0x00,0x00,0x00,0x00,0x00,0x00,0x00,0x00,0x00,0x00,0x00,0x00,
    0x00,0x00,0x10,0x00,0x00,0x18,0x20,0x00,0x00,0x00,0x00,0x00,0x1a,0xf7,0x00,0x01,0x6f,0x81,0x00,0x00,0x00,0x00,0x02,0xdf,
    0xe2,0x00,0x08,0xff,0xfb,0x00,0x00,0x00,0x00,0x1d,0xff,0x50,0x00,0x02,0x8f,0xa3,0x00,0x00,0x00,0x00,0x8f,0xfd,0x00,0x00,
    0x00,0x1b,0x30,0x00,0x00,0x00,0x01,0xec,0xf9,0x00,0x00,0x00,0x00,0x00,0x00,0x00,0x00,0x05,0xf7,0xf8,0x00,0x00,0x00,0x00,
    0x00,0x00,0x00,0x00,0x08,0xf3,0xfa,0x00,0x00,0x00,0x00,0x00,0x00,0x00,0x00,0x08,0xf1,0xdd,0x00,0x00,0x00,0x00,0x00,0x00,
    0x00,0x00,0x07,0xf3,0x7f,0x60,0x00,0x00,0x00,0x00,0x00,0x00,0x00,0x04,0xf7,0x1e,0xe3,0x00,0x00,0x00,0x02,0x70,0x00,0x00,
    0x00,0xed,0x04,0xfe,0x50,0x00,0x00,0x5e,0xf1,0x00,0x00,0x00,0x7f,0x80,0x4e,0xfd,0x98,0x9d,0xff,0xa0,0x00,0x00,0x00,0x0b,
    0xf8,0x01,0x7d,0xff,0xff,0xfd,0x10,0x00,0x00,0x00,0x01,0xbf,0xd7,0x32,0x37,0xcf,0xd2,0x00,0x00,0x00,0x00,0x00,0x07,0xef,
    0xff,0xff,0xe8,0x10,0x00,0x00,0x00,0x00,0x00,0x00,0x04,0x78,0x85,0x10,0x00,0x00,0x00,0x00,0x00,0x00,0x00,0x00,0x00,0x00,
    0x00,0x00,0x00,0x00,0x00,0x00,0x00,0x00,0x00,0x00,0x00,0x00,0x00,0x00,0x00,0x00,0x00,0x00,0x00,0x00,0x00,0x00,0x00,0x00,
    0x00,0x00,
};
static const lv_img_dsc_t uk_icon_dim_22 = {
    .header.cf = LV_IMG_CF_ALPHA_4BIT, .header.always_zero = 0,
    .header.w = 22, .header.h = 22,
    .data_size = sizeof(uk_icon_dim_22_map), .data = uk_icon_dim_22_map,
};
static const uint8_t uk_icon_stop_22_map[] = {
    0x00,0x00,0x00,0x00,0x00,0x00,0x00,0x00,0x00,0x00,0x00,0x00,0x00,0x00,0x00,0x00,0x00,0x00,0x00,0x00,0x00,0x00,0x00,0x00,
    0x00,0x00,0x00,0x00,0x00,0x00,0x00,0x00,0x00,0x00,0x00,0x00,0x00,0x00,0x00,0x00,0x00,0x00,0x00,0x00,0x00,0x00,0x00,0x00,
    0x00,0x00,0x00,0x00,0x00,0x00,0x00,0x00,0x00,0x00,0x47,0x88,0x88,0x88,0x74,0x00,0x00,0x00,0x00,0x00,0x04,0xff,0xff,0xff,
    0xff,0xff,0x40,0x00,0x00,0x00,0x00,0x07,0xff,0xff,0xff,0xff,0xff,0x70,0x00,0x00,0x00,0x00,0x08,0xff,0xff,0xff,0xff,0xff,
    0x80,0x00,0x00,0x00,0x00,0x08,0xff,0xff,0xff,0xff,0xff,0x80,0x00,0x00,0x00,0x00,0x08,0xff,0xff,0xff,0xff,0xff,0x80,0x00,
    0x00,0x00,0x00,0x08,0xff,0xff,0xff,0xff,0xff,0x80,0x00,0x00,0x00,0x00,0x08,0xff,0xff,0xff,0xff,0xff,0x80,0x00,0x00,0x00,
    0x00,0x08,0xff,0xff,0xff,0xff,0xff,0x80,0x00,0x00,0x00,0x00,0x07,0xff,0xff,0xff,0xff,0xff,0x70,0x00,0x00,0x00,0x00,0x04,
    0xff,0xff,0xff,0xff,0xff,0x40,0x00,0x00,0x00,0x00,0x00,0x47,0x88,0x88,0x88,0x74,0x00,0x00,0x00,0x00,0x00,0x00,0x00,0x00,
    0x00,0x00,0x00,0x00,0x00,0x00,0x00,0x00,0x00,0x00,0x00,0x00,0x00,0x00,0x00,0x00,0x00,0x00,0x00,0x00,0x00,0x00,0x00,0x00,
    0x00,0x00,0x00,0x00,0x00,0x00,0x00,0x00,0x00,0x00,0x00,0x00,0x00,0x00,0x00,0x00,0x00,0x00,0x00,0x00,0x00,0x00,0x00,0x00,
    0x00,0x00,
};
static const lv_img_dsc_t uk_icon_stop_22 = {
    .header.cf = LV_IMG_CF_ALPHA_4BIT, .header.always_zero = 0,
    .header.w = 22, .header.h = 22,
    .data_size = sizeof(uk_icon_stop_22_map), .data = uk_icon_stop_22_map,
};
static const uint8_t uk_icon_plus_22_map[] = {
    0x00,0x00,0x00,0x00,0x00,0x00,0x00,0x00,0x00,0x00,0x00,0x00,0x00,0x00,0x00,0x00,0x00,0x00,0x00,0x00,0x00,0x00,0x00,0x00,
    0x00,0x00,0x00,0x00,0x00,0x00,0x00,0x00,0x00,0x00,0x00,0x00,0x00,0x00,0x11,0x00,0x00,0x00,0x00,0x00,0x00,0x00,0x00,0x00,
    0x00,0xcc,0x00,0x00,0x00,0x00,0x00,0x00,0x00,0x00,0x00,0x00,0xcc,0x00,0x00,0x00,0x00,0x00,0x00,0x00,0x00,0x00,0x00,0xcc,
    0x00,0x00,0x00,0x00,0x00,0x00,0x00,0x00,0x00,0x00,0xcc,0x00,0x00,0x00,0x00,0x00,0x00,0x00,0x00,0x00,0x00,0xcc,0x00,0x00,
    0x00,0x00,0x00,0x00,0x00,0x00,0x00,0x00,0xcc,0x00,0x00,0x00,0x00,0x00,0x00,0x01,0xbc,0xcc,0xcc,0xff,0xcc,0xcc,0xcb,0x10,
    0x00,0x00,0x01,0xcc,0xcc,0xcc,0xff,0xcc,0xcc,0xcc,0x10,0x00,0x00,0x00,0x00,0x00,0x00,0xcc,0x00,0x00,0x00,0x00,0x00,0x00,
    0x00,0x00,0x00,0x00,0xcc,0x00,0x00,0x00,0x00,0x00,0x00,0x00,0x00,0x00,0x00,0xcc,0x00,0x00,0x00,0x00,0x00,0x00,0x00,0x00,
    0x00,0x00,0xcc,0x00,0x00,0x00,0x00,0x00,0x00,0x00,0x00,0x00,0x00,0xcc,0x00,0x00,0x00,0x00,0x00,0x00,0x00,0x00,0x00,0x00,
    0xcc,0x00,0x00,0x00,0x00,0x00,0x00,0x00,0x00,0x00,0x00,0x11,0x00,0x00,0x00,0x00,0x00,0x00,0x00,0x00,0x00,0x00,0x00,0x00,
    0x00,0x00,0x00,0x00,0x00,0x00,0x00,0x00,0x00,0x00,0x00,0x00,0x00,0x00,0x00,0x00,0x00,0x00,0x00,0x00,0x00,0x00,0x00,0x00,
    0x00,0x00,
};
static const lv_img_dsc_t uk_icon_plus_22 = {
    .header.cf = LV_IMG_CF_ALPHA_4BIT, .header.always_zero = 0,
    .header.w = 22, .header.h = 22,
    .data_size = sizeof(uk_icon_plus_22_map), .data = uk_icon_plus_22_map,
};
static const uint8_t uk_icon_list_22_map[] = {
    0x00,0x00,0x00,0x00,0x00,0x00,0x00,0x00,0x00,0x00,0x00,0x00,0x00,0x00,0x00,0x00,0x00,0x00,0x00,0x00,0x00,0x00,0x00,0x00,
    0x00,0x00,0x00,0x00,0x00,0x00,0x00,0x00,0x00,0x00,0x01,0x10,0x00,0x00,0x00,0x00,0x00,0x00,0x00,0x00,0x00,0x3e,0xf6,0x01,
    0x55,0x55,0x55,0x55,0x55,0x40,0x00,0x00,0x7f,0xfb,0x08,0xff,0xff,0xff,0xff,0xff,0xf1,0x00,0x00,0x3e,0xf6,0x01,0x55,0x55,
    0x55,0x55,0x55,0x40,0x00,0x00,0x01,0x10,0x00,0x00,0x00,0x00,0x00,0x00,0x00,0x00,0x00,0x00,0x00,0x00,0x00,0x00,0x00,0x00,
    0x00,0x00,0x00,0x00,0x07,0x91,0x00,0x00,0x00,0x00,0x00,0x00,0x00,0x00,0x00,0x6f,0xfa,0x05,0xcc,0xcc,0xcc,0xcc,0xcc,0xb1,
    0x00,0x00,0x6f,0xfa,0x05,0xcc,0xcc,0xcc,0xcc,0xcc,0xb1,0x00,0x00,0x07,0x91,0x00,0x00,0x00,0x00,0x00,0x00,0x00,0x00,0x00,
    0x00,0x00,0x00,0x00,0x00,0x00,0x00,0x00,0x00,0x00,0x00,0x01,0x10,0x00,0x00,0x00,0x00,0x00,0x00,0x00,0x00,0x00,0x3e,0xf6,
    0x01,0x55,0x55,0x55,0x55,0x55,0x40,0x00,0x00,0x7f,0xfb,0x08,0xff,0xff,0xff,0xff,0xff,0xf1,0x00,0x00,0x3e,0xf6,0x01,0x55,
    0x55,0x55,0x55,0x55,0x40,0x00,0x00,0x01,0x10,0x00,0x00,0x00,0x00,0x00,0x00,0x00,0x00,0x00,0x00,0x00,0x00,0x00,0x00,0x00,
    0x00,0x00,0x00,0x00,0x00,0x00,0x00,0x00,0x00,0x00,0x00,0x00,0x00,0x00,0x00,0x00,0x00,0x00,0x00,0x00,0x00,0x00,0x00,0x00,
    0x00,0x00,
};
static const lv_img_dsc_t uk_icon_list_22 = {
    .header.cf = LV_IMG_CF_ALPHA_4BIT, .header.always_zero = 0,
    .header.w = 22, .header.h = 22,
    .data_size = sizeof(uk_icon_list_22_map), .data = uk_icon_list_22_map,
};
static const uint8_t uk_icon_clock_22_map[] = {
    0x00,0x00,0x00,0x00,0x00,0x00,0x00,0x00,0x00,0x00,0x00,0x00,0x00,0x00,0x00,0x00,0x01,0x00,0x00,0x00,0x00,0x00,0x00,0x00,
    0x00,0x06,0xbe,0xff,0xeb,0x60,0x00,0x00,0x00,0x00,0x00,0x04,0xdf,0xeb,0x99,0xbe,0xfd,0x30,0x00,0x00,0x00,0x00,0x5f,0xe7,
    0x10,0x00,0x01,0x6e,0xf5,0x00,0x00,0x00,0x03,0xfd,0x30,0x00,0x33,0x00,0x02,0xdf,0x30,0x00,0x00,0x0d,0xe2,0x00,0x00,0xcc,
    0x00,0x00,0x2e,0xd0,0x00,0x00,0x6f,0x70,0x00,0x00,0xcc,0x00,0x00,0x07,0xf6,0x00,0x00,0xbe,0x10,0x00,0x00,0xcc,0x00,0x00,
    0x01,0xeb,0x00,0x00,0xeb,0x00,0x00,0x00,0xcc,0x00,0x00,0x00,0xbe,0x00,0x01,0xf9,0x00,0x00,0x00,0xcd,0x10,0x00,0x00,0x9f,
    0x10,0x01,0xf9,0x00,0x00,0x00,0x8f,0xe6,0x00,0x00,0x9f,0x10,0x00,0xeb,0x00,0x00,0x00,0x04,0xdf,0x90,0x00,0xbe,0x00,0x00,
    0xbe,0x10,0x00,0x00,0x00,0x17,0x50,0x01,0xeb,0x00,0x00,0x6f,0x70,0x00,0x00,0x00,0x00,0x00,0x07,0xf6,0x00,0x00,0x0d,0xe2,
    0x00,0x00,0x00,0x00,0x00,0x2e,0xd0,0x00,0x00,0x04,0xfd,0x20,0x00,0x00,0x00,0x02,0xdf,0x30,0x00,0x00,0x00,0x5f,0xe7,0x10,
    0x00,0x01,0x7e,0xf5,0x00,0x00,0x00,0x00,0x03,0xdf,0xeb,0x99,0xbe,0xfd,0x30,0x00,0x00,0x00,0x00,0x00,0x06,0xbe,0xff,0xeb,
    0x60,0x00,0x00,0x00,0x00,0x00,0x00,0x00,0x00,0x01,0x00,0x00,0x00,0x00,0x00,0x00,0x00,0x00,0x00,0x00,0x00,0x00,0x00,0x00,
    0x00,0x00,
};
static const lv_img_dsc_t uk_icon_clock_22 = {
    .header.cf = LV_IMG_CF_ALPHA_4BIT, .header.always_zero = 0,
    .header.w = 22, .header.h = 22,
    .data_size = sizeof(uk_icon_clock_22_map), .data = uk_icon_clock_22_map,
};
static const uint8_t uk_icon_hotspot_22_map[] = {
    0x00,0x00,0x00,0x00,0x00,0x00,0x00,0x00,0x00,0x00,0x00,0x00,0x00,0x00,0x00,0x00,0x00,0x00,0x00,0x00,0x00,0x00,0x00,0x00,
    0x00,0x00,0x00,0x00,0x00,0x00,0x00,0x00,0x00,0x00,0x00,0x30,0x00,0x00,0x00,0x00,0x00,0x03,0x00,0x00,0x00,0x07,0xf5,0x00,
    0x00,0x00,0x00,0x00,0x5f,0x70,0x00,0x00,0x3f,0xc1,0x00,0x00,0x00,0x00,0x00,0x1c,0xf3,0x00,0x00,0xce,0x20,0x58,0x00,0x00,
    0x00,0x85,0x02,0xec,0x00,0x04,0xf8,0x03,0xfc,0x00,0x00,0x00,0xcf,0x30,0x8f,0x40,0x08,0xf2,0x0b,0xf3,0x03,0x99,0x30,0x3f,
    0xb0,0x2f,0x80,0x0b,0xe0,0x1f,0xa0,0x3f,0xff,0xf3,0x0a,0xf1,0x0e,0xb0,0x0d,0xc0,0x3f,0x70,0x9f,0x33,0xf9,0x07,0xf3,0x0c,
    0xd0,0x0d,0xc0,0x3f,0x70,0x9f,0x33,0xf9,0x07,0xf3,0x0c,0xd0,0x0b,0xe0,0x1f,0xa0,0x3f,0xff,0xf3,0x0a,0xf1,0x0e,0xb0,0x08,
    0xf2,0x0b,0xf3,0x03,0x99,0x30,0x3f,0xb0,0x2f,0x80,0x04,0xf8,0x03,0xfc,0x00,0x00,0x00,0xcf,0x30,0x8f,0x40,0x00,0xce,0x20,
    0x58,0x00,0x00,0x00,0x85,0x02,0xec,0x00,0x00,0x3f,0xc1,0x00,0x00,0x00,0x00,0x00,0x1c,0xf3,0x00,0x00,0x07,0xf5,0x00,0x00,
    0x00,0x00,0x00,0x5f,0x70,0x00,0x00,0x00,0x30,0x00,0x00,0x00,0x00,0x00,0x03,0x00,0x00,0x00,0x00,0x00,0x00,0x00,0x00,0x00,
    0x00,0x00,0x00,0x00,0x00,0x00,0x00,0x00,0x00,0x00,0x00,0x00,0x00,0x00,0x00,0x00,0x00,0x00,0x00,0x00,0x00,0x00,0x00,0x00,
    0x00,0x00,
};
static const lv_img_dsc_t uk_icon_hotspot_22 = {
    .header.cf = LV_IMG_CF_ALPHA_4BIT, .header.always_zero = 0,
    .header.w = 22, .header.h = 22,
    .data_size = sizeof(uk_icon_hotspot_22_map), .data = uk_icon_hotspot_22_map,
};
static const uint8_t uk_icon_trash_22_map[] = {
    0x00,0x00,0x00,0x00,0x00,0x00,0x00,0x00,0x00,0x00,0x00,0x00,0x00,0x00,0x00,0x00,0x00,0x00,0x00,0x00,0x00,0x00,0x00,0x00,
    0x00,0x00,0x12,0x22,0x21,0x00,0x00,0x00,0x00,0x00,0x00,0x00,0x01,0xff,0xff,0xff,0x10,0x00,0x00,0x00,0x00,0x00,0x00,0x02,
    0xfc,0x88,0xcf,0x20,0x00,0x00,0x00,0x00,0x07,0xdd,0xdd,0xfe,0xdd,0xef,0xdd,0xdd,0x70,0x00,0x00,0x06,0xce,0xfc,0xcc,0xcc,
    0xcc,0xcf,0xec,0x60,0x00,0x00,0x00,0x0b,0xd0,0x00,0x00,0x00,0x0d,0xb0,0x00,0x00,0x00,0x00,0x0a,0xf0,0x00,0x00,0x00,0x0f,
    0xa0,0x00,0x00,0x00,0x00,0x09,0xf1,0x00,0x00,0x00,0x1f,0x90,0x00,0x00,0x00,0x00,0x08,0xf2,0x00,0x00,0x00,0x2f,0x80,0x00,
    0x00,0x00,0x00,0x07,0xf3,0x00,0x00,0x00,0x3f,0x70,0x00,0x00,0x00,0x00,0x06,0xf4,0x00,0x00,0x00,0x4f,0x60,0x00,0x00,0x00,
    0x00,0x05,0xf5,0x00,0x00,0x00,0x5f,0x50,0x00,0x00,0x00,0x00,0x04,0xf6,0x00,0x00,0x00,0x6f,0x40,0x00,0x00,0x00,0x00,0x02,
    0xf7,0x00,0x00,0x00,0x7f,0x20,0x00,0x00,0x00,0x00,0x01,0xf8,0x00,0x00,0x00,0x8f,0x10,0x00,0x00,0x00,0x00,0x00,0xfc,0x88,
    0x88,0x88,0xcf,0x00,0x00,0x00,0x00,0x00,0x00,0xdf,0xff,0xff,0xff,0xfd,0x00,0x00,0x00,0x00,0x00,0x00,0x12,0x22,0x22,0x22,
    0x21,0x00,0x00,0x00,0x00,0x00,0x00,0x00,0x00,0x00,0x00,0x00,0x00,0x00,0x00,0x00,0x00,0x00,0x00,0x00,0x00,0x00,0x00,0x00,
    0x00,0x00,
};
static const lv_img_dsc_t uk_icon_trash_22 = {
    .header.cf = LV_IMG_CF_ALPHA_4BIT, .header.always_zero = 0,
    .header.w = 22, .header.h = 22,
    .data_size = sizeof(uk_icon_trash_22_map), .data = uk_icon_trash_22_map,
};
static const uint8_t uk_icon_layouts_32_map[] = {
    0x00,0x00,0x00,0x00,0x00,0x00,0x00,0x00,0x00,0x00,0x00,0x00,0x00,0x00,0x00,0x00,0x00,0x00,0x00,0x00,0x00,0x00,0x00,0x00,
    0x00,0x00,0x00,0x00,0x00,0x00,0x00,0x00,0x00,0x00,0x02,0x33,0x33,0x33,0x20,0x00,0x00,0x02,0x33,0x33,0x33,0x20,0x00,0x00,
    0x00,0x02,0xcf,0xff,0xff,0xff,0xfc,0x20,0x02,0xcf,0xff,0xff,0xff,0xfc,0x20,0x00,0x00,0x0c,0xff,0xff,0xff,0xff,0xff,0xc0,
    0x0c,0xff,0xff,0xff,0xff,0xff,0xc0,0x00,0x00,0x2f,0xf8,0x33,0x33,0x33,0x8f,0xf2,0x2f,0xf8,0x33,0x33,0x33,0x8f,0xf2,0x00,
    0x00,0x3f,0xf3,0x00,0x00,0x00,0x3f,0xf3,0x3f,0xf3,0x00,0x00,0x00,0x3f,0xf3,0x00,0x00,0x3f,0xf3,0x00,0x00,0x00,0x3f,0xf3,
    0x3f,0xf3,0x00,0x00,0x00,0x3f,0xf3,0x00,0x00,0x3f,0xf3,0x00,0x00,0x00,0x3f,0xf3,0x3f,0xf3,0x00,0x00,0x00,0x3f,0xf3,0x00,
    0x00,0x3f,0xf3,0x00,0x00,0x00,0x3f,0xf3,0x3f,0xf3,0x00,0x00,0x00,0x3f,0xf3,0x00,0x00,0x3f,0xf3,0x00,0x00,0x00,0x3f,0xf3,
    0x3f,0xf3,0x00,0x00,0x00,0x3f,0xf3,0x00,0x00,0x3f,0xf3,0x00,0x00,0x00,0x3f,0xf3,0x3f,0xf3,0x00,0x00,0x00,0x3f,0xf3,0x00,
    0x00,0x2f,0xf8,0x33,0x33,0x33,0x8f,0xf2,0x2f,0xf8,0x33,0x33,0x33,0x8f,0xf2,0x00,0x00,0x0c,0xff,0xff,0xff,0xff,0xff,0xc0,
    0x0c,0xff,0xff,0xff,0xff,0xff,0xc0,0x00,0x00,0x02,0xcf,0xff,0xff,0xff,0xfc,0x20,0x02,0xcf,0xff,0xff,0xff,0xfc,0x20,0x00,
    0x00,0x00,0x02,0x33,0x33,0x33,0x20,0x00,0x00,0x02,0x33,0x33,0x33,0x20,0x00,0x00,0x00,0x00,0x02,0x33,0x33,0x33,0x20,0x00,
    0x00,0x02,0x33,0x33,0x33,0x20,0x00,0x00,0x00,0x02,0xcf,0xff,0xff,0xff,0xfc,0x20,0x02,0xcf,0xff,0xff,0xff,0xfc,0x20,0x00,
    0x00,0x0c,0xff,0xff,0xff,0xff,0xff,0xc0,0x0c,0xff,0xff,0xff,0xff,0xff,0xc0,0x00,0x00,0x2f,0xf8,0x33,0x33,0x33,0x8f,0xf2,
    0x2f,0xf8,0x33,0x33,0x33,0x8f,0xf2,0x00,0x00,0x3f,0xf3,0x00,0x00,0x00,0x3f,0xf3,0x3f,0xf3,0x00,0x00,0x00,0x3f,0xf3,0x00,
    0x00,0x3f,0xf3,0x00,0x00,0x00,0x3f,0xf3,0x3f,0xf3,0x00,0x00,0x00,0x3f,0xf3,0x00,0x00,0x3f,0xf3,0x00,0x00,0x00,0x3f,0xf3,
    0x3f,0xf3,0x00,0x00,0x00,0x3f,0xf3,0x00,0x00,0x3f,0xf3,0x00,0x00,0x00,0x3f,0xf3,0x3f,0xf3,0x00,0x00,0x00,0x3f,0xf3,0x00,
    0x00,0x3f,0xf3,0x00,0x00,0x00,0x3f,0xf3,0x3f,0xf3,0x00,0x00,0x00,0x3f,0xf3,0x00,0x00,0x3f,0xf3,0x00,0x00,0x00,0x3f,0xf3,
    0x3f,0xf3,0x00,0x00,0x00,0x3f,0xf3,0x00,0x00,0x2f,0xf8,0x33,0x33,0x33,0x8f,0xf2,0x2f,0xf8,0x33,0x33,0x33,0x8f,0xf2,0x00,
    0x00,0x0c,0xff,0xff,0xff,0xff,0xff,0xc0,0x0c,0xff,0xff,0xff,0xff,0xff,0xc0,0x00,0x00,0x02,0xcf,0xff,0xff,0xff,0xfc,0x20,
    0x02,0xcf,0xff,0xff,0xff,0xfc,0x20,0x00,0x00,0x00,0x02,0x33,0x33,0x33,0x20,0x00,0x00,0x02,0x33,0x33,0x33,0x20,0x00,0x00,
    0x00,0x00,0x00,0x00,0x00,0x00,0x00,0x00,0x00,0x00,0x00,0x00,0x00,0x00,0x00,0x00,0x00,0x00,0x00,0x00,0x00,0x00,0x00,0x00,
    0x00,0x00,0x00,0x00,0x00,0x00,0x00,0x00,
};
static const lv_img_dsc_t uk_icon_layouts_32 = {
    .header.cf = LV_IMG_CF_ALPHA_4BIT, .header.always_zero = 0,
    .header.w = 32, .header.h = 32,
    .data_size = sizeof(uk_icon_layouts_32_map), .data = uk_icon_layouts_32_map,
};
static const uint8_t uk_icon_sun_32_map[] = {
    0x00,0x00,0x00,0x00,0x00,0x00,0x00,0x00,0x00,0x00,0x00,0x00,0x00,0x00,0x00,0x00,0x00,0x00,0x00,0x00,0x00,0x00,0x00,0x00,
    0x00,0x00,0x00,0x00,0x00,0x00,0x00,0x00,0x00,0x00,0x00,0x00,0x00,0x00,0x00,0x0a,0xa0,0x00,0x00,0x00,0x00,0x00,0x00,0x00,
    0x00,0x00,0x00,0x00,0x00,0x00,0x00,0x3f,0xf3,0x00,0x00,0x00,0x00,0x00,0x00,0x00,0x00,0x00,0x00,0x00,0x00,0x00,0x00,0x3f,
    0xf3,0x00,0x00,0x00,0x00,0x00,0x00,0x00,0x00,0x00,0x00,0x01,0x00,0x00,0x00,0x3f,0xf3,0x00,0x00,0x00,0x10,0x00,0x00,0x00,
    0x00,0x00,0x01,0xde,0x40,0x00,0x00,0x2f,0xf2,0x00,0x00,0x04,0xed,0x10,0x00,0x00,0x00,0x00,0x01,0xef,0xe4,0x00,0x00,0x05,
    0x50,0x00,0x00,0x4e,0xfe,0x10,0x00,0x00,0x00,0x00,0x00,0x4e,0xfe,0x20,0x00,0x00,0x00,0x00,0x02,0xef,0xe4,0x00,0x00,0x00,
    0x00,0x00,0x00,0x04,0xef,0x50,0x01,0x58,0x85,0x10,0x05,0xfe,0x40,0x00,0x00,0x00,0x00,0x00,0x00,0x00,0x35,0x00,0x8f,0xff,
    0xff,0xf8,0x00,0x53,0x00,0x00,0x00,0x00,0x00,0x00,0x00,0x00,0x00,0x0a,0xff,0xfe,0xef,0xff,0xa0,0x00,0x00,0x00,0x00,0x00,
    0x00,0x00,0x00,0x00,0x00,0x8f,0xfb,0x30,0x03,0xbf,0xf8,0x00,0x00,0x00,0x00,0x00,0x00,0x00,0x00,0x00,0x01,0xff,0xb0,0x00,
    0x00,0x0b,0xfe,0x10,0x00,0x00,0x00,0x00,0x00,0x03,0x33,0x20,0x06,0xff,0x20,0x00,0x00,0x02,0xff,0x50,0x02,0x33,0x30,0x00,
    0x00,0xaf,0xff,0xf4,0x08,0xfe,0x00,0x00,0x00,0x00,0xef,0x80,0x4f,0xff,0xfa,0x00,0x00,0xaf,0xff,0xf4,0x08,0xfe,0x00,0x00,
    0x00,0x00,0xef,0x80,0x4f,0xff,0xfa,0x00,0x00,0x03,0x33,0x20,0x05,0xff,0x20,0x00,0x00,0x02,0xff,0x50,0x02,0x33,0x30,0x00,
    0x00,0x00,0x00,0x00,0x01,0xff,0xb0,0x00,0x00,0x0b,0xfe,0x10,0x00,0x00,0x00,0x00,0x00,0x00,0x00,0x00,0x00,0x8f,0xfb,0x20,
    0x02,0xbf,0xf8,0x00,0x00,0x00,0x00,0x00,0x00,0x00,0x00,0x00,0x00,0x0a,0xff,0xfe,0xef,0xff,0xa0,0x00,0x00,0x00,0x00,0x00,
    0x00,0x00,0x00,0x00,0x25,0x00,0x8f,0xff,0xff,0xe8,0x00,0x52,0x00,0x00,0x00,0x00,0x00,0x00,0x00,0x04,0xef,0x50,0x01,0x58,
    0x85,0x10,0x05,0xfe,0x40,0x00,0x00,0x00,0x00,0x00,0x00,0x4e,0xfe,0x20,0x00,0x00,0x00,0x00,0x02,0xef,0xe4,0x00,0x00,0x00,
    0x00,0x00,0x01,0xef,0xe4,0x00,0x00,0x04,0x40,0x00,0x00,0x4e,0xfe,0x10,0x00,0x00,0x00,0x00,0x01,0xde,0x40,0x00,0x00,0x2f,
    0xf2,0x00,0x00,0x04,0xed,0x10,0x00,0x00,0x00,0x00,0x00,0x01,0x00,0x00,0x00,0x3f,0xf3,0x00,0x00,0x00,0x10,0x00,0x00,0x00,
    0x00,0x00,0x00,0x00,0x00,0x00,0x00,0x3f,0xf3,0x00,0x00,0x00,0x00,0x00,0x00,0x00,0x00,0x00,0x00,0x00,0x00,0x00,0x00,0x3f,
    0xf3,0x00,0x00,0x00,0x00,0x00,0x00,0x00,0x00,0x00,0x00,0x00,0x00,0x00,0x00,0x0a,0xa0,0x00,0x00,0x00,0x00,0x00,0x00,0x00,
    0x00,0x00,0x00,0x00,0x00,0x00,0x00,0x00,0x00,0x00,0x00,0x00,0x00,0x00,0x00,0x00,0x00,0x00,0x00,0x00,0x00,0x00,0x00,0x00,
    0x00,0x00,0x00,0x00,0x00,0x00,0x00,0x00,
};
static const lv_img_dsc_t uk_icon_sun_32 = {
    .header.cf = LV_IMG_CF_ALPHA_4BIT, .header.always_zero = 0,
    .header.w = 32, .header.h = 32,
    .data_size = sizeof(uk_icon_sun_32_map), .data = uk_icon_sun_32_map,
};
static const uint8_t uk_icon_moon_32_map[] = {
    0x00,0x00,0x00,0x00,0x00,0x00,0x00,0x00,0x00,0x00,0x00,0x00,0x00,0x00,0x00,0x00,0x00,0x00,0x00,0x00,0x00,0x00,0x00,0x00,
    0x00,0x00,0x00,0x00,0x00,0x00,0x00,0x00,0x00,0x00,0x00,0x00,0x00,0x00,0x00,0x00,0x00,0x00,0x00,0x00,0x00,0x00,0x00,0x00,
    0x00,0x00,0x00,0x00,0x00,0x00,0x00,0x00,0x00,0x00,0x00,0x00,0x00,0x00,0x00,0x00,0x00,0x00,0x00,0x00,0x00,0x07,0xc7,0x00,
    0x00,0x00,0x00,0x00,0x00,0x00,0x00,0x00,0x00,0x00,0x00,0x00,0x03,0xdf,0xfc,0x00,0x00,0x00,0x00,0x00,0x00,0x00,0x00,0x00,
    0x00,0x00,0x00,0x00,0x4e,0xff,0xf4,0x00,0x00,0x00,0x00,0x00,0x00,0x00,0x00,0x00,0x00,0x00,0x00,0x03,0xff,0xff,0x70,0x00,
    0x00,0x00,0x00,0x00,0x00,0x00,0x00,0x00,0x00,0x00,0x00,0x1d,0xff,0xfd,0x00,0x00,0x00,0x00,0x00,0x00,0x00,0x00,0x00,0x00,
    0x00,0x00,0x00,0x8f,0xff,0xf6,0x00,0x00,0x00,0x00,0x00,0x00,0x00,0x00,0x00,0x00,0x00,0x00,0x01,0xff,0xdf,0xf2,0x00,0x00,
    0x00,0x00,0x00,0x00,0x00,0x00,0x00,0x00,0x00,0x00,0x06,0xff,0x8f,0xf0,0x00,0x00,0x00,0x00,0x00,0x00,0x00,0x00,0x00,0x00,
    0x00,0x00,0x0a,0xfc,0x6f,0xf0,0x00,0x00,0x00,0x00,0x00,0x00,0x00,0x00,0x00,0x00,0x00,0x00,0x0d,0xf8,0x5f,0xf1,0x00,0x00,
    0x00,0x00,0x00,0x00,0x00,0x00,0x00,0x00,0x00,0x00,0x0f,0xf6,0x3f,0xf3,0x00,0x00,0x00,0x00,0x00,0x00,0x00,0x00,0x00,0x00,
    0x00,0x00,0x0f,0xf6,0x0e,0xf8,0x00,0x00,0x00,0x00,0x00,0x00,0x00,0x00,0x00,0x00,0x00,0x00,0x0e,0xf8,0x09,0xfe,0x10,0x00,
    0x00,0x00,0x00,0x00,0x00,0x00,0x00,0x00,0x00,0x00,0x0b,0xfb,0x02,0xff,0xa0,0x00,0x00,0x00,0x00,0x00,0x00,0x00,0x00,0x00,
    0x00,0x00,0x08,0xfe,0x10,0x8f,0xf8,0x00,0x00,0x00,0x00,0x00,0x04,0xc7,0x00,0x00,0x00,0x00,0x02,0xff,0x70,0x0b,0xff,0xa1,
    0x00,0x00,0x00,0x00,0x6f,0xfc,0x00,0x00,0x00,0x00,0x00,0xbf,0xe2,0x01,0xcf,0xfe,0x94,0x10,0x02,0x6c,0xff,0xf6,0x00,0x00,
    0x00,0x00,0x00,0x3f,0xfc,0x10,0x08,0xff,0xff,0xff,0xff,0xff,0xff,0xd0,0x00,0x00,0x00,0x00,0x00,0x06,0xff,0xc2,0x00,0x39,
    0xef,0xff,0xff,0xff,0xfe,0x30,0x00,0x00,0x00,0x00,0x00,0x00,0x8f,0xfe,0x71,0x00,0x03,0x56,0x8e,0xff,0xf4,0x00,0x00,0x00,
    0x00,0x00,0x00,0x00,0x07,0xff,0xfe,0xb8,0x66,0x8c,0xff,0xfd,0x40,0x00,0x00,0x00,0x00,0x00,0x00,0x00,0x00,0x3b,0xff,0xff,
    0xff,0xff,0xff,0x91,0x00,0x00,0x00,0x00,0x00,0x00,0x00,0x00,0x00,0x00,0x28,0xbe,0xfe,0xda,0x61,0x00,0x00,0x00,0x00,0x00,
    0x00,0x00,0x00,0x00,0x00,0x00,0x00,0x00,0x00,0x00,0x00,0x00,0x00,0x00,0x00,0x00,0x00,0x00,0x00,0x00,0x00,0x00,0x00,0x00,
    0x00,0x00,0x00,0x00,0x00,0x00,0x00,0x00,0x00,0x00,0x00,0x00,0x00,0x00,0x00,0x00,0x00,0x00,0x00,0x00,0x00,0x00,0x00,0x00,
    0x00,0x00,0x00,0x00,0x00,0x00,0x00,0x00,0x00,0x00,0x00,0x00,0x00,0x00,0x00,0x00,0x00,0x00,0x00,0x00,0x00,0x00,0x00,0x00,
    0x00,0x00,0x00,0x00,0x00,0x00,0x00,0x00,
};
static const lv_img_dsc_t uk_icon_moon_32 = {
    .header.cf = LV_IMG_CF_ALPHA_4BIT, .header.always_zero = 0,
    .header.w = 32, .header.h = 32,
    .data_size = sizeof(uk_icon_moon_32_map), .data = uk_icon_moon_32_map,
};
static const uint8_t uk_icon_rec_32_map[] = {
    0x00,0x00,0x00,0x00,0x00,0x00,0x00,0x00,0x00,0x00,0x00,0x00,0x00,0x00,0x00,0x00,0x00,0x00,0x00,0x00,0x00,0x00,0x00,0x00,
    0x00,0x00,0x00,0x00,0x00,0x00,0x00,0x00,0x00,0x00,0x00,0x00,0x00,0x00,0x00,0x00,0x00,0x00,0x00,0x00,0x00,0x00,0x00,0x00,
    0x00,0x00,0x00,0x00,0x00,0x00,0x14,0x68,0x86,0x41,0x00,0x00,0x00,0x00,0x00,0x00,0x00,0x00,0x00,0x00,0x00,0x4a,0xff,0xff,
    0xff,0xff,0xa4,0x00,0x00,0x00,0x00,0x00,0x00,0x00,0x00,0x00,0x2b,0xff,0xff,0xfd,0xdf,0xff,0xff,0xb2,0x00,0x00,0x00,0x00,
    0x00,0x00,0x00,0x03,0xef,0xfe,0x83,0x00,0x00,0x38,0xef,0xfe,0x30,0x00,0x00,0x00,0x00,0x00,0x00,0x4e,0xff,0x81,0x00,0x00,
    0x00,0x00,0x18,0xff,0xe4,0x00,0x00,0x00,0x00,0x00,0x02,0xef,0xe4,0x00,0x00,0x00,0x00,0x00,0x00,0x4e,0xfe,0x20,0x00,0x00,
    0x00,0x00,0x0b,0xff,0x40,0x00,0x00,0x00,0x00,0x00,0x00,0x04,0xff,0xb0,0x00,0x00,0x00,0x00,0x4f,0xf8,0x00,0x00,0x00,0x00,
    0x00,0x00,0x00,0x00,0x8f,0xf4,0x00,0x00,0x00,0x00,0xaf,0xe1,0x00,0x00,0x02,0x8b,0xb8,0x20,0x00,0x00,0x1e,0xfa,0x00,0x00,
    0x00,0x01,0xff,0x80,0x00,0x00,0x4e,0xff,0xff,0xe4,0x00,0x00,0x08,0xff,0x10,0x00,0x00,0x04,0xff,0x30,0x00,0x02,0xef,0xff,
    0xff,0xfe,0x20,0x00,0x03,0xff,0x40,0x00,0x00,0x07,0xff,0x00,0x00,0x08,0xff,0xff,0xff,0xff,0x80,0x00,0x00,0xff,0x60,0x00,
    0x00,0x08,0xfd,0x00,0x00,0x0b,0xff,0xff,0xff,0xff,0xb0,0x00,0x00,0xdf,0x80,0x00,0x00,0x08,0xfd,0x00,0x00,0x0b,0xff,0xff,
    0xff,0xff,0xb0,0x00,0x00,0xdf,0x80,0x00,0x00,0x06,0xff,0x00,0x00,0x08,0xff,0xff,0xff,0xff,0x80,0x00,0x00,0xff,0x60,0x00,
    0x00,0x04,0xff,0x30,0x00,0x02,0xef,0xff,0xff,0xfe,0x20,0x00,0x03,0xff,0x40,0x00,0x00,0x01,0xff,0x80,0x00,0x00,0x4e,0xff,
    0xff,0xe4,0x00,0x00,0x08,0xff,0x10,0x00,0x00,0x00,0xaf,0xe1,0x00,0x00,0x02,0x8c,0xc8,0x20,0x00,0x00,0x1e,0xfa,0x00,0x00,
    0x00,0x00,0x4f,0xf8,0x00,0x00,0x00,0x00,0x00,0x00,0x00,0x00,0x8f,0xf4,0x00,0x00,0x00,0x00,0x0b,0xff,0x40,0x00,0x00,0x00,
    0x00,0x00,0x00,0x04,0xff,0xb0,0x00,0x00,0x00,0x00,0x02,0xef,0xe4,0x00,0x00,0x00,0x00,0x00,0x00,0x4e,0xfe,0x20,0x00,0x00,
    0x00,0x00,0x00,0x4e,0xff,0x81,0x00,0x00,0x00,0x00,0x18,0xff,0xe3,0x00,0x00,0x00,0x00,0x00,0x00,0x04,0xef,0xfe,0x83,0x00,
    0x00,0x38,0xef,0xfe,0x40,0x00,0x00,0x00,0x00,0x00,0x00,0x00,0x2b,0xff,0xff,0xfe,0xef,0xff,0xff,0xb2,0x00,0x00,0x00,0x00,
    0x00,0x00,0x00,0x00,0x00,0x4a,0xff,0xff,0xff,0xff,0xa4,0x00,0x00,0x00,0x00,0x00,0x00,0x00,0x00,0x00,0x00,0x00,0x14,0x78,
    0x87,0x41,0x00,0x00,0x00,0x00,0x00,0x00,0x00,0x00,0x00,0x00,0x00,0x00,0x00,0x00,0x00,0x00,0x00,0x00,0x00,0x00,0x00,0x00,
    0x00,0x00,0x00,0x00,0x00,0x00,0x00,0x00,0x00,0x00,0x00,0x00,0x00,0x00,0x00,0x00,0x00,0x00,0x00,0x00,0x00,0x00,0x00,0x00,
    0x00,0x00,0x00,0x00,0x00,0x00,0x00,0x00,
};
static const lv_img_dsc_t uk_icon_rec_32 = {
    .header.cf = LV_IMG_CF_ALPHA_4BIT, .header.always_zero = 0,
    .header.w = 32, .header.h = 32,
    .data_size = sizeof(uk_icon_rec_32_map), .data = uk_icon_rec_32_map,
};
static const uint8_t uk_icon_gear_32_map[] = {
    0x00,0x00,0x00,0x00,0x00,0x00,0x00,0x00,0x00,0x00,0x00,0x00,0x00,0x00,0x00,0x00,0x00,0x00,0x00,0x00,0x00,0x00,0x00,0x00,
    0x00,0x00,0x00,0x00,0x00,0x00,0x00,0x00,0x00,0x00,0x00,0x00,0x00,0x00,0x00,0x05,0x50,0x00,0x00,0x00,0x00,0x00,0x00,0x00,
    0x00,0x00,0x00,0x00,0x00,0x00,0x00,0x5f,0xf4,0x00,0x00,0x00,0x00,0x00,0x00,0x00,0x00,0x00,0x00,0x00,0x03,0x63,0x02,0xef,
    0xfe,0x10,0x02,0x10,0x00,0x00,0x00,0x00,0x00,0x00,0x00,0x00,0x0d,0xff,0xfe,0xff,0xff,0xcb,0xef,0xb0,0x00,0x00,0x00,0x00,
    0x00,0x00,0x00,0x00,0x3f,0xff,0xff,0xf6,0x8f,0xff,0xff,0xf2,0x00,0x00,0x00,0x00,0x00,0x00,0x00,0x00,0x8f,0xe4,0x7a,0x70,
    0x0c,0xeb,0x8f,0xf7,0x00,0x00,0x00,0x00,0x00,0x00,0x00,0x38,0xef,0xa0,0x00,0x00,0x00,0x00,0x0b,0xfc,0x40,0x00,0x00,0x00,
    0x00,0x00,0x3d,0xff,0xff,0x50,0x00,0x00,0x00,0x00,0x07,0xff,0xfe,0xa1,0x00,0x00,0x00,0x00,0x6f,0xfe,0xa5,0x00,0x00,0x46,
    0x64,0x00,0x01,0x9e,0xff,0xf6,0x00,0x00,0x00,0x00,0x3f,0xf4,0x00,0x00,0x3c,0xff,0xff,0xc3,0x00,0x00,0x6f,0xf4,0x00,0x00,
    0x00,0x00,0x0f,0xf7,0x00,0x03,0xef,0xff,0xff,0xfe,0x30,0x00,0x6f,0xf1,0x00,0x00,0x00,0x00,0x3e,0xfa,0x00,0x0d,0xfe,0x50,
    0x05,0xef,0xd0,0x00,0x9f,0xe1,0x00,0x00,0x00,0x07,0xff,0xf7,0x00,0x4f,0xf5,0x00,0x00,0x5f,0xf4,0x00,0xaf,0xfd,0x30,0x00,
    0x00,0x9f,0xfe,0x50,0x00,0x6f,0xf0,0x00,0x00,0x0f,0xf6,0x00,0x19,0xff,0xf6,0x00,0x00,0x8f,0xff,0x81,0x00,0x6f,0xf0,0x00,
    0x00,0x0f,0xf6,0x00,0x02,0xdf,0xfa,0x00,0x00,0x07,0xef,0xfa,0x00,0x4f,0xf5,0x00,0x00,0x5f,0xf4,0x00,0x5e,0xff,0xb2,0x00,
    0x00,0x00,0x2e,0xf9,0x00,0x0d,0xfe,0x50,0x05,0xef,0xd0,0x00,0xbf,0xf7,0x00,0x00,0x00,0x00,0x1f,0xf6,0x00,0x03,0xef,0xff,
    0xff,0xfe,0x30,0x00,0x8f,0xe0,0x00,0x00,0x00,0x00,0x4f,0xf6,0x00,0x00,0x3d,0xff,0xff,0xd3,0x00,0x00,0x4f,0xf2,0x00,0x00,
    0x00,0x00,0x6f,0xff,0xe9,0x10,0x00,0x46,0x64,0x00,0x00,0x26,0xbf,0xf6,0x00,0x00,0x00,0x00,0x1a,0xef,0xff,0x70,0x00,0x00,
    0x00,0x00,0x03,0xff,0xff,0xf4,0x00,0x00,0x00,0x00,0x00,0x04,0xcf,0xb0,0x00,0x00,0x00,0x00,0x09,0xff,0xc7,0x30,0x00,0x00,
    0x00,0x00,0x00,0x00,0x7f,0xf8,0xbe,0xc0,0x04,0x63,0x0d,0xf9,0x00,0x00,0x00,0x00,0x00,0x00,0x00,0x00,0x2f,0xff,0xff,0xf8,
    0x4f,0xff,0xef,0xf5,0x00,0x00,0x00,0x00,0x00,0x00,0x00,0x00,0x0c,0xfe,0xbc,0xff,0xef,0xff,0xff,0xe1,0x00,0x00,0x00,0x00,
    0x00,0x00,0x00,0x00,0x01,0x20,0x01,0xef,0xff,0x44,0x7b,0x60,0x00,0x00,0x00,0x00,0x00,0x00,0x00,0x00,0x00,0x00,0x00,0x4f,
    0xf6,0x00,0x00,0x00,0x00,0x00,0x00,0x00,0x00,0x00,0x00,0x00,0x00,0x00,0x00,0x05,0x40,0x00,0x00,0x00,0x00,0x00,0x00,0x00,
    0x00,0x00,0x00,0x00,0x00,0x00,0x00,0x00,0x00,0x00,0x00,0x00,0x00,0x00,0x00,0x00,0x00,0x00,0x00,0x00,0x00,0x00,0x00,0x00,
    0x00,0x00,0x00,0x00,0x00,0x00,0x00,0x00,
};
static const lv_img_dsc_t uk_icon_gear_32 = {
    .header.cf = LV_IMG_CF_ALPHA_4BIT, .header.always_zero = 0,
    .header.w = 32, .header.h = 32,
    .data_size = sizeof(uk_icon_gear_32_map), .data = uk_icon_gear_32_map,
};
static const uint8_t uk_icon_car_32_map[] = {
    0x00,0x00,0x00,0x00,0x00,0x00,0x00,0x00,0x00,0x00,0x00,0x00,0x00,0x00,0x00,0x00,0x00,0x00,0x00,0x00,0x00,0x00,0x00,0x00,
    0x00,0x00,0x00,0x00,0x00,0x00,0x00,0x00,0x00,0x00,0x00,0x00,0x00,0x00,0x00,0x00,0x00,0x00,0x00,0x00,0x00,0x00,0x00,0x00,
    0x00,0x00,0x00,0x00,0x00,0x00,0x00,0x00,0x00,0x00,0x00,0x00,0x00,0x00,0x00,0x00,0x00,0x00,0x00,0x00,0x00,0x00,0x00,0x00,
    0x00,0x00,0x00,0x00,0x00,0x00,0x00,0x00,0x00,0x00,0x00,0x00,0x00,0x00,0x00,0x00,0x00,0x00,0x00,0x00,0x00,0x00,0x00,0x00,
    0x00,0x00,0x00,0x00,0x00,0x00,0x00,0x00,0x00,0x00,0x00,0x00,0x00,0x00,0x00,0x00,0x00,0x00,0x00,0x00,0x00,0x00,0x00,0x00,
    0x00,0x00,0x00,0x00,0x00,0x00,0x00,0x00,0x00,0x00,0x00,0x00,0x00,0x00,0x00,0x00,0x00,0x00,0x00,0x00,0x00,0x00,0x00,0x00,
    0x00,0x00,0x00,0x00,0x00,0x00,0x00,0x00,0x00,0x00,0x00,0x00,0x00,0x00,0x00,0x00,0x00,0x00,0x00,0x00,0x00,0x11,0x11,0x11,
    0x11,0x11,0x11,0x00,0x00,0x00,0x00,0x00,0x00,0x00,0x00,0x03,0xbf,0xff,0xff,0xff,0xff,0xff,0xff,0xfb,0x30,0x00,0x00,0x00,
    0x00,0x00,0x00,0x2e,0xff,0xff,0xff,0xff,0xff,0xff,0xff,0xff,0xe2,0x00,0x00,0x00,0x00,0x00,0x00,0x9f,0xf7,0x55,0x55,0x55,
    0x55,0x55,0x55,0x7f,0xf9,0x00,0x00,0x00,0x00,0x00,0x00,0xef,0x90,0x00,0x00,0x00,0x00,0x00,0x00,0x09,0xfe,0x00,0x00,0x00,
    0x00,0x00,0x04,0xff,0x40,0x00,0x00,0x00,0x00,0x00,0x00,0x04,0xff,0x40,0x00,0x00,0x00,0x00,0x09,0xfe,0x00,0x00,0x00,0x00,
    0x00,0x00,0x00,0x00,0xef,0x90,0x00,0x00,0x00,0x00,0x0e,0xf9,0x00,0x00,0x00,0x00,0x00,0x00,0x00,0x00,0x9f,0xe0,0x00,0x00,
    0x00,0x00,0x4f,0xf7,0x33,0x33,0x33,0x33,0x33,0x33,0x33,0x33,0x7f,0xf4,0x00,0x00,0x00,0x09,0xff,0xff,0xff,0xff,0xff,0xff,
    0xff,0xff,0xff,0xff,0xff,0xff,0x90,0x00,0x00,0x7f,0xff,0xff,0xff,0xff,0xff,0xff,0xff,0xff,0xff,0xff,0xff,0xff,0xf7,0x00,
    0x00,0xcf,0xdc,0x49,0xff,0xf5,0x33,0x33,0x33,0x33,0x5f,0xff,0x95,0xcd,0xfc,0x00,0x00,0xdf,0x80,0x0e,0xff,0xfa,0x00,0x00,
    0x00,0x00,0xaf,0xff,0xe0,0x08,0xfd,0x00,0x00,0xdf,0x80,0x0f,0xff,0xfa,0x00,0x00,0x00,0x00,0xaf,0xff,0xf0,0x08,0xfd,0x00,
    0x00,0xcf,0xc3,0x3a,0xff,0xf6,0x33,0x33,0x33,0x33,0x6f,0xff,0xa3,0x3c,0xfc,0x00,0x00,0x7f,0xff,0xff,0xff,0xff,0xff,0xff,
    0xff,0xff,0xff,0xff,0xff,0xff,0xf7,0x00,0x00,0x09,0xff,0xff,0xff,0xff,0xff,0xff,0xff,0xff,0xff,0xff,0xff,0xff,0x90,0x00,
    0x00,0x00,0x13,0x33,0x33,0x33,0x33,0x33,0x33,0x33,0x33,0x33,0x33,0x31,0x00,0x00,0x00,0x00,0x00,0x00,0x00,0x00,0x00,0x00,
    0x00,0x00,0x00,0x00,0x00,0x00,0x00,0x00,0x00,0x00,0x00,0x00,0x00,0x00,0x00,0x00,0x00,0x00,0x00,0x00,0x00,0x00,0x00,0x00,
    0x00,0x00,0x00,0x00,0x00,0x00,0x00,0x00,0x00,0x00,0x00,0x00,0x00,0x00,0x00,0x00,0x00,0x00,0x00,0x00,0x00,0x00,0x00,0x00,
    0x00,0x00,0x00,0x00,0x00,0x00,0x00,0x00,
};
static const lv_img_dsc_t uk_icon_car_32 = {
    .header.cf = LV_IMG_CF_ALPHA_4BIT, .header.always_zero = 0,
    .header.w = 32, .header.h = 32,
    .data_size = sizeof(uk_icon_car_32_map), .data = uk_icon_car_32_map,
};
static const uint8_t uk_icon_can_32_map[] = {
    0x00,0x00,0x00,0x00,0x00,0x00,0x00,0x00,0x00,0x00,0x00,0x00,0x00,0x00,0x00,0x00,0x00,0x00,0x00,0x00,0x00,0x00,0x00,0x00,
    0x00,0x00,0x00,0x00,0x00,0x00,0x00,0x00,0x00,0x00,0x00,0x00,0x00,0x00,0x00,0x00,0x00,0x00,0x00,0x00,0x00,0x00,0x00,0x00,
    0x00,0x00,0x00,0x00,0x00,0x00,0x00,0x00,0x00,0x00,0x00,0x00,0x12,0x00,0x00,0x00,0x00,0x00,0x00,0x00,0x00,0x00,0x00,0x00,
    0x00,0x00,0x00,0x1a,0xff,0xe7,0x00,0x00,0x00,0x00,0x00,0x00,0x00,0x00,0x00,0x00,0x00,0x00,0x01,0xdf,0xff,0xff,0x90,0x00,
    0x00,0x00,0x00,0x00,0x00,0x00,0x00,0x13,0x33,0x33,0x39,0xff,0x85,0xbf,0xf3,0x00,0x00,0x00,0x00,0x00,0x00,0x00,0x02,0xef,
    0xff,0xff,0xff,0xfb,0x00,0x1f,0xf6,0x00,0x00,0x00,0x00,0x00,0x00,0x00,0x04,0xff,0xff,0xff,0xff,0xfb,0x00,0x1f,0xf6,0x00,
    0x00,0x00,0x00,0x00,0x00,0x00,0x04,0xff,0x43,0x33,0x39,0xff,0x85,0xbf,0xf3,0x00,0x00,0x00,0x00,0x00,0x00,0x00,0x04,0xff,
    0x20,0x00,0x01,0xdf,0xff,0xff,0x90,0x00,0x00,0x00,0x00,0x21,0x00,0x00,0x04,0xff,0x20,0x00,0x00,0x2b,0xff,0xe8,0x00,0x00,
    0x00,0x00,0x7e,0xff,0xa1,0x00,0x04,0xff,0x20,0x00,0x00,0x00,0x12,0x00,0x00,0x00,0x00,0x09,0xff,0xff,0xfd,0x10,0x04,0xff,
    0x20,0x00,0x00,0x00,0x00,0x00,0x00,0x00,0x00,0x3f,0xfb,0x58,0xff,0x93,0x36,0xff,0x20,0x00,0x00,0x00,0x00,0x00,0x00,0x00,
    0x00,0x6f,0xf1,0x00,0xbf,0xff,0xff,0xff,0x20,0x00,0x00,0x00,0x00,0x00,0x00,0x00,0x00,0x6f,0xf1,0x00,0xbf,0xff,0xff,0xff,
    0x20,0x00,0x00,0x00,0x00,0x00,0x00,0x00,0x00,0x3f,0xfb,0x58,0xff,0x93,0x36,0xff,0x20,0x00,0x00,0x00,0x00,0x00,0x00,0x00,
    0x00,0x09,0xff,0xff,0xfd,0x10,0x04,0xff,0x20,0x00,0x00,0x00,0x00,0x00,0x00,0x00,0x00,0x00,0x8e,0xff,0xb2,0x00,0x04,0xff,
    0x20,0x00,0x00,0x00,0x12,0x00,0x00,0x00,0x00,0x00,0x00,0x21,0x00,0x00,0x04,0xff,0x20,0x00,0x00,0x1a,0xff,0xe7,0x00,0x00,
    0x00,0x00,0x00,0x00,0x00,0x00,0x04,0xff,0x20,0x00,0x01,0xdf,0xff,0xff,0x90,0x00,0x00,0x00,0x00,0x00,0x00,0x00,0x04,0xff,
    0x43,0x33,0x39,0xff,0x85,0xbf,0xf3,0x00,0x00,0x00,0x00,0x00,0x00,0x00,0x04,0xff,0xff,0xff,0xff,0xfb,0x00,0x1f,0xf6,0x00,
    0x00,0x00,0x00,0x00,0x00,0x00,0x02,0xef,0xff,0xff,0xff,0xfb,0x00,0x1f,0xf6,0x00,0x00,0x00,0x00,0x00,0x00,0x00,0x00,0x13,
    0x33,0x33,0x39,0xff,0x85,0xbf,0xf3,0x00,0x00,0x00,0x00,0x00,0x00,0x00,0x00,0x00,0x00,0x00,0x01,0xdf,0xff,0xff,0x90,0x00,
    0x00,0x00,0x00,0x00,0x00,0x00,0x00,0x00,0x00,0x00,0x00,0x2b,0xff,0xe8,0x00,0x00,0x00,0x00,0x00,0x00,0x00,0x00,0x00,0x00,
    0x00,0x00,0x00,0x00,0x12,0x00,0x00,0x00,0x00,0x00,0x00,0x00,0x00,0x00,0x00,0x00,0x00,0x00,0x00,0x00,0x00,0x00,0x00,0x00,
    0x00,0x00,0x00,0x00,0x00,0x00,0x00,0x00,0x00,0x00,0x00,0x00,0x00,0x00,0x00,0x00,0x00,0x00,0x00,0x00,0x00,0x00,0x00,0x00,
    0x00,0x00,0x00,0x00,0x00,0x00,0x00,0x00,
};
static const lv_img_dsc_t uk_icon_can_32 = {
    .header.cf = LV_IMG_CF_ALPHA_4BIT, .header.always_zero = 0,
    .header.w = 32, .header.h = 32,
    .data_size = sizeof(uk_icon_can_32_map), .data = uk_icon_can_32_map,
};
static const uint8_t uk_icon_obd_32_map[] = {
    0x00,0x00,0x00,0x00,0x00,0x00,0x00,0x00,0x00,0x00,0x00,0x00,0x00,0x00,0x00,0x00,0x00,0x00,0x00,0x00,0x00,0x00,0x00,0x00,
    0x00,0x00,0x00,0x00,0x00,0x00,0x00,0x00,0x00,0x00,0x00,0x00,0x00,0x00,0x00,0x00,0x00,0x00,0x00,0x00,0x00,0x00,0x00,0x00,
    0x00,0x00,0x00,0x00,0x00,0x00,0x00,0x00,0x00,0x00,0x00,0x00,0x00,0x00,0x00,0x00,0x00,0x00,0x00,0x00,0x00,0x00,0x00,0x00,
    0x00,0x00,0x00,0x00,0x00,0x00,0x00,0x00,0x00,0x00,0x00,0x00,0x00,0x00,0x00,0x00,0x00,0x00,0x00,0x00,0x00,0x00,0x00,0x00,
    0x00,0x00,0x00,0x00,0x00,0x00,0x00,0x00,0x00,0x00,0x00,0x00,0x00,0x00,0x00,0x00,0x00,0x00,0x00,0x00,0x00,0x00,0x00,0x00,
    0x00,0x00,0x00,0x00,0x00,0x00,0x00,0x00,0x00,0x00,0x7d,0xdd,0xdd,0xdd,0xdd,0xdd,0xdd,0xdd,0xdd,0xdd,0xdd,0xd6,0x00,0x00,
    0x00,0x00,0xcf,0xff,0xff,0xff,0xff,0xff,0xff,0xff,0xff,0xff,0xff,0xfc,0x00,0x00,0x00,0x00,0xaf,0xe8,0x88,0x88,0x88,0x88,
    0x88,0x88,0x88,0x88,0x8e,0xfa,0x00,0x00,0x00,0x00,0x7f,0xf0,0x00,0x00,0x00,0x00,0x00,0x00,0x00,0x00,0x0f,0xf7,0x00,0x00,
    0x00,0x00,0x4f,0xf3,0x00,0x00,0x00,0x00,0x00,0x00,0x00,0x00,0x3f,0xf4,0x00,0x00,0x00,0x00,0x1f,0xf6,0x01,0x73,0x01,0x73,
    0x01,0x73,0x01,0x73,0x6f,0xf1,0x00,0x00,0x00,0x00,0x0d,0xf9,0x07,0xfc,0x07,0xfc,0x07,0xfc,0x07,0xfc,0x9f,0xd0,0x00,0x00,
    0x00,0x00,0x0a,0xfc,0x03,0xc7,0x03,0xc7,0x03,0xc7,0x03,0xc7,0xcf,0xa0,0x00,0x00,0x00,0x00,0x07,0xff,0x00,0x00,0x00,0x00,
    0x00,0x00,0x00,0x00,0xff,0x70,0x00,0x00,0x00,0x00,0x04,0xff,0x30,0x01,0x73,0x01,0x73,0x01,0x73,0x03,0xff,0x40,0x00,0x00,
    0x00,0x00,0x01,0xff,0x60,0x07,0xfc,0x07,0xfc,0x07,0xfc,0x06,0xff,0x10,0x00,0x00,0x00,0x00,0x00,0xdf,0x90,0x03,0xc7,0x03,
    0xc7,0x03,0xc7,0x09,0xfd,0x00,0x00,0x00,0x00,0x00,0x00,0xaf,0xc0,0x00,0x00,0x00,0x00,0x00,0x00,0x0c,0xfa,0x00,0x00,0x00,
    0x00,0x00,0x00,0x7f,0xf8,0x88,0x88,0x88,0x88,0x88,0x88,0x8f,0xf7,0x00,0x00,0x00,0x00,0x00,0x00,0x4f,0xff,0xff,0xff,0xff,
    0xff,0xff,0xff,0xff,0xf4,0x00,0x00,0x00,0x00,0x00,0x00,0x0b,0xdd,0xdd,0xdd,0xdd,0xdd,0xdd,0xdd,0xdd,0xb0,0x00,0x00,0x00,
    0x00,0x00,0x00,0x00,0x00,0x00,0x00,0x00,0x00,0x00,0x00,0x00,0x00,0x00,0x00,0x00,0x00,0x00,0x00,0x00,0x00,0x00,0x00,0x00,
    0x00,0x00,0x00,0x00,0x00,0x00,0x00,0x00,0x00,0x00,0x00,0x00,0x00,0x00,0x00,0x00,0x00,0x00,0x00,0x00,0x00,0x00,0x00,0x00,
    0x00,0x00,0x00,0x00,0x00,0x00,0x00,0x00,0x00,0x00,0x00,0x00,0x00,0x00,0x00,0x00,0x00,0x00,0x00,0x00,0x00,0x00,0x00,0x00,
    0x00,0x00,0x00,0x00,0x00,0x00,0x00,0x00,0x00,0x00,0x00,0x00,0x00,0x00,0x00,0x00,0x00,0x00,0x00,0x00,0x00,0x00,0x00,0x00,
    0x00,0x00,0x00,0x00,0x00,0x00,0x00,0x00,0x00,0x00,0x00,0x00,0x00,0x00,0x00,0x00,0x00,0x00,0x00,0x00,0x00,0x00,0x00,0x00,
    0x00,0x00,0x00,0x00,0x00,0x00,0x00,0x00,
};
static const lv_img_dsc_t uk_icon_obd_32 = {
    .header.cf = LV_IMG_CF_ALPHA_4BIT, .header.always_zero = 0,
    .header.w = 32, .header.h = 32,
    .data_size = sizeof(uk_icon_obd_32_map), .data = uk_icon_obd_32_map,
};
static const uint8_t uk_icon_wifi_32_map[] = {
    0x00,0x00,0x00,0x00,0x00,0x00,0x00,0x00,0x00,0x00,0x00,0x00,0x00,0x00,0x00,0x00,0x00,0x00,0x00,0x00,0x00,0x00,0x00,0x00,
    0x00,0x00,0x00,0x00,0x00,0x00,0x00,0x00,0x00,0x00,0x00,0x00,0x00,0x00,0x00,0x00,0x00,0x00,0x00,0x00,0x00,0x00,0x00,0x00,
    0x00,0x00,0x00,0x00,0x00,0x00,0x00,0x00,0x00,0x00,0x00,0x00,0x00,0x00,0x00,0x00,0x00,0x00,0x00,0x00,0x00,0x00,0x00,0x00,
    0x00,0x00,0x00,0x00,0x00,0x00,0x00,0x00,0x00,0x00,0x00,0x00,0x00,0x00,0x00,0x12,0x21,0x00,0x00,0x00,0x00,0x00,0x00,0x00,
    0x00,0x00,0x00,0x00,0x01,0x6a,0xdf,0xff,0xff,0xfd,0xa6,0x10,0x00,0x00,0x00,0x00,0x00,0x00,0x00,0x03,0xaf,0xff,0xff,0xff,
    0xff,0xff,0xff,0xfa,0x30,0x00,0x00,0x00,0x00,0x00,0x02,0xbf,0xff,0xfd,0x97,0x54,0x45,0x79,0xdf,0xff,0xfb,0x20,0x00,0x00,
    0x00,0x00,0x7f,0xff,0xe8,0x20,0x00,0x00,0x00,0x00,0x02,0x8e,0xff,0xf7,0x00,0x00,0x00,0x1b,0xff,0xe7,0x10,0x00,0x00,0x00,
    0x00,0x00,0x00,0x01,0x7e,0xff,0xa1,0x00,0x00,0xaf,0xfb,0x20,0x00,0x00,0x00,0x00,0x00,0x00,0x00,0x00,0x02,0xbf,0xfa,0x00,
    0x00,0xaf,0x90,0x00,0x00,0x03,0x7b,0xde,0xed,0xb7,0x30,0x00,0x00,0x09,0xfa,0x00,0x00,0x02,0x00,0x00,0x04,0xcf,0xff,0xff,
    0xff,0xff,0xfb,0x40,0x00,0x00,0x20,0x00,0x00,0x00,0x00,0x01,0x9f,0xff,0xeb,0x87,0x78,0xbe,0xff,0xf9,0x10,0x00,0x00,0x00,
    0x00,0x00,0x00,0x1c,0xff,0xd6,0x10,0x00,0x00,0x01,0x6d,0xff,0xc1,0x00,0x00,0x00,0x00,0x00,0x00,0x6f,0xf9,0x10,0x00,0x00,
    0x00,0x00,0x01,0x9f,0xf6,0x00,0x00,0x00,0x00,0x00,0x00,0x2a,0x60,0x00,0x00,0x00,0x00,0x00,0x00,0x06,0xa2,0x00,0x00,0x00,
    0x00,0x00,0x00,0x00,0x00,0x00,0x05,0x9b,0xb9,0x50,0x00,0x00,0x00,0x00,0x00,0x00,0x00,0x00,0x00,0x00,0x00,0x02,0xcf,0xff,
    0xff,0xfc,0x20,0x00,0x00,0x00,0x00,0x00,0x00,0x00,0x00,0x00,0x00,0x0e,0xff,0xda,0xad,0xff,0xe0,0x00,0x00,0x00,0x00,0x00,
    0x00,0x00,0x00,0x00,0x00,0x0d,0xe6,0x00,0x00,0x6e,0xd0,0x00,0x00,0x00,0x00,0x00,0x00,0x00,0x00,0x00,0x00,0x00,0x10,0x00,
    0x00,0x01,0x00,0x00,0x00,0x00,0x00,0x00,0x00,0x00,0x00,0x00,0x00,0x00,0x00,0x7f,0xf7,0x00,0x00,0x00,0x00,0x00,0x00,0x00,
    0x00,0x00,0x00,0x00,0x00,0x00,0x04,0xff,0xff,0x30,0x00,0x00,0x00,0x00,0x00,0x00,0x00,0x00,0x00,0x00,0x00,0x00,0x06,0xff,
    0xff,0x60,0x00,0x00,0x00,0x00,0x00,0x00,0x00,0x00,0x00,0x00,0x00,0x00,0x02,0xef,0xfe,0x20,0x00,0x00,0x00,0x00,0x00,0x00,
    0x00,0x00,0x00,0x00,0x00,0x00,0x00,0x3a,0xa3,0x00,0x00,0x00,0x00,0x00,0x00,0x00,0x00,0x00,0x00,0x00,0x00,0x00,0x00,0x00,
    0x00,0x00,0x00,0x00,0x00,0x00,0x00,0x00,0x00,0x00,0x00,0x00,0x00,0x00,0x00,0x00,0x00,0x00,0x00,0x00,0x00,0x00,0x00,0x00,
    0x00,0x00,0x00,0x00,0x00,0x00,0x00,0x00,0x00,0x00,0x00,0x00,0x00,0x00,0x00,0x00,0x00,0x00,0x00,0x00,0x00,0x00,0x00,0x00,
    0x00,0x00,0x00,0x00,0x00,0x00,0x00,0x00,
};
static const lv_img_dsc_t uk_icon_wifi_32 = {
    .header.cf = LV_IMG_CF_ALPHA_4BIT, .header.always_zero = 0,
    .header.w = 32, .header.h = 32,
    .data_size = sizeof(uk_icon_wifi_32_map), .data = uk_icon_wifi_32_map,
};
static const uint8_t uk_icon_chart_32_map[] = {
    0x00,0x00,0x00,0x00,0x00,0x00,0x00,0x00,0x00,0x00,0x00,0x00,0x00,0x00,0x00,0x00,0x00,0x00,0x00,0x00,0x00,0x00,0x00,0x00,
    0x00,0x00,0x00,0x00,0x00,0x00,0x00,0x00,0x00,0x00,0x00,0x00,0x00,0x00,0x00,0x00,0x00,0x00,0x00,0x00,0x00,0x00,0x00,0x00,
    0x00,0x00,0x00,0x00,0x00,0x00,0x00,0x00,0x00,0x00,0x00,0x00,0x00,0x00,0x00,0x00,0x00,0x00,0x00,0x00,0x00,0x00,0x00,0x00,
    0x00,0x00,0x00,0x00,0x00,0x00,0x00,0x00,0x00,0x00,0x00,0x00,0x00,0x00,0x00,0x00,0x00,0x00,0x00,0x00,0x00,0x00,0x00,0x00,
    0x00,0x00,0x00,0x00,0x00,0x00,0x00,0x00,0x00,0x00,0x00,0x00,0x02,0x00,0x00,0x00,0x00,0x00,0x00,0x00,0x00,0x00,0x00,0x00,
    0x00,0x00,0x00,0x00,0xbf,0x50,0x00,0x00,0x00,0x00,0x00,0x00,0x00,0x00,0x00,0x00,0x00,0x00,0x00,0x09,0xff,0x60,0x00,0x00,
    0x00,0x00,0x00,0x00,0x00,0x00,0x00,0x00,0x00,0x00,0x00,0x6f,0xfa,0x00,0x00,0x00,0x00,0x00,0x00,0x00,0x00,0x00,0x00,0x00,
    0x00,0x00,0x04,0xff,0xc1,0x00,0x00,0x00,0x00,0x00,0x00,0x00,0x00,0x00,0x00,0x00,0x00,0x00,0x2e,0xfe,0x20,0x00,0x00,0x00,
    0x00,0x00,0x00,0x00,0x00,0x00,0x00,0x00,0x00,0x01,0xcf,0xf4,0x00,0x00,0x00,0x00,0x00,0x00,0x00,0x00,0x00,0x06,0x60,0x00,
    0x00,0x0a,0xff,0x60,0x00,0x00,0x00,0x00,0x00,0x00,0x00,0x00,0x00,0x6f,0xf9,0x00,0x00,0x7f,0xf9,0x00,0x00,0x00,0x00,0x00,
    0x00,0x00,0x00,0x00,0x03,0xff,0xff,0xb1,0x05,0xff,0xb0,0x00,0x00,0x00,0x00,0x00,0x00,0x00,0x00,0x00,0x2e,0xfe,0xaf,0xfd,
    0x5e,0xfd,0x10,0x00,0x00,0x00,0x00,0x00,0x00,0x00,0x00,0x00,0xcf,0xf4,0x08,0xff,0xff,0xe3,0x00,0x00,0x00,0x00,0x00,0x00,
    0x00,0x00,0x00,0x09,0xff,0x70,0x00,0x6f,0xff,0x50,0x00,0x00,0x00,0x00,0x00,0x00,0x00,0x00,0x00,0x6f,0xfa,0x00,0x00,0x04,
    0xc7,0x00,0x00,0x00,0x00,0x00,0x00,0x00,0x00,0x00,0x03,0xff,0xc1,0x00,0x00,0x00,0x00,0x00,0x00,0x00,0x00,0x00,0x00,0x00,
    0x00,0x00,0x07,0xfe,0x20,0x00,0x00,0x00,0x00,0x00,0x00,0x00,0x00,0x00,0x00,0x00,0x00,0x00,0x01,0x73,0x00,0x00,0x00,0x00,
    0x00,0x00,0x00,0x00,0x00,0x00,0x00,0x00,0x00,0x00,0x00,0x00,0x00,0x00,0x00,0x00,0x00,0x00,0x00,0x00,0x00,0x00,0x00,0x00,
    0x00,0x00,0x00,0x00,0x00,0x00,0x00,0x00,0x00,0x00,0x00,0x00,0x00,0x00,0x00,0x00,0x00,0x05,0x88,0x88,0x88,0x88,0x88,0x88,
    0x88,0x88,0x88,0x88,0x88,0x88,0x50,0x00,0x00,0x2f,0xff,0xff,0xff,0xff,0xff,0xff,0xff,0xff,0xff,0xff,0xff,0xff,0xf2,0x00,
    0x00,0x0a,0xdd,0xdd,0xdd,0xdd,0xdd,0xdd,0xdd,0xdd,0xdd,0xdd,0xdd,0xdd,0xa0,0x00,0x00,0x00,0x00,0x00,0x00,0x00,0x00,0x00,
    0x00,0x00,0x00,0x00,0x00,0x00,0x00,0x00,0x00,0x00,0x00,0x00,0x00,0x00,0x00,0x00,0x00,0x00,0x00,0x00,0x00,0x00,0x00,0x00,
    0x00,0x00,0x00,0x00,0x00,0x00,0x00,0x00,0x00,0x00,0x00,0x00,0x00,0x00,0x00,0x00,0x00,0x00,0x00,0x00,0x00,0x00,0x00,0x00,
    0x00,0x00,0x00,0x00,0x00,0x00,0x00,0x00,
};
static const lv_img_dsc_t uk_icon_chart_32 = {
    .header.cf = LV_IMG_CF_ALPHA_4BIT, .header.always_zero = 0,
    .header.w = 32, .header.h = 32,
    .data_size = sizeof(uk_icon_chart_32_map), .data = uk_icon_chart_32_map,
};
static const uint8_t uk_icon_play_32_map[] = {
    0x00,0x00,0x00,0x00,0x00,0x00,0x00,0x00,0x00,0x00,0x00,0x00,0x00,0x00,0x00,0x00,0x00,0x00,0x00,0x00,0x00,0x00,0x00,0x00,
    0x00,0x00,0x00,0x00,0x00,0x00,0x00,0x00,0x00,0x00,0x00,0x00,0x00,0x00,0x00,0x00,0x00,0x00,0x00,0x00,0x00,0x00,0x00,0x00,
    0x00,0x00,0x00,0x00,0x00,0x00,0x00,0x00,0x00,0x00,0x00,0x00,0x00,0x00,0x00,0x00,0x00,0x00,0x00,0x00,0x02,0x00,0x00,0x00,
    0x00,0x00,0x00,0x00,0x00,0x00,0x00,0x00,0x00,0x00,0x00,0x00,0xaf,0xa2,0x00,0x00,0x00,0x00,0x00,0x00,0x00,0x00,0x00,0x00,
    0x00,0x00,0x00,0x00,0xdf,0xfe,0x70,0x00,0x00,0x00,0x00,0x00,0x00,0x00,0x00,0x00,0x00,0x00,0x00,0x00,0xdf,0xff,0xfc,0x30,
    0x00,0x00,0x00,0x00,0x00,0x00,0x00,0x00,0x00,0x00,0x00,0x00,0xdf,0xac,0xff,0xf9,0x10,0x00,0x00,0x00,0x00,0x00,0x00,0x00,
    0x00,0x00,0x00,0x00,0xdf,0x80,0x6e,0xff,0xd5,0x00,0x00,0x00,0x00,0x00,0x00,0x00,0x00,0x00,0x00,0x00,0xdf,0x80,0x01,0xaf,
    0xff,0xa2,0x00,0x00,0x00,0x00,0x00,0x00,0x00,0x00,0x00,0x00,0xdf,0x80,0x00,0x04,0xdf,0xfe,0x70,0x00,0x00,0x00,0x00,0x00,
    0x00,0x00,0x00,0x00,0xdf,0x80,0x00,0x00,0x18,0xff,0xfc,0x30,0x00,0x00,0x00,0x00,0x00,0x00,0x00,0x00,0xdf,0x80,0x00,0x00,
    0x00,0x3c,0xff,0xf9,0x10,0x00,0x00,0x00,0x00,0x00,0x00,0x00,0xdf,0x80,0x00,0x00,0x00,0x00,0x6e,0xff,0xd5,0x00,0x00,0x00,
    0x00,0x00,0x00,0x00,0xdf,0x80,0x00,0x00,0x00,0x00,0x01,0xaf,0xff,0x50,0x00,0x00,0x00,0x00,0x00,0x00,0xdf,0x80,0x00,0x00,
    0x00,0x00,0x01,0xaf,0xff,0x50,0x00,0x00,0x00,0x00,0x00,0x00,0xdf,0x80,0x00,0x00,0x00,0x00,0x6e,0xff,0xd5,0x00,0x00,0x00,
    0x00,0x00,0x00,0x00,0xdf,0x80,0x00,0x00,0x00,0x3c,0xff,0xf9,0x10,0x00,0x00,0x00,0x00,0x00,0x00,0x00,0xdf,0x80,0x00,0x00,
    0x18,0xff,0xfc,0x30,0x00,0x00,0x00,0x00,0x00,0x00,0x00,0x00,0xdf,0x80,0x00,0x04,0xdf,0xfe,0x70,0x00,0x00,0x00,0x00,0x00,
    0x00,0x00,0x00,0x00,0xdf,0x80,0x01,0xaf,0xff,0xa2,0x00,0x00,0x00,0x00,0x00,0x00,0x00,0x00,0x00,0x00,0xdf,0x80,0x6e,0xff,
    0xd5,0x00,0x00,0x00,0x00,0x00,0x00,0x00,0x00,0x00,0x00,0x00,0xdf,0xac,0xff,0xf9,0x10,0x00,0x00,0x00,0x00,0x00,0x00,0x00,
    0x00,0x00,0x00,0x00,0xdf,0xff,0xfc,0x30,0x00,0x00,0x00,0x00,0x00,0x00,0x00,0x00,0x00,0x00,0x00,0x00,0xdf,0xfe,0x70,0x00,
    0x00,0x00,0x00,0x00,0x00,0x00,0x00,0x00,0x00,0x00,0x00,0x00,0xaf,0xa2,0x00,0x00,0x00,0x00,0x00,0x00,0x00,0x00,0x00,0x00,
    0x00,0x00,0x00,0x00,0x02,0x00,0x00,0x00,0x00,0x00,0x00,0x00,0x00,0x00,0x00,0x00,0x00,0x00,0x00,0x00,0x00,0x00,0x00,0x00,
    0x00,0x00,0x00,0x00,0x00,0x00,0x00,0x00,0x00,0x00,0x00,0x00,0x00,0x00,0x00,0x00,0x00,0x00,0x00,0x00,0x00,0x00,0x00,0x00,
    0x00,0x00,0x00,0x00,0x00,0x00,0x00,0x00,0x00,0x00,0x00,0x00,0x00,0x00,0x00,0x00,0x00,0x00,0x00,0x00,0x00,0x00,0x00,0x00,
    0x00,0x00,0x00,0x00,0x00,0x00,0x00,0x00,
};
static const lv_img_dsc_t uk_icon_play_32 = {
    .header.cf = LV_IMG_CF_ALPHA_4BIT, .header.always_zero = 0,
    .header.w = 32, .header.h = 32,
    .data_size = sizeof(uk_icon_play_32_map), .data = uk_icon_play_32_map,
};
static const uint8_t uk_icon_info_32_map[] = {
    0x00,0x00,0x00,0x00,0x00,0x00,0x00,0x00,0x00,0x00,0x00,0x00,0x00,0x00,0x00,0x00,0x00,0x00,0x00,0x00,0x00,0x00,0x00,0x00,
    0x00,0x00,0x00,0x00,0x00,0x00,0x00,0x00,0x00,0x00,0x00,0x00,0x00,0x00,0x00,0x12,0x21,0x00,0x00,0x00,0x00,0x00,0x00,0x00,
    0x00,0x00,0x00,0x00,0x00,0x16,0xbe,0xff,0xff,0xeb,0x61,0x00,0x00,0x00,0x00,0x00,0x00,0x00,0x00,0x00,0x07,0xef,0xff,0xff,
    0xff,0xff,0xfe,0x70,0x00,0x00,0x00,0x00,0x00,0x00,0x00,0x02,0xcf,0xff,0xc7,0x53,0x35,0x7c,0xff,0xfc,0x20,0x00,0x00,0x00,
    0x00,0x00,0x00,0x3e,0xff,0xb3,0x00,0x00,0x00,0x00,0x3b,0xff,0xe3,0x00,0x00,0x00,0x00,0x00,0x02,0xef,0xf6,0x00,0x00,0x00,
    0x00,0x00,0x00,0x6f,0xfe,0x20,0x00,0x00,0x00,0x00,0x0c,0xff,0x40,0x00,0x00,0x01,0x10,0x00,0x00,0x04,0xff,0xc0,0x00,0x00,
    0x00,0x00,0x7f,0xf6,0x00,0x00,0x00,0x1e,0xe1,0x00,0x00,0x00,0x6f,0xf7,0x00,0x00,0x00,0x01,0xef,0xb0,0x00,0x00,0x00,0x1e,
    0xe1,0x00,0x00,0x00,0x0b,0xfe,0x10,0x00,0x00,0x06,0xff,0x30,0x00,0x00,0x00,0x01,0x10,0x00,0x00,0x00,0x03,0xff,0x60,0x00,
    0x00,0x0b,0xfc,0x00,0x00,0x00,0x00,0x00,0x00,0x00,0x00,0x00,0x00,0xcf,0xb0,0x00,0x00,0x0e,0xf8,0x00,0x00,0x00,0x00,0x05,
    0x50,0x00,0x00,0x00,0x00,0x8f,0xe0,0x00,0x00,0x2f,0xf5,0x00,0x00,0x00,0x00,0x2f,0xf2,0x00,0x00,0x00,0x00,0x5f,0xf2,0x00,
    0x00,0x3f,0xf3,0x00,0x00,0x00,0x00,0x3f,0xf3,0x00,0x00,0x00,0x00,0x3f,0xf3,0x00,0x00,0x3f,0xf3,0x00,0x00,0x00,0x00,0x3f,
    0xf3,0x00,0x00,0x00,0x00,0x3f,0xf3,0x00,0x00,0x2f,0xf5,0x00,0x00,0x00,0x00,0x3f,0xf3,0x00,0x00,0x00,0x00,0x5f,0xf2,0x00,
    0x00,0x0e,0xf8,0x00,0x00,0x00,0x00,0x3f,0xf3,0x00,0x00,0x00,0x00,0x8f,0xe0,0x00,0x00,0x0b,0xfc,0x00,0x00,0x00,0x00,0x3f,
    0xf3,0x00,0x00,0x00,0x00,0xcf,0xb0,0x00,0x00,0x06,0xff,0x30,0x00,0x00,0x00,0x3f,0xf3,0x00,0x00,0x00,0x03,0xff,0x60,0x00,
    0x00,0x01,0xef,0xb0,0x00,0x00,0x00,0x3f,0xf3,0x00,0x00,0x00,0x0b,0xfe,0x10,0x00,0x00,0x00,0x7f,0xf6,0x00,0x00,0x00,0x3f,
    0xf3,0x00,0x00,0x00,0x6f,0xf7,0x00,0x00,0x00,0x00,0x0c,0xff,0x40,0x00,0x00,0x0a,0xa0,0x00,0x00,0x04,0xff,0xc0,0x00,0x00,
    0x00,0x00,0x02,0xef,0xf6,0x00,0x00,0x00,0x00,0x00,0x00,0x6f,0xfe,0x20,0x00,0x00,0x00,0x00,0x00,0x3e,0xff,0xb3,0x00,0x00,
    0x00,0x00,0x3b,0xff,0xe3,0x00,0x00,0x00,0x00,0x00,0x00,0x02,0xcf,0xff,0xc8,0x53,0x35,0x8c,0xff,0xfc,0x20,0x00,0x00,0x00,
    0x00,0x00,0x00,0x00,0x07,0xef,0xff,0xff,0xff,0xff,0xfe,0x70,0x00,0x00,0x00,0x00,0x00,0x00,0x00,0x00,0x00,0x16,0xbe,0xff,
    0xff,0xeb,0x61,0x00,0x00,0x00,0x00,0x00,0x00,0x00,0x00,0x00,0x00,0x00,0x00,0x23,0x32,0x00,0x00,0x00,0x00,0x00,0x00,0x00,
    0x00,0x00,0x00,0x00,0x00,0x00,0x00,0x00,0x00,0x00,0x00,0x00,0x00,0x00,0x00,0x00,0x00,0x00,0x00,0x00,0x00,0x00,0x00,0x00,
    0x00,0x00,0x00,0x00,0x00,0x00,0x00,0x00,
};
static const lv_img_dsc_t uk_icon_info_32 = {
    .header.cf = LV_IMG_CF_ALPHA_4BIT, .header.always_zero = 0,
    .header.w = 32, .header.h = 32,
    .data_size = sizeof(uk_icon_info_32_map), .data = uk_icon_info_32_map,
};
static const uint8_t uk_icon_left_32_map[] = {
    0x00,0x00,0x00,0x00,0x00,0x00,0x00,0x00,0x00,0x00,0x00,0x00,0x00,0x00,0x00,0x00,0x00,0x00,0x00,0x00,0x00,0x00,0x00,0x00,
    0x00,0x00,0x00,0x00,0x00,0x00,0x00,0x00,0x00,0x00,0x00,0x00,0x00,0x00,0x00,0x00,0x00,0x00,0x00,0x00,0x00,0x00,0x00,0x00,
    0x00,0x00,0x00,0x00,0x00,0x00,0x00,0x00,0x00,0x00,0x00,0x00,0x00,0x00,0x00,0x00,0x00,0x00,0x00,0x00,0x00,0x00,0x00,0x00,
    0x00,0x00,0x00,0x00,0x00,0x00,0x00,0x00,0x00,0x00,0x00,0x00,0x00,0x00,0x00,0x00,0x00,0x05,0x50,0x00,0x00,0x00,0x00,0x00,
    0x00,0x00,0x00,0x00,0x00,0x00,0x00,0x00,0x00,0x8f,0xf2,0x00,0x00,0x00,0x00,0x00,0x00,0x00,0x00,0x00,0x00,0x00,0x00,0x00,
    0x08,0xff,0xc0,0x00,0x00,0x00,0x00,0x00,0x00,0x00,0x00,0x00,0x00,0x00,0x00,0x00,0x8f,0xfc,0x10,0x00,0x00,0x00,0x00,0x00,
    0x00,0x00,0x00,0x00,0x00,0x00,0x00,0x08,0xff,0xc1,0x00,0x00,0x00,0x00,0x00,0x00,0x00,0x00,0x00,0x00,0x00,0x00,0x00,0x8f,
    0xfc,0x10,0x00,0x00,0x00,0x00,0x00,0x00,0x00,0x00,0x00,0x00,0x00,0x00,0x08,0xff,0xc1,0x00,0x00,0x00,0x00,0x00,0x00,0x00,
    0x00,0x00,0x00,0x00,0x00,0x00,0x8f,0xfc,0x10,0x00,0x00,0x00,0x00,0x00,0x00,0x00,0x00,0x00,0x00,0x00,0x00,0x08,0xff,0xc1,
    0x00,0x00,0x00,0x00,0x00,0x00,0x00,0x00,0x00,0x00,0x00,0x00,0x00,0x8f,0xfc,0x10,0x00,0x00,0x00,0x00,0x00,0x00,0x00,0x00,
    0x00,0x00,0x00,0x00,0x05,0xff,0xc1,0x00,0x00,0x00,0x00,0x00,0x00,0x00,0x00,0x00,0x00,0x00,0x00,0x00,0x05,0xff,0xc1,0x00,
    0x00,0x00,0x00,0x00,0x00,0x00,0x00,0x00,0x00,0x00,0x00,0x00,0x00,0x8f,0xfc,0x10,0x00,0x00,0x00,0x00,0x00,0x00,0x00,0x00,
    0x00,0x00,0x00,0x00,0x00,0x08,0xff,0xc1,0x00,0x00,0x00,0x00,0x00,0x00,0x00,0x00,0x00,0x00,0x00,0x00,0x00,0x00,0x8f,0xfc,
    0x10,0x00,0x00,0x00,0x00,0x00,0x00,0x00,0x00,0x00,0x00,0x00,0x00,0x00,0x08,0xff,0xc1,0x00,0x00,0x00,0x00,0x00,0x00,0x00,
    0x00,0x00,0x00,0x00,0x00,0x00,0x00,0x8f,0xfc,0x10,0x00,0x00,0x00,0x00,0x00,0x00,0x00,0x00,0x00,0x00,0x00,0x00,0x00,0x08,
    0xff,0xc1,0x00,0x00,0x00,0x00,0x00,0x00,0x00,0x00,0x00,0x00,0x00,0x00,0x00,0x00,0x8f,0xfc,0x10,0x00,0x00,0x00,0x00,0x00,
    0x00,0x00,0x00,0x00,0x00,0x00,0x00,0x00,0x08,0xff,0xc0,0x00,0x00,0x00,0x00,0x00,0x00,0x00,0x00,0x00,0x00,0x00,0x00,0x00,
    0x00,0x8f,0xf2,0x00,0x00,0x00,0x00,0x00,0x00,0x00,0x00,0x00,0x00,0x00,0x00,0x00,0x00,0x06,0x60,0x00,0x00,0x00,0x00,0x00,
    0x00,0x00,0x00,0x00,0x00,0x00,0x00,0x00,0x00,0x00,0x00,0x00,0x00,0x00,0x00,0x00,0x00,0x00,0x00,0x00,0x00,0x00,0x00,0x00,
    0x00,0x00,0x00,0x00,0x00,0x00,0x00,0x00,0x00,0x00,0x00,0x00,0x00,0x00,0x00,0x00,0x00,0x00,0x00,0x00,0x00,0x00,0x00,0x00,
    0x00,0x00,0x00,0x00,0x00,0x00,0x00,0x00,0x00,0x00,0x00,0x00,0x00,0x00,0x00,0x00,0x00,0x00,0x00,0x00,0x00,0x00,0x00,0x00,
    0x00,0x00,0x00,0x00,0x00,0x00,0x00,0x00,
};
static const lv_img_dsc_t uk_icon_left_32 = {
    .header.cf = LV_IMG_CF_ALPHA_4BIT, .header.always_zero = 0,
    .header.w = 32, .header.h = 32,
    .data_size = sizeof(uk_icon_left_32_map), .data = uk_icon_left_32_map,
};
static const uint8_t uk_icon_right_32_map[] = {
    0x00,0x00,0x00,0x00,0x00,0x00,0x00,0x00,0x00,0x00,0x00,0x00,0x00,0x00,0x00,0x00,0x00,0x00,0x00,0x00,0x00,0x00,0x00,0x00,
    0x00,0x00,0x00,0x00,0x00,0x00,0x00,0x00,0x00,0x00,0x00,0x00,0x00,0x00,0x00,0x00,0x00,0x00,0x00,0x00,0x00,0x00,0x00,0x00,
    0x00,0x00,0x00,0x00,0x00,0x00,0x00,0x00,0x00,0x00,0x00,0x00,0x00,0x00,0x00,0x00,0x00,0x00,0x00,0x00,0x00,0x00,0x00,0x00,
    0x00,0x00,0x00,0x00,0x00,0x00,0x00,0x00,0x00,0x00,0x00,0x00,0x00,0x05,0x50,0x00,0x00,0x00,0x00,0x00,0x00,0x00,0x00,0x00,
    0x00,0x00,0x00,0x00,0x00,0x2f,0xf8,0x00,0x00,0x00,0x00,0x00,0x00,0x00,0x00,0x00,0x00,0x00,0x00,0x00,0x00,0x0c,0xff,0x80,
    0x00,0x00,0x00,0x00,0x00,0x00,0x00,0x00,0x00,0x00,0x00,0x00,0x00,0x01,0xcf,0xf8,0x00,0x00,0x00,0x00,0x00,0x00,0x00,0x00,
    0x00,0x00,0x00,0x00,0x00,0x00,0x1c,0xff,0x80,0x00,0x00,0x00,0x00,0x00,0x00,0x00,0x00,0x00,0x00,0x00,0x00,0x00,0x01,0xcf,
    0xf8,0x00,0x00,0x00,0x00,0x00,0x00,0x00,0x00,0x00,0x00,0x00,0x00,0x00,0x00,0x1c,0xff,0x80,0x00,0x00,0x00,0x00,0x00,0x00,
    0x00,0x00,0x00,0x00,0x00,0x00,0x00,0x01,0xcf,0xf8,0x00,0x00,0x00,0x00,0x00,0x00,0x00,0x00,0x00,0x00,0x00,0x00,0x00,0x00,
    0x1c,0xff,0x80,0x00,0x00,0x00,0x00,0x00,0x00,0x00,0x00,0x00,0x00,0x00,0x00,0x00,0x01,0xcf,0xf8,0x00,0x00,0x00,0x00,0x00,
    0x00,0x00,0x00,0x00,0x00,0x00,0x00,0x00,0x00,0x1c,0xff,0x50,0x00,0x00,0x00,0x00,0x00,0x00,0x00,0x00,0x00,0x00,0x00,0x00,
    0x00,0x1c,0xff,0x50,0x00,0x00,0x00,0x00,0x00,0x00,0x00,0x00,0x00,0x00,0x00,0x00,0x01,0xcf,0xf8,0x00,0x00,0x00,0x00,0x00,
    0x00,0x00,0x00,0x00,0x00,0x00,0x00,0x00,0x1c,0xff,0x80,0x00,0x00,0x00,0x00,0x00,0x00,0x00,0x00,0x00,0x00,0x00,0x00,0x01,
    0xcf,0xf8,0x00,0x00,0x00,0x00,0x00,0x00,0x00,0x00,0x00,0x00,0x00,0x00,0x00,0x1c,0xff,0x80,0x00,0x00,0x00,0x00,0x00,0x00,
    0x00,0x00,0x00,0x00,0x00,0x00,0x01,0xcf,0xf8,0x00,0x00,0x00,0x00,0x00,0x00,0x00,0x00,0x00,0x00,0x00,0x00,0x00,0x1c,0xff,
    0x80,0x00,0x00,0x00,0x00,0x00,0x00,0x00,0x00,0x00,0x00,0x00,0x00,0x01,0xcf,0xf8,0x00,0x00,0x00,0x00,0x00,0x00,0x00,0x00,
    0x00,0x00,0x00,0x00,0x00,0x0c,0xff,0x80,0x00,0x00,0x00,0x00,0x00,0x00,0x00,0x00,0x00,0x00,0x00,0x00,0x00,0x2f,0xf8,0x00,
    0x00,0x00,0x00,0x00,0x00,0x00,0x00,0x00,0x00,0x00,0x00,0x00,0x00,0x06,0x60,0x00,0x00,0x00,0x00,0x00,0x00,0x00,0x00,0x00,
    0x00,0x00,0x00,0x00,0x00,0x00,0x00,0x00,0x00,0x00,0x00,0x00,0x00,0x00,0x00,0x00,0x00,0x00,0x00,0x00,0x00,0x00,0x00,0x00,
    0x00,0x00,0x00,0x00,0x00,0x00,0x00,0x00,0x00,0x00,0x00,0x00,0x00,0x00,0x00,0x00,0x00,0x00,0x00,0x00,0x00,0x00,0x00,0x00,
    0x00,0x00,0x00,0x00,0x00,0x00,0x00,0x00,0x00,0x00,0x00,0x00,0x00,0x00,0x00,0x00,0x00,0x00,0x00,0x00,0x00,0x00,0x00,0x00,
    0x00,0x00,0x00,0x00,0x00,0x00,0x00,0x00,
};
static const lv_img_dsc_t uk_icon_right_32 = {
    .header.cf = LV_IMG_CF_ALPHA_4BIT, .header.always_zero = 0,
    .header.w = 32, .header.h = 32,
    .data_size = sizeof(uk_icon_right_32_map), .data = uk_icon_right_32_map,
};
static const uint8_t uk_icon_close_32_map[] = {
    0x00,0x00,0x00,0x00,0x00,0x00,0x00,0x00,0x00,0x00,0x00,0x00,0x00,0x00,0x00,0x00,0x00,0x00,0x00,0x00,0x00,0x00,0x00,0x00,
    0x00,0x00,0x00,0x00,0x00,0x00,0x00,0x00,0x00,0x00,0x00,0x00,0x00,0x00,0x00,0x00,0x00,0x00,0x00,0x00,0x00,0x00,0x00,0x00,
    0x00,0x00,0x00,0x00,0x00,0x00,0x00,0x00,0x00,0x00,0x00,0x00,0x00,0x00,0x00,0x00,0x00,0x00,0x00,0x00,0x00,0x00,0x00,0x00,
    0x00,0x00,0x00,0x00,0x00,0x00,0x00,0x00,0x00,0x00,0x00,0x00,0x00,0x00,0x00,0x00,0x00,0x00,0x00,0x00,0x00,0x00,0x00,0x00,
    0x00,0x00,0x00,0x01,0x10,0x00,0x00,0x00,0x00,0x00,0x00,0x01,0x10,0x00,0x00,0x00,0x00,0x00,0x00,0x1e,0xe4,0x00,0x00,0x00,
    0x00,0x00,0x00,0x4e,0xe1,0x00,0x00,0x00,0x00,0x00,0x00,0x1e,0xfe,0x40,0x00,0x00,0x00,0x00,0x04,0xef,0xe1,0x00,0x00,0x00,
    0x00,0x00,0x00,0x04,0xef,0xe4,0x00,0x00,0x00,0x00,0x4e,0xfe,0x40,0x00,0x00,0x00,0x00,0x00,0x00,0x00,0x4e,0xfe,0x40,0x00,
    0x00,0x04,0xef,0xe4,0x00,0x00,0x00,0x00,0x00,0x00,0x00,0x00,0x04,0xef,0xe4,0x00,0x00,0x4e,0xfe,0x40,0x00,0x00,0x00,0x00,
    0x00,0x00,0x00,0x00,0x00,0x4e,0xfe,0x40,0x04,0xef,0xe4,0x00,0x00,0x00,0x00,0x00,0x00,0x00,0x00,0x00,0x00,0x04,0xef,0xe4,
    0x4e,0xfe,0x40,0x00,0x00,0x00,0x00,0x00,0x00,0x00,0x00,0x00,0x00,0x00,0x4e,0xfe,0xef,0xe4,0x00,0x00,0x00,0x00,0x00,0x00,
    0x00,0x00,0x00,0x00,0x00,0x00,0x04,0xef,0xfe,0x40,0x00,0x00,0x00,0x00,0x00,0x00,0x00,0x00,0x00,0x00,0x00,0x00,0x04,0xef,
    0xfe,0x40,0x00,0x00,0x00,0x00,0x00,0x00,0x00,0x00,0x00,0x00,0x00,0x00,0x4e,0xfe,0xef,0xe4,0x00,0x00,0x00,0x00,0x00,0x00,
    0x00,0x00,0x00,0x00,0x00,0x04,0xef,0xe4,0x4e,0xfe,0x40,0x00,0x00,0x00,0x00,0x00,0x00,0x00,0x00,0x00,0x00,0x4e,0xfe,0x40,
    0x04,0xef,0xe4,0x00,0x00,0x00,0x00,0x00,0x00,0x00,0x00,0x00,0x04,0xef,0xe4,0x00,0x00,0x4e,0xfe,0x40,0x00,0x00,0x00,0x00,
    0x00,0x00,0x00,0x00,0x4e,0xfe,0x40,0x00,0x00,0x04,0xef,0xe4,0x00,0x00,0x00,0x00,0x00,0x00,0x00,0x04,0xef,0xe4,0x00,0x00,
    0x00,0x00,0x4e,0xfe,0x40,0x00,0x00,0x00,0x00,0x00,0x00,0x1e,0xfe,0x40,0x00,0x00,0x00,0x00,0x04,0xef,0xe1,0x00,0x00,0x00,
    0x00,0x00,0x00,0x1e,0xe4,0x00,0x00,0x00,0x00,0x00,0x00,0x4e,0xe1,0x00,0x00,0x00,0x00,0x00,0x00,0x01,0x10,0x00,0x00,0x00,
    0x00,0x00,0x00,0x01,0x10,0x00,0x00,0x00,0x00,0x00,0x00,0x00,0x00,0x00,0x00,0x00,0x00,0x00,0x00,0x00,0x00,0x00,0x00,0x00,
    0x00,0x00,0x00,0x00,0x00,0x00,0x00,0x00,0x00,0x00,0x00,0x00,0x00,0x00,0x00,0x00,0x00,0x00,0x00,0x00,0x00,0x00,0x00,0x00,
    0x00,0x00,0x00,0x00,0x00,0x00,0x00,0x00,0x00,0x00,0x00,0x00,0x00,0x00,0x00,0x00,0x00,0x00,0x00,0x00,0x00,0x00,0x00,0x00,
    0x00,0x00,0x00,0x00,0x00,0x00,0x00,0x00,0x00,0x00,0x00,0x00,0x00,0x00,0x00,0x00,0x00,0x00,0x00,0x00,0x00,0x00,0x00,0x00,
    0x00,0x00,0x00,0x00,0x00,0x00,0x00,0x00,
};
static const lv_img_dsc_t uk_icon_close_32 = {
    .header.cf = LV_IMG_CF_ALPHA_4BIT, .header.always_zero = 0,
    .header.w = 32, .header.h = 32,
    .data_size = sizeof(uk_icon_close_32_map), .data = uk_icon_close_32_map,
};
static const uint8_t uk_icon_check_32_map[] = {
    0x00,0x00,0x00,0x00,0x00,0x00,0x00,0x00,0x00,0x00,0x00,0x00,0x00,0x00,0x00,0x00,0x00,0x00,0x00,0x00,0x00,0x00,0x00,0x00,
    0x00,0x00,0x00,0x00,0x00,0x00,0x00,0x00,0x00,0x00,0x00,0x00,0x00,0x00,0x00,0x00,0x00,0x00,0x00,0x00,0x00,0x00,0x00,0x00,
    0x00,0x00,0x00,0x00,0x00,0x00,0x00,0x00,0x00,0x00,0x00,0x00,0x00,0x00,0x00,0x00,0x00,0x00,0x00,0x00,0x00,0x00,0x00,0x00,
    0x00,0x00,0x00,0x00,0x00,0x00,0x00,0x00,0x00,0x00,0x00,0x00,0x00,0x00,0x00,0x00,0x00,0x00,0x00,0x00,0x00,0x00,0x00,0x00,
    0x00,0x00,0x00,0x00,0x00,0x00,0x00,0x00,0x00,0x00,0x00,0x00,0x00,0x00,0x00,0x00,0x00,0x00,0x00,0x00,0x00,0x00,0x00,0x00,
    0x00,0x00,0x00,0x00,0x05,0x50,0x00,0x00,0x00,0x00,0x00,0x00,0x00,0x00,0x00,0x00,0x00,0x00,0x00,0x00,0x7f,0xf2,0x00,0x00,
    0x00,0x00,0x00,0x00,0x00,0x00,0x00,0x00,0x00,0x00,0x00,0x06,0xff,0xc0,0x00,0x00,0x00,0x00,0x00,0x00,0x00,0x00,0x00,0x00,
    0x00,0x00,0x00,0x4f,0xfd,0x10,0x00,0x00,0x00,0x00,0x00,0x00,0x00,0x00,0x00,0x00,0x00,0x00,0x03,0xef,0xe2,0x00,0x00,0x00,
    0x00,0x00,0x00,0x00,0x00,0x00,0x00,0x00,0x00,0x00,0x2e,0xfe,0x30,0x00,0x00,0x00,0x00,0x00,0x00,0x00,0x00,0x00,0x00,0x00,
    0x00,0x02,0xdf,0xf4,0x00,0x00,0x00,0x00,0x00,0x00,0x00,0x00,0x00,0x00,0x00,0x00,0x00,0x1d,0xff,0x50,0x00,0x00,0x00,0x00,
    0x00,0x00,0x05,0x50,0x00,0x00,0x00,0x00,0x01,0xcf,0xf6,0x00,0x00,0x00,0x00,0x00,0x00,0x00,0x2f,0xf8,0x00,0x00,0x00,0x00,
    0x0b,0xff,0x70,0x00,0x00,0x00,0x00,0x00,0x00,0x00,0x0c,0xff,0x80,0x00,0x00,0x00,0xaf,0xf9,0x00,0x00,0x00,0x00,0x00,0x00,
    0x00,0x00,0x01,0xcf,0xf8,0x00,0x00,0x08,0xff,0xa0,0x00,0x00,0x00,0x00,0x00,0x00,0x00,0x00,0x00,0x1c,0xff,0x80,0x00,0x7f,
    0xfb,0x00,0x00,0x00,0x00,0x00,0x00,0x00,0x00,0x00,0x00,0x01,0xcf,0xf8,0x06,0xff,0xc1,0x00,0x00,0x00,0x00,0x00,0x00,0x00,
    0x00,0x00,0x00,0x00,0x1c,0xff,0xaf,0xfd,0x10,0x00,0x00,0x00,0x00,0x00,0x00,0x00,0x00,0x00,0x00,0x00,0x01,0xcf,0xff,0xe2,
    0x00,0x00,0x00,0x00,0x00,0x00,0x00,0x00,0x00,0x00,0x00,0x00,0x00,0x1c,0xfe,0x30,0x00,0x00,0x00,0x00,0x00,0x00,0x00,0x00,
    0x00,0x00,0x00,0x00,0x00,0x01,0x73,0x00,0x00,0x00,0x00,0x00,0x00,0x00,0x00,0x00,0x00,0x00,0x00,0x00,0x00,0x00,0x00,0x00,
    0x00,0x00,0x00,0x00,0x00,0x00,0x00,0x00,0x00,0x00,0x00,0x00,0x00,0x00,0x00,0x00,0x00,0x00,0x00,0x00,0x00,0x00,0x00,0x00,
    0x00,0x00,0x00,0x00,0x00,0x00,0x00,0x00,0x00,0x00,0x00,0x00,0x00,0x00,0x00,0x00,0x00,0x00,0x00,0x00,0x00,0x00,0x00,0x00,
    0x00,0x00,0x00,0x00,0x00,0x00,0x00,0x00,0x00,0x00,0x00,0x00,0x00,0x00,0x00,0x00,0x00,0x00,0x00,0x00,0x00,0x00,0x00,0x00,
    0x00,0x00,0x00,0x00,0x00,0x00,0x00,0x00,0x00,0x00,0x00,0x00,0x00,0x00,0x00,0x00,0x00,0x00,0x00,0x00,0x00,0x00,0x00,0x00,
    0x00,0x00,0x00,0x00,0x00,0x00,0x00,0x00,
};
static const lv_img_dsc_t uk_icon_check_32 = {
    .header.cf = LV_IMG_CF_ALPHA_4BIT, .header.always_zero = 0,
    .header.w = 32, .header.h = 32,
    .data_size = sizeof(uk_icon_check_32_map), .data = uk_icon_check_32_map,
};
static const uint8_t uk_icon_image_32_map[] = {
    0x00,0x00,0x00,0x00,0x00,0x00,0x00,0x00,0x00,0x00,0x00,0x00,0x00,0x00,0x00,0x00,0x00,0x00,0x00,0x00,0x00,0x00,0x00,0x00,
    0x00,0x00,0x00,0x00,0x00,0x00,0x00,0x00,0x00,0x00,0x00,0x00,0x00,0x00,0x00,0x00,0x00,0x00,0x00,0x00,0x00,0x00,0x00,0x00,
    0x00,0x00,0x00,0x00,0x00,0x00,0x00,0x00,0x00,0x00,0x00,0x00,0x00,0x00,0x00,0x00,0x00,0x00,0x01,0x33,0x33,0x33,0x33,0x33,
    0x33,0x33,0x33,0x33,0x33,0x10,0x00,0x00,0x00,0x00,0x8e,0xff,0xff,0xff,0xff,0xff,0xff,0xff,0xff,0xff,0xff,0xe8,0x00,0x00,
    0x00,0x08,0xff,0xff,0xff,0xff,0xff,0xff,0xff,0xff,0xff,0xff,0xff,0xff,0x70,0x00,0x00,0x1f,0xfb,0x33,0x33,0x33,0x33,0x33,
    0x33,0x33,0x33,0x33,0x33,0xbf,0xe1,0x00,0x00,0x3f,0xf4,0x00,0x00,0x00,0x00,0x00,0x00,0x00,0x00,0x00,0x00,0x4f,0xf3,0x00,
    0x00,0x3f,0xf3,0x00,0x06,0xce,0xb3,0x00,0x00,0x00,0x00,0x00,0x00,0x3f,0xf3,0x00,0x00,0x3f,0xf3,0x00,0x8f,0xff,0xff,0x30,
    0x00,0x00,0x00,0x00,0x00,0x3f,0xf3,0x00,0x00,0x3f,0xf3,0x01,0xff,0xc8,0xef,0xb0,0x00,0x00,0x00,0x00,0x00,0x3f,0xf3,0x00,
    0x00,0x3f,0xf3,0x04,0xff,0x30,0x8f,0xe0,0x00,0x00,0x00,0x00,0x00,0x3f,0xf3,0x00,0x00,0x3f,0xf3,0x02,0xff,0x93,0xcf,0xc0,
    0x00,0x00,0x00,0x00,0x00,0x3f,0xf3,0x00,0x00,0x3f,0xf3,0x00,0xbf,0xff,0xff,0x60,0x00,0x00,0x00,0x00,0x00,0x3f,0xf3,0x00,
    0x00,0x3f,0xf3,0x00,0x1b,0xff,0xfa,0x00,0x00,0x00,0x00,0x00,0x00,0x3f,0xf3,0x00,0x00,0x3f,0xf3,0x00,0x00,0x3e,0xfe,0x40,
    0x00,0x00,0x00,0x00,0x00,0x3f,0xf3,0x00,0x00,0x3f,0xf3,0x00,0x01,0xcf,0xff,0xe4,0x00,0x00,0x37,0x10,0x00,0x3f,0xf3,0x00,
    0x00,0x3f,0xf3,0x00,0x1c,0xff,0x9e,0xfe,0x40,0x04,0xef,0xc1,0x00,0x3f,0xf3,0x00,0x00,0x3f,0xf3,0x01,0xcf,0xf8,0x04,0xef,
    0xe4,0x4e,0xff,0xfc,0x10,0x3f,0xf3,0x00,0x00,0x3f,0xf3,0x1c,0xff,0x80,0x00,0x4e,0xfe,0xef,0xe9,0xff,0xc1,0x3f,0xf3,0x00,
    0x00,0x3f,0xf4,0xcf,0xf8,0x00,0x00,0x04,0xef,0xfe,0x40,0x8f,0xfc,0x4f,0xf3,0x00,0x00,0x3f,0xfe,0xff,0x80,0x00,0x00,0x00,
    0x4e,0xe4,0x00,0x08,0xff,0xef,0xf3,0x00,0x00,0x3f,0xff,0xf8,0x00,0x00,0x00,0x00,0x01,0x10,0x00,0x00,0x8f,0xff,0xf3,0x00,
    0x00,0x1f,0xff,0xb3,0x33,0x33,0x33,0x33,0x33,0x33,0x33,0x33,0x3a,0xff,0xf1,0x00,0x00,0x08,0xff,0xff,0xff,0xff,0xff,0xff,
    0xff,0xff,0xff,0xff,0xff,0xff,0x80,0x00,0x00,0x00,0x7e,0xff,0xff,0xff,0xff,0xff,0xff,0xff,0xff,0xff,0xff,0xe7,0x00,0x00,
    0x00,0x00,0x01,0x33,0x33,0x33,0x33,0x33,0x33,0x33,0x33,0x33,0x33,0x10,0x00,0x00,0x00,0x00,0x00,0x00,0x00,0x00,0x00,0x00,
    0x00,0x00,0x00,0x00,0x00,0x00,0x00,0x00,0x00,0x00,0x00,0x00,0x00,0x00,0x00,0x00,0x00,0x00,0x00,0x00,0x00,0x00,0x00,0x00,
    0x00,0x00,0x00,0x00,0x00,0x00,0x00,0x00,0x00,0x00,0x00,0x00,0x00,0x00,0x00,0x00,0x00,0x00,0x00,0x00,0x00,0x00,0x00,0x00,
    0x00,0x00,0x00,0x00,0x00,0x00,0x00,0x00,
};
static const lv_img_dsc_t uk_icon_image_32 = {
    .header.cf = LV_IMG_CF_ALPHA_4BIT, .header.always_zero = 0,
    .header.w = 32, .header.h = 32,
    .data_size = sizeof(uk_icon_image_32_map), .data = uk_icon_image_32_map,
};
static const uint8_t uk_icon_gauge_32_map[] = {
    0x00,0x00,0x00,0x00,0x00,0x00,0x00,0x00,0x00,0x00,0x00,0x00,0x00,0x00,0x00,0x00,0x00,0x00,0x00,0x00,0x00,0x00,0x00,0x00,
    0x00,0x00,0x00,0x00,0x00,0x00,0x00,0x00,0x00,0x00,0x00,0x00,0x00,0x00,0x00,0x00,0x00,0x00,0x00,0x00,0x00,0x00,0x00,0x00,
    0x00,0x00,0x00,0x00,0x00,0x00,0x00,0x00,0x00,0x00,0x00,0x00,0x00,0x00,0x00,0x00,0x00,0x00,0x00,0x00,0x00,0x00,0x00,0x00,
    0x00,0x00,0x00,0x00,0x00,0x00,0x00,0x00,0x00,0x00,0x00,0x00,0x00,0x00,0x00,0x00,0x00,0x00,0x00,0x00,0x00,0x00,0x00,0x00,
    0x00,0x00,0x00,0x00,0x00,0x00,0x00,0x00,0x00,0x00,0x00,0x00,0x00,0x00,0x00,0x00,0x00,0x00,0x00,0x00,0x00,0x00,0x00,0x00,
    0x00,0x00,0x00,0x00,0x00,0x00,0x00,0x00,0x00,0x00,0x00,0x00,0x00,0x00,0x00,0x00,0x00,0x00,0x00,0x00,0x00,0x00,0x00,0x00,
    0x00,0x00,0x00,0x00,0x00,0x00,0x00,0x00,0x00,0x00,0x00,0x00,0x00,0x00,0x00,0x00,0x00,0x00,0x00,0x00,0x00,0x00,0x00,0x12,
    0x21,0x00,0x00,0x00,0x00,0x00,0x00,0x00,0x00,0x00,0x00,0x00,0x00,0x05,0xae,0xff,0xff,0xea,0x50,0x00,0x00,0x00,0x00,0x00,
    0x00,0x00,0x00,0x00,0x04,0xdf,0xff,0xff,0xff,0xff,0xfd,0x40,0x00,0x00,0x00,0x00,0x00,0x00,0x00,0x00,0x8f,0xff,0xd8,0x53,
    0x35,0x8d,0xff,0xf8,0x00,0x00,0x00,0x00,0x00,0x00,0x00,0x09,0xff,0xd5,0x00,0x00,0x00,0x00,0x5f,0xff,0x90,0x00,0x00,0x00,
    0x00,0x00,0x00,0x7f,0xfb,0x10,0x00,0x00,0x00,0x00,0xaf,0xff,0xf6,0x00,0x00,0x00,0x00,0x00,0x02,0xff,0xc1,0x00,0x00,0x00,
    0x00,0x08,0xff,0x9c,0xff,0x20,0x00,0x00,0x00,0x00,0x0a,0xfe,0x20,0x00,0x00,0x00,0x00,0x5f,0xfb,0x02,0xef,0xa0,0x00,0x00,
    0x00,0x00,0x2f,0xf7,0x00,0x00,0x00,0x00,0x03,0xef,0xd1,0x00,0x7f,0xf2,0x00,0x00,0x00,0x00,0x6f,0xf1,0x00,0x00,0x00,0x00,
    0x1d,0xfe,0x30,0x00,0x1f,0xf6,0x00,0x00,0x00,0x00,0xaf,0xc0,0x00,0x00,0x00,0x00,0xbf,0xf5,0x00,0x00,0x0c,0xfa,0x00,0x00,
    0x00,0x00,0xcf,0x90,0x00,0x00,0x00,0x09,0xff,0x80,0x00,0x00,0x09,0xfc,0x00,0x00,0x00,0x00,0xdf,0x80,0x00,0x00,0x00,0x2f,
    0xfa,0x00,0x00,0x00,0x08,0xfd,0x00,0x00,0x00,0x00,0x6c,0x30,0x00,0x00,0x00,0x0b,0xb1,0x00,0x00,0x00,0x03,0xc6,0x00,0x00,
    0x00,0x00,0x00,0x00,0x00,0x00,0x00,0x00,0x00,0x00,0x00,0x00,0x00,0x00,0x00,0x00,0x00,0x00,0x00,0x00,0x00,0x00,0x00,0x00,
    0x00,0x00,0x00,0x00,0x00,0x00,0x00,0x00,0x00,0x00,0x00,0x00,0x00,0x00,0x00,0x00,0x00,0x00,0x00,0x00,0x00,0x00,0x00,0x00,
    0x00,0x00,0x00,0x00,0x00,0x00,0x00,0x00,0x00,0x00,0x00,0x00,0x00,0x00,0x00,0x00,0x00,0x00,0x00,0x00,0x00,0x00,0x00,0x00,
    0x00,0x00,0x00,0x00,0x00,0x00,0x00,0x00,0x00,0x00,0x00,0x00,0x00,0x00,0x00,0x00,0x00,0x00,0x00,0x00,0x00,0x00,0x00,0x00,
    0x00,0x00,0x00,0x00,0x00,0x00,0x00,0x00,0x00,0x00,0x00,0x00,0x00,0x00,0x00,0x00,0x00,0x00,0x00,0x00,0x00,0x00,0x00,0x00,
    0x00,0x00,0x00,0x00,0x00,0x00,0x00,0x00,
};
static const lv_img_dsc_t uk_icon_gauge_32 = {
    .header.cf = LV_IMG_CF_ALPHA_4BIT, .header.always_zero = 0,
    .header.w = 32, .header.h = 32,
    .data_size = sizeof(uk_icon_gauge_32_map), .data = uk_icon_gauge_32_map,
};
static const uint8_t uk_icon_channels_32_map[] = {
    0x00,0x00,0x00,0x00,0x00,0x00,0x00,0x00,0x00,0x00,0x00,0x00,0x00,0x00,0x00,0x00,0x00,0x00,0x00,0x00,0x00,0x00,0x00,0x00,
    0x00,0x00,0x00,0x00,0x00,0x00,0x00,0x00,0x00,0x00,0x00,0x00,0x00,0x00,0x00,0x00,0x00,0x00,0x00,0x00,0x00,0x00,0x00,0x00,
    0x00,0x00,0x00,0x00,0x00,0x00,0x00,0x00,0x00,0x00,0x00,0x00,0x00,0x00,0x00,0x00,0x00,0x00,0x00,0x00,0x00,0x00,0x00,0x00,
    0x00,0x00,0x00,0x00,0x00,0x00,0x00,0x00,0x00,0x00,0x00,0x00,0x00,0x00,0x00,0x00,0x00,0x00,0x00,0x00,0x00,0x00,0x00,0x00,
    0x00,0x00,0x03,0x33,0x33,0x33,0x33,0x33,0x33,0x33,0x33,0x33,0x33,0x30,0x00,0x00,0x00,0x00,0xaf,0xff,0xff,0xff,0xff,0xff,
    0xff,0xff,0xff,0xff,0xff,0xfa,0x00,0x00,0x00,0x00,0xaf,0xff,0xff,0xff,0xff,0xff,0xff,0xff,0xff,0xff,0xff,0xfa,0x00,0x00,
    0x00,0x00,0x03,0x33,0x33,0x33,0x33,0x33,0x33,0x33,0x33,0x33,0x33,0x30,0x00,0x00,0x00,0x00,0x00,0x00,0x00,0x00,0x00,0x00,
    0x00,0x00,0x00,0x00,0x00,0x00,0x00,0x00,0x00,0x00,0x00,0x00,0x00,0x00,0x00,0x00,0x00,0x00,0x00,0x00,0x00,0x00,0x00,0x00,
    0x00,0x00,0x00,0x00,0x00,0x00,0x00,0x00,0x00,0x00,0x00,0x00,0x00,0x00,0x00,0x00,0x00,0x00,0x00,0x00,0x00,0x00,0x00,0x00,
    0x00,0x00,0x00,0x00,0x00,0x00,0x00,0x00,0x00,0x00,0x03,0x33,0x33,0x33,0x33,0x33,0x33,0x33,0x33,0x33,0x33,0x30,0x00,0x00,
    0x00,0x00,0xaf,0xff,0xff,0xff,0xff,0xff,0xff,0xff,0xff,0xff,0xff,0xfa,0x00,0x00,0x00,0x00,0xaf,0xff,0xff,0xff,0xff,0xff,
    0xff,0xff,0xff,0xff,0xff,0xfa,0x00,0x00,0x00,0x00,0x03,0x33,0x33,0x33,0x33,0x33,0x33,0x33,0x33,0x33,0x33,0x30,0x00,0x00,
    0x00,0x00,0x00,0x00,0x00,0x00,0x00,0x00,0x00,0x00,0x00,0x00,0x00,0x00,0x00,0x00,0x00,0x00,0x00,0x00,0x00,0x00,0x00,0x00,
    0x00,0x00,0x00,0x00,0x00,0x00,0x00,0x00,0x00,0x00,0x00,0x00,0x00,0x00,0x00,0x00,0x00,0x00,0x00,0x00,0x00,0x00,0x00,0x00,
    0x00,0x00,0x00,0x00,0x00,0x00,0x00,0x00,0x00,0x00,0x00,0x00,0x00,0x00,0x00,0x00,0x00,0x00,0x03,0x33,0x33,0x33,0x33,0x33,
    0x33,0x30,0x00,0x00,0x00,0x00,0x00,0x00,0x00,0x00,0xaf,0xff,0xff,0xff,0xff,0xff,0xff,0xfa,0x00,0x00,0x00,0x00,0x00,0x00,
    0x00,0x00,0xaf,0xff,0xff,0xff,0xff,0xff,0xff,0xfa,0x00,0x00,0x00,0x00,0x00,0x00,0x00,0x00,0x03,0x33,0x33,0x33,0x33,0x33,
    0x33,0x30,0x00,0x00,0x00,0x00,0x00,0x00,0x00,0x00,0x00,0x00,0x00,0x00,0x00,0x00,0x00,0x00,0x00,0x00,0x00,0x00,0x00,0x00,
    0x00,0x00,0x00,0x00,0x00,0x00,0x00,0x00,0x00,0x00,0x00,0x00,0x00,0x00,0x00,0x00,0x00,0x00,0x00,0x00,0x00,0x00,0x00,0x00,
    0x00,0x00,0x00,0x00,0x00,0x00,0x00,0x00,0x00,0x00,0x00,0x00,0x00,0x00,0x00,0x00,0x00,0x00,0x00,0x00,0x00,0x00,0x00,0x00,
    0x00,0x00,0x00,0x00,0x00,0x00,0x00,0x00,0x00,0x00,0x00,0x00,0x00,0x00,0x00,0x00,0x00,0x00,0x00,0x00,0x00,0x00,0x00,0x00,
    0x00,0x00,0x00,0x00,0x00,0x00,0x00,0x00,
};
static const lv_img_dsc_t uk_icon_channels_32 = {
    .header.cf = LV_IMG_CF_ALPHA_4BIT, .header.always_zero = 0,
    .header.w = 32, .header.h = 32,
    .data_size = sizeof(uk_icon_channels_32_map), .data = uk_icon_channels_32_map,
};
static const uint8_t uk_icon_web_32_map[] = {
    0x00,0x00,0x00,0x00,0x00,0x00,0x00,0x00,0x00,0x00,0x00,0x00,0x00,0x00,0x00,0x00,0x00,0x00,0x00,0x00,0x00,0x00,0x00,0x00,
    0x00,0x00,0x00,0x00,0x00,0x00,0x00,0x00,0x00,0x00,0x00,0x00,0x00,0x00,0x00,0x13,0x31,0x00,0x00,0x00,0x00,0x00,0x00,0x00,
    0x00,0x00,0x00,0x00,0x00,0x16,0xbe,0xff,0xff,0xeb,0x61,0x00,0x00,0x00,0x00,0x00,0x00,0x00,0x00,0x00,0x07,0xef,0xff,0xff,
    0xff,0xff,0xfe,0x70,0x00,0x00,0x00,0x00,0x00,0x00,0x00,0x02,0xcf,0xff,0xcd,0xff,0xff,0xdc,0xff,0xfc,0x20,0x00,0x00,0x00,
    0x00,0x00,0x00,0x3e,0xff,0xb3,0x2f,0xfa,0xaf,0xf2,0x3b,0xff,0xe3,0x00,0x00,0x00,0x00,0x00,0x02,0xef,0xf6,0x00,0xaf,0xe1,
    0x1e,0xfa,0x00,0x6f,0xfe,0x20,0x00,0x00,0x00,0x00,0x0c,0xff,0x40,0x02,0xff,0x80,0x08,0xff,0x20,0x04,0xff,0xc0,0x00,0x00,
    0x00,0x00,0x7f,0xf6,0x00,0x07,0xff,0x20,0x02,0xff,0x70,0x00,0x6f,0xf7,0x00,0x00,0x00,0x01,0xef,0xb0,0x00,0x0c,0xfb,0x00,
    0x00,0xbf,0xc0,0x00,0x0b,0xfe,0x10,0x00,0x00,0x06,0xff,0x30,0x00,0x1f,0xf6,0x00,0x00,0x6f,0xf1,0x00,0x03,0xff,0x60,0x00,
    0x00,0x0b,0xfc,0x00,0x00,0x4f,0xf3,0x00,0x00,0x3f,0xf4,0x00,0x00,0xcf,0xb0,0x00,0x00,0x0e,0xf8,0x00,0x00,0x6f,0xf0,0x00,
    0x00,0x1f,0xf6,0x00,0x00,0x8f,0xe0,0x00,0x00,0x2f,0xf7,0x33,0x33,0x9f,0xe3,0x33,0x33,0x3e,0xf9,0x33,0x33,0x7f,0xf2,0x00,
    0x00,0x3f,0xff,0xff,0xff,0xff,0xff,0xff,0xff,0xff,0xff,0xff,0xff,0xff,0xf3,0x00,0x00,0x3f,0xff,0xff,0xff,0xff,0xff,0xff,
    0xff,0xff,0xff,0xff,0xff,0xff,0xf3,0x00,0x00,0x2f,0xf7,0x33,0x33,0x9f,0xe3,0x33,0x33,0x3e,0xf9,0x33,0x33,0x7f,0xf2,0x00,
    0x00,0x0e,0xf8,0x00,0x00,0x6f,0xf0,0x00,0x00,0x0f,0xf6,0x00,0x00,0x8f,0xe0,0x00,0x00,0x0b,0xfc,0x00,0x00,0x4f,0xf3,0x00,
    0x00,0x3f,0xf4,0x00,0x00,0xcf,0xb0,0x00,0x00,0x06,0xff,0x30,0x00,0x1f,0xf6,0x00,0x00,0x7f,0xf1,0x00,0x03,0xff,0x60,0x00,
    0x00,0x01,0xef,0xb0,0x00,0x0c,0xfb,0x00,0x00,0xbf,0xc0,0x00,0x0b,0xfe,0x10,0x00,0x00,0x00,0x7f,0xf6,0x00,0x07,0xff,0x20,
    0x02,0xff,0x70,0x00,0x6f,0xf7,0x00,0x00,0x00,0x00,0x0c,0xff,0x40,0x02,0xff,0x80,0x08,0xff,0x20,0x04,0xff,0xc0,0x00,0x00,
    0x00,0x00,0x02,0xef,0xf6,0x00,0xaf,0xe1,0x1e,0xfa,0x00,0x6f,0xfe,0x20,0x00,0x00,0x00,0x00,0x00,0x3e,0xff,0xb3,0x2f,0xfa,
    0xaf,0xf2,0x3b,0xff,0xe3,0x00,0x00,0x00,0x00,0x00,0x00,0x02,0xcf,0xff,0xcd,0xff,0xff,0xdc,0xff,0xfc,0x20,0x00,0x00,0x00,
    0x00,0x00,0x00,0x00,0x07,0xef,0xff,0xff,0xff,0xff,0xfe,0x70,0x00,0x00,0x00,0x00,0x00,0x00,0x00,0x00,0x00,0x16,0xbe,0xff,
    0xff,0xeb,0x61,0x00,0x00,0x00,0x00,0x00,0x00,0x00,0x00,0x00,0x00,0x00,0x00,0x23,0x32,0x00,0x00,0x00,0x00,0x00,0x00,0x00,
    0x00,0x00,0x00,0x00,0x00,0x00,0x00,0x00,0x00,0x00,0x00,0x00,0x00,0x00,0x00,0x00,0x00,0x00,0x00,0x00,0x00,0x00,0x00,0x00,
    0x00,0x00,0x00,0x00,0x00,0x00,0x00,0x00,
};
static const lv_img_dsc_t uk_icon_web_32 = {
    .header.cf = LV_IMG_CF_ALPHA_4BIT, .header.always_zero = 0,
    .header.w = 32, .header.h = 32,
    .data_size = sizeof(uk_icon_web_32_map), .data = uk_icon_web_32_map,
};
static const uint8_t uk_icon_peak_32_map[] = {
    0x00,0x00,0x00,0x00,0x00,0x00,0x00,0x00,0x00,0x00,0x00,0x00,0x00,0x00,0x00,0x00,0x00,0x00,0x00,0x00,0x00,0x00,0x00,0x00,
    0x00,0x00,0x00,0x00,0x00,0x00,0x00,0x00,0x00,0x00,0x00,0x00,0x00,0x00,0x00,0x00,0x00,0x00,0x00,0x00,0x00,0x00,0x00,0x00,
    0x00,0x00,0x00,0x00,0x00,0x00,0x00,0x00,0x00,0x00,0x00,0x00,0x00,0x00,0x00,0x00,0x00,0x00,0x00,0x00,0x00,0x00,0x00,0x00,
    0x00,0x00,0x6d,0xdd,0xdd,0xd6,0x00,0x00,0x00,0x00,0x00,0x00,0x00,0x00,0x00,0x00,0x00,0x00,0xcf,0xff,0xff,0xfd,0x00,0x00,
    0x00,0x00,0x00,0x00,0x00,0x00,0x00,0x00,0x00,0x00,0x38,0x88,0x8c,0xfd,0x00,0x00,0x00,0x00,0x00,0x00,0x00,0x00,0x00,0x00,
    0x00,0x00,0x00,0x00,0x08,0xfd,0x00,0x00,0x00,0x00,0x00,0x00,0x00,0x00,0x00,0x00,0x00,0x00,0x00,0x00,0x08,0xfd,0x00,0x00,
    0x00,0x00,0x00,0x00,0x00,0x00,0x00,0x00,0x00,0x00,0x00,0x00,0x08,0xfd,0x00,0x00,0x00,0x00,0x00,0x00,0x00,0x00,0x00,0x00,
    0x00,0x00,0x00,0x00,0x08,0xfd,0x00,0x00,0x00,0x00,0x00,0x00,0x00,0x00,0x00,0x00,0x00,0x00,0x00,0x00,0x03,0xc6,0x00,0x00,
    0x00,0x00,0x00,0x00,0x00,0x00,0x00,0x00,0x00,0x00,0x00,0x00,0x00,0x00,0x00,0x00,0x00,0x00,0x00,0x00,0x00,0x05,0x60,0x00,
    0x00,0x00,0x00,0x00,0x00,0x00,0x00,0x00,0x00,0x00,0x00,0x00,0x00,0x5f,0xf6,0x00,0x00,0x00,0x02,0x00,0x00,0x00,0x00,0x00,
    0x00,0x00,0x00,0x00,0x01,0xef,0xff,0x30,0x00,0x00,0xbf,0x60,0x00,0x00,0x00,0x00,0x00,0x00,0x00,0x00,0x0a,0xff,0xef,0xe2,
    0x00,0x08,0xff,0xe2,0x00,0x00,0x00,0x00,0x00,0x00,0x00,0x00,0x5f,0xf8,0x4f,0xfc,0x00,0x4f,0xff,0xfa,0x00,0x00,0x00,0x00,
    0x00,0x00,0x00,0x01,0xef,0xd1,0x07,0xff,0x92,0xef,0xd9,0xff,0x50,0x00,0x00,0x00,0x00,0x00,0x00,0x0a,0xff,0x40,0x00,0xaf,
    0xfd,0xff,0x31,0xdf,0xd1,0x00,0x00,0x00,0x00,0x00,0x00,0x5f,0xf8,0x00,0x00,0x1c,0xff,0xf7,0x00,0x4f,0xf8,0x00,0x00,0x00,
    0x00,0x00,0x01,0xef,0xd1,0x00,0x00,0x02,0xef,0xb0,0x00,0x0a,0xff,0x30,0x00,0x00,0x00,0x00,0x0a,0xff,0x40,0x00,0x00,0x00,
    0x37,0x10,0x00,0x01,0xef,0xc0,0x00,0x00,0x00,0x00,0x5f,0xf8,0x00,0x00,0x00,0x00,0x00,0x00,0x00,0x00,0x6f,0xf6,0x00,0x00,
    0x00,0x01,0xef,0xd1,0x00,0x00,0x00,0x00,0x00,0x00,0x00,0x00,0x0b,0xfe,0x20,0x00,0x00,0x0a,0xff,0x40,0x00,0x00,0x00,0x00,
    0x00,0x00,0x00,0x00,0x03,0xff,0xa0,0x00,0x00,0x2f,0xf8,0x00,0x00,0x00,0x00,0x00,0x00,0x00,0x00,0x00,0x00,0x8f,0xf2,0x00,
    0x00,0x0a,0xa1,0x00,0x00,0x00,0x00,0x00,0x00,0x00,0x00,0x00,0x00,0x1b,0xa0,0x00,0x00,0x00,0x00,0x00,0x00,0x00,0x00,0x00,
    0x00,0x00,0x00,0x00,0x00,0x00,0x00,0x00,0x00,0x00,0x00,0x00,0x00,0x00,0x00,0x00,0x00,0x00,0x00,0x00,0x00,0x00,0x00,0x00,
    0x00,0x00,0x00,0x00,0x00,0x00,0x00,0x00,0x00,0x00,0x00,0x00,0x00,0x00,0x00,0x00,0x00,0x00,0x00,0x00,0x00,0x00,0x00,0x00,
    0x00,0x00,0x00,0x00,0x00,0x00,0x00,0x00,
};
static const lv_img_dsc_t uk_icon_peak_32 = {
    .header.cf = LV_IMG_CF_ALPHA_4BIT, .header.always_zero = 0,
    .header.w = 32, .header.h = 32,
    .data_size = sizeof(uk_icon_peak_32_map), .data = uk_icon_peak_32_map,
};
static const uint8_t uk_icon_wrench_32_map[] = {
    0x00,0x00,0x00,0x00,0x00,0x00,0x00,0x00,0x00,0x00,0x00,0x00,0x00,0x00,0x00,0x00,0x00,0x00,0x00,0x00,0x00,0x00,0x00,0x00,
    0x00,0x00,0x00,0x00,0x00,0x00,0x00,0x00,0x00,0x00,0x00,0x00,0x00,0x00,0x00,0x00,0x00,0x00,0x00,0x00,0x00,0x00,0x00,0x00,
    0x00,0x00,0x00,0x00,0x00,0x00,0x00,0x00,0x00,0x00,0x00,0x00,0x00,0x00,0x00,0x00,0x00,0x00,0x00,0x00,0x00,0x00,0x00,0x00,
    0x00,0x00,0x00,0x00,0x00,0x00,0x00,0x00,0x00,0x00,0x00,0x00,0x00,0x00,0x00,0x00,0x00,0x00,0x00,0x00,0x00,0x00,0x00,0x00,
    0x00,0x00,0x00,0x00,0x00,0x00,0x00,0x00,0x00,0x7c,0x60,0x00,0x00,0x00,0x00,0x00,0x00,0x00,0x00,0x00,0x00,0x00,0x00,0x00,
    0x00,0xef,0xfa,0x00,0x00,0x00,0x00,0x00,0x00,0x00,0x00,0x00,0x00,0x00,0x00,0x00,0x01,0xff,0xff,0x80,0x00,0x00,0x00,0x00,
    0x00,0x00,0x00,0x00,0x00,0x00,0x00,0x00,0x01,0xff,0xff,0xf1,0x00,0x00,0x00,0x00,0x00,0x00,0x00,0x00,0x00,0x00,0x00,0x00,
    0x00,0xdf,0xff,0xe1,0x00,0x00,0x00,0x00,0x00,0x00,0x00,0x00,0x00,0x00,0x00,0x00,0x00,0x9f,0xfe,0x40,0x00,0x00,0x00,0x00,
    0x00,0x00,0x00,0x00,0x00,0x00,0x00,0x00,0x04,0xef,0xff,0x71,0x02,0x10,0x00,0x00,0x00,0x00,0x00,0x00,0x00,0x00,0x00,0x00,
    0x4e,0xfe,0xef,0xff,0xff,0xe1,0x00,0x00,0x00,0x00,0x00,0x00,0x00,0x00,0x00,0x04,0xef,0xe4,0x2b,0xff,0xff,0xe1,0x00,0x00,
    0x00,0x00,0x00,0x00,0x00,0x00,0x00,0x4e,0xfe,0x40,0x00,0x6f,0xfe,0x40,0x00,0x00,0x00,0x00,0x00,0x00,0x00,0x00,0x04,0xef,
    0xe4,0x00,0x04,0xef,0xe4,0x00,0x00,0x00,0x00,0x00,0x00,0x00,0x00,0x00,0x4e,0xfe,0x40,0x00,0x4e,0xfe,0x40,0x00,0x00,0x00,
    0x00,0x00,0x00,0x00,0x00,0x04,0xef,0xe4,0x00,0x04,0xef,0xe4,0x00,0x00,0x00,0x00,0x00,0x00,0x00,0x00,0x00,0x3e,0xfe,0x40,
    0x00,0x4e,0xfe,0x40,0x00,0x00,0x00,0x00,0x00,0x00,0x00,0x00,0x03,0xef,0xe4,0x00,0x04,0xef,0xe4,0x00,0x00,0x00,0x00,0x00,
    0x00,0x00,0x00,0x00,0x0d,0xfe,0x40,0x00,0x4e,0xfe,0x40,0x00,0x00,0x00,0x00,0x00,0x00,0x00,0x00,0x00,0x4f,0xf5,0x00,0x04,
    0xef,0xe4,0x00,0x00,0x00,0x00,0x00,0x00,0x00,0x00,0x00,0x00,0x5f,0xf1,0x00,0x3e,0xfe,0x40,0x00,0x00,0x00,0x00,0x00,0x00,
    0x00,0x00,0x00,0x00,0x3f,0xf9,0x14,0xef,0xe4,0x00,0x00,0x00,0x00,0x00,0x00,0x00,0x00,0x00,0x00,0x00,0x0b,0xff,0xff,0xfe,
    0x40,0x00,0x00,0x00,0x00,0x00,0x00,0x00,0x00,0x00,0x00,0x00,0x01,0xbf,0xff,0xd3,0x00,0x00,0x00,0x00,0x00,0x00,0x00,0x00,
    0x00,0x00,0x00,0x00,0x00,0x03,0x54,0x00,0x00,0x00,0x00,0x00,0x00,0x00,0x00,0x00,0x00,0x00,0x00,0x00,0x00,0x00,0x00,0x00,
    0x00,0x00,0x00,0x00,0x00,0x00,0x00,0x00,0x00,0x00,0x00,0x00,0x00,0x00,0x00,0x00,0x00,0x00,0x00,0x00,0x00,0x00,0x00,0x00,
    0x00,0x00,0x00,0x00,0x00,0x00,0x00,0x00,0x00,0x00,0x00,0x00,0x00,0x00,0x00,0x00,0x00,0x00,0x00,0x00,0x00,0x00,0x00,0x00,
    0x00,0x00,0x00,0x00,0x00,0x00,0x00,0x00,
};
static const lv_img_dsc_t uk_icon_wrench_32 = {
    .header.cf = LV_IMG_CF_ALPHA_4BIT, .header.always_zero = 0,
    .header.w = 32, .header.h = 32,
    .data_size = sizeof(uk_icon_wrench_32_map), .data = uk_icon_wrench_32_map,
};
static const uint8_t uk_icon_back_32_map[] = {
    0x00,0x00,0x00,0x00,0x00,0x00,0x00,0x00,0x00,0x00,0x00,0x00,0x00,0x00,0x00,0x00,0x00,0x00,0x00,0x00,0x00,0x00,0x00,0x00,
    0x00,0x00,0x00,0x00,0x00,0x00,0x00,0x00,0x00,0x00,0x00,0x00,0x00,0x00,0x00,0x00,0x00,0x00,0x00,0x00,0x00,0x00,0x00,0x00,
    0x00,0x00,0x00,0x00,0x00,0x00,0x00,0x00,0x00,0x00,0x00,0x00,0x00,0x00,0x00,0x00,0x00,0x00,0x00,0x00,0x00,0x00,0x00,0x00,
    0x00,0x00,0x00,0x00,0x00,0x00,0x00,0x00,0x00,0x00,0x00,0x00,0x00,0x00,0x00,0x00,0x00,0x00,0x00,0x00,0x00,0x00,0x00,0x00,
    0x00,0x00,0x00,0x00,0x00,0x00,0x02,0x00,0x00,0x00,0x00,0x00,0x00,0x00,0x00,0x00,0x00,0x00,0x00,0x00,0x00,0x01,0xcf,0x50,
    0x00,0x00,0x00,0x00,0x00,0x00,0x00,0x00,0x00,0x00,0x00,0x00,0x00,0x1c,0xff,0x50,0x00,0x00,0x00,0x00,0x00,0x00,0x00,0x00,
    0x00,0x00,0x00,0x00,0x01,0xcf,0xf8,0x00,0x00,0x00,0x00,0x00,0x00,0x00,0x00,0x00,0x00,0x00,0x00,0x00,0x1c,0xff,0x80,0x00,
    0x00,0x00,0x00,0x00,0x00,0x00,0x00,0x00,0x00,0x00,0x00,0x01,0xcf,0xf8,0x00,0x00,0x00,0x00,0x00,0x00,0x00,0x00,0x00,0x00,
    0x00,0x00,0x00,0x1c,0xff,0x80,0x00,0x00,0x00,0x00,0x00,0x00,0x00,0x00,0x00,0x00,0x00,0x00,0x01,0xcf,0xf8,0x00,0x00,0x00,
    0x00,0x00,0x00,0x00,0x00,0x00,0x00,0x00,0x00,0x00,0x1c,0xff,0xa3,0x33,0x33,0x33,0x33,0x33,0x33,0x33,0x33,0x30,0x00,0x00,
    0x00,0x00,0xaf,0xff,0xff,0xff,0xff,0xff,0xff,0xff,0xff,0xff,0xff,0xfa,0x00,0x00,0x00,0x00,0xbf,0xff,0xff,0xff,0xff,0xff,
    0xff,0xff,0xff,0xff,0xff,0xfa,0x00,0x00,0x00,0x00,0x1c,0xff,0xa3,0x33,0x33,0x33,0x33,0x33,0x33,0x33,0x33,0x30,0x00,0x00,
    0x00,0x00,0x01,0xcf,0xf8,0x00,0x00,0x00,0x00,0x00,0x00,0x00,0x00,0x00,0x00,0x00,0x00,0x00,0x00,0x1c,0xff,0x80,0x00,0x00,
    0x00,0x00,0x00,0x00,0x00,0x00,0x00,0x00,0x00,0x00,0x00,0x01,0xcf,0xf8,0x00,0x00,0x00,0x00,0x00,0x00,0x00,0x00,0x00,0x00,
    0x00,0x00,0x00,0x00,0x1c,0xff,0x80,0x00,0x00,0x00,0x00,0x00,0x00,0x00,0x00,0x00,0x00,0x00,0x00,0x00,0x01,0xcf,0xf8,0x00,
    0x00,0x00,0x00,0x00,0x00,0x00,0x00,0x00,0x00,0x00,0x00,0x00,0x00,0x1c,0xff,0x50,0x00,0x00,0x00,0x00,0x00,0x00,0x00,0x00,
    0x00,0x00,0x00,0x00,0x00,0x01,0xcf,0x50,0x00,0x00,0x00,0x00,0x00,0x00,0x00,0x00,0x00,0x00,0x00,0x00,0x00,0x00,0x02,0x00,
    0x00,0x00,0x00,0x00,0x00,0x00,0x00,0x00,0x00,0x00,0x00,0x00,0x00,0x00,0x00,0x00,0x00,0x00,0x00,0x00,0x00,0x00,0x00,0x00,
    0x00,0x00,0x00,0x00,0x00,0x00,0x00,0x00,0x00,0x00,0x00,0x00,0x00,0x00,0x00,0x00,0x00,0x00,0x00,0x00,0x00,0x00,0x00,0x00,
    0x00,0x00,0x00,0x00,0x00,0x00,0x00,0x00,0x00,0x00,0x00,0x00,0x00,0x00,0x00,0x00,0x00,0x00,0x00,0x00,0x00,0x00,0x00,0x00,
    0x00,0x00,0x00,0x00,0x00,0x00,0x00,0x00,0x00,0x00,0x00,0x00,0x00,0x00,0x00,0x00,0x00,0x00,0x00,0x00,0x00,0x00,0x00,0x00,
    0x00,0x00,0x00,0x00,0x00,0x00,0x00,0x00,
};
static const lv_img_dsc_t uk_icon_back_32 = {
    .header.cf = LV_IMG_CF_ALPHA_4BIT, .header.always_zero = 0,
    .header.w = 32, .header.h = 32,
    .data_size = sizeof(uk_icon_back_32_map), .data = uk_icon_back_32_map,
};
static const uint8_t uk_icon_qr_32_map[] = {
    0x00,0x00,0x00,0x00,0x00,0x00,0x00,0x00,0x00,0x00,0x00,0x00,0x00,0x00,0x00,0x00,0x00,0x00,0x00,0x00,0x00,0x00,0x00,0x00,
    0x00,0x00,0x00,0x00,0x00,0x00,0x00,0x00,0x00,0x00,0x00,0x00,0x00,0x00,0x00,0x00,0x00,0x00,0x00,0x00,0x00,0x00,0x00,0x00,
    0x00,0x00,0x27,0x88,0x88,0x88,0x71,0x00,0x00,0x27,0x88,0x88,0x88,0x71,0x00,0x00,0x00,0x01,0xef,0xff,0xff,0xff,0xfe,0x10,
    0x01,0xef,0xff,0xff,0xff,0xfe,0x10,0x00,0x00,0x07,0xff,0xdd,0xdd,0xdd,0xff,0x70,0x07,0xff,0xdd,0xdd,0xdd,0xff,0x70,0x00,
    0x00,0x08,0xfd,0x00,0x00,0x00,0xdf,0x80,0x08,0xfd,0x00,0x00,0x00,0xdf,0x80,0x00,0x00,0x08,0xfd,0x00,0x00,0x00,0xdf,0x80,
    0x08,0xfd,0x00,0x00,0x00,0xdf,0x80,0x00,0x00,0x08,0xfd,0x00,0x00,0x00,0xdf,0x80,0x08,0xfd,0x00,0x00,0x00,0xdf,0x80,0x00,
    0x00,0x08,0xfd,0x00,0x00,0x00,0xdf,0x80,0x08,0xfd,0x00,0x00,0x00,0xdf,0x80,0x00,0x00,0x08,0xfd,0x00,0x00,0x00,0xdf,0x80,
    0x08,0xfd,0x00,0x00,0x00,0xdf,0x80,0x00,0x00,0x08,0xfd,0x00,0x00,0x00,0xdf,0x80,0x08,0xfd,0x00,0x00,0x00,0xdf,0x80,0x00,
    0x00,0x07,0xff,0xdd,0xdd,0xdd,0xff,0x70,0x07,0xff,0xdd,0xdd,0xdd,0xff,0x70,0x00,0x00,0x01,0xef,0xff,0xff,0xff,0xfe,0x10,
    0x01,0xef,0xff,0xff,0xff,0xfe,0x10,0x00,0x00,0x00,0x17,0x88,0x88,0x88,0x71,0x00,0x00,0x17,0x88,0x88,0x88,0x71,0x00,0x00,
    0x00,0x00,0x00,0x00,0x00,0x00,0x00,0x00,0x00,0x00,0x00,0x00,0x00,0x00,0x00,0x00,0x00,0x00,0x00,0x00,0x00,0x00,0x00,0x00,
    0x00,0x00,0x00,0x00,0x00,0x00,0x00,0x00,0x00,0x00,0x27,0x88,0x88,0x88,0x71,0x00,0x01,0x78,0x88,0x83,0x00,0x37,0x10,0x00,
    0x00,0x01,0xef,0xff,0xff,0xff,0xfe,0x10,0x07,0xff,0xff,0xfc,0x00,0xcf,0x70,0x00,0x00,0x07,0xff,0xdd,0xdd,0xdd,0xff,0x70,
    0x08,0xff,0xde,0xfd,0x00,0x7c,0x30,0x00,0x00,0x08,0xfd,0x00,0x00,0x00,0xdf,0x80,0x08,0xfd,0x08,0xfd,0x00,0x00,0x00,0x00,
    0x00,0x08,0xfd,0x00,0x00,0x00,0xdf,0x80,0x08,0xfe,0x8c,0xfd,0x00,0x37,0x10,0x00,0x00,0x08,0xfd,0x00,0x00,0x00,0xdf,0x80,
    0x08,0xff,0xff,0xfd,0x00,0xcf,0x70,0x00,0x00,0x08,0xfd,0x00,0x00,0x00,0xdf,0x80,0x03,0xcd,0xdd,0xd6,0x00,0xdf,0x80,0x00,
    0x00,0x08,0xfd,0x00,0x00,0x00,0xdf,0x80,0x00,0x00,0x00,0x00,0x00,0xdf,0x80,0x00,0x00,0x08,0xfd,0x00,0x00,0x00,0xdf,0x80,
    0x00,0x00,0x00,0x00,0x00,0xdf,0x80,0x00,0x00,0x07,0xff,0xdd,0xdd,0xdd,0xff,0x70,0x00,0x00,0x03,0xcd,0xdd,0xff,0x80,0x00,
    0x00,0x01,0xef,0xff,0xff,0xff,0xfe,0x10,0x00,0x00,0x07,0xff,0xff,0xff,0x70,0x00,0x00,0x00,0x17,0x88,0x88,0x88,0x71,0x00,
    0x00,0x00,0x01,0x78,0x88,0x87,0x10,0x00,0x00,0x00,0x00,0x00,0x00,0x00,0x00,0x00,0x00,0x00,0x00,0x00,0x00,0x00,0x00,0x00,
    0x00,0x00,0x00,0x00,0x00,0x00,0x00,0x00,0x00,0x00,0x00,0x00,0x00,0x00,0x00,0x00,0x00,0x00,0x00,0x00,0x00,0x00,0x00,0x00,
    0x00,0x00,0x00,0x00,0x00,0x00,0x00,0x00,
};
static const lv_img_dsc_t uk_icon_qr_32 = {
    .header.cf = LV_IMG_CF_ALPHA_4BIT, .header.always_zero = 0,
    .header.w = 32, .header.h = 32,
    .data_size = sizeof(uk_icon_qr_32_map), .data = uk_icon_qr_32_map,
};
static const uint8_t uk_icon_chip_32_map[] = {
    0x00,0x00,0x00,0x00,0x00,0x00,0x00,0x00,0x00,0x00,0x00,0x00,0x00,0x00,0x00,0x00,0x00,0x00,0x00,0x00,0x00,0x00,0x00,0x00,
    0x00,0x00,0x00,0x00,0x00,0x00,0x00,0x00,0x00,0x00,0x00,0x00,0x00,0x03,0xc6,0x00,0x00,0x6c,0x30,0x00,0x00,0x00,0x00,0x00,
    0x00,0x00,0x00,0x00,0x00,0x08,0xfd,0x00,0x00,0xdf,0x80,0x00,0x00,0x00,0x00,0x00,0x00,0x00,0x00,0x00,0x00,0x08,0xfd,0x00,
    0x00,0xdf,0x80,0x00,0x00,0x00,0x00,0x00,0x00,0x00,0x00,0x00,0x00,0x08,0xfd,0x00,0x00,0xdf,0x80,0x00,0x00,0x00,0x00,0x00,
    0x00,0x00,0x00,0x00,0x01,0x39,0xfd,0x33,0x33,0xdf,0x93,0x10,0x00,0x00,0x00,0x00,0x00,0x00,0x00,0x00,0x8e,0xff,0xff,0xff,
    0xff,0xff,0xff,0xe8,0x00,0x00,0x00,0x00,0x00,0x00,0x00,0x08,0xff,0xff,0xff,0xff,0xff,0xff,0xff,0xff,0x70,0x00,0x00,0x00,
    0x00,0x00,0x00,0x1f,0xfb,0x33,0x33,0x33,0x33,0x33,0x33,0xbf,0xe1,0x00,0x00,0x00,0x00,0x00,0x00,0x3f,0xf4,0x00,0x00,0x00,
    0x00,0x00,0x00,0x4f,0xf3,0x00,0x00,0x00,0x00,0x38,0x88,0x9f,0xf3,0x00,0x00,0x00,0x00,0x00,0x00,0x3f,0xf9,0x88,0x83,0x00,
    0x00,0xcf,0xff,0xff,0xf3,0x00,0x00,0x00,0x00,0x00,0x00,0x3f,0xff,0xff,0xfc,0x00,0x00,0x6d,0xdd,0xef,0xf3,0x00,0x00,0x00,
    0x00,0x00,0x00,0x3f,0xfe,0xdd,0xd6,0x00,0x00,0x00,0x00,0x3f,0xf3,0x00,0x00,0x00,0x00,0x00,0x00,0x3f,0xf3,0x00,0x00,0x00,
    0x00,0x00,0x00,0x3f,0xf3,0x00,0x00,0x00,0x00,0x00,0x00,0x3f,0xf3,0x00,0x00,0x00,0x00,0x00,0x00,0x3f,0xf3,0x00,0x00,0x00,
    0x00,0x00,0x00,0x3f,0xf3,0x00,0x00,0x00,0x00,0x00,0x00,0x3f,0xf3,0x00,0x00,0x00,0x00,0x00,0x00,0x3f,0xf3,0x00,0x00,0x00,
    0x00,0x6d,0xdd,0xef,0xf3,0x00,0x00,0x00,0x00,0x00,0x00,0x3f,0xfe,0xdd,0xd6,0x00,0x00,0xcf,0xff,0xff,0xf3,0x00,0x00,0x00,
    0x00,0x00,0x00,0x3f,0xff,0xff,0xfc,0x00,0x00,0x38,0x88,0x9f,0xf3,0x00,0x00,0x00,0x00,0x00,0x00,0x3f,0xf9,0x88,0x83,0x00,
    0x00,0x00,0x00,0x3f,0xf4,0x00,0x00,0x00,0x00,0x00,0x00,0x4f,0xf3,0x00,0x00,0x00,0x00,0x00,0x00,0x1f,0xfb,0x33,0x33,0x33,
    0x33,0x33,0x33,0xbf,0xf1,0x00,0x00,0x00,0x00,0x00,0x00,0x08,0xff,0xff,0xff,0xff,0xff,0xff,0xff,0xff,0x80,0x00,0x00,0x00,
    0x00,0x00,0x00,0x00,0x7e,0xff,0xff,0xff,0xff,0xff,0xff,0xe7,0x00,0x00,0x00,0x00,0x00,0x00,0x00,0x00,0x01,0x39,0xfd,0x33,
    0x33,0xdf,0x93,0x10,0x00,0x00,0x00,0x00,0x00,0x00,0x00,0x00,0x00,0x08,0xfd,0x00,0x00,0xdf,0x80,0x00,0x00,0x00,0x00,0x00,
    0x00,0x00,0x00,0x00,0x00,0x08,0xfd,0x00,0x00,0xdf,0x80,0x00,0x00,0x00,0x00,0x00,0x00,0x00,0x00,0x00,0x00,0x08,0xfd,0x00,
    0x00,0xdf,0x80,0x00,0x00,0x00,0x00,0x00,0x00,0x00,0x00,0x00,0x00,0x03,0xc6,0x00,0x00,0x6c,0x30,0x00,0x00,0x00,0x00,0x00,
    0x00,0x00,0x00,0x00,0x00,0x00,0x00,0x00,0x00,0x00,0x00,0x00,0x00,0x00,0x00,0x00,0x00,0x00,0x00,0x00,0x00,0x00,0x00,0x00,
    0x00,0x00,0x00,0x00,0x00,0x00,0x00,0x00,
};
static const lv_img_dsc_t uk_icon_chip_32 = {
    .header.cf = LV_IMG_CF_ALPHA_4BIT, .header.always_zero = 0,
    .header.w = 32, .header.h = 32,
    .data_size = sizeof(uk_icon_chip_32_map), .data = uk_icon_chip_32_map,
};
static const uint8_t uk_icon_route_32_map[] = {
    0x00,0x00,0x00,0x00,0x00,0x00,0x00,0x00,0x00,0x00,0x00,0x00,0x00,0x00,0x00,0x00,0x00,0x00,0x00,0x00,0x00,0x00,0x00,0x00,
    0x00,0x00,0x00,0x00,0x00,0x00,0x00,0x00,0x00,0x00,0x00,0x00,0x00,0x00,0x00,0x00,0x00,0x00,0x00,0x00,0x00,0x00,0x00,0x00,
    0x00,0x00,0x00,0x00,0x00,0x00,0x00,0x00,0x00,0x00,0x00,0x00,0x00,0x00,0x00,0x00,0x00,0x00,0x00,0x00,0x00,0x00,0x00,0x00,
    0x00,0x00,0x01,0x8c,0xc8,0x10,0x00,0x00,0x00,0x00,0x00,0x00,0x00,0x00,0x00,0x00,0x00,0x00,0x1d,0xff,0xff,0xd1,0x00,0x00,
    0x00,0x00,0x00,0x00,0x00,0x23,0x33,0x33,0x33,0x33,0x9f,0xfa,0xaf,0xf8,0x00,0x00,0x00,0x00,0x00,0x00,0x5d,0xff,0xff,0xff,
    0xff,0xff,0xff,0xa0,0x0a,0xfc,0x00,0x00,0x00,0x00,0x00,0x07,0xff,0xff,0xff,0xff,0xff,0xff,0xff,0xa0,0x0a,0xfc,0x00,0x00,
    0x00,0x00,0x00,0x3f,0xfd,0x53,0x33,0x33,0x33,0x33,0x9f,0xfa,0xaf,0xf8,0x00,0x00,0x00,0x00,0x00,0xaf,0xe1,0x00,0x00,0x00,
    0x00,0x00,0x1d,0xff,0xff,0xd1,0x00,0x00,0x00,0x00,0x00,0xcf,0x90,0x00,0x00,0x00,0x00,0x00,0x01,0x8c,0xc8,0x10,0x00,0x00,
    0x00,0x00,0x00,0xcf,0x90,0x00,0x00,0x00,0x00,0x00,0x00,0x00,0x00,0x00,0x00,0x00,0x00,0x00,0x00,0x9f,0xe1,0x00,0x00,0x00,
    0x00,0x00,0x00,0x00,0x00,0x00,0x00,0x00,0x00,0x00,0x00,0x3f,0xfd,0x53,0x33,0x33,0x33,0x33,0x32,0x00,0x00,0x00,0x00,0x00,
    0x00,0x00,0x00,0x07,0xff,0xff,0xff,0xff,0xff,0xff,0xff,0xd5,0x00,0x00,0x00,0x00,0x00,0x00,0x00,0x00,0x5d,0xff,0xff,0xff,
    0xff,0xff,0xff,0xff,0x70,0x00,0x00,0x00,0x00,0x00,0x00,0x00,0x00,0x23,0x33,0x33,0x33,0x33,0x35,0xdf,0xf3,0x00,0x00,0x00,
    0x00,0x00,0x00,0x00,0x00,0x00,0x00,0x00,0x00,0x00,0x00,0x1e,0xfa,0x00,0x00,0x00,0x00,0x00,0x00,0x00,0x00,0x00,0x00,0x00,
    0x00,0x00,0x00,0x09,0xfc,0x00,0x00,0x00,0x00,0x00,0x01,0x8c,0xc8,0x10,0x00,0x00,0x00,0x00,0x00,0x09,0xfc,0x00,0x00,0x00,
    0x00,0x00,0x1d,0xff,0xff,0xd1,0x00,0x00,0x00,0x00,0x00,0x1e,0xf9,0x00,0x00,0x00,0x00,0x00,0x8f,0xfa,0xaf,0xf9,0x33,0x33,
    0x33,0x33,0x35,0xdf,0xf3,0x00,0x00,0x00,0x00,0x00,0xcf,0xa0,0x0a,0xff,0xff,0xff,0xff,0xff,0xff,0xff,0x70,0x00,0x00,0x00,
    0x00,0x00,0xcf,0xa0,0x0a,0xff,0xff,0xff,0xff,0xff,0xff,0xd5,0x00,0x00,0x00,0x00,0x00,0x00,0x8f,0xfa,0xaf,0xf9,0x33,0x33,
    0x33,0x33,0x32,0x00,0x00,0x00,0x00,0x00,0x00,0x00,0x1d,0xff,0xff,0xd1,0x00,0x00,0x00,0x00,0x00,0x00,0x00,0x00,0x00,0x00,
    0x00,0x00,0x01,0x8c,0xc8,0x10,0x00,0x00,0x00,0x00,0x00,0x00,0x00,0x00,0x00,0x00,0x00,0x00,0x00,0x00,0x00,0x00,0x00,0x00,
    0x00,0x00,0x00,0x00,0x00,0x00,0x00,0x00,0x00,0x00,0x00,0x00,0x00,0x00,0x00,0x00,0x00,0x00,0x00,0x00,0x00,0x00,0x00,0x00,
    0x00,0x00,0x00,0x00,0x00,0x00,0x00,0x00,0x00,0x00,0x00,0x00,0x00,0x00,0x00,0x00,0x00,0x00,0x00,0x00,0x00,0x00,0x00,0x00,
    0x00,0x00,0x00,0x00,0x00,0x00,0x00,0x00,
};
static const lv_img_dsc_t uk_icon_route_32 = {
    .header.cf = LV_IMG_CF_ALPHA_4BIT, .header.always_zero = 0,
    .header.w = 32, .header.h = 32,
    .data_size = sizeof(uk_icon_route_32_map), .data = uk_icon_route_32_map,
};
static const uint8_t uk_icon_shifter_32_map[] = {
    0x00,0x00,0x00,0x00,0x00,0x00,0x00,0x00,0x00,0x00,0x00,0x00,0x00,0x00,0x00,0x00,0x00,0x00,0x00,0x00,0x00,0x00,0x00,0x00,
    0x00,0x00,0x00,0x00,0x00,0x00,0x00,0x00,0x00,0x00,0x00,0x00,0x00,0x00,0x00,0x00,0x00,0x00,0x00,0x00,0x00,0x00,0x00,0x00,
    0x00,0x00,0x29,0xca,0x40,0x00,0x00,0x7b,0xb7,0x00,0x00,0x04,0xac,0x92,0x00,0x00,0x00,0x02,0xdf,0xff,0xf5,0x00,0x0a,0xff,
    0xff,0xa0,0x00,0x5f,0xff,0xfd,0x20,0x00,0x00,0x09,0xff,0xae,0xfe,0x00,0x4f,0xfc,0xcf,0xf4,0x00,0xef,0xea,0xff,0x90,0x00,
    0x00,0x0c,0xfa,0x05,0xff,0x20,0x7f,0xf0,0x0f,0xf7,0x02,0xff,0x50,0xaf,0xc0,0x00,0x00,0x0a,0xfe,0x5b,0xff,0x10,0x5f,0xf7,
    0x7f,0xf5,0x01,0xff,0xb5,0xef,0xa0,0x00,0x00,0x04,0xff,0xff,0xf9,0x00,0x1d,0xff,0xff,0xd1,0x00,0x9f,0xff,0xff,0x40,0x00,
    0x00,0x00,0x5e,0xff,0x90,0x00,0x02,0xcf,0xfc,0x20,0x00,0x09,0xff,0xe5,0x00,0x00,0x00,0x00,0x08,0xfd,0x00,0x00,0x00,0x3f,
    0xf3,0x00,0x00,0x00,0xdf,0x80,0x00,0x00,0x00,0x00,0x08,0xfd,0x00,0x00,0x00,0x3f,0xf3,0x00,0x00,0x00,0xdf,0x80,0x00,0x00,
    0x00,0x00,0x08,0xfd,0x00,0x00,0x00,0x3f,0xf3,0x00,0x00,0x00,0xdf,0x80,0x00,0x00,0x00,0x00,0x08,0xfd,0x00,0x00,0x00,0x3f,
    0xf3,0x00,0x00,0x00,0xdf,0x80,0x00,0x00,0x00,0x00,0x08,0xfd,0x33,0x33,0x33,0x5f,0xf5,0x33,0x33,0x33,0xdf,0x80,0x00,0x00,
    0x00,0x00,0x08,0xff,0xff,0xff,0xff,0xff,0xff,0xff,0xff,0xff,0xff,0x80,0x00,0x00,0x00,0x00,0x08,0xff,0xff,0xff,0xff,0xff,
    0xff,0xff,0xff,0xff,0xff,0x50,0x00,0x00,0x00,0x00,0x08,0xfd,0x33,0x33,0x33,0x5f,0xf5,0x33,0x33,0x33,0x32,0x00,0x00,0x00,
    0x00,0x00,0x08,0xfd,0x00,0x00,0x00,0x3f,0xf3,0x00,0x00,0x00,0x00,0x00,0x00,0x00,0x00,0x00,0x08,0xfd,0x00,0x00,0x00,0x3f,
    0xf3,0x00,0x00,0x00,0x00,0x00,0x00,0x00,0x00,0x00,0x08,0xfd,0x00,0x00,0x00,0x3f,0xf3,0x00,0x00,0x00,0x00,0x00,0x00,0x00,
    0x00,0x00,0x08,0xfd,0x00,0x00,0x00,0x3f,0xf3,0x00,0x00,0x00,0x00,0x00,0x00,0x00,0x00,0x00,0x5e,0xff,0x90,0x00,0x02,0xcf,
    0xfc,0x20,0x00,0x00,0x00,0x00,0x00,0x00,0x00,0x04,0xff,0xff,0xf9,0x00,0x1d,0xff,0xff,0xd1,0x00,0x00,0x00,0x00,0x00,0x00,
    0x00,0x0a,0xfe,0x5b,0xff,0x10,0x5f,0xf7,0x7f,0xf5,0x00,0x00,0x00,0x00,0x00,0x00,0x00,0x0c,0xfa,0x05,0xff,0x20,0x7f,0xf0,
    0x0f,0xf7,0x00,0x00,0x00,0x00,0x00,0x00,0x00,0x09,0xff,0xad,0xfe,0x00,0x4f,0xfc,0xcf,0xf4,0x00,0x00,0x00,0x00,0x00,0x00,
    0x00,0x02,0xdf,0xff,0xf5,0x00,0x0a,0xff,0xff,0xa0,0x00,0x00,0x00,0x00,0x00,0x00,0x00,0x00,0x29,0xca,0x40,0x00,0x00,0x6b,
    0xb6,0x00,0x00,0x00,0x00,0x00,0x00,0x00,0x00,0x00,0x00,0x00,0x00,0x00,0x00,0x00,0x00,0x00,0x00,0x00,0x00,0x00,0x00,0x00,
    0x00,0x00,0x00,0x00,0x00,0x00,0x00,0x00,0x00,0x00,0x00,0x00,0x00,0x00,0x00,0x00,0x00,0x00,0x00,0x00,0x00,0x00,0x00,0x00,
    0x00,0x00,0x00,0x00,0x00,0x00,0x00,0x00,
};
static const lv_img_dsc_t uk_icon_shifter_32 = {
    .header.cf = LV_IMG_CF_ALPHA_4BIT, .header.always_zero = 0,
    .header.w = 32, .header.h = 32,
    .data_size = sizeof(uk_icon_shifter_32_map), .data = uk_icon_shifter_32_map,
};
static const uint8_t uk_icon_spark_32_map[] = {
    0x00,0x00,0x00,0x00,0x00,0x00,0x00,0x00,0x00,0x00,0x00,0x00,0x00,0x00,0x00,0x00,0x00,0x00,0x00,0x00,0x00,0x00,0x00,0x00,
    0x00,0x00,0x00,0x00,0x00,0x00,0x00,0x00,0x00,0x00,0x00,0x00,0x00,0x00,0x00,0x00,0x00,0x00,0x00,0x00,0x00,0x00,0x00,0x00,
    0x00,0x00,0x00,0x00,0x00,0x00,0x01,0x73,0x00,0x00,0x00,0x00,0x00,0x00,0x00,0x00,0x00,0x00,0x00,0x00,0x00,0x00,0x08,0xfd,
    0x00,0x00,0x00,0x00,0x00,0x00,0x00,0x00,0x00,0x00,0x00,0x00,0x00,0x00,0x0e,0xff,0x40,0x00,0x00,0x00,0x00,0x00,0x00,0x00,
    0x00,0x00,0x00,0x00,0x00,0x00,0x4f,0xff,0x90,0x00,0x00,0x00,0x00,0x00,0x00,0x00,0x00,0x00,0x00,0x00,0x00,0x00,0xaf,0xff,
    0xe1,0x00,0x00,0x00,0x00,0x00,0x00,0x00,0x00,0x00,0x00,0x00,0x00,0x01,0xff,0xaf,0xf6,0x00,0x00,0x00,0x00,0x00,0x00,0x00,
    0x00,0x00,0x00,0x00,0x00,0x06,0xff,0x2c,0xfb,0x00,0x00,0x00,0x00,0x00,0x00,0x00,0x00,0x00,0x00,0x00,0x00,0x3c,0xfc,0x07,
    0xff,0x50,0x00,0x00,0x00,0x00,0x00,0x00,0x00,0x00,0x00,0x02,0x7c,0xff,0xf6,0x01,0xff,0xfe,0x93,0x00,0x00,0x00,0x00,0x00,
    0x00,0x00,0x05,0xbf,0xff,0xfe,0x90,0x00,0x6d,0xff,0xff,0xd7,0x10,0x00,0x00,0x00,0x00,0x00,0xaf,0xff,0xfb,0x51,0x00,0x00,
    0x00,0x39,0xef,0xff,0xe1,0x00,0x00,0x00,0x00,0x00,0xaf,0xff,0xfb,0x51,0x00,0x00,0x00,0x49,0xef,0xff,0xe1,0x00,0x00,0x00,
    0x00,0x00,0x05,0xbf,0xff,0xfe,0x91,0x00,0x6d,0xff,0xff,0xd7,0x10,0x00,0x00,0x00,0x00,0x00,0x00,0x02,0x7c,0xff,0xf6,0x01,
    0xff,0xfe,0x93,0x00,0x00,0x00,0x00,0x00,0x00,0x00,0x00,0x00,0x00,0x3c,0xfc,0x07,0xff,0x50,0x00,0x00,0x00,0x00,0x00,0x00,
    0x00,0x00,0x00,0x00,0x00,0x06,0xff,0x2c,0xfb,0x00,0x00,0x00,0x00,0x00,0x00,0x00,0x00,0x00,0x00,0x00,0x00,0x01,0xff,0xaf,
    0xf6,0x00,0x00,0x00,0x37,0x10,0x00,0x00,0x00,0x00,0x00,0x00,0x00,0x00,0xaf,0xff,0xe1,0x00,0x00,0x00,0xcf,0x70,0x00,0x00,
    0x00,0x00,0x00,0x00,0x00,0x00,0x4f,0xff,0x90,0x00,0x00,0x00,0xdf,0x80,0x00,0x00,0x00,0x00,0x00,0x00,0x00,0x00,0x0e,0xff,
    0x40,0x00,0x01,0x33,0xdf,0x93,0x30,0x00,0x00,0x00,0x00,0x00,0x00,0x00,0x08,0xfd,0x00,0x00,0x1e,0xff,0xff,0xff,0xfa,0x00,
    0x00,0x00,0x00,0x00,0x00,0x00,0x01,0x73,0x00,0x00,0x1e,0xff,0xff,0xff,0xfa,0x00,0x00,0x00,0x00,0x00,0x00,0x00,0x00,0x00,
    0x00,0x00,0x01,0x33,0xdf,0x93,0x30,0x00,0x00,0x00,0x00,0x00,0x00,0x00,0x00,0x00,0x00,0x00,0x00,0x00,0xdf,0x80,0x00,0x00,
    0x00,0x00,0x00,0x00,0x00,0x00,0x00,0x00,0x00,0x00,0x00,0x00,0xcf,0x70,0x00,0x00,0x00,0x00,0x00,0x00,0x00,0x00,0x00,0x00,
    0x00,0x00,0x00,0x00,0x37,0x10,0x00,0x00,0x00,0x00,0x00,0x00,0x00,0x00,0x00,0x00,0x00,0x00,0x00,0x00,0x00,0x00,0x00,0x00,
    0x00,0x00,0x00,0x00,0x00,0x00,0x00,0x00,0x00,0x00,0x00,0x00,0x00,0x00,0x00,0x00,0x00,0x00,0x00,0x00,0x00,0x00,0x00,0x00,
    0x00,0x00,0x00,0x00,0x00,0x00,0x00,0x00,
};
static const lv_img_dsc_t uk_icon_spark_32 = {
    .header.cf = LV_IMG_CF_ALPHA_4BIT, .header.always_zero = 0,
    .header.w = 32, .header.h = 32,
    .data_size = sizeof(uk_icon_spark_32_map), .data = uk_icon_spark_32_map,
};
static const uint8_t uk_icon_reset_32_map[] = {
    0x00,0x00,0x00,0x00,0x00,0x00,0x00,0x00,0x00,0x00,0x00,0x00,0x00,0x00,0x00,0x00,0x00,0x00,0x00,0x00,0x00,0x00,0x00,0x00,
    0x00,0x00,0x00,0x00,0x00,0x00,0x00,0x00,0x00,0x00,0x00,0x00,0x00,0x00,0x00,0x00,0x00,0x00,0x00,0x00,0x00,0x00,0x00,0x00,
    0x00,0x00,0x05,0x50,0x00,0x00,0x00,0x00,0x00,0x00,0x00,0x00,0x00,0x00,0x00,0x00,0x00,0x00,0x2f,0xf2,0x00,0x00,0x00,0x13,
    0x21,0x00,0x00,0x00,0x00,0x00,0x00,0x00,0x00,0x00,0x3f,0xf3,0x00,0x03,0x9d,0xff,0xff,0xd9,0x40,0x00,0x00,0x00,0x00,0x00,
    0x00,0x00,0x3f,0xf3,0x02,0xbf,0xff,0xff,0xff,0xff,0xfb,0x20,0x00,0x00,0x00,0x00,0x00,0x00,0x3f,0xf3,0x4e,0xff,0xe9,0x54,
    0x45,0x9e,0xff,0xe4,0x00,0x00,0x00,0x00,0x00,0x00,0x3f,0xf5,0xff,0xe7,0x00,0x00,0x00,0x01,0x7e,0xff,0x40,0x00,0x00,0x00,
    0x00,0x00,0x3f,0xfe,0xff,0xfe,0x70,0x00,0x00,0x00,0x03,0xef,0xe2,0x00,0x00,0x00,0x00,0x00,0x2f,0xff,0xff,0xff,0xb0,0x00,
    0x00,0x00,0x00,0x3e,0xfb,0x00,0x00,0x00,0x00,0x00,0x05,0x77,0x77,0x77,0x20,0x00,0x00,0x00,0x00,0x07,0xff,0x40,0x00,0x00,
    0x00,0x00,0x00,0x00,0x00,0x00,0x00,0x00,0x00,0x00,0x00,0x01,0xef,0x90,0x00,0x00,0x00,0x00,0x00,0x00,0x00,0x00,0x00,0x00,
    0x00,0x00,0x00,0x00,0x9f,0xe0,0x00,0x00,0x00,0x00,0x01,0x10,0x00,0x00,0x00,0x00,0x00,0x00,0x00,0x00,0x5f,0xf1,0x00,0x00,
    0x00,0x00,0x1e,0xe1,0x00,0x00,0x00,0x00,0x00,0x00,0x00,0x00,0x3f,0xf3,0x00,0x00,0x00,0x00,0x3f,0xf3,0x00,0x00,0x00,0x00,
    0x00,0x00,0x00,0x00,0x3f,0xf3,0x00,0x00,0x00,0x00,0x1f,0xf5,0x00,0x00,0x00,0x00,0x00,0x00,0x00,0x00,0x5f,0xf1,0x00,0x00,
    0x00,0x00,0x0e,0xf9,0x00,0x00,0x00,0x00,0x00,0x00,0x00,0x00,0x9f,0xe0,0x00,0x00,0x00,0x00,0x09,0xfe,0x00,0x00,0x00,0x00,
    0x00,0x00,0x00,0x00,0xef,0x90,0x00,0x00,0x00,0x00,0x04,0xff,0x70,0x00,0x00,0x00,0x00,0x00,0x00,0x07,0xff,0x40,0x00,0x00,
    0x00,0x00,0x00,0xbf,0xe3,0x00,0x00,0x00,0x00,0x00,0x00,0x3e,0xfb,0x00,0x00,0x00,0x00,0x00,0x00,0x2e,0xfe,0x30,0x00,0x00,
    0x00,0x00,0x03,0xef,0xe2,0x00,0x00,0x00,0x00,0x00,0x00,0x05,0xff,0xe6,0x00,0x00,0x00,0x00,0x7e,0xff,0x50,0x00,0x00,0x00,
    0x00,0x00,0x00,0x00,0x5e,0xff,0xd8,0x53,0x35,0x9d,0xff,0xe5,0x00,0x00,0x00,0x00,0x00,0x00,0x00,0x00,0x02,0xbf,0xff,0xff,
    0xff,0xff,0xfb,0x20,0x00,0x00,0x00,0x00,0x00,0x00,0x00,0x00,0x00,0x04,0x9d,0xff,0xff,0xea,0x40,0x00,0x00,0x00,0x00,0x00,
    0x00,0x00,0x00,0x00,0x00,0x00,0x00,0x13,0x32,0x00,0x00,0x00,0x00,0x00,0x00,0x00,0x00,0x00,0x00,0x00,0x00,0x00,0x00,0x00,
    0x00,0x00,0x00,0x00,0x00,0x00,0x00,0x00,0x00,0x00,0x00,0x00,0x00,0x00,0x00,0x00,0x00,0x00,0x00,0x00,0x00,0x00,0x00,0x00,
    0x00,0x00,0x00,0x00,0x00,0x00,0x00,0x00,0x00,0x00,0x00,0x00,0x00,0x00,0x00,0x00,0x00,0x00,0x00,0x00,0x00,0x00,0x00,0x00,
    0x00,0x00,0x00,0x00,0x00,0x00,0x00,0x00,
};
static const lv_img_dsc_t uk_icon_reset_32 = {
    .header.cf = LV_IMG_CF_ALPHA_4BIT, .header.always_zero = 0,
    .header.w = 32, .header.h = 32,
    .data_size = sizeof(uk_icon_reset_32_map), .data = uk_icon_reset_32_map,
};
static const uint8_t uk_icon_alert_32_map[] = {
    0x00,0x00,0x00,0x00,0x00,0x00,0x00,0x00,0x00,0x00,0x00,0x00,0x00,0x00,0x00,0x00,0x00,0x00,0x00,0x00,0x00,0x00,0x00,0x00,
    0x00,0x00,0x00,0x00,0x00,0x00,0x00,0x00,0x00,0x00,0x00,0x00,0x00,0x00,0x00,0x00,0x00,0x00,0x00,0x00,0x00,0x00,0x00,0x00,
    0x00,0x00,0x00,0x00,0x00,0x00,0x00,0x01,0x10,0x00,0x00,0x00,0x00,0x00,0x00,0x00,0x00,0x00,0x00,0x00,0x00,0x00,0x00,0x2e,
    0xe2,0x00,0x00,0x00,0x00,0x00,0x00,0x00,0x00,0x00,0x00,0x00,0x00,0x00,0x00,0x9f,0xf9,0x00,0x00,0x00,0x00,0x00,0x00,0x00,
    0x00,0x00,0x00,0x00,0x00,0x00,0x03,0xff,0xff,0x30,0x00,0x00,0x00,0x00,0x00,0x00,0x00,0x00,0x00,0x00,0x00,0x00,0x0c,0xfe,
    0xef,0xc0,0x00,0x00,0x00,0x00,0x00,0x00,0x00,0x00,0x00,0x00,0x00,0x00,0x5f,0xf6,0x6f,0xf5,0x00,0x00,0x00,0x00,0x00,0x00,
    0x00,0x00,0x00,0x00,0x00,0x01,0xdf,0xc0,0x0c,0xfd,0x10,0x00,0x00,0x00,0x00,0x00,0x00,0x00,0x00,0x00,0x00,0x07,0xff,0x40,
    0x04,0xff,0x70,0x00,0x00,0x00,0x00,0x00,0x00,0x00,0x00,0x00,0x00,0x2e,0xfa,0x00,0x00,0xaf,0xe2,0x00,0x00,0x00,0x00,0x00,
    0x00,0x00,0x00,0x00,0x00,0xaf,0xf2,0x0a,0xa0,0x2f,0xfa,0x00,0x00,0x00,0x00,0x00,0x00,0x00,0x00,0x00,0x03,0xff,0x80,0x3f,
    0xf3,0x08,0xff,0x30,0x00,0x00,0x00,0x00,0x00,0x00,0x00,0x00,0x0c,0xfe,0x10,0x3f,0xf3,0x01,0xef,0xc0,0x00,0x00,0x00,0x00,
    0x00,0x00,0x00,0x00,0x5f,0xf6,0x00,0x3f,0xf3,0x00,0x6f,0xf5,0x00,0x00,0x00,0x00,0x00,0x00,0x00,0x01,0xdf,0xc0,0x00,0x3f,
    0xf3,0x00,0x0c,0xfd,0x10,0x00,0x00,0x00,0x00,0x00,0x00,0x08,0xff,0x40,0x00,0x3f,0xf3,0x00,0x04,0xff,0x80,0x00,0x00,0x00,
    0x00,0x00,0x00,0x2e,0xfa,0x00,0x00,0x3f,0xf3,0x00,0x00,0xaf,0xe2,0x00,0x00,0x00,0x00,0x00,0x00,0xaf,0xf2,0x00,0x00,0x1e,
    0xe1,0x00,0x00,0x2f,0xfa,0x00,0x00,0x00,0x00,0x00,0x03,0xff,0x80,0x00,0x00,0x01,0x10,0x00,0x00,0x08,0xff,0x30,0x00,0x00,
    0x00,0x00,0x0c,0xfe,0x10,0x00,0x00,0x05,0x50,0x00,0x00,0x01,0xef,0xc0,0x00,0x00,0x00,0x00,0x6f,0xf6,0x00,0x00,0x00,0x2f,
    0xf2,0x00,0x00,0x00,0x6f,0xf6,0x00,0x00,0x00,0x01,0xef,0xc0,0x00,0x00,0x00,0x0a,0xa0,0x00,0x00,0x00,0x0c,0xfe,0x10,0x00,
    0x00,0x08,0xff,0x63,0x33,0x33,0x33,0x33,0x33,0x33,0x33,0x33,0x36,0xff,0x80,0x00,0x00,0x1f,0xff,0xff,0xff,0xff,0xff,0xff,
    0xff,0xff,0xff,0xff,0xff,0xff,0xf1,0x00,0x00,0x1e,0xff,0xff,0xff,0xff,0xff,0xff,0xff,0xff,0xff,0xff,0xff,0xff,0xe1,0x00,
    0x00,0x01,0x33,0x33,0x33,0x33,0x33,0x33,0x33,0x33,0x33,0x33,0x33,0x33,0x10,0x00,0x00,0x00,0x00,0x00,0x00,0x00,0x00,0x00,
    0x00,0x00,0x00,0x00,0x00,0x00,0x00,0x00,0x00,0x00,0x00,0x00,0x00,0x00,0x00,0x00,0x00,0x00,0x00,0x00,0x00,0x00,0x00,0x00,
    0x00,0x00,0x00,0x00,0x00,0x00,0x00,0x00,0x00,0x00,0x00,0x00,0x00,0x00,0x00,0x00,0x00,0x00,0x00,0x00,0x00,0x00,0x00,0x00,
    0x00,0x00,0x00,0x00,0x00,0x00,0x00,0x00,
};
static const lv_img_dsc_t uk_icon_alert_32 = {
    .header.cf = LV_IMG_CF_ALPHA_4BIT, .header.always_zero = 0,
    .header.w = 32, .header.h = 32,
    .data_size = sizeof(uk_icon_alert_32_map), .data = uk_icon_alert_32_map,
};
static const uint8_t uk_icon_update_32_map[] = {
    0x00,0x00,0x00,0x00,0x00,0x00,0x00,0x00,0x00,0x00,0x00,0x00,0x00,0x00,0x00,0x00,0x00,0x00,0x00,0x00,0x00,0x00,0x00,0x00,
    0x00,0x00,0x00,0x00,0x00,0x00,0x00,0x00,0x00,0x00,0x00,0x00,0x00,0x00,0x00,0x00,0x00,0x00,0x00,0x00,0x00,0x00,0x00,0x00,
    0x00,0x00,0x00,0x00,0x00,0x00,0x00,0x05,0x50,0x00,0x00,0x00,0x00,0x00,0x00,0x00,0x00,0x00,0x00,0x00,0x00,0x00,0x00,0x2f,
    0xf2,0x00,0x00,0x00,0x00,0x00,0x00,0x00,0x00,0x00,0x00,0x00,0x00,0x00,0x00,0x3f,0xf3,0x00,0x00,0x00,0x00,0x00,0x00,0x00,
    0x00,0x00,0x00,0x00,0x00,0x00,0x00,0x3f,0xf3,0x00,0x00,0x00,0x00,0x00,0x00,0x00,0x00,0x00,0x00,0x00,0x00,0x00,0x00,0x3f,
    0xf3,0x00,0x00,0x00,0x00,0x00,0x00,0x00,0x00,0x00,0x00,0x00,0x00,0x00,0x00,0x3f,0xf3,0x00,0x00,0x00,0x00,0x00,0x00,0x00,
    0x00,0x00,0x00,0x00,0x00,0x00,0x00,0x3f,0xf3,0x00,0x00,0x00,0x00,0x00,0x00,0x00,0x00,0x00,0x00,0x00,0x00,0x00,0x00,0x3f,
    0xf3,0x00,0x00,0x00,0x00,0x00,0x00,0x00,0x00,0x00,0x00,0x00,0x00,0x00,0x00,0x3f,0xf3,0x00,0x00,0x00,0x00,0x00,0x00,0x00,
    0x00,0x00,0x00,0x00,0x0a,0xa1,0x00,0x3f,0xf3,0x00,0x1a,0xa0,0x00,0x00,0x00,0x00,0x00,0x00,0x00,0x00,0x2f,0xfc,0x10,0x3f,
    0xf3,0x01,0xcf,0xf2,0x00,0x00,0x00,0x00,0x00,0x00,0x00,0x00,0x08,0xff,0xc1,0x3f,0xf3,0x1c,0xff,0x80,0x00,0x00,0x00,0x00,
    0x00,0x00,0x00,0x00,0x00,0x8f,0xfc,0x4f,0xf4,0xcf,0xf8,0x00,0x00,0x00,0x00,0x00,0x00,0x00,0x00,0x00,0x00,0x08,0xff,0xdf,
    0xfd,0xff,0x80,0x00,0x00,0x00,0x00,0x00,0x00,0x00,0x00,0x00,0x00,0x00,0x8f,0xff,0xff,0xf8,0x00,0x00,0x00,0x00,0x00,0x00,
    0x00,0x00,0x00,0x00,0x00,0x00,0x08,0xff,0xff,0x80,0x00,0x00,0x00,0x00,0x00,0x00,0x00,0x00,0x00,0x00,0x00,0x00,0x00,0x8f,
    0xf8,0x00,0x00,0x00,0x00,0x00,0x00,0x00,0x00,0x00,0x00,0x00,0x00,0x00,0x00,0x06,0x60,0x00,0x00,0x00,0x00,0x00,0x00,0x00,
    0x00,0x00,0x00,0x00,0x00,0x00,0x00,0x00,0x00,0x00,0x00,0x00,0x00,0x00,0x00,0x00,0x00,0x00,0x00,0x00,0x00,0x00,0x00,0x00,
    0x00,0x00,0x00,0x00,0x00,0x00,0x00,0x00,0x00,0x00,0x00,0x00,0x00,0x00,0x00,0x00,0x00,0x00,0x00,0x00,0x00,0x00,0x00,0x00,
    0x00,0x00,0x00,0x00,0x00,0x00,0x00,0x00,0x00,0x00,0x00,0x00,0x00,0x00,0x00,0x00,0x00,0x00,0x05,0x88,0x88,0x88,0x88,0x88,
    0x88,0x88,0x88,0x88,0x88,0x50,0x00,0x00,0x00,0x00,0x2f,0xff,0xff,0xff,0xff,0xff,0xff,0xff,0xff,0xff,0xff,0xf2,0x00,0x00,
    0x00,0x00,0x0a,0xdd,0xdd,0xdd,0xdd,0xdd,0xdd,0xdd,0xdd,0xdd,0xdd,0xa0,0x00,0x00,0x00,0x00,0x00,0x00,0x00,0x00,0x00,0x00,
    0x00,0x00,0x00,0x00,0x00,0x00,0x00,0x00,0x00,0x00,0x00,0x00,0x00,0x00,0x00,0x00,0x00,0x00,0x00,0x00,0x00,0x00,0x00,0x00,
    0x00,0x00,0x00,0x00,0x00,0x00,0x00,0x00,0x00,0x00,0x00,0x00,0x00,0x00,0x00,0x00,0x00,0x00,0x00,0x00,0x00,0x00,0x00,0x00,
    0x00,0x00,0x00,0x00,0x00,0x00,0x00,0x00,
};
static const lv_img_dsc_t uk_icon_update_32 = {
    .header.cf = LV_IMG_CF_ALPHA_4BIT, .header.always_zero = 0,
    .header.w = 32, .header.h = 32,
    .data_size = sizeof(uk_icon_update_32_map), .data = uk_icon_update_32_map,
};
static const uint8_t uk_icon_card_32_map[] = {
    0x00,0x00,0x00,0x00,0x00,0x00,0x00,0x00,0x00,0x00,0x00,0x00,0x00,0x00,0x00,0x00,0x00,0x00,0x00,0x00,0x00,0x00,0x00,0x00,
    0x00,0x00,0x00,0x00,0x00,0x00,0x00,0x00,0x00,0x00,0x00,0x00,0x03,0x33,0x33,0x33,0x33,0x33,0x30,0x00,0x00,0x00,0x00,0x00,
    0x00,0x00,0x00,0x00,0xaf,0xff,0xff,0xff,0xff,0xff,0xfc,0x10,0x00,0x00,0x00,0x00,0x00,0x00,0x00,0x00,0xdf,0xff,0xff,0xff,
    0xff,0xff,0xff,0xc1,0x00,0x00,0x00,0x00,0x00,0x00,0x00,0x00,0xdf,0x93,0xdf,0x93,0xdf,0x93,0xcf,0xfc,0x10,0x00,0x00,0x00,
    0x00,0x00,0x00,0x00,0xdf,0x80,0xdf,0x80,0xdf,0x80,0xdf,0xff,0xc1,0x00,0x00,0x00,0x00,0x00,0x00,0x00,0xdf,0x80,0xdf,0x80,
    0xdf,0x80,0xdf,0xef,0xfc,0x10,0x00,0x00,0x00,0x00,0x00,0x00,0xdf,0x80,0xdf,0x80,0xdf,0x80,0xdf,0x88,0xff,0x70,0x00,0x00,
    0x00,0x00,0x00,0x00,0xdf,0x80,0x6c,0x30,0x6c,0x30,0x6c,0x30,0xdf,0x80,0x00,0x00,0x00,0x00,0x00,0x00,0xdf,0x80,0x00,0x00,
    0x00,0x00,0x00,0x00,0xdf,0x80,0x00,0x00,0x00,0x00,0x00,0x00,0xdf,0x80,0x00,0x00,0x00,0x00,0x00,0x00,0xdf,0x80,0x00,0x00,
    0x00,0x00,0x00,0x00,0xdf,0x80,0x00,0x00,0x00,0x00,0x00,0x00,0xdf,0x80,0x00,0x00,0x00,0x00,0x00,0x00,0xdf,0x80,0x00,0x00,
    0x00,0x00,0x00,0x00,0xdf,0x80,0x00,0x00,0x00,0x00,0x00,0x00,0xdf,0x80,0x00,0x00,0x00,0x00,0x00,0x00,0xdf,0x80,0x00,0x00,
    0x00,0x00,0x00,0x00,0xdf,0x80,0x00,0x00,0x00,0x00,0x00,0x00,0xdf,0x80,0x00,0x00,0x00,0x00,0x00,0x00,0xdf,0x80,0x00,0x00,
    0x00,0x00,0x00,0x00,0xdf,0x80,0x00,0x00,0x00,0x00,0x00,0x00,0xdf,0x80,0x00,0x00,0x00,0x00,0x00,0x00,0xdf,0x80,0x00,0x00,
    0x00,0x00,0x00,0x00,0xdf,0x80,0x00,0x00,0x00,0x00,0x00,0x00,0xdf,0x80,0x00,0x00,0x00,0x00,0x00,0x00,0xdf,0x80,0x00,0x00,
    0x00,0x00,0x00,0x00,0xdf,0x80,0x00,0x00,0x00,0x00,0x00,0x00,0xdf,0x80,0x00,0x00,0x00,0x00,0x00,0x00,0xdf,0x80,0x00,0x00,
    0x00,0x00,0x00,0x00,0xdf,0x80,0x00,0x00,0x00,0x00,0x00,0x00,0xdf,0x80,0x00,0x00,0x00,0x00,0x00,0x00,0xdf,0x80,0x00,0x00,
    0x00,0x00,0x00,0x00,0xdf,0x80,0x00,0x00,0x00,0x00,0x00,0x00,0xdf,0x80,0x00,0x00,0x00,0x00,0x00,0x00,0xdf,0x80,0x00,0x00,
    0x00,0x00,0x00,0x00,0xdf,0x80,0x00,0x00,0x00,0x00,0x00,0x00,0xdf,0x80,0x00,0x00,0x00,0x00,0x00,0x00,0xdf,0x80,0x00,0x00,
    0x00,0x00,0x00,0x00,0xdf,0x80,0x00,0x00,0x00,0x00,0x00,0x00,0xdf,0x93,0x33,0x33,0x33,0x33,0x33,0x33,0xdf,0x80,0x00,0x00,
    0x00,0x00,0x00,0x00,0xdf,0xff,0xff,0xff,0xff,0xff,0xff,0xff,0xff,0x80,0x00,0x00,0x00,0x00,0x00,0x00,0xaf,0xff,0xff,0xff,
    0xff,0xff,0xff,0xff,0xff,0x50,0x00,0x00,0x00,0x00,0x00,0x00,0x03,0x33,0x33,0x33,0x33,0x33,0x33,0x33,0x32,0x00,0x00,0x00,
    0x00,0x00,0x00,0x00,0x00,0x00,0x00,0x00,0x00,0x00,0x00,0x00,0x00,0x00,0x00,0x00,0x00,0x00,0x00,0x00,0x00,0x00,0x00,0x00,
    0x00,0x00,0x00,0x00,0x00,0x00,0x00,0x00,
};
static const lv_img_dsc_t uk_icon_card_32 = {
    .header.cf = LV_IMG_CF_ALPHA_4BIT, .header.always_zero = 0,
    .header.w = 32, .header.h = 32,
    .data_size = sizeof(uk_icon_card_32_map), .data = uk_icon_card_32_map,
};
static const uint8_t uk_icon_dim_32_map[] = {
    0x00,0x00,0x00,0x00,0x00,0x00,0x00,0x00,0x00,0x00,0x00,0x00,0x00,0x00,0x00,0x00,0x00,0x00,0x00,0x00,0x00,0x00,0x00,0x00,
    0x00,0x00,0x00,0x00,0x00,0x00,0x00,0x00,0x00,0x00,0x00,0x00,0x00,0x00,0x00,0x00,0x00,0x00,0x00,0x00,0x00,0x00,0x00,0x00,
    0x00,0x00,0x00,0x00,0x00,0x00,0x00,0x00,0x00,0x00,0x01,0x73,0x00,0x00,0x00,0x00,0x00,0x00,0x00,0x00,0x00,0x07,0xc7,0x00,
    0x00,0x00,0x07,0xfc,0x00,0x00,0x00,0x00,0x00,0x00,0x00,0x00,0x03,0xdf,0xfc,0x00,0x00,0x01,0x7c,0xfe,0x83,0x00,0x00,0x00,
    0x00,0x00,0x00,0x00,0x4e,0xff,0xf4,0x00,0x00,0x07,0xff,0xff,0xfc,0x00,0x00,0x00,0x00,0x00,0x00,0x03,0xff,0xff,0x70,0x00,
    0x00,0x03,0xce,0xff,0xd6,0x00,0x00,0x00,0x00,0x00,0x00,0x1d,0xff,0xfd,0x00,0x00,0x00,0x00,0x08,0xfd,0x00,0x00,0x00,0x00,
    0x00,0x00,0x00,0x8f,0xff,0xf6,0x00,0x00,0x00,0x00,0x03,0xc6,0x00,0x00,0x00,0x00,0x00,0x00,0x01,0xff,0xdf,0xf2,0x00,0x00,
    0x00,0x00,0x00,0x00,0x00,0x00,0x00,0x00,0x00,0x00,0x06,0xff,0x8f,0xf0,0x00,0x00,0x00,0x00,0x00,0x00,0x00,0x00,0x00,0x00,
    0x00,0x00,0x0a,0xfc,0x6f,0xf0,0x00,0x00,0x00,0x00,0x00,0x00,0x00,0x00,0x00,0x00,0x00,0x00,0x0d,0xf8,0x5f,0xf1,0x00,0x00,
    0x00,0x00,0x00,0x00,0x00,0x00,0x00,0x00,0x00,0x00,0x0f,0xf6,0x3f,0xf3,0x00,0x00,0x00,0x00,0x00,0x00,0x00,0x00,0x00,0x00,
    0x00,0x00,0x0f,0xf6,0x0e,0xf8,0x00,0x00,0x00,0x00,0x00,0x00,0x00,0x00,0x00,0x00,0x00,0x00,0x0e,0xf8,0x09,0xfe,0x10,0x00,
    0x00,0x00,0x00,0x00,0x00,0x00,0x00,0x00,0x00,0x00,0x0b,0xfb,0x02,0xff,0xa0,0x00,0x00,0x00,0x00,0x00,0x00,0x00,0x00,0x00,
    0x00,0x00,0x08,0xfe,0x10,0x8f,0xf8,0x00,0x00,0x00,0x00,0x00,0x04,0xc7,0x00,0x00,0x00,0x00,0x02,0xff,0x70,0x0b,0xff,0xa1,
    0x00,0x00,0x00,0x00,0x6f,0xfc,0x00,0x00,0x00,0x00,0x00,0xbf,0xe2,0x01,0xcf,0xfe,0x94,0x10,0x02,0x6c,0xff,0xf6,0x00,0x00,
    0x00,0x00,0x00,0x3f,0xfc,0x10,0x08,0xff,0xff,0xff,0xff,0xff,0xff,0xd0,0x00,0x00,0x00,0x00,0x00,0x06,0xff,0xc2,0x00,0x39,
    0xef,0xff,0xff,0xff,0xfe,0x30,0x00,0x00,0x00,0x00,0x00,0x00,0x8f,0xfe,0x71,0x00,0x03,0x56,0x8e,0xff,0xf4,0x00,0x00,0x00,
    0x00,0x00,0x00,0x00,0x07,0xff,0xfe,0xb8,0x66,0x8c,0xff,0xfd,0x40,0x00,0x00,0x00,0x00,0x00,0x00,0x00,0x00,0x3b,0xff,0xff,
    0xff,0xff,0xff,0x91,0x00,0x00,0x00,0x00,0x00,0x00,0x00,0x00,0x00,0x00,0x28,0xbe,0xfe,0xda,0x61,0x00,0x00,0x00,0x00,0x00,
    0x00,0x00,0x00,0x00,0x00,0x00,0x00,0x00,0x00,0x00,0x00,0x00,0x00,0x00,0x00,0x00,0x00,0x00,0x00,0x00,0x00,0x00,0x00,0x00,
    0x00,0x00,0x00,0x00,0x00,0x00,0x00,0x00,0x00,0x00,0x00,0x00,0x00,0x00,0x00,0x00,0x00,0x00,0x00,0x00,0x00,0x00,0x00,0x00,
    0x00,0x00,0x00,0x00,0x00,0x00,0x00,0x00,0x00,0x00,0x00,0x00,0x00,0x00,0x00,0x00,0x00,0x00,0x00,0x00,0x00,0x00,0x00,0x00,
    0x00,0x00,0x00,0x00,0x00,0x00,0x00,0x00,
};
static const lv_img_dsc_t uk_icon_dim_32 = {
    .header.cf = LV_IMG_CF_ALPHA_4BIT, .header.always_zero = 0,
    .header.w = 32, .header.h = 32,
    .data_size = sizeof(uk_icon_dim_32_map), .data = uk_icon_dim_32_map,
};
static const uint8_t uk_icon_stop_32_map[] = {
    0x00,0x00,0x00,0x00,0x00,0x00,0x00,0x00,0x00,0x00,0x00,0x00,0x00,0x00,0x00,0x00,0x00,0x00,0x00,0x00,0x00,0x00,0x00,0x00,
    0x00,0x00,0x00,0x00,0x00,0x00,0x00,0x00,0x00,0x00,0x00,0x00,0x00,0x00,0x00,0x00,0x00,0x00,0x00,0x00,0x00,0x00,0x00,0x00,
    0x00,0x00,0x00,0x00,0x00,0x00,0x00,0x00,0x00,0x00,0x00,0x00,0x00,0x00,0x00,0x00,0x00,0x00,0x00,0x00,0x00,0x00,0x00,0x00,
    0x00,0x00,0x00,0x00,0x00,0x00,0x00,0x00,0x00,0x00,0x00,0x00,0x00,0x00,0x00,0x00,0x00,0x00,0x00,0x00,0x00,0x00,0x00,0x00,
    0x00,0x00,0x00,0x00,0x00,0x00,0x00,0x00,0x00,0x00,0x00,0x00,0x00,0x00,0x00,0x00,0x00,0x00,0x00,0x00,0x00,0x00,0x00,0x00,
    0x00,0x00,0x00,0x00,0x00,0x00,0x00,0x00,0x00,0x00,0x00,0x00,0x1b,0xff,0xff,0xff,0xff,0xff,0xff,0xb1,0x00,0x00,0x00,0x00,
    0x00,0x00,0x00,0x00,0xaf,0xff,0xff,0xff,0xff,0xff,0xff,0xfa,0x00,0x00,0x00,0x00,0x00,0x00,0x00,0x00,0xff,0xff,0xff,0xff,
    0xff,0xff,0xff,0xff,0x00,0x00,0x00,0x00,0x00,0x00,0x00,0x00,0xff,0xff,0xff,0xff,0xff,0xff,0xff,0xff,0x00,0x00,0x00,0x00,
    0x00,0x00,0x00,0x00,0xff,0xff,0xff,0xff,0xff,0xff,0xff,0xff,0x00,0x00,0x00,0x00,0x00,0x00,0x00,0x00,0xff,0xff,0xff,0xff,
    0xff,0xff,0xff,0xff,0x00,0x00,0x00,0x00,0x00,0x00,0x00,0x00,0xff,0xff,0xff,0xff,0xff,0xff,0xff,0xff,0x00,0x00,0x00,0x00,
    0x00,0x00,0x00,0x00,0xff,0xff,0xff,0xff,0xff,0xff,0xff,0xff,0x00,0x00,0x00,0x00,0x00,0x00,0x00,0x00,0xff,0xff,0xff,0xff,
    0xff,0xff,0xff,0xff,0x00,0x00,0x00,0x00,0x00,0x00,0x00,0x00,0xff,0xff,0xff,0xff,0xff,0xff,0xff,0xff,0x00,0x00,0x00,0x00,
    0x00,0x00,0x00,0x00,0xff,0xff,0xff,0xff,0xff,0xff,0xff,0xff,0x00,0x00,0x00,0x00,0x00,0x00,0x00,0x00,0xff,0xff,0xff,0xff,
    0xff,0xff,0xff,0xff,0x00,0x00,0x00,0x00,0x00,0x00,0x00,0x00,0xff,0xff,0xff,0xff,0xff,0xff,0xff,0xff,0x00,0x00,0x00,0x00,
    0x00,0x00,0x00,0x00,0xff,0xff,0xff,0xff,0xff,0xff,0xff,0xff,0x00,0x00,0x00,0x00,0x00,0x00,0x00,0x00,0xaf,0xff,0xff,0xff,
    0xff,0xff,0xff,0xfa,0x00,0x00,0x00,0x00,0x00,0x00,0x00,0x00,0x1b,0xff,0xff,0xff,0xff,0xff,0xff,0xb1,0x00,0x00,0x00,0x00,
    0x00,0x00,0x00,0x00,0x00,0x00,0x00,0x00,0x00,0x00,0x00,0x00,0x00,0x00,0x00,0x00,0x00,0x00,0x00,0x00,0x00,0x00,0x00,0x00,
    0x00,0x00,0x00,0x00,0x00,0x00,0x00,0x00,0x00,0x00,0x00,0x00,0x00,0x00,0x00,0x00,0x00,0x00,0x00,0x00,0x00,0x00,0x00,0x00,
    0x00,0x00,0x00,0x00,0x00,0x00,0x00,0x00,0x00,0x00,0x00,0x00,0x00,0x00,0x00,0x00,0x00,0x00,0x00,0x00,0x00,0x00,0x00,0x00,
    0x00,0x00,0x00,0x00,0x00,0x00,0x00,0x00,0x00,0x00,0x00,0x00,0x00,0x00,0x00,0x00,0x00,0x00,0x00,0x00,0x00,0x00,0x00,0x00,
    0x00,0x00,0x00,0x00,0x00,0x00,0x00,0x00,0x00,0x00,0x00,0x00,0x00,0x00,0x00,0x00,0x00,0x00,0x00,0x00,0x00,0x00,0x00,0x00,
    0x00,0x00,0x00,0x00,0x00,0x00,0x00,0x00,
};
static const lv_img_dsc_t uk_icon_stop_32 = {
    .header.cf = LV_IMG_CF_ALPHA_4BIT, .header.always_zero = 0,
    .header.w = 32, .header.h = 32,
    .data_size = sizeof(uk_icon_stop_32_map), .data = uk_icon_stop_32_map,
};
static const uint8_t uk_icon_plus_32_map[] = {
    0x00,0x00,0x00,0x00,0x00,0x00,0x00,0x00,0x00,0x00,0x00,0x00,0x00,0x00,0x00,0x00,0x00,0x00,0x00,0x00,0x00,0x00,0x00,0x00,
    0x00,0x00,0x00,0x00,0x00,0x00,0x00,0x00,0x00,0x00,0x00,0x00,0x00,0x00,0x00,0x00,0x00,0x00,0x00,0x00,0x00,0x00,0x00,0x00,
    0x00,0x00,0x00,0x00,0x00,0x00,0x00,0x00,0x00,0x00,0x00,0x00,0x00,0x00,0x00,0x00,0x00,0x00,0x00,0x00,0x00,0x00,0x00,0x00,
    0x00,0x00,0x00,0x00,0x00,0x00,0x00,0x00,0x00,0x00,0x00,0x00,0x00,0x00,0x00,0x05,0x50,0x00,0x00,0x00,0x00,0x00,0x00,0x00,
    0x00,0x00,0x00,0x00,0x00,0x00,0x00,0x2f,0xf2,0x00,0x00,0x00,0x00,0x00,0x00,0x00,0x00,0x00,0x00,0x00,0x00,0x00,0x00,0x3f,
    0xf3,0x00,0x00,0x00,0x00,0x00,0x00,0x00,0x00,0x00,0x00,0x00,0x00,0x00,0x00,0x3f,0xf3,0x00,0x00,0x00,0x00,0x00,0x00,0x00,
    0x00,0x00,0x00,0x00,0x00,0x00,0x00,0x3f,0xf3,0x00,0x00,0x00,0x00,0x00,0x00,0x00,0x00,0x00,0x00,0x00,0x00,0x00,0x00,0x3f,
    0xf3,0x00,0x00,0x00,0x00,0x00,0x00,0x00,0x00,0x00,0x00,0x00,0x00,0x00,0x00,0x3f,0xf3,0x00,0x00,0x00,0x00,0x00,0x00,0x00,
    0x00,0x00,0x00,0x00,0x00,0x00,0x00,0x3f,0xf3,0x00,0x00,0x00,0x00,0x00,0x00,0x00,0x00,0x00,0x00,0x00,0x00,0x00,0x00,0x3f,
    0xf3,0x00,0x00,0x00,0x00,0x00,0x00,0x00,0x00,0x00,0x00,0x23,0x33,0x33,0x33,0x5f,0xf5,0x33,0x33,0x33,0x32,0x00,0x00,0x00,
    0x00,0x00,0x05,0xff,0xff,0xff,0xff,0xff,0xff,0xff,0xff,0xff,0xff,0x50,0x00,0x00,0x00,0x00,0x05,0xff,0xff,0xff,0xff,0xff,
    0xff,0xff,0xff,0xff,0xff,0x50,0x00,0x00,0x00,0x00,0x00,0x23,0x33,0x33,0x33,0x5f,0xf5,0x33,0x33,0x33,0x32,0x00,0x00,0x00,
    0x00,0x00,0x00,0x00,0x00,0x00,0x00,0x3f,0xf3,0x00,0x00,0x00,0x00,0x00,0x00,0x00,0x00,0x00,0x00,0x00,0x00,0x00,0x00,0x3f,
    0xf3,0x00,0x00,0x00,0x00,0x00,0x00,0x00,0x00,0x00,0x00,0x00,0x00,0x00,0x00,0x3f,0xf3,0x00,0x00,0x00,0x00,0x00,0x00,0x00,
    0x00,0x00,0x00,0x00,0x00,0x00,0x00,0x3f,0xf3,0x00,0x00,0x00,0x00,0x00,0x00,0x00,0x00,0x00,0x00,0x00,0x00,0x00,0x00,0x3f,
    0xf3,0x00,0x00,0x00,0x00,0x00,0x00,0x00,0x00,0x00,0x00,0x00,0x00,0x00,0x00,0x3f,0xf3,0x00,0x00,0x00,0x00,0x00,0x00,0x00,
    0x00,0x00,0x00,0x00,0x00,0x00,0x00,0x3f,0xf3,0x00,0x00,0x00,0x00,0x00,0x00,0x00,0x00,0x00,0x00,0x00,0x00,0x00,0x00,0x2f,
    0xf2,0x00,0x00,0x00,0x00,0x00,0x00,0x00,0x00,0x00,0x00,0x00,0x00,0x00,0x00,0x06,0x60,0x00,0x00,0x00,0x00,0x00,0x00,0x00,
    0x00,0x00,0x00,0x00,0x00,0x00,0x00,0x00,0x00,0x00,0x00,0x00,0x00,0x00,0x00,0x00,0x00,0x00,0x00,0x00,0x00,0x00,0x00,0x00,
    0x00,0x00,0x00,0x00,0x00,0x00,0x00,0x00,0x00,0x00,0x00,0x00,0x00,0x00,0x00,0x00,0x00,0x00,0x00,0x00,0x00,0x00,0x00,0x00,
    0x00,0x00,0x00,0x00,0x00,0x00,0x00,0x00,0x00,0x00,0x00,0x00,0x00,0x00,0x00,0x00,0x00,0x00,0x00,0x00,0x00,0x00,0x00,0x00,
    0x00,0x00,0x00,0x00,0x00,0x00,0x00,0x00,
};
static const lv_img_dsc_t uk_icon_plus_32 = {
    .header.cf = LV_IMG_CF_ALPHA_4BIT, .header.always_zero = 0,
    .header.w = 32, .header.h = 32,
    .data_size = sizeof(uk_icon_plus_32_map), .data = uk_icon_plus_32_map,
};
static const uint8_t uk_icon_list_32_map[] = {
    0x00,0x00,0x00,0x00,0x00,0x00,0x00,0x00,0x00,0x00,0x00,0x00,0x00,0x00,0x00,0x00,0x00,0x00,0x00,0x00,0x00,0x00,0x00,0x00,
    0x00,0x00,0x00,0x00,0x00,0x00,0x00,0x00,0x00,0x00,0x00,0x00,0x00,0x00,0x00,0x00,0x00,0x00,0x00,0x00,0x00,0x00,0x00,0x00,
    0x00,0x00,0x00,0x00,0x00,0x00,0x00,0x00,0x00,0x00,0x00,0x00,0x00,0x00,0x00,0x00,0x00,0x00,0x00,0x00,0x00,0x00,0x00,0x00,
    0x00,0x00,0x00,0x00,0x00,0x00,0x00,0x00,0x00,0x00,0x05,0x50,0x00,0x00,0x00,0x00,0x00,0x00,0x00,0x00,0x00,0x00,0x00,0x00,
    0x00,0x00,0xcf,0xfc,0x00,0x01,0x33,0x33,0x33,0x33,0x33,0x33,0x33,0x30,0x00,0x00,0x00,0x05,0xff,0xff,0x50,0x1e,0xff,0xff,
    0xff,0xff,0xff,0xff,0xff,0xfa,0x00,0x00,0x00,0x05,0xff,0xff,0x50,0x1e,0xff,0xff,0xff,0xff,0xff,0xff,0xff,0xfa,0x00,0x00,
    0x00,0x00,0xcf,0xfc,0x00,0x01,0x33,0x33,0x33,0x33,0x33,0x33,0x33,0x30,0x00,0x00,0x00,0x00,0x05,0x50,0x00,0x00,0x00,0x00,
    0x00,0x00,0x00,0x00,0x00,0x00,0x00,0x00,0x00,0x00,0x00,0x00,0x00,0x00,0x00,0x00,0x00,0x00,0x00,0x00,0x00,0x00,0x00,0x00,
    0x00,0x00,0x00,0x00,0x00,0x00,0x00,0x00,0x00,0x00,0x00,0x00,0x00,0x00,0x00,0x00,0x00,0x00,0x05,0x50,0x00,0x00,0x00,0x00,
    0x00,0x00,0x00,0x00,0x00,0x00,0x00,0x00,0x00,0x00,0xcf,0xfc,0x00,0x01,0x33,0x33,0x33,0x33,0x33,0x33,0x33,0x30,0x00,0x00,
    0x00,0x05,0xff,0xff,0x50,0x1e,0xff,0xff,0xff,0xff,0xff,0xff,0xff,0xfa,0x00,0x00,0x00,0x05,0xff,0xff,0x50,0x1e,0xff,0xff,
    0xff,0xff,0xff,0xff,0xff,0xfa,0x00,0x00,0x00,0x00,0xcf,0xfc,0x00,0x01,0x33,0x33,0x33,0x33,0x33,0x33,0x33,0x30,0x00,0x00,
    0x00,0x00,0x05,0x50,0x00,0x00,0x00,0x00,0x00,0x00,0x00,0x00,0x00,0x00,0x00,0x00,0x00,0x00,0x00,0x00,0x00,0x00,0x00,0x00,
    0x00,0x00,0x00,0x00,0x00,0x00,0x00,0x00,0x00,0x00,0x00,0x00,0x00,0x00,0x00,0x00,0x00,0x00,0x00,0x00,0x00,0x00,0x00,0x00,
    0x00,0x00,0x05,0x50,0x00,0x00,0x00,0x00,0x00,0x00,0x00,0x00,0x00,0x00,0x00,0x00,0x00,0x00,0xcf,0xfc,0x00,0x01,0x33,0x33,
    0x33,0x33,0x33,0x33,0x33,0x30,0x00,0x00,0x00,0x05,0xff,0xff,0x50,0x1e,0xff,0xff,0xff,0xff,0xff,0xff,0xff,0xfa,0x00,0x00,
    0x00,0x05,0xff,0xff,0x50,0x1e,0xff,0xff,0xff,0xff,0xff,0xff,0xff,0xfa,0x00,0x00,0x00,0x00,0xcf,0xfc,0x00,0x01,0x33,0x33,
    0x33,0x33,0x33,0x33,0x33,0x30,0x00,0x00,0x00,0x00,0x05,0x50,0x00,0x00,0x00,0x00,0x00,0x00,0x00,0x00,0x00,0x00,0x00,0x00,
    0x00,0x00,0x00,0x00,0x00,0x00,0x00,0x00,0x00,0x00,0x00,0x00,0x00,0x00,0x00,0x00,0x00,0x00,0x00,0x00,0x00,0x00,0x00,0x00,
    0x00,0x00,0x00,0x00,0x00,0x00,0x00,0x00,0x00,0x00,0x00,0x00,0x00,0x00,0x00,0x00,0x00,0x00,0x00,0x00,0x00,0x00,0x00,0x00,
    0x00,0x00,0x00,0x00,0x00,0x00,0x00,0x00,0x00,0x00,0x00,0x00,0x00,0x00,0x00,0x00,0x00,0x00,0x00,0x00,0x00,0x00,0x00,0x00,
    0x00,0x00,0x00,0x00,0x00,0x00,0x00,0x00,
};
static const lv_img_dsc_t uk_icon_list_32 = {
    .header.cf = LV_IMG_CF_ALPHA_4BIT, .header.always_zero = 0,
    .header.w = 32, .header.h = 32,
    .data_size = sizeof(uk_icon_list_32_map), .data = uk_icon_list_32_map,
};
static const uint8_t uk_icon_clock_32_map[] = {
    0x00,0x00,0x00,0x00,0x00,0x00,0x00,0x00,0x00,0x00,0x00,0x00,0x00,0x00,0x00,0x00,0x00,0x00,0x00,0x00,0x00,0x00,0x00,0x00,
    0x00,0x00,0x00,0x00,0x00,0x00,0x00,0x00,0x00,0x00,0x00,0x00,0x00,0x00,0x00,0x12,0x21,0x00,0x00,0x00,0x00,0x00,0x00,0x00,
    0x00,0x00,0x00,0x00,0x00,0x16,0xbe,0xff,0xff,0xeb,0x61,0x00,0x00,0x00,0x00,0x00,0x00,0x00,0x00,0x00,0x07,0xef,0xff,0xff,
    0xff,0xff,0xfe,0x70,0x00,0x00,0x00,0x00,0x00,0x00,0x00,0x02,0xcf,0xff,0xc7,0x53,0x35,0x7c,0xff,0xfc,0x20,0x00,0x00,0x00,
    0x00,0x00,0x00,0x3e,0xff,0xb3,0x00,0x00,0x00,0x00,0x3b,0xff,0xe3,0x00,0x00,0x00,0x00,0x00,0x02,0xef,0xf6,0x00,0x00,0x00,
    0x00,0x00,0x00,0x6f,0xfe,0x20,0x00,0x00,0x00,0x00,0x0c,0xff,0x40,0x00,0x00,0x0a,0xa0,0x00,0x00,0x04,0xff,0xc0,0x00,0x00,
    0x00,0x00,0x7f,0xf6,0x00,0x00,0x00,0x3f,0xf3,0x00,0x00,0x00,0x6f,0xf7,0x00,0x00,0x00,0x01,0xef,0xb0,0x00,0x00,0x00,0x3f,
    0xf3,0x00,0x00,0x00,0x0b,0xfe,0x10,0x00,0x00,0x06,0xff,0x30,0x00,0x00,0x00,0x3f,0xf3,0x00,0x00,0x00,0x03,0xff,0x60,0x00,
    0x00,0x0b,0xfc,0x00,0x00,0x00,0x00,0x3f,0xf3,0x00,0x00,0x00,0x00,0xcf,0xb0,0x00,0x00,0x0e,0xf8,0x00,0x00,0x00,0x00,0x3f,
    0xf3,0x00,0x00,0x00,0x00,0x8f,0xe0,0x00,0x00,0x2f,0xf5,0x00,0x00,0x00,0x00,0x3f,0xf3,0x00,0x00,0x00,0x00,0x5f,0xf2,0x00,
    0x00,0x3f,0xf3,0x00,0x00,0x00,0x00,0x3f,0xf8,0x00,0x00,0x00,0x00,0x3f,0xf3,0x00,0x00,0x3f,0xf3,0x00,0x00,0x00,0x00,0x1e,
    0xff,0xd3,0x00,0x00,0x00,0x3f,0xf3,0x00,0x00,0x2f,0xf5,0x00,0x00,0x00,0x00,0x02,0xbf,0xff,0x91,0x00,0x00,0x5f,0xf2,0x00,
    0x00,0x0e,0xf8,0x00,0x00,0x00,0x00,0x00,0x05,0xef,0xf6,0x00,0x00,0x8f,0xe0,0x00,0x00,0x0b,0xfc,0x00,0x00,0x00,0x00,0x00,
    0x00,0x19,0xc2,0x00,0x00,0xcf,0xb0,0x00,0x00,0x06,0xff,0x30,0x00,0x00,0x00,0x00,0x00,0x00,0x00,0x00,0x03,0xff,0x60,0x00,
    0x00,0x01,0xef,0xb0,0x00,0x00,0x00,0x00,0x00,0x00,0x00,0x00,0x0b,0xfe,0x10,0x00,0x00,0x00,0x7f,0xf6,0x00,0x00,0x00,0x00,
    0x00,0x00,0x00,0x00,0x6f,0xf7,0x00,0x00,0x00,0x00,0x0c,0xff,0x40,0x00,0x00,0x00,0x00,0x00,0x00,0x04,0xff,0xc0,0x00,0x00,
    0x00,0x00,0x02,0xef,0xf6,0x00,0x00,0x00,0x00,0x00,0x00,0x6f,0xfe,0x20,0x00,0x00,0x00,0x00,0x00,0x3e,0xff,0xb3,0x00,0x00,
    0x00,0x00,0x3b,0xff,0xe3,0x00,0x00,0x00,0x00,0x00,0x00,0x02,0xcf,0xff,0xc8,0x53,0x35,0x8c,0xff,0xfc,0x20,0x00,0x00,0x00,
    0x00,0x00,0x00,0x00,0x07,0xef,0xff,0xff,0xff,0xff,0xfe,0x70,0x00,0x00,0x00,0x00,0x00,0x00,0x00,0x00,0x00,0x16,0xbe,0xff,
    0xff,0xeb,0x61,0x00,0x00,0x00,0x00,0x00,0x00,0x00,0x00,0x00,0x00,0x00,0x00,0x23,0x32,0x00,0x00,0x00,0x00,0x00,0x00,0x00,
    0x00,0x00,0x00,0x00,0x00,0x00,0x00,0x00,0x00,0x00,0x00,0x00,0x00,0x00,0x00,0x00,0x00,0x00,0x00,0x00,0x00,0x00,0x00,0x00,
    0x00,0x00,0x00,0x00,0x00,0x00,0x00,0x00,
};
static const lv_img_dsc_t uk_icon_clock_32 = {
    .header.cf = LV_IMG_CF_ALPHA_4BIT, .header.always_zero = 0,
    .header.w = 32, .header.h = 32,
    .data_size = sizeof(uk_icon_clock_32_map), .data = uk_icon_clock_32_map,
};
static const uint8_t uk_icon_hotspot_32_map[] = {
    0x00,0x00,0x00,0x00,0x00,0x00,0x00,0x00,0x00,0x00,0x00,0x00,0x00,0x00,0x00,0x00,0x00,0x00,0x00,0x00,0x00,0x00,0x00,0x00,
    0x00,0x00,0x00,0x00,0x00,0x00,0x00,0x00,0x00,0x00,0x00,0x00,0x00,0x00,0x00,0x00,0x00,0x00,0x00,0x00,0x00,0x00,0x00,0x00,
    0x00,0x00,0x00,0x00,0x00,0x00,0x00,0x00,0x00,0x00,0x00,0x00,0x00,0x00,0x00,0x00,0x00,0x00,0x00,0x00,0x00,0x00,0x00,0x00,
    0x00,0x00,0x00,0x00,0x00,0x00,0x00,0x00,0x00,0x00,0x01,0x73,0x00,0x00,0x00,0x00,0x00,0x00,0x00,0x00,0x37,0x10,0x00,0x00,
    0x00,0x00,0x1c,0xfc,0x00,0x00,0x00,0x00,0x00,0x00,0x00,0x00,0xcf,0xc1,0x00,0x00,0x00,0x00,0x9f,0xf7,0x00,0x00,0x00,0x00,
    0x00,0x00,0x00,0x00,0x7f,0xf9,0x00,0x00,0x00,0x04,0xff,0xa0,0x00,0x00,0x00,0x00,0x00,0x00,0x00,0x00,0x0a,0xff,0x40,0x00,
    0x00,0x0c,0xfd,0x10,0x05,0xb3,0x00,0x00,0x00,0x00,0x3b,0x50,0x01,0xdf,0xc0,0x00,0x00,0x4f,0xf6,0x00,0x4f,0xf8,0x00,0x00,
    0x00,0x00,0x8f,0xf4,0x00,0x6f,0xf4,0x00,0x00,0x9f,0xe0,0x01,0xdf,0xe2,0x00,0x00,0x00,0x00,0x2e,0xfd,0x10,0x0e,0xf9,0x00,
    0x00,0xef,0x90,0x06,0xff,0x40,0x01,0x8c,0xc8,0x10,0x04,0xff,0x60,0x09,0xfd,0x00,0x02,0xff,0x50,0x0b,0xfc,0x00,0x1d,0xff,
    0xff,0xd1,0x00,0xcf,0xb0,0x05,0xff,0x20,0x04,0xff,0x20,0x0e,0xf7,0x00,0x8f,0xfa,0xaf,0xf8,0x00,0x7f,0xe0,0x02,0xff,0x40,
    0x05,0xff,0x10,0x1f,0xf5,0x00,0xcf,0xa0,0x0a,0xfc,0x00,0x5f,0xf1,0x01,0xff,0x50,0x05,0xff,0x10,0x1f,0xf5,0x00,0xcf,0xa0,
    0x0a,0xfc,0x00,0x5f,0xf1,0x01,0xff,0x50,0x04,0xff,0x20,0x0e,0xf7,0x00,0x8f,0xfa,0xaf,0xf8,0x00,0x7f,0xe0,0x02,0xff,0x40,
    0x02,0xff,0x50,0x0b,0xfc,0x00,0x1d,0xff,0xff,0xd1,0x00,0xcf,0xb0,0x05,0xff,0x20,0x00,0xdf,0x90,0x06,0xff,0x40,0x01,0x8c,
    0xc8,0x10,0x04,0xff,0x60,0x09,0xfd,0x00,0x00,0x9f,0xe0,0x01,0xdf,0xe2,0x00,0x00,0x00,0x00,0x2e,0xfd,0x10,0x0e,0xf9,0x00,
    0x00,0x4f,0xf6,0x00,0x4f,0xf8,0x00,0x00,0x00,0x00,0x8f,0xf4,0x00,0x6f,0xf4,0x00,0x00,0x0c,0xfe,0x10,0x05,0xb3,0x00,0x00,
    0x00,0x00,0x3b,0x50,0x01,0xef,0xc0,0x00,0x00,0x04,0xff,0xa0,0x00,0x00,0x00,0x00,0x00,0x00,0x00,0x00,0x0a,0xff,0x40,0x00,
    0x00,0x00,0x9f,0xf7,0x00,0x00,0x00,0x00,0x00,0x00,0x00,0x00,0x7f,0xf9,0x00,0x00,0x00,0x00,0x0b,0xfc,0x00,0x00,0x00,0x00,
    0x00,0x00,0x00,0x00,0xcf,0xb0,0x00,0x00,0x00,0x00,0x01,0x73,0x00,0x00,0x00,0x00,0x00,0x00,0x00,0x00,0x37,0x10,0x00,0x00,
    0x00,0x00,0x00,0x00,0x00,0x00,0x00,0x00,0x00,0x00,0x00,0x00,0x00,0x00,0x00,0x00,0x00,0x00,0x00,0x00,0x00,0x00,0x00,0x00,
    0x00,0x00,0x00,0x00,0x00,0x00,0x00,0x00,0x00,0x00,0x00,0x00,0x00,0x00,0x00,0x00,0x00,0x00,0x00,0x00,0x00,0x00,0x00,0x00,
    0x00,0x00,0x00,0x00,0x00,0x00,0x00,0x00,0x00,0x00,0x00,0x00,0x00,0x00,0x00,0x00,0x00,0x00,0x00,0x00,0x00,0x00,0x00,0x00,
    0x00,0x00,0x00,0x00,0x00,0x00,0x00,0x00,
};
static const lv_img_dsc_t uk_icon_hotspot_32 = {
    .header.cf = LV_IMG_CF_ALPHA_4BIT, .header.always_zero = 0,
    .header.w = 32, .header.h = 32,
    .data_size = sizeof(uk_icon_hotspot_32_map), .data = uk_icon_hotspot_32_map,
};
static const uint8_t uk_icon_trash_32_map[] = {
    0x00,0x00,0x00,0x00,0x00,0x00,0x00,0x00,0x00,0x00,0x00,0x00,0x00,0x00,0x00,0x00,0x00,0x00,0x00,0x00,0x00,0x00,0x00,0x00,
    0x00,0x00,0x00,0x00,0x00,0x00,0x00,0x00,0x00,0x00,0x00,0x00,0x00,0x00,0x00,0x00,0x00,0x00,0x00,0x00,0x00,0x00,0x00,0x00,
    0x00,0x00,0x00,0x00,0x00,0x00,0x00,0x00,0x00,0x00,0x00,0x00,0x00,0x00,0x00,0x00,0x00,0x00,0x00,0x00,0x00,0x03,0xcd,0xdd,
    0xdd,0xdc,0x30,0x00,0x00,0x00,0x00,0x00,0x00,0x00,0x00,0x00,0x00,0x08,0xff,0xff,0xff,0xff,0x80,0x00,0x00,0x00,0x00,0x00,
    0x00,0x00,0x00,0x00,0x00,0x08,0xfe,0x88,0x88,0xef,0x80,0x00,0x00,0x00,0x00,0x00,0x00,0x00,0x05,0x88,0x88,0x8c,0xfe,0x88,
    0x88,0xef,0xc8,0x88,0x88,0x50,0x00,0x00,0x00,0x00,0x2f,0xff,0xff,0xff,0xff,0xff,0xff,0xff,0xff,0xff,0xff,0xf2,0x00,0x00,
    0x00,0x00,0x0a,0xde,0xff,0xdd,0xdd,0xdd,0xdd,0xdd,0xdd,0xff,0xed,0xa0,0x00,0x00,0x00,0x00,0x00,0x06,0xff,0x00,0x00,0x00,
    0x00,0x00,0x00,0xff,0x60,0x00,0x00,0x00,0x00,0x00,0x00,0x05,0xff,0x10,0x00,0x00,0x00,0x00,0x01,0xff,0x50,0x00,0x00,0x00,
    0x00,0x00,0x00,0x04,0xff,0x20,0x00,0x00,0x00,0x00,0x02,0xff,0x40,0x00,0x00,0x00,0x00,0x00,0x00,0x03,0xff,0x30,0x00,0x00,
    0x00,0x00,0x03,0xff,0x30,0x00,0x00,0x00,0x00,0x00,0x00,0x02,0xff,0x50,0x00,0x00,0x00,0x00,0x05,0xff,0x20,0x00,0x00,0x00,
    0x00,0x00,0x00,0x00,0xff,0x60,0x00,0x00,0x00,0x00,0x06,0xff,0x00,0x00,0x00,0x00,0x00,0x00,0x00,0x00,0xef,0x70,0x00,0x00,
    0x00,0x00,0x07,0xfe,0x00,0x00,0x00,0x00,0x00,0x00,0x00,0x00,0xdf,0x80,0x00,0x00,0x00,0x00,0x08,0xfd,0x00,0x00,0x00,0x00,
    0x00,0x00,0x00,0x00,0xcf,0x90,0x00,0x00,0x00,0x00,0x09,0xfc,0x00,0x00,0x00,0x00,0x00,0x00,0x00,0x00,0xbf,0xa0,0x00,0x00,
    0x00,0x00,0x0a,0xfb,0x00,0x00,0x00,0x00,0x00,0x00,0x00,0x00,0xaf,0xb0,0x00,0x00,0x00,0x00,0x0b,0xfa,0x00,0x00,0x00,0x00,
    0x00,0x00,0x00,0x00,0x9f,0xc0,0x00,0x00,0x00,0x00,0x0c,0xf9,0x00,0x00,0x00,0x00,0x00,0x00,0x00,0x00,0x8f,0xd0,0x00,0x00,
    0x00,0x00,0x0d,0xf8,0x00,0x00,0x00,0x00,0x00,0x00,0x00,0x00,0x7f,0xf0,0x00,0x00,0x00,0x00,0x0f,0xf7,0x00,0x00,0x00,0x00,
    0x00,0x00,0x00,0x00,0x5f,0xf1,0x00,0x00,0x00,0x00,0x1f,0xf5,0x00,0x00,0x00,0x00,0x00,0x00,0x00,0x00,0x4f,0xf9,0x88,0x88,
    0x88,0x88,0x9f,0xf4,0x00,0x00,0x00,0x00,0x00,0x00,0x00,0x00,0x3f,0xff,0xff,0xff,0xff,0xff,0xff,0xf3,0x00,0x00,0x00,0x00,
    0x00,0x00,0x00,0x00,0x0a,0xdd,0xdd,0xdd,0xdd,0xdd,0xdd,0xa0,0x00,0x00,0x00,0x00,0x00,0x00,0x00,0x00,0x00,0x00,0x00,0x00,
    0x00,0x00,0x00,0x00,0x00,0x00,0x00,0x00,0x00,0x00,0x00,0x00,0x00,0x00,0x00,0x00,0x00,0x00,0x00,0x00,0x00,0x00,0x00,0x00,
    0x00,0x00,0x00,0x00,0x00,0x00,0x00,0x00,0x00,0x00,0x00,0x00,0x00,0x00,0x00,0x00,0x00,0x00,0x00,0x00,0x00,0x00,0x00,0x00,
    0x00,0x00,0x00,0x00,0x00,0x00,0x00,0x00,
};
static const lv_img_dsc_t uk_icon_trash_32 = {
    .header.cf = LV_IMG_CF_ALPHA_4BIT, .header.always_zero = 0,
    .header.w = 32, .header.h = 32,
    .data_size = sizeof(uk_icon_trash_32_map), .data = uk_icon_trash_32_map,
};

static const lv_img_dsc_t *const s_icons_22[UK_ICON__COUNT] = {
    [UK_ICON_LAYOUTS] = &uk_icon_layouts_22,
    [UK_ICON_SUN] = &uk_icon_sun_22,
    [UK_ICON_MOON] = &uk_icon_moon_22,
    [UK_ICON_REC] = &uk_icon_rec_22,
    [UK_ICON_GEAR] = &uk_icon_gear_22,
    [UK_ICON_CAR] = &uk_icon_car_22,
    [UK_ICON_CAN] = &uk_icon_can_22,
    [UK_ICON_OBD] = &uk_icon_obd_22,
    [UK_ICON_WIFI] = &uk_icon_wifi_22,
    [UK_ICON_CHART] = &uk_icon_chart_22,
    [UK_ICON_PLAY] = &uk_icon_play_22,
    [UK_ICON_INFO] = &uk_icon_info_22,
    [UK_ICON_LEFT] = &uk_icon_left_22,
    [UK_ICON_RIGHT] = &uk_icon_right_22,
    [UK_ICON_CLOSE] = &uk_icon_close_22,
    [UK_ICON_CHECK] = &uk_icon_check_22,
    [UK_ICON_IMAGE] = &uk_icon_image_22,
    [UK_ICON_GAUGE] = &uk_icon_gauge_22,
    [UK_ICON_CHANNELS] = &uk_icon_channels_22,
    [UK_ICON_WEB] = &uk_icon_web_22,
    [UK_ICON_PEAK] = &uk_icon_peak_22,
    [UK_ICON_WRENCH] = &uk_icon_wrench_22,
    [UK_ICON_BACK] = &uk_icon_back_22,
    [UK_ICON_QR] = &uk_icon_qr_22,
    [UK_ICON_CHIP] = &uk_icon_chip_22,
    [UK_ICON_ROUTE] = &uk_icon_route_22,
    [UK_ICON_SHIFTER] = &uk_icon_shifter_22,
    [UK_ICON_SPARK] = &uk_icon_spark_22,
    [UK_ICON_RESET] = &uk_icon_reset_22,
    [UK_ICON_ALERT] = &uk_icon_alert_22,
    [UK_ICON_UPDATE] = &uk_icon_update_22,
    [UK_ICON_CARD] = &uk_icon_card_22,
    [UK_ICON_DIM] = &uk_icon_dim_22,
    [UK_ICON_STOP] = &uk_icon_stop_22,
    [UK_ICON_PLUS] = &uk_icon_plus_22,
    [UK_ICON_LIST] = &uk_icon_list_22,
    [UK_ICON_CLOCK] = &uk_icon_clock_22,
    [UK_ICON_HOTSPOT] = &uk_icon_hotspot_22,
    [UK_ICON_TRASH] = &uk_icon_trash_22,
};
static const lv_img_dsc_t *const s_icons_32[UK_ICON__COUNT] = {
    [UK_ICON_LAYOUTS] = &uk_icon_layouts_32,
    [UK_ICON_SUN] = &uk_icon_sun_32,
    [UK_ICON_MOON] = &uk_icon_moon_32,
    [UK_ICON_REC] = &uk_icon_rec_32,
    [UK_ICON_GEAR] = &uk_icon_gear_32,
    [UK_ICON_CAR] = &uk_icon_car_32,
    [UK_ICON_CAN] = &uk_icon_can_32,
    [UK_ICON_OBD] = &uk_icon_obd_32,
    [UK_ICON_WIFI] = &uk_icon_wifi_32,
    [UK_ICON_CHART] = &uk_icon_chart_32,
    [UK_ICON_PLAY] = &uk_icon_play_32,
    [UK_ICON_INFO] = &uk_icon_info_32,
    [UK_ICON_LEFT] = &uk_icon_left_32,
    [UK_ICON_RIGHT] = &uk_icon_right_32,
    [UK_ICON_CLOSE] = &uk_icon_close_32,
    [UK_ICON_CHECK] = &uk_icon_check_32,
    [UK_ICON_IMAGE] = &uk_icon_image_32,
    [UK_ICON_GAUGE] = &uk_icon_gauge_32,
    [UK_ICON_CHANNELS] = &uk_icon_channels_32,
    [UK_ICON_WEB] = &uk_icon_web_32,
    [UK_ICON_PEAK] = &uk_icon_peak_32,
    [UK_ICON_WRENCH] = &uk_icon_wrench_32,
    [UK_ICON_BACK] = &uk_icon_back_32,
    [UK_ICON_QR] = &uk_icon_qr_32,
    [UK_ICON_CHIP] = &uk_icon_chip_32,
    [UK_ICON_ROUTE] = &uk_icon_route_32,
    [UK_ICON_SHIFTER] = &uk_icon_shifter_32,
    [UK_ICON_SPARK] = &uk_icon_spark_32,
    [UK_ICON_RESET] = &uk_icon_reset_32,
    [UK_ICON_ALERT] = &uk_icon_alert_32,
    [UK_ICON_UPDATE] = &uk_icon_update_32,
    [UK_ICON_CARD] = &uk_icon_card_32,
    [UK_ICON_DIM] = &uk_icon_dim_32,
    [UK_ICON_STOP] = &uk_icon_stop_32,
    [UK_ICON_PLUS] = &uk_icon_plus_32,
    [UK_ICON_LIST] = &uk_icon_list_32,
    [UK_ICON_CLOCK] = &uk_icon_clock_32,
    [UK_ICON_HOTSPOT] = &uk_icon_hotspot_32,
    [UK_ICON_TRASH] = &uk_icon_trash_32,
};

const lv_img_dsc_t *uk_icon_img(uk_icon_t icon, uk_icon_size_t size)
{
    if ((unsigned)icon >= UK_ICON__COUNT) return NULL;
    return size == UK_ICON_LG ? s_icons_32[icon] : s_icons_22[icon];
}
