Time Stamp,ID,Extended,Bus,LEN,D1,D2,D3,D4,D5,D6,D7,D8
26700,0x3E8,false,0,8,0x00,0x00,0x00,0x00,0x66,0x00,0x65,0x00
26979,0x44C,false,0,8,0x00,0x00,0x19,0x00,0x1A,0x00,0x00,0x00
27109,0x3E8,false,0,8,0x01,0x00,0xF2,0x03,0x05,0x00,0x00,0x00
27239,0x44C,false,0,8,0x01,0x00,0x01,0x00,0x00,0x00,0x00,0x00
27365,0x3E8,false,0,8,0x02,0x00,0x00,0x00,0x00,0x00,0x54,0x00
27494,0x3E8,false,0,8,0x03,0x00,0x4C,0x00,0x9F,0x04,0x00,0x00
27621,0x3E8,false,0,8,0x04,0x00,0x00,0x00,0x90,0x01,0x9A,0x04
27748,0x3E8,false,0,8,0x05,0x00,0x00,0x00,0x00,0x00,0x00,0x00
27870,0x3E8,false,0,8,0x06,0x00,0x00,0x00,0x00,0x00,0x00,0x00
27992,0x3E8,false,0,8,0x07,0x00,0x00,0x00,0x00,0x00,0x07,0x00
28114,0x3E8,false,0,8,0x08,0x00,0x4F,0x00,0x07,0x00,0x00,0x00
28236,0x3E8,false,0,8,0x09,0x00,0x00,0x00,0x00,0x00,0x00,0x00
28358,0x3E8,false,0,8,0x0A,0x00,0x00,0x00,0x00,0x00,0x00,0x00
28481,0x3E8,false,0,8,0x0B,0x00,0x00,0x00,0x00,0x00,0x00,0x00
28607,0x3E8,false,0,8,0x0C,0x00,0x00,0x00,0x00,0x00,0x00,0x00
28729,0x3E8,false,0,8,0x0D,0x00,0x00,0x00,0x05,0x00,0x10,0x00
76671,0x44C,false,0,8,0x00,0x00,0x19,0x00,0x1A,0x00,0x00,0x00
76901,0x3E8,false,0,8,0x00,0x00,0x00,0x00,0x66,0x00,0x65,0x00
77033,0x44C,false,0,8,0x01,0x00,0x01,0x00,0x00,0x00,0x00,0x00
77168,0x3E8,false,0,8,0x01,0x00,0xF2,0x03,0x05,0x00,0x00,0x00
77291,0x3E8,false,0,8,0x02,0x00,0x00,0x00,0x00,0x00,0x54,0x00
77413,0x3E8,false,0,8,0x03,0x00,0x4C,0x00,0x9F,0x04,0x00,0x00
77535,0x3E8,false,0,8,0x04,0x00,0x00,0x00,0x90,0x01,0x9A,0x04
77660,0x3E8,false,0,8,0x05,0x00,0x00,0x00,0x00,0x00,0x00,0x00
77782,0x3E8,false,0,8,0x06,0x00,0x00,0x00,0x00,0x00,0x00,0x00
77904,0x3E8,false,0,8,0x07,0x00,0x00,0x00,0x00,0x00,0x07,0x00
78026,0x3E8,false,0,8,0x08,0x00,0x4F,0x00,0x07,0x00,0x00,0x00
78148,0x3E8,false,0,8,0x09,0x00,0x00,0x00,0x00,0x00,0x00,0x00
78270,0x3E8,false,0,8,0x0A,0x00,0x00,0x00,0x00,0x00,0x00,0x00
78392,0x3E8,false,0,8,0x0B,0x00,0x00,0x00,0x00,0x00,0x00,0x00
78514,0x3E8,false,0,8,0x0C,0x00,0x00,0x00,0x00,0x00,0x00,0x00
78641,0x3E8,false,0,8,0x0D,0x00,0x00,0x00,0x05,0x00,0x10,0x00
126648,0x3E8,false,0,8,0x00,0x00,0x00,0x00,0x66,0x00,0x65,0x00
126787,0x44C,false,0,8,0x00,0x00,0x19,0x00,0x1A,0x00,0x00,0x00
126920,0x3E8,false,0,8,0x01,0x00,0xF2,0x03,0x05,0x00,0x00,0x00
127053,0x44C,false,0,8,0x01,0x00,0x01,0x00,0x00,0x00,0x00,0x00
127186,0x3E8,false,0,8,0x02,0x00,0x00,0x00,0x00,0x00,0x54,0x00
127309,0x3E8,false,0,8,0x03,0x00,0x4C,0x00,0x9F,0x04,0x00,0x00
127445,0x3E8,false,0,8,0x04,0x00,0x00,0x00,0x90,0x01,0x9A,0x04
127577,0x3E8,false,0,8,0x05,0x00,0x00,0x00,0x00,0x00,0x00,0x00
127713,0x3E8,false,0,8,0x06,0x00,0x00,0x00,0x00,0x00,0x00,0x00
127850,0x3E8,false,0,8,0x07,0x00,0x00,0x00,0x00,0x00,0x07,0x00
127973,0x3E8,false,0,8,0x08,0x00,0x4F,0x00,0x07,0x00,0x00,0x00
128110,0x3E8,false,0,8,0x09,0x00,0x00,0x00,0x00,0x00,0x00,0x00
128234,0x3E8,false,0,8,0x0A,0x00,0x00,0x00,0x00,0x00,0x00,0x00
128357,0x3E8,false,0,8,0x0B,0x00,0x00,0x00,0x00,0x00,0x00,0x00
128481,0x3E8,false,0,8,0x0C,0x00,0x00,0x00,0x00,0x00,0x00,0x00
128609,0x3E8,false,0,8,0x0D,0x00,0x00,0x00,0x05,0x00,0x10,0x00
176968,0x3E8,false,0,8,0x00,0x00,0x00,0x00,0x66,0x00,0x65,0x00
177172,0x44C,false,0,8,0x00,0x00,0x19,0x00,0x1A,0x00,0x00,0x00
177308,0x3E8,false,0,8,0x01,0x00,0xF2,0x03,0x05,0x00,0x00,0x00
177444,0x44C,false,0,8,0x01,0x00,0x01,0x00,0x00,0x00,0x00,0x00
177580,0x3E8,false,0,8,0x02,0x00,0x00,0x00,0x00,0x00,0x54,0x00
177714,0x3E8,false,0,8,0x03,0x00,0x4C,0x00,0x9F,0x04,0x00,0x00
177850,0x3E8,false,0,8,0x04,0x00,0x00,0x00,0x90,0x01,0x9A,0x04
177990,0x3E8,false,0,8,0x05,0x00,0x00,0x00,0x00,0x00,0x00,0x00
178130,0x3E8,false,0,8,0x06,0x00,0x00,0x00,0x00,0x00,0x00,0x00
178270,0x3E8,false,0,8,0x07,0x00,0x00,0x00,0x00,0x00,0x07,0x00
178415,0x3E8,false,0,8,0x08,0x00,0x4F,0x00,0x07,0x00,0x00,0x00
178555,0x3E8,false,0,8,0x09,0x00,0x00,0x00,0x00,0x00,0x00,0x00
178693,0x3E8,false,0,8,0x0A,0x00,0x00,0x00,0x00,0x00,0x00,0x00
178828,0x3E8,false,0,8,0x0B,0x00,0x00,0x00,0x00,0x00,0x00,0x00
178955,0x3E8,false,0,8,0x0C,0x00,0x00,0x00,0x00,0x00,0x00,0x00
179084,0x3E8,false,0,8,0x0D,0x00,0x00,0x00,0x05,0x00,0x10,0x00
226660,0x44C,false,0,8,0x00,0x00,0x19,0x00,0x1A,0x00,0x00,0x00
226894,0x3E8,false,0,8,0x00,0x00,0x00,0x00,0x66,0x00,0x65,0x00
240733,0x44C,false,0,8,0x01,0x00,0x01,0x00,0x00,0x00,0x00,0x00
240869,0x3E8,false,0,8,0x01,0x00,0xF2,0x03,0x05,0x00,0x00,0x00
240991,0x3E8,false,0,8,0x02,0x00,0x00,0x00,0x00,0x00,0x54,0x00
241114,0x3E8,false,0,8,0x03,0x00,0x4C,0x00,0x9F,0x04,0x00,0x00
241236,0x3E8,false,0,8,0x04,0x00,0x00,0x00,0x90,0x01,0x9A,0x04
241358,0x3E8,false,0,8,0x05,0x00,0x00,0x00,0x00,0x00,0x00,0x00
241481,0x3E8,false,0,8,0x06,0x00,0x00,0x00,0x00,0x00,0x00,0x00
241604,0x3E8,false,0,8,0x07,0x00,0x00,0x00,0x00,0x00,0x07,0x00
241727,0x3E8,false,0,8,0x08,0x00,0x4F,0x00,0x07,0x00,0x00,0x00
241850,0x3E8,false,0,8,0x09,0x00,0x00,0x00,0x00,0x00,0x00,0x00
241973,0x3E8,false,0,8,0x0A,0x00,0x00,0x00,0x00,0x00,0x00,0x00
242096,0x3E8,false,0,8,0x0B,0x00,0x00,0x00,0x00,0x00,0x00,0x00
242219,0x3E8,false,0,8,0x0C,0x00,0x00,0x00,0x00,0x00,0x00,0x00
242341,0x3E8,false,0,8,0x0D,0x00,0x00,0x00,0x05,0x00,0x10,0x00
276662,0x3E8,false,0,8,0x00,0x00,0x00,0x00,0x66,0x00,0x65,0x00
276804,0x44C,false,0,8,0x00,0x00,0x19,0x00,0x1A,0x00,0x00,0x00
276937,0x3E8,false,0,8,0x01,0x00,0xF2,0x03,0x05,0x00,0x00,0x00
277060,0x44C,false,0,8,0x01,0x00,0x01,0x00,0x00,0x00,0x00,0x00
277195,0x3E8,false,0,8,0x02,0x00,0x00,0x00,0x00,0x00,0x54,0x00
277330,0x3E8,false,0,8,0x03,0x00,0x4C,0x00,0x9F,0x04,0x00,0x00
277464,0x3E8,false,0,8,0x04,0x00,0x00,0x00,0x90,0x01,0x9A,0x04
277599,0x3E8,false,0,8,0x05,0x00,0x00,0x00,0x00,0x00,0x00,0x00
277735,0x3E8,false,0,8,0x06,0x00,0x00,0x00,0x00,0x00,0x00,0x00
277870,0x3E8,false,0,8,0x07,0x00,0x00,0x00,0x00,0x00,0x07,0x00
278005,0x3E8,false,0,8,0x08,0x00,0x4F,0x00,0x07,0x00,0x00,0x00
278127,0x3E8,false,0,8,0x09,0x00,0x00,0x00,0x00,0x00,0x00,0x00
278250,0x3E8,false,0,8,0x0A,0x00,0x00,0x00,0x00,0x00,0x00,0x00
278373,0x3E8,false,0,8,0x0B,0x00,0x00,0x00,0x00,0x00,0x00,0x00
278496,0x3E8,false,0,8,0x0C,0x00,0x00,0x00,0x00,0x00,0x00,0x00
278623,0x3E8,false,0,8,0x0D,0x00,0x00,0x00,0x05,0x00,0x10,0x00
326649,0x3E8,false,0,8,0x00,0x00,0x00,0x00,0x66,0x00,0x65,0x00
326812,0x44C,false,0,8,0x00,0x00,0x19,0x00,0x1A,0x00,0x00,0x00
326935,0x3E8,false,0,8,0x01,0x00,0xF2,0x03,0x05,0x00,0x00,0x00
327057,0x44C,false,0,8,0x01,0x00,0x01,0x00,0x00,0x00,0x00,0x00
327189,0x3E8,false,0,8,0x02,0x00,0x00,0x00,0x00,0x00,0x54,0x00
327312,0x3E8,false,0,8,0x03,0x00,0x4C,0x00,0x9F,0x04,0x00,0x00
327434,0x3E8,false,0,8,0x04,0x00,0x00,0x00,0x90,0x01,0x9A,0x04
327556,0x3E8,false,0,8,0x05,0x00,0x00,0x00,0x00,0x00,0x00,0x00
327780,0x3E8,false,0,8,0x06,0x00,0x00,0x00,0x00,0x00,0x00,0x00
327915,0x3E8,false,0,8,0x07,0x00,0x00,0x00,0x00,0x00,0x07,0x00
328050,0x3E8,false,0,8,0x08,0x00,0x4F,0x00,0x07,0x00,0x00,0x00
328184,0x3E8,false,0,8,0x09,0x00,0x00,0x00,0x00,0x00,0x00,0x00
328316,0x3E8,false,0,8,0x0A,0x00,0x00,0x00,0x00,0x00,0x00,0x00
328450,0x3E8,false,0,8,0x0B,0x00,0x00,0x00,0x00,0x00,0x00,0x00
328584,0x3E8,false,0,8,0x0C,0x00,0x00,0x00,0x00,0x00,0x00,0x00
328723,0x3E8,false,0,8,0x0D,0x00,0x00,0x00,0x05,0x00,0x10,0x00
376670,0x44C,false,0,8,0x00,0x00,0x19,0x00,0x1A,0x00,0x00,0x00
376963,0x3E8,false,0,8,0x00,0x00,0x00,0x00,0x66,0x00,0x65,0x00
377102,0x44C,false,0,8,0x01,0x00,0x01,0x00,0x00,0x00,0x00,0x00
377243,0x3E8,false,0,8,0x01,0x00,0xF2,0x03,0x05,0x00,0x00,0x00
377379,0x3E8,false,0,8,0x02,0x00,0x00,0x00,0x00,0x00,0x54,0x00
377519,0x3E8,false,0,8,0x03,0x00,0x4C,0x00,0x9F,0x04,0x00,0x00
377644,0x3E8,false,0,8,0x04,0x00,0x00,0x00,0x90,0x01,0x9A,0x04
377781,0x3E8,false,0,8,0x05,0x00,0x00,0x00,0x00,0x00,0x00,0x00
377914,0x3E8,false,0,8,0x06,0x00,0x00,0x00,0x00,0x00,0x00,0x00
378047,0x3E8,false,0,8,0x07,0x00,0x00,0x00,0x00,0x00,0x07,0x00
378183,0x3E8,false,0,8,0x08,0x00,0x4F,0x00,0x07,0x00,0x00,0x00
378315,0x3E8,false,0,8,0x09,0x00,0x00,0x00,0x00,0x00,0x00,0x00
378451,0x3E8,false,0,8,0x0A,0x00,0x00,0x00,0x00,0x00,0x00,0x00
378584,0x3E8,false,0,8,0x0B,0x00,0x00,0x00,0x00,0x00,0x00,0x00
378711,0x3E8,false,0,8,0x0C,0x00,0x00,0x00,0x00,0x00,0x00,0x00
378834,0x3E8,false,0,8,0x0D,0x00,0x00,0x00,0x05,0x00,0x10,0x00
426670,0x3E8,false,0,8,0x00,0x00,0x00,0x00,0x66,0x00,0x65,0x00
426906,0x44C,false,0,8,0x00,0x00,0x19,0x00,0x1A,0x00,0x00,0x00
427038,0x3E8,false,0,8,0x01,0x00,0xF2,0x03,0x05,0x00,0x00,0x00
438823,0x44C,false,0,8,0x01,0x00,0x01,0x00,0x00,0x00,0x00,0x00
438948,0x3E8,false,0,8,0x02,0x00,0x00,0x00,0x00,0x00,0x54,0x00
439070,0x3E8,false,0,8,0x03,0x00,0x4C,0x00,0x9F,0x04,0x00,0x00
439193,0x3E8,false,0,8,0x04,0x00,0x00,0x00,0x90,0x01,0x9A,0x04
439315,0x3E8,false,0,8,0x05,0x00,0x00,0x00,0x00,0x00,0x00,0x00
439438,0x3E8,false,0,8,0x06,0x00,0x00,0x00,0x00,0x00,0x00,0x00
439561,0x3E8,false,0,8,0x07,0x00,0x00,0x00,0x00,0x00,0x07,0x00
439687,0x3E8,false,0,8,0x08,0x00,0x4F,0x00,0x07,0x00,0x00,0x00
439810,0x3E8,false,0,8,0x09,0x00,0x00,0x00,0x00,0x00,0x00,0x00
439932,0x3E8,false,0,8,0x0A,0x00,0x00,0x00,0x00,0x00,0x00,0x00
440055,0x3E8,false,0,8,0x0B,0x00,0x00,0x00,0x00,0x00,0x00,0x00
440178,0x3E8,false,0,8,0x0C,0x00,0x00,0x00,0x00,0x00,0x00,0x00
440301,0x3E8,false,0,8,0x0D,0x00,0x00,0x00,0x05,0x00,0x10,0x00
476670,0x3E8,false,0,8,0x00,0x00,0x00,0x00,0x66,0x00,0x65,0x00
476918,0x44C,false,0,8,0x00,0x00,0x19,0x00,0x1A,0x00,0x00,0x00
477056,0x3E8,false,0,8,0x01,0x00,0xF2,0x03,0x05,0x00,0x00,0x00
477200,0x44C,false,0,8,0x01,0x00,0x01,0x00,0x00,0x00,0x00,0x00
477549,0x3E8,false,0,8,0x02,0x00,0x00,0x00,0x00,0x00,0x54,0x00
477702,0x3E8,false,0,8,0x03,0x00,0x4C,0x00,0x9F,0x04,0x00,0x00
477838,0x3E8,false,0,8,0x04,0x00,0x00,0x00,0x90,0x01,0x9A,0x04
477978,0x3E8,false,0,8,0x05,0x00,0x00,0x00,0x00,0x00,0x00,0x00
478120,0x3E8,false,0,8,0x06,0x00,0x00,0x00,0x00,0x00,0x00,0x00
478261,0x3E8,false,0,8,0x07,0x00,0x00,0x00,0x00,0x00,0x07,0x00
478399,0x3E8,false,0,8,0x08,0x00,0x4F,0x00,0x07,0x00,0x00,0x00
478533,0x3E8,false,0,8,0x09,0x00,0x00,0x00,0x00,0x00,0x00,0x00
478675,0x3E8,false,0,8,0x0A,0x00,0x00,0x00,0x00,0x00,0x00,0x00
478809,0x3E8,false,0,8,0x0B,0x00,0x00,0x00,0x00,0x00,0x00,0x00
478938,0x3E8,false,0,8,0x0C,0x00,0x00,0x00,0x00,0x00,0x00,0x00
479061,0x3E8,false,0,8,0x0D,0x00,0x00,0x00,0x05,0x00,0x10,0x00
526665,0x44C,false,0,8,0x00,0x00,0x19,0x00,0x1A,0x00,0x00,0x00
526912,0x3E8,false,0,8,0x00,0x00,0x00,0x00,0x66,0x00,0x65,0x00
527047,0x44C,false,0,8,0x01,0x00,0x01,0x00,0x00,0x00,0x00,0x00
527183,0x3E8,false,0,8,0x01,0x00,0xF2,0x03,0x05,0x00,0x00,0x00
527318,0x3E8,false,0,8,0x02,0x00,0x00,0x00,0x00,0x00,0x54,0x00
527453,0x3E8,false,0,8,0x03,0x00,0x4C,0x00,0x9F,0x04,0x00,0x00
527589,0x3E8,false,0,8,0x04,0x00,0x00,0x00,0x90,0x01,0x9A,0x04
527712,0x3E8,false,0,8,0x05,0x00,0x00,0x00,0x00,0x00,0x00,0x00
530644,0x3E8,false,0,8,0x06,0x00,0x00,0x00,0x00,0x00,0x00,0x00
530768,0x3E8,false,0,8,0x07,0x00,0x00,0x00,0x00,0x00,0x07,0x00
530891,0x3E8,false,0,8,0x08,0x00,0x4F,0x00,0x07,0x00,0x00,0x00
531014,0x3E8,false,0,8,0x09,0x00,0x00,0x00,0x00,0x00,0x00,0x00
531137,0x3E8,false,0,8,0x0A,0x00,0x00,0x00,0x00,0x00,0x00,0x00
531261,0x3E8,false,0,8,0x0B,0x00,0x00,0x00,0x00,0x00,0x00,0x00
531385,0x3E8,false,0,8,0x0C,0x00,0x00,0x00,0x00,0x00,0x00,0x00
531508,0x3E8,false,0,8,0x0D,0x00,0x00,0x00,0x05,0x00,0x10,0x00
578660,0x3E8,false,0,8,0x00,0x00,0x00,0x00,0x66,0x00,0x65,0x00
578917,0x44C,false,0,8,0x00,0x00,0x19,0x00,0x1A,0x00,0x00,0x00
579052,0x3E8,false,0,8,0x01,0x00,0xF2,0x03,0x05,0x00,0x00,0x00
579185,0x44C,false,0,8,0x01,0x00,0x01,0x00,0x00,0x00,0x00,0x00
579321,0x3E8,false,0,8,0x02,0x00,0x00,0x00,0x00,0x00,0x54,0x00
579457,0x3E8,false,0,8,0x03,0x00,0x4C,0x00,0x9F,0x04,0x00,0x00
579579,0x3E8,false,0,8,0x04,0x00,0x00,0x00,0x90,0x01,0x9A,0x04
579704,0x3E8,false,0,8,0x05,0x00,0x00,0x00,0x00,0x00,0x00,0x00
579828,0x3E8,false,0,8,0x06,0x00,0x00,0x00,0x00,0x00,0x00,0x00
579951,0x3E8,false,0,8,0x07,0x00,0x00,0x00,0x00,0x00,0x07,0x00
580074,0x3E8,false,0,8,0x08,0x00,0x4F,0x00,0x07,0x00,0x00,0x00
580197,0x3E8,false,0,8,0x09,0x00,0x00,0x00,0x00,0x00,0x00,0x00
580320,0x3E8,false,0,8,0x0A,0x00,0x00,0x00,0x00,0x00,0x00,0x00
580444,0x3E8,false,0,8,0x0B,0x00,0x00,0x00,0x00,0x00,0x00,0x00
580567,0x3E8,false,0,8,0x0C,0x00,0x00,0x00,0x00,0x00,0x00,0x00
580694,0x3E8,false,0,8,0x0D,0x00,0x00,0x00,0x05,0x00,0x10,0x00
628647,0x3E8,false,0,8,0x00,0x00,0x00,0x00,0x66,0x00,0x65,0x00
628788,0x44C,false,0,8,0x00,0x00,0x19,0x00,0x1A,0x00,0x00,0x00
628922,0x3E8,false,0,8,0x01,0x00,0xF2,0x03,0x05,0x00,0x00,0x00
629055,0x44C,false,0,8,0x01,0x00,0x01,0x00,0x00,0x00,0x00,0x00
640721,0x3E8,false,0,8,0x02,0x00,0x00,0x00,0x00,0x00,0x54,0x00
640845,0x3E8,false,0,8,0x03,0x00,0x4C,0x00,0x9F,0x04,0x00,0x00
640967,0x3E8,false,0,8,0x04,0x00,0x00,0x00,0x90,0x01,0x9A,0x04
641090,0x3E8,false,0,8,0x05,0x00,0x00,0x00,0x00,0x00,0x00,0x00
641213,0x3E8,false,0,8,0x06,0x00,0x00,0x00,0x00,0x00,0x00,0x00
641336,0x3E8,false,0,8,0x07,0x00,0x00,0x00,0x00,0x00,0x07,0x00
641459,0x3E8,false,0,8,0x08,0x00,0x4F,0x00,0x07,0x00,0x00,0x00
641581,0x3E8,false,0,8,0x09,0x00,0x00,0x00,0x00,0x00,0x00,0x00
641705,0x3E8,false,0,8,0x0A,0x00,0x00,0x00,0x00,0x00,0x00,0x00
641833,0x3E8,false,0,8,0x0B,0x00,0x00,0x00,0x00,0x00,0x00,0x00
641984,0x3E8,false,0,8,0x0C,0x00,0x00,0x00,0x00,0x00,0x00,0x00
642128,0x3E8,false,0,8,0x0D,0x00,0x00,0x00,0x05,0x00,0x10,0x00
678987,0x3E8,false,0,8,0x00,0x00,0x00,0x00,0x66,0x00,0x65,0x00
679219,0x44C,false,0,8,0x00,0x00,0x19,0x00,0x1A,0x00,0x00,0x00
679354,0x3E8,false,0,8,0x01,0x00,0xF2,0x03,0x05,0x00,0x00,0x00
679489,0x44C,false,0,8,0x01,0x00,0x01,0x00,0x00,0x00,0x00,0x00
679624,0x3E8,false,0,8,0x02,0x00,0x00,0x00,0x00,0x00,0x54,0x00
679751,0x3E8,false,0,8,0x03,0x00,0x4C,0x00,0x9F,0x04,0x00,0x00
679873,0x3E8,false,0,8,0x04,0x00,0x00,0x00,0x90,0x01,0x9A,0x04
679996,0x3E8,false,0,8,0x05,0x00,0x00,0x00,0x00,0x00,0x00,0x00
680118,0x3E8,false,0,8,0x06,0x00,0x00,0x00,0x00,0x00,0x00,0x00
680241,0x3E8,false,0,8,0x07,0x00,0x00,0x00,0x00,0x00,0x07,0x00
680364,0x3E8,false,0,8,0x08,0x00,0x4F,0x00,0x07,0x00,0x00,0x00
680487,0x3E8,false,0,8,0x09,0x00,0x00,0x00,0x00,0x00,0x00,0x00
680615,0x3E8,false,0,8,0x0A,0x00,0x00,0x00,0x00,0x00,0x00,0x00
680738,0x3E8,false,0,8,0x0B,0x00,0x00,0x00,0x00,0x00,0x00,0x00
680861,0x3E8,false,0,8,0x0C,0x00,0x00,0x00,0x00,0x00,0x00,0x00
680984,0x3E8,false,0,8,0x0D,0x00,0x00,0x00,0x05,0x00,0x10,0x00
728662,0x44C,false,0,8,0x00,0x00,0x19,0x00,0x1A,0x00,0x00,0x00
728899,0x3E8,false,0,8,0x00,0x00,0x00,0x00,0x66,0x00,0x65,0x00
729023,0x44C,false,0,8,0x01,0x00,0x01,0x00,0x00,0x00,0x00,0x00
729152,0x3E8,false,0,8,0x01,0x00,0xF2,0x03,0x05,0x00,0x00,0x00
729277,0x3E8,false,0,8,0x02,0x00,0x00,0x00,0x00,0x00,0x54,0x00
729412,0x3E8,false,0,8,0x03,0x00,0x4C,0x00,0x9F,0x04,0x00,0x00
729549,0x3E8,false,0,8,0x04,0x00,0x00,0x00,0x90,0x01,0x9A,0x04
729685,0x3E8,false,0,8,0x05,0x00,0x00,0x00,0x00,0x00,0x00,0x00
729822,0x3E8,false,0,8,0x06,0x00,0x00,0x00,0x00,0x00,0x00,0x00
729957,0x3E8,false,0,8,0x07,0x00,0x00,0x00,0x00,0x00,0x07,0x00
730092,0x3E8,false,0,8,0x08,0x00,0x4F,0x00,0x07,0x00,0x00,0x00
730226,0x3E8,false,0,8,0x09,0x00,0x00,0x00,0x00,0x00,0x00,0x00
730351,0x3E8,false,0,8,0x0A,0x00,0x00,0x00,0x00,0x00,0x00,0x00
730475,0x3E8,false,0,8,0x0B,0x00,0x00,0x00,0x00,0x00,0x00,0x00
730616,0x3E8,false,0,8,0x0C,0x00,0x00,0x00,0x00,0x00,0x00,0x00
730740,0x3E8,false,0,8,0x0D,0x00,0x00,0x00,0x05,0x00,0x10,0x00
778684,0x3E8,false,0,8,0x00,0x00,0x00,0x00,0x66,0x00,0x65,0x00
778948,0x44C,false,0,8,0x00,0x00,0x19,0x00,0x1A,0x00,0x00,0x00
779096,0x3E8,false,0,8,0x01,0x00,0xF2,0x03,0x05,0x00,0x00,0x00
779230,0x44C,false,0,8,0x01,0x00,0x01,0x00,0x00,0x00,0x00,0x00
779382,0x3E8,false,0,8,0x02,0x00,0x00,0x00,0x00,0x00,0x54,0x00
779528,0x3E8,false,0,8,0x03,0x00,0x4C,0x00,0x9F,0x04,0x00,0x00
779675,0x3E8,false,0,8,0x04,0x00,0x00,0x00,0x90,0x01,0x9A,0x04
779815,0x3E8,false,0,8,0x05,0x00,0x00,0x00,0x00,0x00,0x00,0x00
779956,0x3E8,false,0,8,0x06,0x00,0x00,0x00,0x00,0x00,0x00,0x00
780106,0x3E8,false,0,8,0x07,0x00,0x00,0x00,0x00,0x00,0x07,0x00
780258,0x3E8,false,0,8,0x08,0x00,0x4F,0x00,0x07,0x00,0x00,0x00
780386,0x3E8,false,0,8,0x09,0x00,0x00,0x00,0x00,0x00,0x00,0x00
780509,0x3E8,false,0,8,0x0A,0x00,0x00,0x00,0x00,0x00,0x00,0x00
780637,0x3E8,false,0,8,0x0B,0x00,0x00,0x00,0x00,0x00,0x00,0x00
780760,0x3E8,false,0,8,0x0C,0x00,0x00,0x00,0x00,0x00,0x00,0x00
780884,0x3E8,false,0,8,0x0D,0x00,0x00,0x00,0x05,0x00,0x10,0x00
828674,0x3E8,false,0,8,0x00,0x00,0x00,0x00,0x66,0x00,0x65,0x00
828901,0x44C,false,0,8,0x00,0x00,0x19,0x00,0x1A,0x00,0x00,0x00
829035,0x3E8,false,0,8,0x01,0x00,0xF2,0x03,0x05,0x00,0x00,0x00
829158,0x44C,false,0,8,0x01,0x00,0x01,0x00,0x00,0x00,0x00,0x00
829294,0x3E8,false,0,8,0x02,0x00,0x00,0x00,0x00,0x00,0x54,0x00
841091,0x3E8,false,0,8,0x03,0x00,0x4C,0x00,0x9F,0x04,0x00,0x00
841215,0x3E8,false,0,8,0x04,0x00,0x00,0x00,0x90,0x01,0x9A,0x04
841337,0x3E8,false,0,8,0x05,0x00,0x00,0x00,0x00,0x00,0x00,0x00
841460,0x3E8,false,0,8,0x06,0x00,0x00,0x00,0x00,0x00,0x00,0x00
841583,0x3E8,false,0,8,0x07,0x00,0x00,0x00,0x00,0x00,0x07,0x00
841710,0x3E8,false,0,8,0x08,0x00,0x4F,0x00,0x07,0x00,0x00,0x00
841832,0x3E8,false,0,8,0x09,0x00,0x00,0x00,0x00,0x00,0x00,0x00
841955,0x3E8,false,0,8,0x0A,0x00,0x00,0x00,0x00,0x00,0x00,0x00
842078,0x3E8,false,0,8,0x0B,0x00,0x00,0x00,0x00,0x00,0x00,0x00
842201,0x3E8,false,0,8,0x0C,0x00,0x00,0x00,0x00,0x00,0x00,0x00
842324,0x3E8,false,0,8,0x0D,0x00,0x00,0x00,0x05,0x00,0x10,0x00
878648,0x3E8,false,0,8,0x00,0x00,0x00,0x00,0x66,0x00,0x65,0x00
878826,0x44C,false,0,8,0x00,0x00,0x19,0x00,0x1A,0x00,0x00,0x00
878959,0x3E8,false,0,8,0x01,0x00,0xF2,0x03,0x05,0x00,0x00,0x00
879094,0x44C,false,0,8,0x01,0x00,0x01,0x00,0x00,0x00,0x00,0x00
879217,0x3E8,false,0,8,0x02,0x00,0x00,0x00,0x00,0x00,0x54,0x00
879351,0x3E8,false,0,8,0x03,0x00,0x4C,0x00,0x9F,0x04,0x00,0x00
879473,0x3E8,false,0,8,0x04,0x00,0x00,0x00,0x90,0x01,0x9A,0x04
879612,0x3E8,false,0,8,0x05,0x00,0x00,0x00,0x00,0x00,0x00,0x00
879746,0x3E8,false,0,8,0x06,0x00,0x00,0x00,0x00,0x00,0x00,0x00
879879,0x3E8,false,0,8,0x07,0x00,0x00,0x00,0x00,0x00,0x07,0x00
880015,0x3E8,false,0,8,0x08,0x00,0x4F,0x00,0x07,0x00,0x00,0x00
880147,0x3E8,false,0,8,0x09,0x00,0x00,0x00,0x00,0x00,0x00,0x00
880285,0x3E8,false,0,8,0x0A,0x00,0x00,0x00,0x00,0x00,0x00,0x00
880419,0x3E8,false,0,8,0x0B,0x00,0x00,0x00,0x00,0x00,0x00,0x00
880542,0x3E8,false,0,8,0x0C,0x00,0x00,0x00,0x00,0x00,0x00,0x00
880670,0x3E8,false,0,8,0x0D,0x00,0x00,0x00,0x05,0x00,0x10,0x00
928655,0x44C,false,0,8,0x00,0x00,0x19,0x00,0x1A,0x00,0x00,0x00
928796,0x3E8,false,0,8,0x00,0x00,0x00,0x00,0x66,0x00,0x65,0x00
928931,0x44C,false,0,8,0x01,0x00,0x01,0x00,0x00,0x00,0x00,0x00
929067,0x3E8,false,0,8,0x01,0x00,0xF2,0x03,0x05,0x00,0x00,0x00
929202,0x3E8,false,0,8,0x02,0x00,0x00,0x00,0x00,0x00,0x54,0x00
929325,0x3E8,false,0,8,0x03,0x00,0x4C,0x00,0x9F,0x04,0x00,0x00
929447,0x3E8,false,0,8,0x04,0x00,0x00,0x00,0x90,0x01,0x9A,0x04
929570,0x3E8,false,0,8,0x05,0x00,0x00,0x00,0x00,0x00,0x00,0x00
932645,0x3E8,false,0,8,0x06,0x00,0x00,0x00,0x00,0x00,0x00,0x00
932770,0x3E8,false,0,8,0x07,0x00,0x00,0x00,0x00,0x00,0x07,0x00
932893,0x3E8,false,0,8,0x08,0x00,0x4F,0x00,0x07,0x00,0x00,0x00
933016,0x3E8,false,0,8,0x09,0x00,0x00,0x00,0x00,0x00,0x00,0x00
933139,0x3E8,false,0,8,0x0A,0x00,0x00,0x00,0x00,0x00,0x00,0x00
933262,0x3E8,false,0,8,0x0B,0x00,0x00,0x00,0x00,0x00,0x00,0x00
933384,0x3E8,false,0,8,0x0C,0x00,0x00,0x00,0x00,0x00,0x00,0x00
933507,0x3E8,false,0,8,0x0D,0x00,0x00,0x00,0x05,0x00,0x10,0x00
980660,0x3E8,false,0,8,0x00,0x00,0x00,0x00,0x66,0x00,0x65,0x00
980906,0x44C,false,0,8,0x00,0x00,0x19,0x00,0x1A,0x00,0x00,0x00
981043,0x3E8,false,0,8,0x01,0x00,0xF2,0x03,0x05,0x00,0x00,0x00
981167,0x44C,false,0,8,0x01,0x00,0x01,0x00,0x00,0x00,0x00,0x00
981291,0x3E8,false,0,8,0x02,0x00,0x00,0x00,0x00,0x00,0x54,0x00
981415,0x3E8,false,0,8,0x03,0x00,0x4C,0x00,0x9F,0x04,0x00,0x00
981538,0x3E8,false,0,8,0x04,0x00,0x00,0x00,0x90,0x01,0x9A,0x04
981662,0x3E8,false,0,8,0x05,0x00,0x00,0x00,0x00,0x00,0x00,0x00
981786,0x3E8,false,0,8,0x06,0x00,0x00,0x00,0x00,0x00,0x00,0x00
981911,0x3E8,false,0,8,0x07,0x00,0x00,0x00,0x00,0x00,0x07,0x00
982035,0x3E8,false,0,8,0x08,0x00,0x4F,0x00,0x07,0x00,0x00,0x00
982160,0x3E8,false,0,8,0x09,0x00,0x00,0x00,0x00,0x00,0x00,0x00
982293,0x3E8,false,0,8,0x0A,0x00,0x00,0x00,0x00,0x00,0x00,0x00
982425,0x3E8,false,0,8,0x0B,0x00,0x00,0x00,0x00,0x00,0x00,0x00
982554,0x3E8,false,0,8,0x0C,0x00,0x00,0x00,0x00,0x00,0x00,0x00
982684,0x3E8,false,0,8,0x0D,0x00,0x00,0x00,0x05,0x00,0x10,0x00
1030659,0x3E8,false,0,8,0x00,0x00,0x00,0x00,0x66,0x00,0x65,0x00
1030910,0x44C,false,0,8,0x00,0x00,0x19,0x00,0x1A,0x00,0x00,0x00
1031045,0x3E8,false,0,8,0x01,0x00,0xF2,0x03,0x05,0x00,0x00,0x00
1031169,0x44C,false,0,8,0x01,0x00,0x01,0x00,0x00,0x00,0x00,0x00
1031293,0x3E8,false,0,8,0x02,0x00,0x00,0x00,0x00,0x00,0x54,0x00
1031417,0x3E8,false,0,8,0x03,0x00,0x4C,0x00,0x9F,0x04,0x00,0x00
1043310,0x3E8,false,0,8,0x04,0x00,0x00,0x00,0x90,0x01,0x9A,0x04
1043465,0x3E8,false,0,8,0x05,0x00,0x00,0x00,0x00,0x00,0x00,0x00
1043593,0x3E8,false,0,8,0x06,0x00,0x00,0x00,0x00,0x00,0x00,0x00
1043720,0x3E8,false,0,8,0x07,0x00,0x00,0x00,0x00,0x00,0x07,0x00
1043849,0x3E8,false,0,8,0x08,0x00,0x4F,0x00,0x07,0x00,0x00,0x00
1043981,0x3E8,false,0,8,0x09,0x00,0x00,0x00,0x00,0x00,0x00,0x00
1044114,0x3E8,false,0,8,0x0A,0x00,0x00,0x00,0x00,0x00,0x00,0x00
1044258,0x3E8,false,0,8,0x0B,0x00,0x00,0x00,0x00,0x00,0x00,0x00
1044410,0x3E8,false,0,8,0x0C,0x00,0x00,0x00,0x00,0x00,0x00,0x00
1044545,0x3E8,false,0,8,0x0D,0x00,0x00,0x00,0x05,0x00,0x10,0x00
1080660,0x3E8,false,0,8,0x00,0x00,0x00,0x00,0x66,0x00,0x65,0x00
1080907,0x44C,false,0,8,0x00,0x00,0x19,0x00,0x1A,0x00,0x00,0x00
1081042,0x3E8,false,0,8,0x01,0x00,0xF2,0x03,0x05,0x00,0x00,0x00
1081178,0x44C,false,0,8,0x01,0x00,0x01,0x00,0x00,0x00,0x00,0x00
1081312,0x3E8,false,0,8,0x02,0x00,0x00,0x00,0x00,0x00,0x54,0x00
1081435,0x3E8,false,0,8,0x03,0x00,0x4C,0x00,0x9F,0x04,0x00,0x00
1081559,0x3E8,false,0,8,0x04,0x00,0x00,0x00,0x90,0x01,0x9A,0x04
1081684,0x3E8,false,0,8,0x05,0x00,0x00,0x00,0x00,0x00,0x00,0x00
1081808,0x3E8,false,0,8,0x06,0x00,0x00,0x00,0x00,0x00,0x00,0x00
1081934,0x3E8,false,0,8,0x07,0x00,0x00,0x00,0x00,0x00,0x07,0x00
1082066,0x3E8,false,0,8,0x08,0x00,0x4F,0x00,0x07,0x00,0x00,0x00
1082197,0x3E8,false,0,8,0x09,0x00,0x00,0x00,0x00,0x00,0x00,0x00
1082320,0x3E8,false,0,8,0x0A,0x00,0x00,0x00,0x00,0x00,0x00,0x00
1082444,0x3E8,false,0,8,0x0B,0x00,0x00,0x00,0x00,0x00,0x00,0x00
1082568,0x3E8,false,0,8,0x0C,0x00,0x00,0x00,0x00,0x00,0x00,0x00
1082697,0x3E8,false,0,8,0x0D,0x00,0x00,0x00,0x05,0x00,0x10,0x00
1130659,0x3E8,false,0,8,0x00,0x00,0x00,0x00,0x66,0x00,0x65,0x00
1130865,0x44C,false,0,8,0x00,0x00,0x19,0x00,0x1A,0x00,0x00,0x00
1130998,0x3E8,false,0,8,0x01,0x00,0xF2,0x03,0x05,0x00,0x00,0x00
1131123,0x44C,false,0,8,0x01,0x00,0x01,0x00,0x00,0x00,0x00,0x00
1131257,0x3E8,false,0,8,0x02,0x00,0x00,0x00,0x00,0x00,0x54,0x00
1131391,0x3E8,false,0,8,0x03,0x00,0x4C,0x00,0x9F,0x04,0x00,0x00
1131529,0x3E8,false,0,8,0x04,0x00,0x00,0x00,0x90,0x01,0x9A,0x04
1131666,0x3E8,false,0,8,0x05,0x00,0x00,0x00,0x00,0x00,0x00,0x00
1131803,0x3E8,false,0,8,0x06,0x00,0x00,0x00,0x00,0x00,0x00,0x00
1131939,0x3E8,false,0,8,0x07,0x00,0x00,0x00,0x00,0x00,0x07,0x00
1132071,0x3E8,false,0,8,0x08,0x00,0x4F,0x00,0x07,0x00,0x00,0x00
1132211,0x3E8,false,0,8,0x09,0x00,0x00,0x00,0x00,0x00,0x00,0x00
1132343,0x3E8,false,0,8,0x0A,0x00,0x00,0x00,0x00,0x00,0x00,0x00
1132469,0x3E8,false,0,8,0x0B,0x00,0x00,0x00,0x00,0x00,0x00,0x00
1132616,0x3E8,false,0,8,0x0C,0x00,0x00,0x00,0x00,0x00,0x00,0x00
1132741,0x3E8,false,0,8,0x0D,0x00,0x00,0x00,0x05,0x00,0x10,0x00
1180662,0x3E8,false,0,8,0x00,0x00,0x00,0x00,0x66,0x00,0x65,0x00
1180899,0x44C,false,0,8,0x00,0x00,0x19,0x00,0x1A,0x00,0x00,0x00
1181032,0x3E8,false,0,8,0x01,0x00,0xF2,0x03,0x05,0x00,0x00,0x00
1181169,0x44C,false,0,8,0x01,0x00,0x01,0x00,0x00,0x00,0x00,0x00
1181303,0x3E8,false,0,8,0x02,0x00,0x00,0x00,0x00,0x00,0x54,0x00
1181437,0x3E8,false,0,8,0x03,0x00,0x4C,0x00,0x9F,0x04,0x00,0x00
1181570,0x3E8,false,0,8,0x04,0x00,0x00,0x00,0x90,0x01,0x9A,0x04
1181706,0x3E8,false,0,8,0x05,0x00,0x00,0x00,0x00,0x00,0x00,0x00
1181842,0x3E8,false,0,8,0x06,0x00,0x00,0x00,0x00,0x00,0x00,0x00
1181966,0x3E8,false,0,8,0x07,0x00,0x00,0x00,0x00,0x00,0x07,0x00
1182090,0x3E8,false,0,8,0x08,0x00,0x4F,0x00,0x07,0x00,0x00,0x00
1182213,0x3E8,false,0,8,0x09,0x00,0x00,0x00,0x00,0x00,0x00,0x00
1182337,0x3E8,false,0,8,0x0A,0x00,0x00,0x00,0x00,0x00,0x00,0x00
1182461,0x3E8,false,0,8,0x0B,0x00,0x00,0x00,0x00,0x00,0x00,0x00
1182585,0x3E8,false,0,8,0x0C,0x00,0x00,0x00,0x00,0x00,0x00,0x00
1182714,0x3E8,false,0,8,0x0D,0x00,0x00,0x00,0x05,0x00,0x10,0x00
1230662,0x3E8,false,0,8,0x00,0x00,0x00,0x00,0x66,0x00,0x65,0x00
1230901,0x44C,false,0,8,0x00,0x00,0x19,0x00,0x1A,0x00,0x00,0x00
1231035,0x3E8,false,0,8,0x01,0x00,0xF2,0x03,0x05,0x00,0x00,0x00
1231172,0x44C,false,0,8,0x01,0x00,0x01,0x00,0x00,0x00,0x00,0x00
1231312,0x3E8,false,0,8,0x02,0x00,0x00,0x00,0x00,0x00,0x54,0x00
1231448,0x3E8,false,0,8,0x03,0x00,0x4C,0x00,0x9F,0x04,0x00,0x00
1245556,0x3E8,false,0,8,0x04,0x00,0x00,0x00,0x90,0x01,0x9A,0x04
1245701,0x3E8,false,0,8,0x05,0x00,0x00,0x00,0x00,0x00,0x00,0x00
1245825,0x3E8,false,0,8,0x06,0x00,0x00,0x00,0x00,0x00,0x00,0x00
1245948,0x3E8,false,0,8,0x07,0x00,0x00,0x00,0x00,0x00,0x07,0x00
1246072,0x3E8,false,0,8,0x08,0x00,0x4F,0x00,0x07,0x00,0x00,0x00
1246196,0x3E8,false,0,8,0x09,0x00,0x00,0x00,0x00,0x00,0x00,0x00
1246319,0x3E8,false,0,8,0x0A,0x00,0x00,0x00,0x00,0x00,0x00,0x00
1246443,0x3E8,false,0,8,0x0B,0x00,0x00,0x00,0x00,0x00,0x00,0x00
1246567,0x3E8,false,0,8,0x0C,0x00,0x00,0x00,0x00,0x00,0x00,0x00
1246695,0x3E8,false,0,8,0x0D,0x00,0x00,0x00,0x05,0x00,0x10,0x00
1280657,0x3E8,false,0,8,0x00,0x00,0x00,0x00,0x66,0x00,0x65,0x00
1280864,0x44C,false,0,8,0x00,0x00,0x19,0x00,0x1A,0x00,0x00,0x00
1281001,0x3E8,false,0,8,0x01,0x00,0xF2,0x03,0x05,0x00,0x00,0x00
1281124,0x44C,false,0,8,0x01,0x00,0x01,0x00,0x00,0x00,0x00,0x00
1281260,0x3E8,false,0,8,0x02,0x00,0x00,0x00,0x00,0x00,0x54,0x00
1281395,0x3E8,false,0,8,0x03,0x00,0x4C,0x00,0x9F,0x04,0x00,0x00
1281533,0x3E8,false,0,8,0x04,0x00,0x00,0x00,0x90,0x01,0x9A,0x04
1281670,0x3E8,false,0,8,0x05,0x00,0x00,0x00,0x00,0x00,0x00,0x00
1281806,0x3E8,false,0,8,0x06,0x00,0x00,0x00,0x00,0x00,0x00,0x00
1281940,0x3E8,false,0,8,0x07,0x00,0x00,0x00,0x00,0x00,0x07,0x00
1282076,0x3E8,false,0,8,0x08,0x00,0x4F,0x00,0x07,0x00,0x00,0x00
1282199,0x3E8,false,0,8,0x09,0x00,0x00,0x00,0x00,0x00,0x00,0x00
1282323,0x3E8,false,0,8,0x0A,0x00,0x00,0x00,0x00,0x00,0x00,0x00
1282447,0x3E8,false,0,8,0x0B,0x00,0x00,0x00,0x00,0x00,0x00,0x00
1282570,0x3E8,false,0,8,0x0C,0x00,0x00,0x00,0x00,0x00,0x00,0x00
1282698,0x3E8,false,0,8,0x0D,0x00,0x00,0x00,0x05,0x00,0x10,0x00
1330669,0x3E8,false,0,8,0x00,0x00,0x00,0x00,0x66,0x00,0x65,0x00
1330918,0x44C,false,0,8,0x00,0x00,0x19,0x00,0x1A,0x00,0x00,0x00
1331049,0x3E8,false,0,8,0x01,0x00,0xF2,0x03,0x05,0x00,0x00,0x00
1331185,0x44C,false,0,8,0x01,0x00,0x01,0x00,0x00,0x00,0x00,0x00
1331311,0x3E8,false,0,8,0x02,0x00,0x00,0x00,0x00,0x00,0x54,0x00
1331439,0x3E8,false,0,8,0x03,0x00,0x4C,0x00,0x9F,0x04,0x00,0x00
1331563,0x3E8,false,0,8,0x04,0x00,0x00,0x00,0x90,0x01,0x9A,0x04
1331686,0x3E8,false,0,8,0x05,0x00,0x00,0x00,0x00,0x00,0x00,0x00
1331820,0x3E8,false,0,8,0x06,0x00,0x00,0x00,0x00,0x00,0x00,0x00
1331957,0x3E8,false,0,8,0x07,0x00,0x00,0x00,0x00,0x00,0x07,0x00
1332095,0x3E8,false,0,8,0x08,0x00,0x4F,0x00,0x07,0x00,0x00,0x00
1332230,0x3E8,false,0,8,0x09,0x00,0x00,0x00,0x00,0x00,0x00,0x00
1332367,0x3E8,false,0,8,0x0A,0x00,0x00,0x00,0x00,0x00,0x00,0x00
1332617,0x3E8,false,0,8,0x0B,0x00,0x00,0x00,0x00,0x00,0x00,0x00
1332755,0x3E8,false,0,8,0x0C,0x00,0x00,0x00,0x00,0x00,0x00,0x00
1332889,0x3E8,false,0,8,0x0D,0x00,0x00,0x00,0x05,0x00,0x10,0x00
1380670,0x3E8,false,0,8,0x00,0x00,0x00,0x00,0x66,0x00,0x65,0x00
1380925,0x44C,false,0,8,0x00,0x00,0x19,0x00,0x1A,0x00,0x00,0x00
1381061,0x3E8,false,0,8,0x01,0x00,0xF2,0x03,0x05,0x00,0x00,0x00
1381196,0x44C,false,0,8,0x01,0x00,0x01,0x00,0x00,0x00,0x00,0x00
1381332,0x3E8,false,0,8,0x02,0x00,0x00,0x00,0x00,0x00,0x54,0x00
1381456,0x3E8,false,0,8,0x03,0x00,0x4C,0x00,0x9F,0x04,0x00,0x00
1381592,0x3E8,false,0,8,0x04,0x00,0x00,0x00,0x90,0x01,0x9A,0x04
1381716,0x3E8,false,0,8,0x05,0x00,0x00,0x00,0x00,0x00,0x00,0x00
1381851,0x3E8,false,0,8,0x06,0x00,0x00,0x00,0x00,0x00,0x00,0x00
1381987,0x3E8,false,0,8,0x07,0x00,0x00,0x00,0x00,0x00,0x07,0x00
1382123,0x3E8,false,0,8,0x08,0x00,0x4F,0x00,0x07,0x00,0x00,0x00
1382259,0x3E8,false,0,8,0x09,0x00,0x00,0x00,0x00,0x00,0x00,0x00
1382394,0x3E8,false,0,8,0x0A,0x00,0x00,0x00,0x00,0x00,0x00,0x00
1382531,0x3E8,false,0,8,0x0B,0x00,0x00,0x00,0x00,0x00,0x00,0x00
1382670,0x3E8,false,0,8,0x0C,0x00,0x00,0x00,0x00,0x00,0x00,0x00
1382794,0x3E8,false,0,8,0x0D,0x00,0x00,0x00,0x05,0x00,0x10,0x00
1430656,0x3E8,false,0,8,0x00,0x00,0x00,0x00,0x66,0x00,0x65,0x00
1430865,0x44C,false,0,8,0x00,0x00,0x19,0x00,0x1A,0x00,0x00,0x00
1430998,0x3E8,false,0,8,0x01,0x00,0xF2,0x03,0x05,0x00,0x00,0x00
1431134,0x44C,false,0,8,0x01,0x00,0x01,0x00,0x00,0x00,0x00,0x00
1431270,0x3E8,false,0,8,0x02,0x00,0x00,0x00,0x00,0x00,0x54,0x00
1431406,0x3E8,false,0,8,0x03,0x00,0x4C,0x00,0x9F,0x04,0x00,0x00
1443717,0x3E8,false,0,8,0x04,0x00,0x00,0x00,0x90,0x01,0x9A,0x04
1443840,0x3E8,false,0,8,0x05,0x00,0x00,0x00,0x00,0x00,0x00,0x00
1443964,0x3E8,false,0,8,0x06,0x00,0x00,0x00,0x00,0x00,0x00,0x00
1444088,0x3E8,false,0,8,0x07,0x00,0x00,0x00,0x00,0x00,0x07,0x00
1444211,0x3E8,false,0,8,0x08,0x00,0x4F,0x00,0x07,0x00,0x00,0x00
1444335,0x3E8,false,0,8,0x09,0x00,0x00,0x00,0x00,0x00,0x00,0x00
1444459,0x3E8,false,0,8,0x0A,0x00,0x00,0x00,0x00,0x00,0x00,0x00
1444582,0x3E8,false,0,8,0x0B,0x00,0x00,0x00,0x00,0x00,0x00,0x00
1444710,0x3E8,false,0,8,0x0C,0x00,0x00,0x00,0x00,0x00,0x00,0x00
1444834,0x3E8,false,0,8,0x0D,0x00,0x00,0x00,0x05,0x00,0x10,0x00
1480646,0x3E8,false,0,8,0x00,0x00,0x00,0x00,0x66,0x00,0x65,0x00
1480787,0x44C,false,0,8,0x00,0x00,0x19,0x00,0x1A,0x00,0x00,0x00
1480926,0x3E8,false,0,8,0x01,0x00,0xF2,0x03,0x05,0x00,0x00,0x00
1482661,0x44C,false,0,8,0x01,0x00,0x01,0x00,0x00,0x00,0x00,0x00
1482844,0x3E8,false,0,8,0x02,0x00,0x00,0x00,0x00,0x00,0x54,0x00
1482967,0x3E8,false,0,8,0x03,0x00,0x4C,0x00,0x9F,0x04,0x00,0x00
1483090,0x3E8,false,0,8,0x04,0x00,0x00,0x00,0x90,0x01,0x9A,0x04
1483214,0x3E8,false,0,8,0x05,0x00,0x00,0x00,0x00,0x00,0x00,0x00
1483337,0x3E8,false,0,8,0x06,0x00,0x00,0x00,0x00,0x00,0x00,0x00
1483461,0x3E8,false,0,8,0x07,0x00,0x00,0x00,0x00,0x00,0x07,0x00
1483585,0x3E8,false,0,8,0x08,0x00,0x4F,0x00,0x07,0x00,0x00,0x00
1483708,0x3E8,false,0,8,0x09,0x00,0x00,0x00,0x00,0x00,0x00,0x00
1483832,0x3E8,false,0,8,0x0A,0x00,0x00,0x00,0x00,0x00,0x00,0x00
1483961,0x3E8,false,0,8,0x0B,0x00,0x00,0x00,0x00,0x00,0x00,0x00
1484088,0x3E8,false,0,8,0x0C,0x00,0x00,0x00,0x00,0x00,0x00,0x00
1484216,0x3E8,false,0,8,0x0D,0x00,0x00,0x00,0x05,0x00,0x10,0x00
1532666,0x3E8,false,0,8,0x00,0x00,0x00,0x00,0x66,0x00,0x65,0x00
1532913,0x44C,false,0,8,0x00,0x00,0x19,0x00,0x1A,0x00,0x00,0x00
1533049,0x3E8,false,0,8,0x01,0x00,0xF2,0x03,0x05,0x00,0x00,0x00
1533182,0x44C,false,0,8,0x01,0x00,0x01,0x00,0x00,0x00,0x00,0x00
1533318,0x3E8,false,0,8,0x02,0x00,0x00,0x00,0x00,0x00,0x54,0x00
1533451,0x3E8,false,0,8,0x03,0x00,0x4C,0x00,0x9F,0x04,0x00,0x00
1533589,0x3E8,false,0,8,0x04,0x00,0x00,0x00,0x90,0x01,0x9A,0x04
1533712,0x3E8,false,0,8,0x05,0x00,0x00,0x00,0x00,0x00,0x00,0x00
1533837,0x3E8,false,0,8,0x06,0x00,0x00,0x00,0x00,0x00,0x00,0x00
1533961,0x3E8,false,0,8,0x07,0x00,0x00,0x00,0x00,0x00,0x07,0x00
1534085,0x3E8,false,0,8,0x08,0x00,0x4F,0x00,0x07,0x00,0x00,0x00
1534208,0x3E8,false,0,8,0x09,0x00,0x00,0x00,0x00,0x00,0x00,0x00
1534333,0x3E8,false,0,8,0x0A,0x00,0x00,0x00,0x00,0x00,0x00,0x00
1534457,0x3E8,false,0,8,0x0B,0x00,0x00,0x00,0x00,0x00,0x00,0x00
1534581,0x3E8,false,0,8,0x0C,0x00,0x00,0x00,0x00,0x00,0x00,0x00
1534710,0x3E8,false,0,8,0x0D,0x00,0x00,0x00,0x05,0x00,0x10,0x00
1582709,0x3E8,false,0,8,0x00,0x00,0x00,0x00,0x66,0x00,0x65,0x00
1583034,0x44C,false,0,8,0x00,0x00,0x19,0x00,0x1A,0x00,0x00,0x00
1583169,0x3E8,false,0,8,0x01,0x00,0xF2,0x03,0x05,0x00,0x00,0x00
1583308,0x44C,false,0,8,0x01,0x00,0x01,0x00,0x00,0x00,0x00,0x00
1591630,0x3E8,false,0,8,0x02,0x00,0x00,0x00,0x00,0x00,0x54,0x00
1591786,0x3E8,false,0,8,0x03,0x00,0x4C,0x00,0x9F,0x04,0x00,0x00
1591909,0x3E8,false,0,8,0x04,0x00,0x00,0x00,0x90,0x01,0x9A,0x04
1592032,0x3E8,false,0,8,0x05,0x00,0x00,0x00,0x00,0x00,0x00,0x00
1592156,0x3E8,false,0,8,0x06,0x00,0x00,0x00,0x00,0x00,0x00,0x00
1592279,0x3E8,false,0,8,0x07,0x00,0x00,0x00,0x00,0x00,0x07,0x00
1592403,0x3E8,false,0,8,0x08,0x00,0x4F,0x00,0x07,0x00,0x00,0x00
1592527,0x3E8,false,0,8,0x09,0x00,0x00,0x00,0x00,0x00,0x00,0x00
1592655,0x3E8,false,0,8,0x0A,0x00,0x00,0x00,0x00,0x00,0x00,0x00
1592782,0x3E8,false,0,8,0x0B,0x00,0x00,0x00,0x00,0x00,0x00,0x00
1592908,0x3E8,false,0,8,0x0C,0x00,0x00,0x00,0x00,0x00,0x00,0x00
1593031,0x3E8,false,0,8,0x0D,0x00,0x00,0x00,0x05,0x00,0x10,0x00
1632672,0x44C,false,0,8,0x00,0x00,0x19,0x00,0x1A,0x00,0x00,0x00
1632932,0x3E8,false,0,8,0x00,0x00,0x00,0x00,0x66,0x00,0x65,0x00
1633056,0x44C,false,0,8,0x01,0x00,0x01,0x00,0x00,0x00,0x00,0x00
1633193,0x3E8,false,0,8,0x01,0x00,0xF2,0x03,0x05,0x00,0x00,0x00
1633328,0x3E8,false,0,8,0x02,0x00,0x00,0x00,0x00,0x00,0x54,0x00
1633464,0x3E8,false,0,8,0x03,0x00,0x4C,0x00,0x9F,0x04,0x00,0x00
1633600,0x3E8,false,0,8,0x04,0x00,0x00,0x00,0x90,0x01,0x9A,0x04
1633725,0x3E8,false,0,8,0x05,0x00,0x00,0x00,0x00,0x00,0x00,0x00
1633850,0x3E8,false,0,8,0x06,0x00,0x00,0x00,0x00,0x00,0x00,0x00
1633975,0x3E8,false,0,8,0x07,0x00,0x00,0x00,0x00,0x00,0x07,0x00
1634101,0x3E8,false,0,8,0x08,0x00,0x4F,0x00,0x07,0x00,0x00,0x00
1634225,0x3E8,false,0,8,0x09,0x00,0x00,0x00,0x00,0x00,0x00,0x00
1634350,0x3E8,false,0,8,0x0A,0x00,0x00,0x00,0x00,0x00,0x00,0x00
1634475,0x3E8,false,0,8,0x0B,0x00,0x00,0x00,0x00,0x00,0x00,0x00
1634605,0x3E8,false,0,8,0x0C,0x00,0x00,0x00,0x00,0x00,0x00,0x00
1634730,0x3E8,false,0,8,0x0D,0x00,0x00,0x00,0x05,0x00,0x10,0x00
1682658,0x3E8,false,0,8,0x00,0x00,0x00,0x00,0x66,0x00,0x65,0x00
1682908,0x44C,false,0,8,0x00,0x00,0x19,0x00,0x1A,0x00,0x00,0x00
1683044,0x3E8,false,0,8,0x01,0x00,0xF2,0x03,0x05,0x00,0x00,0x00
1683180,0x44C,false,0,8,0x01,0x00,0x01,0x00,0x00,0x00,0x00,0x00
1683315,0x3E8,false,0,8,0x02,0x00,0x00,0x00,0x00,0x00,0x54,0x00
1683452,0x3E8,false,0,8,0x03,0x00,0x4C,0x00,0x9F,0x04,0x00,0x00
1683589,0x3E8,false,0,8,0x04,0x00,0x00,0x00,0x90,0x01,0x9A,0x04
1683725,0x3E8,false,0,8,0x05,0x00,0x00,0x00,0x00,0x00,0x00,0x00
1683849,0x3E8,false,0,8,0x06,0x00,0x00,0x00,0x00,0x00,0x00,0x00
1683973,0x3E8,false,0,8,0x07,0x00,0x00,0x00,0x00,0x00,0x07,0x00
1684096,0x3E8,false,0,8,0x08,0x00,0x4F,0x00,0x07,0x00,0x00,0x00
1684220,0x3E8,false,0,8,0x09,0x00,0x00,0x00,0x00,0x00,0x00,0x00
1684344,0x3E8,false,0,8,0x0A,0x00,0x00,0x00,0x00,0x00,0x00,0x00
1684468,0x3E8,false,0,8,0x0B,0x00,0x00,0x00,0x00,0x00,0x00,0x00
1684592,0x3E8,false,0,8,0x0C,0x00,0x00,0x00,0x00,0x00,0x00,0x00
1684720,0x3E8,false,0,8,0x0D,0x00,0x00,0x00,0x05,0x00,0x10,0x00
1732656,0x3E8,false,0,8,0x00,0x00,0x00,0x00,0x66,0x00,0x65,0x00
1732847,0x44C,false,0,8,0x00,0x00,0x19,0x00,0x1A,0x00,0x00,0x00
1732971,0x3E8,false,0,8,0x01,0x00,0xF2,0x03,0x05,0x00,0x00,0x00
1733094,0x44C,false,0,8,0x01,0x00,0x01,0x00,0x00,0x00,0x00,0x00
1733219,0x3E8,false,0,8,0x02,0x00,0x00,0x00,0x00,0x00,0x54,0x00
1733342,0x3E8,false,0,8,0x03,0x00,0x4C,0x00,0x9F,0x04,0x00,0x00
1733481,0x3E8,false,0,8,0x04,0x00,0x00,0x00,0x90,0x01,0x9A,0x04
1733620,0x3E8,false,0,8,0x05,0x00,0x00,0x00,0x00,0x00,0x00,0x00
1733756,0x3E8,false,0,8,0x06,0x00,0x00,0x00,0x00,0x00,0x00,0x00
1733893,0x3E8,false,0,8,0x07,0x00,0x00,0x00,0x00,0x00,0x07,0x00
1734030,0x3E8,false,0,8,0x08,0x00,0x4F,0x00,0x07,0x00,0x00,0x00
1734165,0x3E8,false,0,8,0x09,0x00,0x00,0x00,0x00,0x00,0x00,0x00
1734300,0x3E8,false,0,8,0x0A,0x00,0x00,0x00,0x00,0x00,0x00,0x00
1734424,0x3E8,false,0,8,0x0B,0x00,0x00,0x00,0x00,0x00,0x00,0x00
1734548,0x3E8,false,0,8,0x0C,0x00,0x00,0x00,0x00,0x00,0x00,0x00
1734689,0x3E8,false,0,8,0x0D,0x00,0x00,0x00,0x05,0x00,0x10,0x00
1782648,0x3E8,false,0,8,0x00,0x00,0x00,0x00,0x66,0x00,0x65,0x00
1782826,0x44C,false,0,8,0x00,0x00,0x19,0x00,0x1A,0x00,0x00,0x00
1782966,0x3E8,false,0,8,0x01,0x00,0xF2,0x03,0x05,0x00,0x00,0x00
1783090,0x44C,false,0,8,0x01,0x00,0x01,0x00,0x00,0x00,0x00,0x00
1783224,0x3E8,false,0,8,0x02,0x00,0x00,0x00,0x00,0x00,0x54,0x00
1810497,0x3E8,false,0,8,0x03,0x00,0x4C,0x00,0x9F,0x04,0x00,0x00
1810642,0x3E8,false,0,8,0x04,0x00,0x00,0x00,0x90,0x01,0x9A,0x04
1810780,0x3E8,false,0,8,0x05,0x00,0x00,0x00,0x00,0x00,0x00,0x00
1810912,0x3E8,false,0,8,0x06,0x00,0x00,0x00,0x00,0x00,0x00,0x00
1811051,0x3E8,false,0,8,0x07,0x00,0x00,0x00,0x00,0x00,0x07,0x00
1811186,0x3E8,false,0,8,0x08,0x00,0x4F,0x00,0x07,0x00,0x00,0x00
1811329,0x3E8,false,0,8,0x09,0x00,0x00,0x00,0x00,0x00,0x00,0x00
1811469,0x3E8,false,0,8,0x0A,0x00,0x00,0x00,0x00,0x00,0x00,0x00
1811607,0x3E8,false,0,8,0x0B,0x00,0x00,0x00,0x00,0x00,0x00,0x00
1811740,0x3E8,false,0,8,0x0D,0x00,0x00,0x00,0x05,0x00,0x10,0x00
1832670,0x3E8,false,0,8,0x00,0x00,0x00,0x00,0x66,0x00,0x65,0x00
1832931,0x44C,false,0,8,0x00,0x00,0x19,0x00,0x1A,0x00,0x00,0x00
1833067,0x3E8,false,0,8,0x01,0x00,0xF2,0x03,0x05,0x00,0x00,0x00
1833192,0x44C,false,0,8,0x01,0x00,0x01,0x00,0x00,0x00,0x00,0x00
1833330,0x3E8,false,0,8,0x02,0x00,0x00,0x00,0x00,0x00,0x54,0x00
1833465,0x3E8,false,0,8,0x03,0x00,0x4C,0x00,0x9F,0x04,0x00,0x00
1833600,0x3E8,false,0,8,0x04,0x00,0x00,0x00,0x90,0x01,0x9A,0x04
1833737,0x3E8,false,0,8,0x05,0x00,0x00,0x00,0x00,0x00,0x00,0x00
1833875,0x3E8,false,0,8,0x06,0x00,0x00,0x00,0x00,0x00,0x00,0x00
1834011,0x3E8,false,0,8,0x07,0x00,0x00,0x00,0x00,0x00,0x07,0x00
1834137,0x3E8,false,0,8,0x08,0x00,0x4F,0x00,0x07,0x00,0x00,0x00
1834274,0x3E8,false,0,8,0x09,0x00,0x00,0x00,0x00,0x00,0x00,0x00
1834409,0x3E8,false,0,8,0x0A,0x00,0x00,0x00,0x00,0x00,0x00,0x00
1834534,0x3E8,false,0,8,0x0B,0x00,0x00,0x00,0x00,0x00,0x00,0x00
1834665,0x3E8,false,0,8,0x0C,0x00,0x00,0x00,0x00,0x00,0x00,0x00
1834790,0x3E8,false,0,8,0x0D,0x00,0x00,0x00,0x05,0x00,0x10,0x00
1882670,0x3E8,false,0,8,0x00,0x00,0x00,0x00,0x66,0x00,0x65,0x00
1882919,0x44C,false,0,8,0x00,0x00,0x19,0x00,0x1A,0x00,0x00,0x00
1883053,0x3E8,false,0,8,0x01,0x00,0xF2,0x03,0x05,0x00,0x00,0x00
1883190,0x44C,false,0,8,0x01,0x00,0x01,0x00,0x00,0x00,0x00,0x00
1883314,0x3E8,false,0,8,0x02,0x00,0x00,0x00,0x00,0x00,0x54,0x00
1883452,0x3E8,false,0,8,0x03,0x00,0x4C,0x00,0x9F,0x04,0x00,0x00
1883575,0x3E8,false,0,8,0x04,0x00,0x00,0x00,0x90,0x01,0x9A,0x04
1883713,0x3E8,false,0,8,0x05,0x00,0x00,0x00,0x00,0x00,0x00,0x00
1883850,0x3E8,false,0,8,0x06,0x00,0x00,0x00,0x00,0x00,0x00,0x00
1883987,0x3E8,false,0,8,0x07,0x00,0x00,0x00,0x00,0x00,0x07,0x00
1884123,0x3E8,false,0,8,0x08,0x00,0x4F,0x00,0x07,0x00,0x00,0x00
1884257,0x3E8,false,0,8,0x09,0x00,0x00,0x00,0x00,0x00,0x00,0x00
1884393,0x3E8,false,0,8,0x0A,0x00,0x00,0x00,0x00,0x00,0x00,0x00
1884529,0x3E8,false,0,8,0x0B,0x00,0x00,0x00,0x00,0x00,0x00,0x00
1884660,0x3E8,false,0,8,0x0C,0x00,0x00,0x00,0x00,0x00,0x00,0x00
1884784,0x3E8,false,0,8,0x0D,0x00,0x00,0x00,0x05,0x00,0x10,0x00
1932670,0x3E8,false,0,8,0x00,0x00,0x00,0x00,0x66,0x00,0x65,0x00
1932895,0x44C,false,0,8,0x00,0x00,0x19,0x00,0x1A,0x00,0x00,0x00
1933030,0x3E8,false,0,8,0x01,0x00,0xF2,0x03,0x05,0x00,0x00,0x00
1933164,0x44C,false,0,8,0x01,0x00,0x01,0x00,0x00,0x00,0x00,0x00
1933302,0x3E8,false,0,8,0x02,0x00,0x00,0x00,0x00,0x00,0x54,0x00
1933426,0x3E8,false,0,8,0x03,0x00,0x4C,0x00,0x9F,0x04,0x00,0x00
1933549,0x3E8,false,0,8,0x04,0x00,0x00,0x00,0x90,0x01,0x9A,0x04
1933674,0x3E8,false,0,8,0x05,0x00,0x00,0x00,0x00,0x00,0x00,0x00
1936644,0x3E8,false,0,8,0x06,0x00,0x00,0x00,0x00,0x00,0x00,0x00
1936769,0x3E8,false,0,8,0x07,0x00,0x00,0x00,0x00,0x00,0x07,0x00
1936893,0x3E8,false,0,8,0x08,0x00,0x4F,0x00,0x07,0x00,0x00,0x00
1937018,0x3E8,false,0,8,0x09,0x00,0x00,0x00,0x00,0x00,0x00,0x00
1937146,0x3E8,false,0,8,0x0A,0x00,0x00,0x00,0x00,0x00,0x00,0x00
1937280,0x3E8,false,0,8,0x0B,0x00,0x00,0x00,0x00,0x00,0x00,0x00
1937412,0x3E8,false,0,8,0x0C,0x00,0x00,0x00,0x00,0x00,0x00,0x00
1937545,0x3E8,false,0,8,0x0D,0x00,0x00,0x00,0x05,0x00,0x10,0x00
1984668,0x3E8,false,0,8,0x00,0x00,0x00,0x00,0x66,0x00,0x65,0x00
1984946,0x44C,false,0,8,0x00,0x00,0x19,0x00,0x1A,0x00,0x00,0x00
1985090,0x3E8,false,0,8,0x01,0x00,0xF2,0x03,0x05,0x00,0x00,0x00
1985235,0x44C,false,0,8,0x01,0x00,0x01,0x00,0x00,0x00,0x00,0x00
1985377,0x3E8,false,0,8,0x02,0x00,0x00,0x00,0x00,0x00,0x54,0x00
1985525,0x3E8,false,0,8,0x03,0x00,0x4C,0x00,0x9F,0x04,0x00,0x00
1997862,0x3E8,false,0,8,0x04,0x00,0x00,0x00,0x90,0x01,0x9A,0x04
1997991,0x3E8,false,0,8,0x05,0x00,0x00,0x00,0x00,0x00,0x00,0x00
1998115,0x3E8,false,0,8,0x06,0x00,0x00,0x00,0x00,0x00,0x00,0x00
1998239,0x3E8,false,0,8,0x07,0x00,0x00,0x00,0x00,0x00,0x07,0x00
1998362,0x3E8,false,0,8,0x08,0x00,0x4F,0x00,0x07,0x00,0x00,0x00
1998486,0x3E8,false,0,8,0x09,0x00,0x00,0x00,0x00,0x00,0x00,0x00
1998614,0x3E8,false,0,8,0x0A,0x00,0x00,0x00,0x00,0x00,0x00,0x00
1998738,0x3E8,false,0,8,0x0B,0x00,0x00,0x00,0x00,0x00,0x00,0x00
1998861,0x3E8,false,0,8,0x0C,0x00,0x00,0x00,0x00,0x00,0x00,0x00
1998985,0x3E8,false,0,8,0x0D,0x00,0x00,0x00,0x05,0x00,0x10,0x00
2033015,0x3E8,false,0,8,0x00,0x00,0x00,0x00,0x66,0x00,0x65,0x00
2033263,0x44C,false,0,8,0x00,0x00,0x19,0x00,0x1A,0x00,0x00,0x00
2033407,0x3E8,false,0,8,0x01,0x00,0xF2,0x03,0x05,0x00,0x00,0x00
2036660,0x44C,false,0,8,0x01,0x00,0x01,0x00,0x00,0x00,0x00,0x00
2036805,0x3E8,false,0,8,0x02,0x00,0x00,0x00,0x00,0x00,0x54,0x00
2036929,0x3E8,false,0,8,0x03,0x00,0x4C,0x00,0x9F,0x04,0x00,0x00
2037052,0x3E8,false,0,8,0x04,0x00,0x00,0x00,0x90,0x01,0x9A,0x04
2037175,0x3E8,false,0,8,0x05,0x00,0x00,0x00,0x00,0x00,0x00,0x00
2037299,0x3E8,false,0,8,0x06,0x00,0x00,0x00,0x00,0x00,0x00,0x00
2037423,0x3E8,false,0,8,0x07,0x00,0x00,0x00,0x00,0x00,0x07,0x00
2037546,0x3E8,false,0,8,0x08,0x00,0x4F,0x00,0x07,0x00,0x00,0x00
2037675,0x3E8,false,0,8,0x09,0x00,0x00,0x00,0x00,0x00,0x00,0x00
2037800,0x3E8,false,0,8,0x0A,0x00,0x00,0x00,0x00,0x00,0x00,0x00
2037924,0x3E8,false,0,8,0x0B,0x00,0x00,0x00,0x00,0x00,0x00,0x00
2038047,0x3E8,false,0,8,0x0C,0x00,0x00,0x00,0x00,0x00,0x00,0x00
2038171,0x3E8,false,0,8,0x0D,0x00,0x00,0x00,0x05,0x00,0x10,0x00
2084669,0x3E8,false,0,8,0x00,0x00,0x00,0x00,0x66,0x00,0x65,0x00
2084903,0x44C,false,0,8,0x00,0x00,0x19,0x00,0x1A,0x00,0x00,0x00
2085038,0x3E8,false,0,8,0x01,0x00,0xF2,0x03,0x05,0x00,0x00,0x00
2085174,0x44C,false,0,8,0x01,0x00,0x01,0x00,0x00,0x00,0x00,0x00
2085309,0x3E8,false,0,8,0x02,0x00,0x00,0x00,0x00,0x00,0x54,0x00
2085445,0x3E8,false,0,8,0x03,0x00,0x4C,0x00,0x9F,0x04,0x00,0x00
2085569,0x3E8,false,0,8,0x04,0x00,0x00,0x00,0x90,0x01,0x9A,0x04
2085694,0x3E8,false,0,8,0x05,0x00,0x00,0x00,0x00,0x00,0x00,0x00
2085818,0x3E8,false,0,8,0x06,0x00,0x00,0x00,0x00,0x00,0x00,0x00
2085942,0x3E8,false,0,8,0x07,0x00,0x00,0x00,0x00,0x00,0x07,0x00
2086065,0x3E8,false,0,8,0x08,0x00,0x4F,0x00,0x07,0x00,0x00,0x00
2086189,0x3E8,false,0,8,0x09,0x00,0x00,0x00,0x00,0x00,0x00,0x00
2086313,0x3E8,false,0,8,0x0A,0x00,0x00,0x00,0x00,0x00,0x00,0x00
2086437,0x3E8,false,0,8,0x0B,0x00,0x00,0x00,0x00,0x00,0x00,0x00
2086561,0x3E8,false,0,8,0x0C,0x00,0x00,0x00,0x00,0x00,0x00,0x00
2086690,0x3E8,false,0,8,0x0D,0x00,0x00,0x00,0x05,0x00,0x10,0x00
2134660,0x3E8,false,0,8,0x00,0x00,0x00,0x00,0x66,0x00,0x65,0x00
2134883,0x44C,false,0,8,0x00,0x00,0x19,0x00,0x1A,0x00,0x00,0x00
2135006,0x3E8,false,0,8,0x01,0x00,0xF2,0x03,0x05,0x00,0x00,0x00
2135141,0x44C,false,0,8,0x01,0x00,0x01,0x00,0x00,0x00,0x00,0x00
2135279,0x3E8,false,0,8,0x02,0x00,0x00,0x00,0x00,0x00,0x54,0x00
2135413,0x3E8,false,0,8,0x03,0x00,0x4C,0x00,0x9F,0x04,0x00,0x00
2135536,0x3E8,false,0,8,0x04,0x00,0x00,0x00,0x90,0x01,0x9A,0x04
2135674,0x3E8,false,0,8,0x05,0x00,0x00,0x00,0x00,0x00,0x00,0x00
2135808,0x3E8,false,0,8,0x06,0x00,0x00,0x00,0x00,0x00,0x00,0x00
2135942,0x3E8,false,0,8,0x07,0x00,0x00,0x00,0x00,0x00,0x07,0x00
2136077,0x3E8,false,0,8,0x08,0x00,0x4F,0x00,0x07,0x00,0x00,0x00
2136201,0x3E8,false,0,8,0x09,0x00,0x00,0x00,0x00,0x00,0x00,0x00
2136338,0x3E8,false,0,8,0x0A,0x00,0x00,0x00,0x00,0x00,0x00,0x00
2136462,0x3E8,false,0,8,0x0B,0x00,0x00,0x00,0x00,0x00,0x00,0x00
2136586,0x3E8,false,0,8,0x0C,0x00,0x00,0x00,0x00,0x00,0x00,0x00
2136714,0x3E8,false,0,8,0x0D,0x00,0x00,0x00,0x05,0x00,0x10,0x00
2184663,0x3E8,false,0,8,0x00,0x00,0x00,0x00,0x66,0x00,0x65,0x00
2184899,0x44C,false,0,8,0x00,0x00,0x19,0x00,0x1A,0x00,0x00,0x00
2185022,0x3E8,false,0,8,0x01,0x00,0xF2,0x03,0x05,0x00,0x00,0x00
2185156,0x44C,false,0,8,0x01,0x00,0x01,0x00,0x00,0x00,0x00,0x00
2185294,0x3E8,false,0,8,0x02,0x00,0x00,0x00,0x00,0x00,0x54,0x00
2185430,0x3E8,false,0,8,0x03,0x00,0x4C,0x00,0x9F,0x04,0x00,0x00
2197834,0x3E8,false,0,8,0x04,0x00,0x00,0x00,0x90,0x01,0x9A,0x04
2197964,0x3E8,false,0,8,0x05,0x00,0x00,0x00,0x00,0x00,0x00,0x00
2198088,0x3E8,false,0,8,0x06,0x00,0x00,0x00,0x00,0x00,0x00,0x00
2198212,0x3E8,false,0,8,0x07,0x00,0x00,0x00,0x00,0x00,0x07,0x00
2198335,0x3E8,false,0,8,0x08,0x00,0x4F,0x00,0x07,0x00,0x00,0x00
2198459,0x3E8,false,0,8,0x09,0x00,0x00,0x00,0x00,0x00,0x00,0x00
2198583,0x3E8,false,0,8,0x0A,0x00,0x00,0x00,0x00,0x00,0x00,0x00
2198711,0x3E8,false,0,8,0x0B,0x00,0x00,0x00,0x00,0x00,0x00,0x00
2198834,0x3E8,false,0,8,0x0C,0x00,0x00,0x00,0x00,0x00,0x00,0x00
2198958,0x3E8,false,0,8,0x0D,0x00,0x00,0x00,0x05,0x00,0x10,0x00
2234645,0x3E8,false,0,8,0x00,0x00,0x00,0x00,0x66,0x00,0x65,0x00
2234786,0x44C,false,0,8,0x00,0x00,0x19,0x00,0x1A,0x00,0x00,0x00
2234910,0x3E8,false,0,8,0x01,0x00,0xF2,0x03,0x05,0x00,0x00,0x00
2235045,0x44C,false,0,8,0x01,0x00,0x01,0x00,0x00,0x00,0x00,0x00
2235183,0x3E8,false,0,8,0x02,0x00,0x00,0x00,0x00,0x00,0x54,0x00
2235318,0x3E8,false,0,8,0x03,0x00,0x4C,0x00,0x9F,0x04,0x00,0x00
2235453,0x3E8,false,0,8,0x04,0x00,0x00,0x00,0x90,0x01,0x9A,0x04
2235589,0x3E8,false,0,8,0x05,0x00,0x00,0x00,0x00,0x00,0x00,0x00
2235727,0x3E8,false,0,8,0x06,0x00,0x00,0x00,0x00,0x00,0x00,0x00
2235863,0x3E8,false,0,8,0x07,0x00,0x00,0x00,0x00,0x00,0x07,0x00
2235998,0x3E8,false,0,8,0x08,0x00,0x4F,0x00,0x07,0x00,0x00,0x00
2236122,0x3E8,false,0,8,0x09,0x00,0x00,0x00,0x00,0x00,0x00,0x00
2236245,0x3E8,false,0,8,0x0A,0x00,0x00,0x00,0x00,0x00,0x00,0x00
2236369,0x3E8,false,0,8,0x0B,0x00,0x00,0x00,0x00,0x00,0x00,0x00
2236493,0x3E8,false,0,8,0x0C,0x00,0x00,0x00,0x00,0x00,0x00,0x00
2236621,0x3E8,false,0,8,0x0D,0x00,0x00,0x00,0x05,0x00,0x10,0x00
2284663,0x3E8,false,0,8,0x00,0x00,0x00,0x00,0x66,0x00,0x65,0x00
2284916,0x44C,false,0,8,0x00,0x00,0x19,0x00,0x1A,0x00,0x00,0x00
2285039,0x3E8,false,0,8,0x01,0x00,0xF2,0x03,0x05,0x00,0x00,0x00
2285175,0x44C,false,0,8,0x01,0x00,0x01,0x00,0x00,0x00,0x00,0x00
2285299,0x3E8,false,0,8,0x02,0x00,0x00,0x00,0x00,0x00,0x54,0x00
2285436,0x3E8,false,0,8,0x03,0x00,0x4C,0x00,0x9F,0x04,0x00,0x00
2285571,0x3E8,false,0,8,0x04,0x00,0x00,0x00,0x90,0x01,0x9A,0x04
2285707,0x3E8,false,0,8,0x05,0x00,0x00,0x00,0x00,0x00,0x00,0x00
2285843,0x3E8,false,0,8,0x06,0x00,0x00,0x00,0x00,0x00,0x00,0x00
2285978,0x3E8,false,0,8,0x07,0x00,0x00,0x00,0x00,0x00,0x07,0x00
2286114,0x3E8,false,0,8,0x08,0x00,0x4F,0x00,0x07,0x00,0x00,0x00
2286250,0x3E8,false,0,8,0x09,0x00,0x00,0x00,0x00,0x00,0x00,0x00
2286374,0x3E8,false,0,8,0x0A,0x00,0x00,0x00,0x00,0x00,0x00,0x00
2286498,0x3E8,false,0,8,0x0B,0x00,0x00,0x00,0x00,0x00,0x00,0x00
2286627,0x3E8,false,0,8,0x0C,0x00,0x00,0x00,0x00,0x00,0x00,0x00
2286752,0x3E8,false,0,8,0x0D,0x00,0x00,0x00,0x05,0x00,0x10,0x00
2334684,0x3E8,false,0,8,0x00,0x00,0x00,0x00,0x66,0x00,0x65,0x00
2335001,0x44C,false,0,8,0x00,0x00,0x19,0x00,0x1A,0x00,0x00,0x00
2335131,0x3E8,false,0,8,0x01,0x00,0xF2,0x03,0x05,0x00,0x00,0x00
2335258,0x44C,false,0,8,0x01,0x00,0x01,0x00,0x00,0x00,0x00,0x00
2335390,0x3E8,false,0,8,0x02,0x00,0x00,0x00,0x00,0x00,0x54,0x00
2335529,0x3E8,false,0,8,0x03,0x00,0x4C,0x00,0x9F,0x04,0x00,0x00
2339583,0x3E8,false,0,8,0x04,0x00,0x00,0x00,0x90,0x01,0x9A,0x04
2339993,0x3E8,false,0,8,0x05,0x00,0x00,0x00,0x00,0x00,0x00,0x00
2340118,0x3E8,false,0,8,0x06,0x00,0x00,0x00,0x00,0x00,0x00,0x00
2340244,0x3E8,false,0,8,0x07,0x00,0x00,0x00,0x00,0x00,0x07,0x00
2340372,0x3E8,false,0,8,0x08,0x00,0x4F,0x00,0x07,0x00,0x00,0x00
2340502,0x3E8,false,0,8,0x09,0x00,0x00,0x00,0x00,0x00,0x00,0x00
2340637,0x3E8,false,0,8,0x0A,0x00,0x00,0x00,0x00,0x00,0x00,0x00
2340763,0x3E8,false,0,8,0x0B,0x00,0x00,0x00,0x00,0x00,0x00,0x00
2340889,0x3E8,false,0,8,0x0C,0x00,0x00,0x00,0x00,0x00,0x00,0x00
2341015,0x3E8,false,0,8,0x0D,0x00,0x00,0x00,0x05,0x00,0x10,0x00
2384670,0x3E8,false,0,8,0x00,0x00,0x00,0x00,0x66,0x00,0x65,0x00
2384925,0x44C,false,0,8,0x00,0x00,0x19,0x00,0x1A,0x00,0x00,0x00
2385061,0x3E8,false,0,8,0x01,0x00,0xF2,0x03,0x05,0x00,0x00,0x00
2385197,0x44C,false,0,8,0x01,0x00,0x01,0x00,0x00,0x00,0x00,0x00
2385333,0x3E8,false,0,8,0x02,0x00,0x00,0x00,0x00,0x00,0x54,0x00
2385469,0x3E8,false,0,8,0x03,0x00,0x4C,0x00,0x9F,0x04,0x00,0x00
2397668,0x3E8,false,0,8,0x04,0x00,0x00,0x00,0x90,0x01,0x9A,0x04
2397791,0x3E8,false,0,8,0x05,0x00,0x00,0x00,0x00,0x00,0x00,0x00
2397915,0x3E8,false,0,8,0x06,0x00,0x00,0x00,0x00,0x00,0x00,0x00
2398038,0x3E8,false,0,8,0x07,0x00,0x00,0x00,0x00,0x00,0x07,0x00
2398162,0x3E8,false,0,8,0x08,0x00,0x4F,0x00,0x07,0x00,0x00,0x00
2398286,0x3E8,false,0,8,0x09,0x00,0x00,0x00,0x00,0x00,0x00,0x00
2398409,0x3E8,false,0,8,0x0A,0x00,0x00,0x00,0x00,0x00,0x00,0x00
2398533,0x3E8,false,0,8,0x0B,0x00,0x00,0x00,0x00,0x00,0x00,0x00
2398661,0x3E8,false,0,8,0x0C,0x00,0x00,0x00,0x00,0x00,0x00,0x00
2398785,0x3E8,false,0,8,0x0D,0x00,0x00,0x00,0x05,0x00,0x10,0x00
2434661,0x3E8,false,0,8,0x00,0x00,0x00,0x00,0x66,0x00,0x65,0x00
2434901,0x44C,false,0,8,0x00,0x00,0x19,0x00,0x1A,0x00,0x00,0x00
2435035,0x3E8,false,0,8,0x01,0x00,0xF2,0x03,0x05,0x00,0x00,0x00
2435171,0x44C,false,0,8,0x01,0x00,0x01,0x00,0x00,0x00,0x00,0x00
2435308,0x3E8,false,0,8,0x02,0x00,0x00,0x00,0x00,0x00,0x54,0x00
2435445,0x3E8,false,0,8,0x03,0x00,0x4C,0x00,0x9F,0x04,0x00,0x00
2435580,0x3E8,false,0,8,0x04,0x00,0x00,0x00,0x90,0x01,0x9A,0x04
2435704,0x3E8,false,0,8,0x05,0x00,0x00,0x00,0x00,0x00,0x00,0x00
2435840,0x3E8,false,0,8,0x06,0x00,0x00,0x00,0x00,0x00,0x00,0x00
2435978,0x3E8,false,0,8,0x07,0x00,0x00,0x00,0x00,0x00,0x07,0x00
2436292,0x3E8,false,0,8,0x08,0x00,0x4F,0x00,0x07,0x00,0x00,0x00
2436427,0x3E8,false,0,8,0x09,0x00,0x00,0x00,0x00,0x00,0x00,0x00
2436563,0x3E8,false,0,8,0x0A,0x00,0x00,0x00,0x00,0x00,0x00,0x00
2436704,0x3E8,false,0,8,0x0B,0x00,0x00,0x00,0x00,0x00,0x00,0x00
2436839,0x3E8,false,0,8,0x0C,0x00,0x00,0x00,0x00,0x00,0x00,0x00
2436963,0x3E8,false,0,8,0x0D,0x00,0x00,0x00,0x05,0x00,0x10,0x00
2486650,0x3E8,false,0,8,0x00,0x00,0x00,0x00,0x66,0x00,0x65,0x00
2486807,0x44C,false,0,8,0x00,0x00,0x19,0x00,0x1A,0x00,0x00,0x00
2486943,0x3E8,false,0,8,0x01,0x00,0xF2,0x03,0x05,0x00,0x00,0x00
2487079,0x44C,false,0,8,0x01,0x00,0x01,0x00,0x00,0x00,0x00,0x00
2487203,0x3E8,false,0,8,0x02,0x00,0x00,0x00,0x00,0x00,0x54,0x00
2487327,0x3E8,false,0,8,0x03,0x00,0x4C,0x00,0x9F,0x04,0x00,0x00
2487450,0x3E8,false,0,8,0x04,0x00,0x00,0x00,0x90,0x01,0x9A,0x04
2487573,0x3E8,false,0,8,0x05,0x00,0x00,0x00,0x00,0x00,0x00,0x00
2487697,0x3E8,false,0,8,0x06,0x00,0x00,0x00,0x00,0x00,0x00,0x00
2487821,0x3E8,false,0,8,0x07,0x00,0x00,0x00,0x00,0x00,0x07,0x00
2487944,0x3E8,false,0,8,0x08,0x00,0x4F,0x00,0x07,0x00,0x00,0x00
2488068,0x3E8,false,0,8,0x09,0x00,0x00,0x00,0x00,0x00,0x00,0x00
2488191,0x3E8,false,0,8,0x0A,0x00,0x00,0x00,0x00,0x00,0x00,0x00
2488315,0x3E8,false,0,8,0x0B,0x00,0x00,0x00,0x00,0x00,0x00,0x00
2488439,0x3E8,false,0,8,0x0C,0x00,0x00,0x00,0x00,0x00,0x00,0x00
2488562,0x3E8,false,0,8,0x0D,0x00,0x00,0x00,0x05,0x00,0x10,0x00
2536678,0x3E8,false,0,8,0x00,0x00,0x00,0x00,0x66,0x00,0x65,0x00
2536976,0x44C,false,0,8,0x00,0x00,0x19,0x00,0x1A,0x00,0x00,0x00
2537121,0x3E8,false,0,8,0x01,0x00,0xF2,0x03,0x05,0x00,0x00,0x00
2537266,0x44C,false,0,8,0x01,0x00,0x01,0x00,0x00,0x00,0x00,0x00
2537412,0x3E8,false,0,8,0x02,0x00,0x00,0x00,0x00,0x00,0x54,0x00
2537551,0x3E8,false,0,8,0x03,0x00,0x4C,0x00,0x9F,0x04,0x00,0x00
2537696,0x3E8,false,0,8,0x04,0x00,0x00,0x00,0x90,0x01,0x9A,0x04
2537829,0x3E8,false,0,8,0x05,0x00,0x00,0x00,0x00,0x00,0x00,0x00
2537970,0x3E8,false,0,8,0x06,0x00,0x00,0x00,0x00,0x00,0x00,0x00
2538101,0x3E8,false,0,8,0x07,0x00,0x00,0x00,0x00,0x00,0x07,0x00
2538225,0x3E8,false,0,8,0x08,0x00,0x4F,0x00,0x07,0x00,0x00,0x00
2538349,0x3E8,false,0,8,0x09,0x00,0x00,0x00,0x00,0x00,0x00,0x00
2538473,0x3E8,false,0,8,0x0A,0x00,0x00,0x00,0x00,0x00,0x00,0x00
2538602,0x3E8,false,0,8,0x0B,0x00,0x00,0x00,0x00,0x00,0x00,0x00
2538731,0x3E8,false,0,8,0x0C,0x00,0x00,0x00,0x00,0x00,0x00,0x00
2538855,0x3E8,false,0,8,0x0D,0x00,0x00,0x00,0x05,0x00,0x10,0x00
2586663,0x3E8,false,0,8,0x00,0x00,0x00,0x00,0x66,0x00,0x65,0x00
2586908,0x44C,false,0,8,0x00,0x00,0x19,0x00,0x1A,0x00,0x00,0x00
2587042,0x3E8,false,0,8,0x01,0x00,0xF2,0x03,0x05,0x00,0x00,0x00
2587181,0x44C,false,0,8,0x01,0x00,0x01,0x00,0x00,0x00,0x00,0x00
2587317,0x3E8,false,0,8,0x02,0x00,0x00,0x00,0x00,0x00,0x54,0x00
2587451,0x3E8,false,0,8,0x03,0x00,0x4C,0x00,0x9F,0x04,0x00,0x00
2599778,0x3E8,false,0,8,0x04,0x00,0x00,0x00,0x90,0x01,0x9A,0x04
2599908,0x3E8,false,0,8,0x05,0x00,0x00,0x00,0x00,0x00,0x00,0x00
2600032,0x3E8,false,0,8,0x06,0x00,0x00,0x00,0x00,0x00,0x00,0x00
2600156,0x3E8,false,0,8,0x07,0x00,0x00,0x00,0x00,0x00,0x07,0x00
2600279,0x3E8,false,0,8,0x08,0x00,0x4F,0x00,0x07,0x00,0x00,0x00
2600403,0x3E8,false,0,8,0x09,0x00,0x00,0x00,0x00,0x00,0x00,0x00
2600527,0x3E8,false,0,8,0x0A,0x00,0x00,0x00,0x00,0x00,0x00,0x00
2600654,0x3E8,false,0,8,0x0B,0x00,0x00,0x00,0x00,0x00,0x00,0x00
2600778,0x3E8,false,0,8,0x0C,0x00,0x00,0x00,0x00,0x00,0x00,0x00
2600902,0x3E8,false,0,8,0x0D,0x00,0x00,0x00,0x05,0x00,0x10,0x00
2636645,0x44C,false,0,8,0x00,0x00,0x19,0x00,0x1A,0x00,0x00,0x00
2636790,0x3E8,false,0,8,0x00,0x00,0x00,0x00,0x66,0x00,0x65,0x00
2636929,0x44C,false,0,8,0x01,0x00,0x01,0x00,0x00,0x00,0x00,0x00
2637066,0x3E8,false,0,8,0x01,0x00,0xF2,0x03,0x05,0x00,0x00,0x00
2637202,0x3E8,false,0,8,0x02,0x00,0x00,0x00,0x00,0x00,0x54,0x00
2637338,0x3E8,false,0,8,0x03,0x00,0x4C,0x00,0x9F,0x04,0x00,0x00
2637473,0x3E8,false,0,8,0x04,0x00,0x00,0x00,0x90,0x01,0x9A,0x04
2637607,0x3E8,false,0,8,0x05,0x00,0x00,0x00,0x00,0x00,0x00,0x00
2637734,0x3E8,false,0,8,0x06,0x00,0x00,0x00,0x00,0x00,0x00,0x00
2637858,0x3E8,false,0,8,0x07,0x00,0x00,0x00,0x00,0x00,0x07,0x00
2637982,0x3E8,false,0,8,0x08,0x00,0x4F,0x00,0x07,0x00,0x00,0x00
2638105,0x3E8,false,0,8,0x09,0x00,0x00,0x00,0x00,0x00,0x00,0x00
2638229,0x3E8,false,0,8,0x0A,0x00,0x00,0x00,0x00,0x00,0x00,0x00
2638353,0x3E8,false,0,8,0x0B,0x00,0x00,0x00,0x00,0x00,0x00,0x00
2638477,0x3E8,false,0,8,0x0C,0x00,0x00,0x00,0x00,0x00,0x00,0x00
2638605,0x3E8,false,0,8,0x0D,0x00,0x00,0x00,0x05,0x00,0x10,0x00
2686645,0x3E8,false,0,8,0x00,0x00,0x00,0x00,0x66,0x00,0x65,0x00
2686800,0x44C,false,0,8,0x00,0x00,0x19,0x00,0x1A,0x00,0x00,0x00
2686925,0x3E8,false,0,8,0x01,0x00,0xF2,0x03,0x05,0x00,0x00,0x00
2687060,0x44C,false,0,8,0x01,0x00,0x01,0x00,0x00,0x00,0x00,0x00
2687197,0x3E8,false,0,8,0x02,0x00,0x00,0x00,0x00,0x00,0x54,0x00
2687333,0x3E8,false,0,8,0x03,0x00,0x4C,0x00,0x9F,0x04,0x00,0x00
2687468,0x3E8,false,0,8,0x04,0x00,0x00,0x00,0x90,0x01,0x9A,0x04
2687612,0x3E8,false,0,8,0x05,0x00,0x00,0x00,0x00,0x00,0x00,0x00
2687746,0x3E8,false,0,8,0x06,0x00,0x00,0x00,0x00,0x00,0x00,0x00
2687882,0x3E8,false,0,8,0x07,0x00,0x00,0x00,0x00,0x00,0x07,0x00
2688006,0x3E8,false,0,8,0x08,0x00,0x4F,0x00,0x07,0x00,0x00,0x00
2688129,0x3E8,false,0,8,0x09,0x00,0x00,0x00,0x00,0x00,0x00,0x00
2688253,0x3E8,false,0,8,0x0A,0x00,0x00,0x00,0x00,0x00,0x00,0x00
2688376,0x3E8,false,0,8,0x0B,0x00,0x00,0x00,0x00,0x00,0x00,0x00
2688500,0x3E8,false,0,8,0x0C,0x00,0x00,0x00,0x00,0x00,0x00,0x00
2688629,0x3E8,false,0,8,0x0D,0x00,0x00,0x00,0x05,0x00,0x10,0x00
2736645,0x3E8,false,0,8,0x00,0x00,0x00,0x00,0x66,0x00,0x65,0x00
2736770,0x44C,false,0,8,0x00,0x00,0x19,0x00,0x1A,0x00,0x00,0x00
2736893,0x3E8,false,0,8,0x01,0x00,0xF2,0x03,0x05,0x00,0x00,0x00
2737017,0x44C,false,0,8,0x01,0x00,0x01,0x00,0x00,0x00,0x00,0x00
2737141,0x3E8,false,0,8,0x02,0x00,0x00,0x00,0x00,0x00,0x54,0x00
2737264,0x3E8,false,0,8,0x03,0x00,0x4C,0x00,0x9F,0x04,0x00,0x00
2737387,0x3E8,false,0,8,0x04,0x00,0x00,0x00,0x90,0x01,0x9A,0x04
2737510,0x3E8,false,0,8,0x05,0x00,0x00,0x00,0x00,0x00,0x00,0x00
2737646,0x3E8,false,0,8,0x06,0x00,0x00,0x00,0x00,0x00,0x00,0x00
2737782,0x3E8,false,0,8,0x07,0x00,0x00,0x00,0x00,0x00,0x07,0x00
2737917,0x3E8,false,0,8,0x08,0x00,0x4F,0x00,0x07,0x00,0x00,0x00
2738053,0x3E8,false,0,8,0x09,0x00,0x00,0x00,0x00,0x00,0x00,0x00
2738189,0x3E8,false,0,8,0x0A,0x00,0x00,0x00,0x00,0x00,0x00,0x00
2738325,0x3E8,false,0,8,0x0B,0x00,0x00,0x00,0x00,0x00,0x00,0x00
2738461,0x3E8,false,0,8,0x0C,0x00,0x00,0x00,0x00,0x00,0x00,0x00
2740657,0x3E8,false,0,8,0x0D,0x00,0x00,0x00,0x05,0x00,0x10,0x00
2786679,0x3E8,false,0,8,0x00,0x00,0x00,0x00,0x66,0x00,0x65,0x00
2786936,0x44C,false,0,8,0x00,0x00,0x19,0x00,0x1A,0x00,0x00,0x00
2787077,0x3E8,false,0,8,0x01,0x00,0xF2,0x03,0x05,0x00,0x00,0x00
2787202,0x44C,false,0,8,0x01,0x00,0x01,0x00,0x00,0x00,0x00,0x00
2787338,0x3E8,false,0,8,0x02,0x00,0x00,0x00,0x00,0x00,0x54,0x00
2787463,0x3E8,false,0,8,0x03,0x00,0x4C,0x00,0x9F,0x04,0x00,0x00
2801567,0x3E8,false,0,8,0x04,0x00,0x00,0x00,0x90,0x01,0x9A,0x04
2801702,0x3E8,false,0,8,0x05,0x00,0x00,0x00,0x00,0x00,0x00,0x00
2801825,0x3E8,false,0,8,0x06,0x00,0x00,0x00,0x00,0x00,0x00,0x00
2801949,0x3E8,false,0,8,0x07,0x00,0x00,0x00,0x00,0x00,0x07,0x00
2802073,0x3E8,false,0,8,0x08,0x00,0x4F,0x00,0x07,0x00,0x00,0x00
2802196,0x3E8,false,0,8,0x09,0x00,0x00,0x00,0x00,0x00,0x00,0x00
2802320,0x3E8,false,0,8,0x0A,0x00,0x00,0x00,0x00,0x00,0x00,0x00
2802443,0x3E8,false,0,8,0x0B,0x00,0x00,0x00,0x00,0x00,0x00,0x00
2802567,0x3E8,false,0,8,0x0C,0x00,0x00,0x00,0x00,0x00,0x00,0x00
2802695,0x3E8,false,0,8,0x0D,0x00,0x00,0x00,0x05,0x00,0x10,0x00
2836661,0x3E8,false,0,8,0x00,0x00,0x00,0x00,0x66,0x00,0x65,0x00
2836903,0x44C,false,0,8,0x00,0x00,0x19,0x00,0x1A,0x00,0x00,0x00
2837038,0x3E8,false,0,8,0x01,0x00,0xF2,0x03,0x05,0x00,0x00,0x00
2837173,0x44C,false,0,8,0x01,0x00,0x01,0x00,0x00,0x00,0x00,0x00
2837297,0x3E8,false,0,8,0x02,0x00,0x00,0x00,0x00,0x00,0x54,0x00
2837432,0x3E8,false,0,8,0x03,0x00,0x4C,0x00,0x9F,0x04,0x00,0x00
2837568,0x3E8,false,0,8,0x04,0x00,0x00,0x00,0x90,0x01,0x9A,0x04
2837706,0x3E8,false,0,8,0x05,0x00,0x00,0x00,0x00,0x00,0x00,0x00
2837842,0x3E8,false,0,8,0x06,0x00,0x00,0x00,0x00,0x00,0x00,0x00
2837979,0x3E8,false,0,8,0x07,0x00,0x00,0x00,0x00,0x00,0x07,0x00
2838118,0x3E8,false,0,8,0x08,0x00,0x4F,0x00,0x07,0x00,0x00,0x00
2838253,0x3E8,false,0,8,0x09,0x00,0x00,0x00,0x00,0x00,0x00,0x00
2838387,0x3E8,false,0,8,0x0A,0x00,0x00,0x00,0x00,0x00,0x00,0x00
2838512,0x3E8,false,0,8,0x0B,0x00,0x00,0x00,0x00,0x00,0x00,0x00
2838640,0x3E8,false,0,8,0x0C,0x00,0x00,0x00,0x00,0x00,0x00,0x00
2838764,0x3E8,false,0,8,0x0D,0x00,0x00,0x00,0x05,0x00,0x10,0x00
2886656,0x3E8,false,0,8,0x00,0x00,0x00,0x00,0x66,0x00,0x65,0x00
2886799,0x44C,false,0,8,0x00,0x00,0x19,0x00,0x1A,0x00,0x00,0x00
2886935,0x3E8,false,0,8,0x01,0x00,0xF2,0x03,0x05,0x00,0x00,0x00
2887073,0x44C,false,0,8,0x01,0x00,0x01,0x00,0x00,0x00,0x00,0x00
2887210,0x3E8,false,0,8,0x02,0x00,0x00,0x00,0x00,0x00,0x54,0x00
2887345,0x3E8,false,0,8,0x03,0x00,0x4C,0x00,0x9F,0x04,0x00,0x00
2887468,0x3E8,false,0,8,0x04,0x00,0x00,0x00,0x90,0x01,0x9A,0x04
2887601,0x3E8,false,0,8,0x05,0x00,0x00,0x00,0x00,0x00,0x00,0x00
2887725,0x3E8,false,0,8,0x06,0x00,0x00,0x00,0x00,0x00,0x00,0x00
2887861,0x3E8,false,0,8,0x07,0x00,0x00,0x00,0x00,0x00,0x07,0x00
2887996,0x3E8,false,0,8,0x08,0x00,0x4F,0x00,0x07,0x00,0x00,0x00
2888133,0x3E8,false,0,8,0x09,0x00,0x00,0x00,0x00,0x00,0x00,0x00
2888269,0x3E8,false,0,8,0x0A,0x00,0x00,0x00,0x00,0x00,0x00,0x00
2888404,0x3E8,false,0,8,0x0B,0x00,0x00,0x00,0x00,0x00,0x00,0x00
2888540,0x3E8,false,0,8,0x0C,0x00,0x00,0x00,0x00,0x00,0x00,0x00
2888679,0x3E8,false,0,8,0x0D,0x00,0x00,0x00,0x05,0x00,0x10,0x00
2936649,0x3E8,false,0,8,0x00,0x00,0x00,0x00,0x66,0x00,0x65,0x00
2936803,0x44C,false,0,8,0x00,0x00,0x19,0x00,0x1A,0x00,0x00,0x00
2936939,0x3E8,false,0,8,0x01,0x00,0xF2,0x03,0x05,0x00,0x00,0x00
2937077,0x44C,false,0,8,0x01,0x00,0x01,0x00,0x00,0x00,0x00,0x00
2937212,0x3E8,false,0,8,0x02,0x00,0x00,0x00,0x00,0x00,0x54,0x00
2937345,0x3E8,false,0,8,0x03,0x00,0x4C,0x00,0x9F,0x04,0x00,0x00
2937480,0x3E8,false,0,8,0x04,0x00,0x00,0x00,0x90,0x01,0x9A,0x04
2937604,0x3E8,false,0,8,0x05,0x00,0x00,0x00,0x00,0x00,0x00,0x00
2940644,0x3E8,false,0,8,0x06,0x00,0x00,0x00,0x00,0x00,0x00,0x00
2940768,0x3E8,false,0,8,0x07,0x00,0x00,0x00,0x00,0x00,0x07,0x00
2940892,0x3E8,false,0,8,0x08,0x00,0x4F,0x00,0x07,0x00,0x00,0x00
2941015,0x3E8,false,0,8,0x09,0x00,0x00,0x00,0x00,0x00,0x00,0x00
2941139,0x3E8,false,0,8,0x0A,0x00,0x00,0x00,0x00,0x00,0x00,0x00
2941263,0x3E8,false,0,8,0x0B,0x00,0x00,0x00,0x00,0x00,0x00,0x00
2941386,0x3E8,false,0,8,0x0C,0x00,0x00,0x00,0x00,0x00,0x00,0x00
2941510,0x3E8,false,0,8,0x0D,0x00,0x00,0x00,0x05,0x00,0x10,0x00
2988669,0x3E8,false,0,8,0x00,0x00,0x00,0x00,0x66,0x00,0x65,0x00
2988917,0x44C,false,0,8,0x00,0x00,0x19,0x00,0x1A,0x00,0x00,0x00
2989052,0x3E8,false,0,8,0x01,0x00,0xF2,0x03,0x05,0x00,0x00,0x00
2989187,0x44C,false,0,8,0x01,0x00,0x01,0x00,0x00,0x00,0x00,0x00
2989313,0x3E8,false,0,8,0x02,0x00,0x00,0x00,0x00,0x00,0x54,0x00
2989436,0x3E8,false,0,8,0x03,0x00,0x4C,0x00,0x9F,0x04,0x00,0x00
3001888,0x3E8,false,0,8,0x04,0x00,0x00,0x00,0x90,0x01,0x9A,0x04
3002016,0x3E8,false,0,8,0x05,0x00,0x00,0x00,0x00,0x00,0x00,0x00
3002139,0x3E8,false,0,8,0x06,0x00,0x00,0x00,0x00,0x00,0x00,0x00
3002263,0x3E8,false,0,8,0x07,0x00,0x00,0x00,0x00,0x00,0x07,0x00
3002387,0x3E8,false,0,8,0x08,0x00,0x4F,0x00,0x07,0x00,0x00,0x00
3002510,0x3E8,false,0,8,0x09,0x00,0x00,0x00,0x00,0x00,0x00,0x00
3002640,0x3E8,false,0,8,0x0A,0x00,0x00,0x00,0x00,0x00,0x00,0x00
3002764,0x3E8,false,0,8,0x0B,0x00,0x00,0x00,0x00,0x00,0x00,0x00
3002888,0x3E8,false,0,8,0x0C,0x00,0x00,0x00,0x00,0x00,0x00,0x00
3003011,0x3E8,false,0,8,0x0D,0x00,0x00,0x00,0x05,0x00,0x10,0x00
3038670,0x3E8,false,0,8,0x00,0x00,0x00,0x00,0x66,0x00,0x65,0x00
3038913,0x44C,false,0,8,0x00,0x00,0x19,0x00,0x1A,0x00,0x00,0x00
3039036,0x3E8,false,0,8,0x01,0x00,0xF2,0x03,0x05,0x00,0x00,0x00
3039172,0x44C,false,0,8,0x01,0x00,0x01,0x00,0x00,0x00,0x00,0x00
3039307,0x3E8,false,0,8,0x02,0x00,0x00,0x00,0x00,0x00,0x54,0x00
3039430,0x3E8,false,0,8,0x03,0x00,0x4C,0x00,0x9F,0x04,0x00,0x00
3039553,0x3E8,false,0,8,0x04,0x00,0x00,0x00,0x90,0x01,0x9A,0x04
3039677,0x3E8,false,0,8,0x05,0x00,0x00,0x00,0x00,0x00,0x00,0x00
3039800,0x3E8,false,0,8,0x06,0x00,0x00,0x00,0x00,0x00,0x00,0x00
3039932,0x3E8,false,0,8,0x07,0x00,0x00,0x00,0x00,0x00,0x07,0x00
3040056,0x3E8,false,0,8,0x08,0x00,0x4F,0x00,0x07,0x00,0x00,0x00
3040179,0x3E8,false,0,8,0x09,0x00,0x00,0x00,0x00,0x00,0x00,0x00
3040303,0x3E8,false,0,8,0x0A,0x00,0x00,0x00,0x00,0x00,0x00,0x00
3040427,0x3E8,false,0,8,0x0B,0x00,0x00,0x00,0x00,0x00,0x00,0x00
3040550,0x3E8,false,0,8,0x0C,0x00,0x00,0x00,0x00,0x00,0x00,0x00
3040678,0x3E8,false,0,8,0x0D,0x00,0x00,0x00,0x05,0x00,0x10,0x00
3088663,0x3E8,false,0,8,0x00,0x00,0x00,0x00,0x66,0x00,0x65,0x00
3088908,0x44C,false,0,8,0x00,0x00,0x19,0x00,0x1A,0x00,0x00,0x00
3089043,0x3E8,false,0,8,0x01,0x00,0xF2,0x03,0x05,0x00,0x00,0x00
3089180,0x44C,false,0,8,0x01,0x00,0x01,0x00,0x00,0x00,0x00,0x00
3089318,0x3E8,false,0,8,0x02,0x00,0x00,0x00,0x00,0x00,0x54,0x00
3089454,0x3E8,false,0,8,0x03,0x00,0x4C,0x00,0x9F,0x04,0x00,0x00
3089577,0x3E8,false,0,8,0x04,0x00,0x00,0x00,0x90,0x01,0x9A,0x04
3089701,0x3E8,false,0,8,0x05,0x00,0x00,0x00,0x00,0x00,0x00,0x00
3089825,0x3E8,false,0,8,0x06,0x00,0x00,0x00,0x00,0x00,0x00,0x00
3089949,0x3E8,false,0,8,0x07,0x00,0x00,0x00,0x00,0x00,0x07,0x00
3090073,0x3E8,false,0,8,0x08,0x00,0x4F,0x00,0x07,0x00,0x00,0x00
3090197,0x3E8,false,0,8,0x09,0x00,0x00,0x00,0x00,0x00,0x00,0x00
3090321,0x3E8,false,0,8,0x0A,0x00,0x00,0x00,0x00,0x00,0x00,0x00
3090448,0x3E8,false,0,8,0x0B,0x00,0x00,0x00,0x00,0x00,0x00,0x00
3090572,0x3E8,false,0,8,0x0C,0x00,0x00,0x00,0x00,0x00,0x00,0x00
3090701,0x3E8,false,0,8,0x0D,0x00,0x00,0x00,0x05,0x00,0x10,0x00
3138660,0x3E8,false,0,8,0x00,0x00,0x00,0x00,0x66,0x00,0x65,0x00
3138881,0x44C,false,0,8,0x00,0x00,0x19,0x00,0x1A,0x00,0x00,0x00
3139005,0x3E8,false,0,8,0x01,0x00,0xF2,0x03,0x05,0x00,0x00,0x00
3139129,0x44C,false,0,8,0x01,0x00,0x01,0x00,0x00,0x00,0x00,0x00
3139268,0x3E8,false,0,8,0x02,0x00,0x00,0x00,0x00,0x00,0x54,0x00
3139404,0x3E8,false,0,8,0x03,0x00,0x4C,0x00,0x9F,0x04,0x00,0x00
3139544,0x3E8,false,0,8,0x04,0x00,0x00,0x00,0x90,0x01,0x9A,0x04
3139681,0x3E8,false,0,8,0x05,0x00,0x00,0x00,0x00,0x00,0x00,0x00
3139817,0x3E8,false,0,8,0x06,0x00,0x00,0x00,0x00,0x00,0x00,0x00
3150995,0x3E8,false,0,8,0x07,0x00,0x00,0x00,0x00,0x00,0x07,0x00
3151122,0x3E8,false,0,8,0x08,0x00,0x4F,0x00,0x07,0x00,0x00,0x00
3151245,0x3E8,false,0,8,0x09,0x00,0x00,0x00,0x00,0x00,0x00,0x00
3151369,0x3E8,false,0,8,0x0A,0x00,0x00,0x00,0x00,0x00,0x00,0x00
3151493,0x3E8,false,0,8,0x0B,0x00,0x00,0x00,0x00,0x00,0x00,0x00
3151626,0x3E8,false,0,8,0x0C,0x00,0x00,0x00,0x00,0x00,0x00,0x00
3151752,0x3E8,false,0,8,0x0D,0x00,0x00,0x00,0x05,0x00,0x10,0x00
3188671,0x3E8,false,0,8,0x00,0x00,0x00,0x00,0x66,0x00,0x65,0x00
3188906,0x44C,false,0,8,0x00,0x00,0x19,0x00,0x1A,0x00,0x00,0x00
3189033,0x3E8,false,0,8,0x01,0x00,0xF2,0x03,0x05,0x00,0x00,0x00
3189156,0x44C,false,0,8,0x01,0x00,0x01,0x00,0x00,0x00,0x00,0x00
3189292,0x3E8,false,0,8,0x02,0x00,0x00,0x00,0x00,0x00,0x54,0x00
3189429,0x3E8,false,0,8,0x03,0x00,0x4C,0x00,0x9F,0x04,0x00,0x00
3189566,0x3E8,false,0,8,0x04,0x00,0x00,0x00,0x90,0x01,0x9A,0x04
3189699,0x3E8,false,0,8,0x05,0x00,0x00,0x00,0x00,0x00,0x00,0x00
3189835,0x3E8,false,0,8,0x06,0x00,0x00,0x00,0x00,0x00,0x00,0x00
3189971,0x3E8,false,0,8,0x07,0x00,0x00,0x00,0x00,0x00,0x07,0x00
3190109,0x3E8,false,0,8,0x08,0x00,0x4F,0x00,0x07,0x00,0x00,0x00
3190232,0x3E8,false,0,8,0x09,0x00,0x00,0x00,0x00,0x00,0x00,0x00
3190356,0x3E8,false,0,8,0x0A,0x00,0x00,0x00,0x00,0x00,0x00,0x00
3190480,0x3E8,false,0,8,0x0B,0x00,0x00,0x00,0x00,0x00,0x00,0x00
3190609,0x3E8,false,0,8,0x0C,0x00,0x00,0x00,0x00,0x00,0x00,0x00
3190733,0x3E8,false,0,8,0x0D,0x00,0x00,0x00,0x05,0x00,0x10,0x00
3238678,0x3E8,false,0,8,0x00,0x00,0x00,0x00,0x66,0x00,0x65,0x00
3238978,0x44C,false,0,8,0x00,0x00,0x19,0x00,0x1A,0x00,0x00,0x00
3239119,0x3E8,false,0,8,0x01,0x00,0xF2,0x03,0x05,0x00,0x00,0x00
3239259,0x44C,false,0,8,0x01,0x00,0x01,0x00,0x00,0x00,0x00,0x00
3239405,0x3E8,false,0,8,0x02,0x00,0x00,0x00,0x00,0x00,0x54,0x00
3239555,0x3E8,false,0,8,0x03,0x00,0x4C,0x00,0x9F,0x04,0x00,0x00
3239711,0x3E8,false,0,8,0x04,0x00,0x00,0x00,0x90,0x01,0x9A,0x04
3239862,0x3E8,false,0,8,0x05,0x00,0x00,0x00,0x00,0x00,0x00,0x00
3240028,0x3E8,false,0,8,0x06,0x00,0x00,0x00,0x00,0x00,0x00,0x00
3240176,0x3E8,false,0,8,0x07,0x00,0x00,0x00,0x00,0x00,0x07,0x00
3240320,0x3E8,false,0,8,0x08,0x00,0x4F,0x00,0x07,0x00,0x00,0x00
3240467,0x3E8,false,0,8,0x09,0x00,0x00,0x00,0x00,0x00,0x00,0x00
3240600,0x3E8,false,0,8,0x0A,0x00,0x00,0x00,0x00,0x00,0x00,0x00
3240733,0x3E8,false,0,8,0x0B,0x00,0x00,0x00,0x00,0x00,0x00,0x00
3240866,0x3E8,false,0,8,0x0C,0x00,0x00,0x00,0x00,0x00,0x00,0x00
3240990,0x3E8,false,0,8,0x0D,0x00,0x00,0x00,0x05,0x00,0x10,0x00
3288682,0x3E8,false,0,8,0x00,0x00,0x00,0x00,0x66,0x00,0x65,0x00
3288929,0x44C,false,0,8,0x00,0x00,0x19,0x00,0x1A,0x00,0x00,0x00
3289057,0x3E8,false,0,8,0x01,0x00,0xF2,0x03,0x05,0x00,0x00,0x00
3289194,0x44C,false,0,8,0x01,0x00,0x01,0x00,0x00,0x00,0x00,0x00
3289323,0x3E8,false,0,8,0x02,0x00,0x00,0x00,0x00,0x00,0x54,0x00
3289462,0x3E8,false,0,8,0x03,0x00,0x4C,0x00,0x9F,0x04,0x00,0x00
3289602,0x3E8,false,0,8,0x04,0x00,0x00,0x00,0x90,0x01,0x9A,0x04
3289739,0x3E8,false,0,8,0x05,0x00,0x00,0x00,0x00,0x00,0x00,0x00
3289876,0x3E8,false,0,8,0x06,0x00,0x00,0x00,0x00,0x00,0x00,0x00
3290014,0x3E8,false,0,8,0x07,0x00,0x00,0x00,0x00,0x00,0x07,0x00
3290149,0x3E8,false,0,8,0x08,0x00,0x4F,0x00,0x07,0x00,0x00,0x00
3290287,0x3E8,false,0,8,0x09,0x00,0x00,0x00,0x00,0x00,0x00,0x00
3290412,0x3E8,false,0,8,0x0A,0x00,0x00,0x00,0x00,0x00,0x00,0x00
3290537,0x3E8,false,0,8,0x0B,0x00,0x00,0x00,0x00,0x00,0x00,0x00
3290667,0x3E8,false,0,8,0x0C,0x00,0x00,0x00,0x00,0x00,0x00,0x00
3290793,0x3E8,false,0,8,0x0D,0x00,0x00,0x00,0x05,0x00,0x10,0x00
3338674,0x44C,false,0,8,0x00,0x00,0x19,0x00,0x1A,0x00,0x00,0x00
3338920,0x3E8,false,0,8,0x00,0x00,0x00,0x00,0x66,0x00,0x65,0x00
3339056,0x44C,false,0,8,0x01,0x00,0x01,0x00,0x00,0x00,0x00,0x00
3339180,0x3E8,false,0,8,0x01,0x00,0xF2,0x03,0x05,0x00,0x00,0x00
3339304,0x3E8,false,0,8,0x02,0x00,0x00,0x00,0x00,0x00,0x54,0x00
3339428,0x3E8,false,0,8,0x03,0x00,0x4C,0x00,0x9F,0x04,0x00,0x00
3339551,0x3E8,false,0,8,0x04,0x00,0x00,0x00,0x90,0x01,0x9A,0x04
3339675,0x3E8,false,0,8,0x05,0x00,0x00,0x00,0x00,0x00,0x00,0x00
3342686,0x3E8,false,0,8,0x06,0x00,0x00,0x00,0x00,0x00,0x00,0x00
3342874,0x3E8,false,0,8,0x07,0x00,0x00,0x00,0x00,0x00,0x07,0x00
3367861,0x3E8,false,0,8,0x08,0x00,0x4F,0x00,0x07,0x00,0x00,0x00
3367991,0x3E8,false,0,8,0x09,0x00,0x00,0x00,0x00,0x00,0x00,0x00
3368114,0x3E8,false,0,8,0x0A,0x00,0x00,0x00,0x00,0x00,0x00,0x00
3368238,0x3E8,false,0,8,0x0B,0x00,0x00,0x00,0x00,0x00,0x00,0x00
3368362,0x3E8,false,0,8,0x0C,0x00,0x00,0x00,0x00,0x00,0x00,0x00
3368486,0x3E8,false,0,8,0x0D,0x00,0x00,0x00,0x05,0x00,0x10,0x00
3388645,0x3E8,false,0,8,0x00,0x00,0x00,0x00,0x66,0x00,0x65,0x00
3388782,0x44C,false,0,8,0x00,0x00,0x19,0x00,0x1A,0x00,0x00,0x00
3388916,0x3E8,false,0,8,0x01,0x00,0xF2,0x03,0x05,0x00,0x00,0x00
3389052,0x44C,false,0,8,0x01,0x00,0x01,0x00,0x00,0x00,0x00,0x00
3389197,0x3E8,false,0,8,0x02,0x00,0x00,0x00,0x00,0x00,0x54,0x00
3389321,0x3E8,false,0,8,0x03,0x00,0x4C,0x00,0x9F,0x04,0x00,0x00
3389463,0x3E8,false,0,8,0x04,0x00,0x00,0x00,0x90,0x01,0x9A,0x04
3389587,0x3E8,false,0,8,0x05,0x00,0x00,0x00,0x00,0x00,0x00,0x00
3389806,0x3E8,false,0,8,0x06,0x00,0x00,0x00,0x00,0x00,0x00,0x00
3394353,0x3E8,false,0,8,0x07,0x00,0x00,0x00,0x00,0x00,0x07,0x00
3394647,0x3E8,false,0,8,0x08,0x00,0x4F,0x00,0x07,0x00,0x00,0x00
3394773,0x3E8,false,0,8,0x09,0x00,0x00,0x00,0x00,0x00,0x00,0x00
3394901,0x3E8,false,0,8,0x0A,0x00,0x00,0x00,0x00,0x00,0x00,0x00
3395025,0x3E8,false,0,8,0x0B,0x00,0x00,0x00,0x00,0x00,0x00,0x00
3395150,0x3E8,false,0,8,0x0C,0x00,0x00,0x00,0x00,0x00,0x00,0x00
3395278,0x3E8,false,0,8,0x0D,0x00,0x00,0x00,0x05,0x00,0x10,0x00
3438670,0x3E8,false,0,8,0x00,0x00,0x00,0x00,0x66,0x00,0x65,0x00
3438893,0x44C,false,0,8,0x00,0x00,0x19,0x00,0x1A,0x00,0x00,0x00
3439030,0x3E8,false,0,8,0x01,0x00,0xF2,0x03,0x05,0x00,0x00,0x00
3439166,0x44C,false,0,8,0x01,0x00,0x01,0x00,0x00,0x00,0x00,0x00
3439317,0x3E8,false,0,8,0x02,0x00,0x00,0x00,0x00,0x00,0x54,0x00
3439451,0x3E8,false,0,8,0x03,0x00,0x4C,0x00,0x9F,0x04,0x00,0x00
3439585,0x3E8,false,0,8,0x04,0x00,0x00,0x00,0x90,0x01,0x9A,0x04
3439709,0x3E8,false,0,8,0x05,0x00,0x00,0x00,0x00,0x00,0x00,0x00
3439846,0x3E8,false,0,8,0x06,0x00,0x00,0x00,0x00,0x00,0x00,0x00
3440088,0x3E8,false,0,8,0x07,0x00,0x00,0x00,0x00,0x00,0x07,0x00
3440223,0x3E8,false,0,8,0x08,0x00,0x4F,0x00,0x07,0x00,0x00,0x00
3440360,0x3E8,false,0,8,0x09,0x00,0x00,0x00,0x00,0x00,0x00,0x00
3440496,0x3E8,false,0,8,0x0A,0x00,0x00,0x00,0x00,0x00,0x00,0x00
3440637,0x3E8,false,0,8,0x0B,0x00,0x00,0x00,0x00,0x00,0x00,0x00
3440773,0x3E8,false,0,8,0x0C,0x00,0x00,0x00,0x00,0x00,0x00,0x00
3440909,0x3E8,false,0,8,0x0D,0x00,0x00,0x00,0x05,0x00,0x10,0x00
3490672,0x3E8,false,0,8,0x00,0x00,0x00,0x00,0x66,0x00,0x65,0x00
3490904,0x44C,false,0,8,0x00,0x00,0x19,0x00,0x1A,0x00,0x00,0x00
3491038,0x3E8,false,0,8,0x01,0x00,0xF2,0x03,0x05,0x00,0x00,0x00
3491172,0x44C,false,0,8,0x01,0x00,0x01,0x00,0x00,0x00,0x00,0x00
3491296,0x3E8,false,0,8,0x02,0x00,0x00,0x00,0x00,0x00,0x54,0x00
3491419,0x3E8,false,0,8,0x03,0x00,0x4C,0x00,0x9F,0x04,0x00,0x00
3491543,0x3E8,false,0,8,0x04,0x00,0x00,0x00,0x90,0x01,0x9A,0x04
3491670,0x3E8,false,0,8,0x05,0x00,0x00,0x00,0x00,0x00,0x00,0x00
3491794,0x3E8,false,0,8,0x06,0x00,0x00,0x00,0x00,0x00,0x00,0x00
3491918,0x3E8,false,0,8,0x07,0x00,0x00,0x00,0x00,0x00,0x07,0x00
3492042,0x3E8,false,0,8,0x08,0x00,0x4F,0x00,0x07,0x00,0x00,0x00
3492165,0x3E8,false,0,8,0x09,0x00,0x00,0x00,0x00,0x00,0x00,0x00
3492289,0x3E8,false,0,8,0x0A,0x00,0x00,0x00,0x00,0x00,0x00,0x00
3492413,0x3E8,false,0,8,0x0B,0x00,0x00,0x00,0x00,0x00,0x00,0x00
3492537,0x3E8,false,0,8,0x0C,0x00,0x00,0x00,0x00,0x00,0x00,0x00
3492667,0x3E8,false,0,8,0x0D,0x00,0x00,0x00,0x05,0x00,0x10,0x00
3540650,0x3E8,false,0,8,0x00,0x00,0x00,0x00,0x66,0x00,0x65,0x00
3540801,0x44C,false,0,8,0x00,0x00,0x19,0x00,0x1A,0x00,0x00,0x00
3540936,0x3E8,false,0,8,0x01,0x00,0xF2,0x03,0x05,0x00,0x00,0x00
3541069,0x44C,false,0,8,0x01,0x00,0x01,0x00,0x00,0x00,0x00,0x00
3541194,0x3E8,false,0,8,0x02,0x00,0x00,0x00,0x00,0x00,0x54,0x00
3541331,0x3E8,false,0,8,0x03,0x00,0x4C,0x00,0x9F,0x04,0x00,0x00
3541469,0x3E8,false,0,8,0x04,0x00,0x00,0x00,0x90,0x01,0x9A,0x04
3541602,0x3E8,false,0,8,0x05,0x00,0x00,0x00,0x00,0x00,0x00,0x00
3541738,0x3E8,false,0,8,0x06,0x00,0x00,0x00,0x00,0x00,0x00,0x00
3541873,0x3E8,false,0,8,0x07,0x00,0x00,0x00,0x00,0x00,0x07,0x00
3554248,0x3E8,false,0,8,0x08,0x00,0x4F,0x00,0x07,0x00,0x00,0x00
3554384,0x3E8,false,0,8,0x09,0x00,0x00,0x00,0x00,0x00,0x00,0x00
3554514,0x3E8,false,0,8,0x0A,0x00,0x00,0x00,0x00,0x00,0x00,0x00
3554652,0x3E8,false,0,8,0x0B,0x00,0x00,0x00,0x00,0x00,0x00,0x00
3554797,0x3E8,false,0,8,0x0C,0x00,0x00,0x00,0x00,0x00,0x00,0x00
3554935,0x3E8,false,0,8,0x0D,0x00,0x00,0x00,0x05,0x00,0x10,0x00
3590667,0x3E8,false,0,8,0x00,0x00,0x00,0x00,0x66,0x00,0x65,0x00
3590919,0x44C,false,0,8,0x00,0x00,0x19,0x00,0x1A,0x00,0x00,0x00
3591060,0x3E8,false,0,8,0x01,0x00,0xF2,0x03,0x05,0x00,0x00,0x00
3591198,0x44C,false,0,8,0x01,0x00,0x01,0x00,0x00,0x00,0x00,0x00
3591335,0x3E8,false,0,8,0x02,0x00,0x00,0x00,0x00,0x00,0x54,0x00
3591471,0x3E8,false,0,8,0x03,0x00,0x4C,0x00,0x9F,0x04,0x00,0x00
3591607,0x3E8,false,0,8,0x04,0x00,0x00,0x00,0x90,0x01,0x9A,0x04
3591742,0x3E8,false,0,8,0x05,0x00,0x00,0x00,0x00,0x00,0x00,0x00
3591867,0x3E8,false,0,8,0x06,0x00,0x00,0x00,0x00,0x00,0x00,0x00
3591992,0x3E8,false,0,8,0x07,0x00,0x00,0x00,0x00,0x00,0x07,0x00
3592117,0x3E8,false,0,8,0x08,0x00,0x4F,0x00,0x07,0x00,0x00,0x00
3592241,0x3E8,false,0,8,0x09,0x00,0x00,0x00,0x00,0x00,0x00,0x00
3592366,0x3E8,false,0,8,0x0A,0x00,0x00,0x00,0x00,0x00,0x00,0x00
3592491,0x3E8,false,0,8,0x0B,0x00,0x00,0x00,0x00,0x00,0x00,0x00
3592620,0x3E8,false,0,8,0x0C,0x00,0x00,0x00,0x00,0x00,0x00,0x00
3592751,0x3E8,false,0,8,0x0D,0x00,0x00,0x00,0x05,0x00,0x10,0x00
3640689,0x3E8,false,0,8,0x00,0x00,0x00,0x00,0x66,0x00,0x65,0x00
3640931,0x44C,false,0,8,0x00,0x00,0x19,0x00,0x1A,0x00,0x00,0x00
3641067,0x3E8,false,0,8,0x01,0x00,0xF2,0x03,0x05,0x00,0x00,0x00
3641203,0x44C,false,0,8,0x01,0x00,0x01,0x00,0x00,0x00,0x00,0x00
3641340,0x3E8,false,0,8,0x02,0x00,0x00,0x00,0x00,0x00,0x54,0x00
3641475,0x3E8,false,0,8,0x03,0x00,0x4C,0x00,0x9F,0x04,0x00,0x00
3641612,0x3E8,false,0,8,0x04,0x00,0x00,0x00,0x90,0x01,0x9A,0x04
3641749,0x3E8,false,0,8,0x05,0x00,0x00,0x00,0x00,0x00,0x00,0x00
3641874,0x3E8,false,0,8,0x06,0x00,0x00,0x00,0x00,0x00,0x00,0x00
3641998,0x3E8,false,0,8,0x07,0x00,0x00,0x00,0x00,0x00,0x07,0x00
3642122,0x3E8,false,0,8,0x08,0x00,0x4F,0x00,0x07,0x00,0x00,0x00
3642249,0x3E8,false,0,8,0x09,0x00,0x00,0x00,0x00,0x00,0x00,0x00
3642381,0x3E8,false,0,8,0x0A,0x00,0x00,0x00,0x00,0x00,0x00,0x00
3642524,0x3E8,false,0,8,0x0B,0x00,0x00,0x00,0x00,0x00,0x00,0x00
3642682,0x3E8,false,0,8,0x0C,0x00,0x00,0x00,0x00,0x00,0x00,0x00
3642829,0x3E8,false,0,8,0x0D,0x00,0x00,0x00,0x05,0x00,0x10,0x00
3690659,0x3E8,false,0,8,0x00,0x00,0x00,0x00,0x66,0x00,0x65,0x00
3690894,0x44C,false,0,8,0x00,0x00,0x19,0x00,0x1A,0x00,0x00,0x00
3691017,0x3E8,false,0,8,0x01,0x00,0xF2,0x03,0x05,0x00,0x00,0x00
3691154,0x44C,false,0,8,0x01,0x00,0x01,0x00,0x00,0x00,0x00,0x00
3691289,0x3E8,false,0,8,0x02,0x00,0x00,0x00,0x00,0x00,0x54,0x00
3691425,0x3E8,false,0,8,0x03,0x00,0x4C,0x00,0x9F,0x04,0x00,0x00
3691561,0x3E8,false,0,8,0x04,0x00,0x00,0x00,0x90,0x01,0x9A,0x04
3691696,0x3E8,false,0,8,0x05,0x00,0x00,0x00,0x00,0x00,0x00,0x00
3691832,0x3E8,false,0,8,0x06,0x00,0x00,0x00,0x00,0x00,0x00,0x00
3691968,0x3E8,false,0,8,0x07,0x00,0x00,0x00,0x00,0x00,0x07,0x00
3692092,0x3E8,false,0,8,0x08,0x00,0x4F,0x00,0x07,0x00,0x00,0x00
3692216,0x3E8,false,0,8,0x09,0x00,0x00,0x00,0x00,0x00,0x00,0x00
3692340,0x3E8,false,0,8,0x0A,0x00,0x00,0x00,0x00,0x00,0x00,0x00
3692464,0x3E8,false,0,8,0x0B,0x00,0x00,0x00,0x00,0x00,0x00,0x00
3692588,0x3E8,false,0,8,0x0C,0x00,0x00,0x00,0x00,0x00,0x00,0x00
3692718,0x3E8,false,0,8,0x0D,0x00,0x00,0x00,0x05,0x00,0x10,0x00
3740674,0x3E8,false,0,8,0x00,0x00,0x00,0x00,0x66,0x00,0x65,0x00
3740907,0x44C,false,0,8,0x00,0x00,0x19,0x00,0x1A,0x00,0x00,0x00
3741038,0x3E8,false,0,8,0x01,0x00,0xF2,0x03,0x05,0x00,0x00,0x00
3741170,0x44C,false,0,8,0x01,0x00,0x01,0x00,0x00,0x00,0x00,0x00
3741302,0x3E8,false,0,8,0x02,0x00,0x00,0x00,0x00,0x00,0x54,0x00
3741433,0x3E8,false,0,8,0x03,0x00,0x4C,0x00,0x9F,0x04,0x00,0x00
3741564,0x3E8,false,0,8,0x04,0x00,0x00,0x00,0x90,0x01,0x9A,0x04
3741704,0x3E8,false,0,8,0x05,0x00,0x00,0x00,0x00,0x00,0x00,0x00
3741846,0x3E8,false,0,8,0x06,0x00,0x00,0x00,0x00,0x00,0x00,0x00
3741987,0x3E8,false,0,8,0x07,0x00,0x00,0x00,0x00,0x00,0x07,0x00
3754419,0x3E8,false,0,8,0x08,0x00,0x4F,0x00,0x07,0x00,0x00,0x00
3754554,0x3E8,false,0,8,0x09,0x00,0x00,0x00,0x00,0x00,0x00,0x00
3754692,0x3E8,false,0,8,0x0A,0x00,0x00,0x00,0x00,0x00,0x00,0x00
3754824,0x3E8,false,0,8,0x0B,0x00,0x00,0x00,0x00,0x00,0x00,0x00
3754956,0x3E8,false,0,8,0x0C,0x00,0x00,0x00,0x00,0x00,0x00,0x00
3755088,0x3E8,false,0,8,0x0D,0x00,0x00,0x00,0x05,0x00,0x10,0x00
3790661,0x3E8,false,0,8,0x00,0x00,0x00,0x00,0x66,0x00,0x65,0x00
3790914,0x44C,false,0,8,0x00,0x00,0x19,0x00,0x1A,0x00,0x00,0x00
3791049,0x3E8,false,0,8,0x01,0x00,0xF2,0x03,0x05,0x00,0x00,0x00
3791182,0x44C,false,0,8,0x01,0x00,0x01,0x00,0x00,0x00,0x00,0x00
3791308,0x3E8,false,0,8,0x02,0x00,0x00,0x00,0x00,0x00,0x54,0x00
3791448,0x3E8,false,0,8,0x03,0x00,0x4C,0x00,0x9F,0x04,0x00,0x00
3791839,0x3E8,false,0,8,0x04,0x00,0x00,0x00,0x90,0x01,0x9A,0x04
3791984,0x3E8,false,0,8,0x05,0x00,0x00,0x00,0x00,0x00,0x00,0x00
3792129,0x3E8,false,0,8,0x06,0x00,0x00,0x00,0x00,0x00,0x00,0x00
3792271,0x3E8,false,0,8,0x07,0x00,0x00,0x00,0x00,0x00,0x07,0x00
3792412,0x3E8,false,0,8,0x08,0x00,0x4F,0x00,0x07,0x00,0x00,0x00
3792553,0x3E8,false,0,8,0x09,0x00,0x00,0x00,0x00,0x00,0x00,0x00
3792695,0x3E8,false,0,8,0x0A,0x00,0x00,0x00,0x00,0x00,0x00,0x00
3792826,0x3E8,false,0,8,0x0B,0x00,0x00,0x00,0x00,0x00,0x00,0x00
3792958,0x3E8,false,0,8,0x0C,0x00,0x00,0x00,0x00,0x00,0x00,0x00
3793090,0x3E8,false,0,8,0x0D,0x00,0x00,0x00,0x05,0x00,0x10,0x00
3840677,0x44C,false,0,8,0x00,0x00,0x19,0x00,0x1A,0x00,0x00,0x00
3840933,0x3E8,false,0,8,0x00,0x00,0x00,0x00,0x66,0x00,0x65,0x00
3841077,0x44C,false,0,8,0x01,0x00,0x01,0x00,0x00,0x00,0x00,0x00
3841219,0x3E8,false,0,8,0x01,0x00,0xF2,0x03,0x05,0x00,0x00,0x00
3841358,0x3E8,false,0,8,0x02,0x00,0x00,0x00,0x00,0x00,0x54,0x00
3841493,0x3E8,false,0,8,0x03,0x00,0x4C,0x00,0x9F,0x04,0x00,0x00
3841629,0x3E8,false,0,8,0x04,0x00,0x00,0x00,0x90,0x01,0x9A,0x04
3841771,0x3E8,false,0,8,0x05,0x00,0x00,0x00,0x00,0x00,0x00,0x00
3841907,0x3E8,false,0,8,0x06,0x00,0x00,0x00,0x00,0x00,0x00,0x00
3842042,0x3E8,false,0,8,0x07,0x00,0x00,0x00,0x00,0x00,0x07,0x00
3842179,0x3E8,false,0,8,0x08,0x00,0x4F,0x00,0x07,0x00,0x00,0x00
3842315,0x3E8,false,0,8,0x09,0x00,0x00,0x00,0x00,0x00,0x00,0x00
3842452,0x3E8,false,0,8,0x0A,0x00,0x00,0x00,0x00,0x00,0x00,0x00
3842588,0x3E8,false,0,8,0x0B,0x00,0x00,0x00,0x00,0x00,0x00,0x00
3842719,0x3E8,false,0,8,0x0C,0x00,0x00,0x00,0x00,0x00,0x00,0x00
3842843,0x3E8,false,0,8,0x0D,0x00,0x00,0x00,0x05,0x00,0x10,0x00
3890667,0x3E8,false,0,8,0x00,0x00,0x00,0x00,0x66,0x00,0x65,0x00
3890865,0x44C,false,0,8,0x00,0x00,0x19,0x00,0x1A,0x00,0x00,0x00
3891001,0x3E8,false,0,8,0x01,0x00,0xF2,0x03,0x05,0x00,0x00,0x00
3891139,0x44C,false,0,8,0x01,0x00,0x01,0x00,0x00,0x00,0x00,0x00
3891276,0x3E8,false,0,8,0x02,0x00,0x00,0x00,0x00,0x00,0x54,0x00
3891411,0x3E8,false,0,8,0x03,0x00,0x4C,0x00,0x9F,0x04,0x00,0x00
3891535,0x3E8,false,0,8,0x04,0x00,0x00,0x00,0x90,0x01,0x9A,0x04
3891673,0x3E8,false,0,8,0x05,0x00,0x00,0x00,0x00,0x00,0x00,0x00
3891797,0x3E8,false,0,8,0x06,0x00,0x00,0x00,0x00,0x00,0x00,0x00
3891933,0x3E8,false,0,8,0x07,0x00,0x00,0x00,0x00,0x00,0x07,0x00
3892069,0x3E8,false,0,8,0x08,0x00,0x4F,0x00,0x07,0x00,0x00,0x00
3892203,0x3E8,false,0,8,0x09,0x00,0x00,0x00,0x00,0x00,0x00,0x00
3892338,0x3E8,false,0,8,0x0A,0x00,0x00,0x00,0x00,0x00,0x00,0x00
3892474,0x3E8,false,0,8,0x0B,0x00,0x00,0x00,0x00,0x00,0x00,0x00
3892612,0x3E8,false,0,8,0x0C,0x00,0x00,0x00,0x00,0x00,0x00,0x00
3892753,0x3E8,false,0,8,0x0D,0x00,0x00,0x00,0x05,0x00,0x10,0x00
3940681,0x3E8,false,0,8,0x00,0x00,0x00,0x00,0x66,0x00,0x65,0x00
3940933,0x44C,false,0,8,0x00,0x00,0x19,0x00,0x1A,0x00,0x00,0x00
3941069,0x3E8,false,0,8,0x01,0x00,0xF2,0x03,0x05,0x00,0x00,0x00
3941205,0x44C,false,0,8,0x01,0x00,0x01,0x00,0x00,0x00,0x00,0x00
3941341,0x3E8,false,0,8,0x02,0x00,0x00,0x00,0x00,0x00,0x54,0x00
3941482,0x3E8,false,0,8,0x03,0x00,0x4C,0x00,0x9F,0x04,0x00,0x00
3941607,0x3E8,false,0,8,0x04,0x00,0x00,0x00,0x90,0x01,0x9A,0x04
3941732,0x3E8,false,0,8,0x05,0x00,0x00,0x00,0x00,0x00,0x00,0x00
3944645,0x3E8,false,0,8,0x06,0x00,0x00,0x00,0x00,0x00,0x00,0x00
3944771,0x3E8,false,0,8,0x07,0x00,0x00,0x00,0x00,0x00,0x07,0x00
3957068,0x3E8,false,0,8,0x08,0x00,0x4F,0x00,0x07,0x00,0x00,0x00
3957199,0x3E8,false,0,8,0x09,0x00,0x00,0x00,0x00,0x00,0x00,0x00
3957342,0x3E8,false,0,8,0x0A,0x00,0x00,0x00,0x00,0x00,0x00,0x00
3957503,0x3E8,false,0,8,0x0B,0x00,0x00,0x00,0x00,0x00,0x00,0x00
3957647,0x3E8,false,0,8,0x0C,0x00,0x00,0x00,0x00,0x00,0x00,0x00
3957807,0x3E8,false,0,8,0x0D,0x00,0x00,0x00,0x05,0x00,0x10,0x00
3992667,0x3E8,false,0,8,0x00,0x00,0x00,0x00,0x66,0x00,0x65,0x00
3992869,0x44C,false,0,8,0x00,0x00,0x19,0x00,0x1A,0x00,0x00,0x00
3993004,0x3E8,false,0,8,0x01,0x00,0xF2,0x03,0x05,0x00,0x00,0x00
3993138,0x44C,false,0,8,0x01,0x00,0x01,0x00,0x00,0x00,0x00,0x00
3993273,0x3E8,false,0,8,0x02,0x00,0x00,0x00,0x00,0x00,0x54,0x00
3993396,0x3E8,false,0,8,0x03,0x00,0x4C,0x00,0x9F,0x04,0x00,0x00
3993520,0x3E8,false,0,8,0x04,0x00,0x00,0x00,0x90,0x01,0x9A,0x04
3993643,0x3E8,false,0,8,0x05,0x00,0x00,0x00,0x00,0x00,0x00,0x00
3993767,0x3E8,false,0,8,0x06,0x00,0x00,0x00,0x00,0x00,0x00,0x00
3993891,0x3E8,false,0,8,0x07,0x00,0x00,0x00,0x00,0x00,0x07,0x00
3994015,0x3E8,false,0,8,0x08,0x00,0x4F,0x00,0x07,0x00,0x00,0x00
3994138,0x3E8,false,0,8,0x09,0x00,0x00,0x00,0x00,0x00,0x00,0x00
3994262,0x3E8,false,0,8,0x0A,0x00,0x00,0x00,0x00,0x00,0x00,0x00
3994385,0x3E8,false,0,8,0x0B,0x00,0x00,0x00,0x00,0x00,0x00,0x00
3994509,0x3E8,false,0,8,0x0C,0x00,0x00,0x00,0x00,0x00,0x00,0x00
3994637,0x3E8,false,0,8,0x0D,0x00,0x00,0x00,0x05,0x00,0x10,0x00
4042686,0x3E8,false,0,8,0x00,0x00,0x00,0x00,0x66,0x00,0x65,0x00
4042935,0x44C,false,0,8,0x00,0x00,0x19,0x00,0x1A,0x00,0x00,0x00
4043074,0x3E8,false,0,8,0x01,0x00,0xF2,0x03,0x05,0x00,0x00,0x00
4043210,0x44C,false,0,8,0x01,0x00,0x01,0x00,0x00,0x00,0x00,0x00
4043347,0x3E8,false,0,8,0x02,0x00,0x00,0x00,0x00,0x00,0x54,0x00
4043473,0x3E8,false,0,8,0x05,0x00,0x00,0x00,0x00,0x00,0x00,0x00
4043597,0x3E8,false,0,8,0x06,0x00,0x00,0x00,0x00,0x00,0x00,0x00
4043723,0x3E8,false,0,8,0x07,0x00,0x00,0x00,0x00,0x00,0x07,0x00
4043848,0x3E8,false,0,8,0x08,0x00,0x4F,0x00,0x07,0x00,0x00,0x00
4043973,0x3E8,false,0,8,0x09,0x00,0x00,0x00,0x00,0x00,0x00,0x00
4044097,0x3E8,false,0,8,0x0A,0x00,0x00,0x00,0x00,0x00,0x00,0x00
4044223,0x3E8,false,0,8,0x0B,0x00,0x00,0x00,0x00,0x00,0x00,0x00
4044349,0x3E8,false,0,8,0x0C,0x00,0x00,0x00,0x00,0x00,0x00,0x00
4044474,0x3E8,false,0,8,0x0D,0x00,0x00,0x00,0x05,0x00,0x10,0x00
4092684,0x44C,false,0,8,0x00,0x00,0x19,0x00,0x1A,0x00,0x00,0x00
4092928,0x3E8,false,0,8,0x00,0x00,0x00,0x00,0x66,0x00,0x65,0x00
4093075,0x44C,false,0,8,0x01,0x00,0x01,0x00,0x00,0x00,0x00,0x00
4093203,0x3E8,false,0,8,0x01,0x00,0xF2,0x03,0x05,0x00,0x00,0x00
4093349,0x3E8,false,0,8,0x02,0x00,0x00,0x00,0x00,0x00,0x54,0x00
4093473,0x3E8,false,0,8,0x03,0x00,0x4C,0x00,0x9F,0x04,0x00,0x00
4093609,0x3E8,false,0,8,0x04,0x00,0x00,0x00,0x90,0x01,0x9A,0x04
4093734,0x3E8,false,0,8,0x05,0x00,0x00,0x00,0x00,0x00,0x00,0x00
4093860,0x3E8,false,0,8,0x06,0x00,0x00,0x00,0x00,0x00,0x00,0x00
4093985,0x3E8,false,0,8,0x07,0x00,0x00,0x00,0x00,0x00,0x07,0x00
4094110,0x3E8,false,0,8,0x08,0x00,0x4F,0x00,0x07,0x00,0x00,0x00
4094235,0x3E8,false,0,8,0x09,0x00,0x00,0x00,0x00,0x00,0x00,0x00
4094360,0x3E8,false,0,8,0x0A,0x00,0x00,0x00,0x00,0x00,0x00,0x00
4094485,0x3E8,false,0,8,0x0B,0x00,0x00,0x00,0x00,0x00,0x00,0x00
4094616,0x3E8,false,0,8,0x0C,0x00,0x00,0x00,0x00,0x00,0x00,0x00
4094740,0x3E8,false,0,8,0x0D,0x00,0x00,0x00,0x05,0x00,0x10,0x00
4142673,0x3E8,false,0,8,0x00,0x00,0x00,0x00,0x66,0x00,0x65,0x00
4142979,0x44C,false,0,8,0x00,0x00,0x19,0x00,0x1A,0x00,0x00,0x00
4143113,0x3E8,false,0,8,0x01,0x00,0xF2,0x03,0x05,0x00,0x00,0x00
4143249,0x44C,false,0,8,0x01,0x00,0x01,0x00,0x00,0x00,0x00,0x00
4143392,0x3E8,false,0,8,0x02,0x00,0x00,0x00,0x00,0x00,0x54,0x00
4143534,0x3E8,false,0,8,0x03,0x00,0x4C,0x00,0x9F,0x04,0x00,0x00
4143674,0x3E8,false,0,8,0x04,0x00,0x00,0x00,0x90,0x01,0x9A,0x04
4143816,0x3E8,false,0,8,0x05,0x00,0x00,0x00,0x00,0x00,0x00,0x00
4143956,0x3E8,false,0,8,0x06,0x00,0x00,0x00,0x00,0x00,0x00,0x00
4144100,0x3E8,false,0,8,0x07,0x00,0x00,0x00,0x00,0x00,0x07,0x00
4144235,0x3E8,false,0,8,0x08,0x00,0x4F,0x00,0x07,0x00,0x00,0x00
4144360,0x3E8,false,0,8,0x09,0x00,0x00,0x00,0x00,0x00,0x00,0x00
4158428,0x3E8,false,0,8,0x0A,0x00,0x00,0x00,0x00,0x00,0x00,0x00
4158557,0x3E8,false,0,8,0x0B,0x00,0x00,0x00,0x00,0x00,0x00,0x00
4158687,0x3E8,false,0,8,0x0C,0x00,0x00,0x00,0x00,0x00,0x00,0x00
4158812,0x3E8,false,0,8,0x0D,0x00,0x00,0x00,0x05,0x00,0x10,0x00
4192675,0x3E8,false,0,8,0x00,0x00,0x00,0x00,0x66,0x00,0x65,0x00
4192912,0x44C,false,0,8,0x00,0x00,0x19,0x00,0x1A,0x00,0x00,0x00
4193048,0x3E8,false,0,8,0x01,0x00,0xF2,0x03,0x05,0x00,0x00,0x00
4193171,0x44C,false,0,8,0x01,0x00,0x01,0x00,0x00,0x00,0x00,0x00
4193308,0x3E8,false,0,8,0x02,0x00,0x00,0x00,0x00,0x00,0x54,0x00
4193441,0x3E8,false,0,8,0x03,0x00,0x4C,0x00,0x9F,0x04,0x00,0x00
4193574,0x3E8,false,0,8,0x04,0x00,0x00,0x00,0x90,0x01,0x9A,0x04
4193713,0x3E8,false,0,8,0x05,0x00,0x00,0x00,0x00,0x00,0x00,0x00
4193850,0x3E8,false,0,8,0x06,0x00,0x00,0x00,0x00,0x00,0x00,0x00
4193988,0x3E8,false,0,8,0x07,0x00,0x00,0x00,0x00,0x00,0x07,0x00
4194125,0x3E8,false,0,8,0x08,0x00,0x4F,0x00,0x07,0x00,0x00,0x00
4194248,0x3E8,false,0,8,0x09,0x00,0x00,0x00,0x00,0x00,0x00,0x00
4194372,0x3E8,false,0,8,0x0A,0x00,0x00,0x00,0x00,0x00,0x00,0x00
4194496,0x3E8,false,0,8,0x0B,0x00,0x00,0x00,0x00,0x00,0x00,0x00
4194624,0x3E8,false,0,8,0x0C,0x00,0x00,0x00,0x00,0x00,0x00,0x00
4194747,0x3E8,false,0,8,0x0D,0x00,0x00,0x00,0x05,0x00,0x10,0x00
4242646,0x3E8,false,0,8,0x00,0x00,0x00,0x00,0x66,0x00,0x65,0x00
4242783,0x44C,false,0,8,0x00,0x00,0x19,0x00,0x1A,0x00,0x00,0x00
4242922,0x3E8,false,0,8,0x01,0x00,0xF2,0x03,0x05,0x00,0x00,0x00
4243046,0x44C,false,0,8,0x01,0x00,0x01,0x00,0x00,0x00,0x00,0x00
4243182,0x3E8,false,0,8,0x02,0x00,0x00,0x00,0x00,0x00,0x54,0x00
4243316,0x3E8,false,0,8,0x03,0x00,0x4C,0x00,0x9F,0x04,0x00,0x00
4243452,0x3E8,false,0,8,0x04,0x00,0x00,0x00,0x90,0x01,0x9A,0x04
4243588,0x3E8,false,0,8,0x05,0x00,0x00,0x00,0x00,0x00,0x00,0x00
4243723,0x3E8,false,0,8,0x06,0x00,0x00,0x00,0x00,0x00,0x00,0x00
4243860,0x3E8,false,0,8,0x07,0x00,0x00,0x00,0x00,0x00,0x07,0x00
4243996,0x3E8,false,0,8,0x08,0x00,0x4F,0x00,0x07,0x00,0x00,0x00
4244134,0x3E8,false,0,8,0x09,0x00,0x00,0x00,0x00,0x00,0x00,0x00
4244258,0x3E8,false,0,8,0x0A,0x00,0x00,0x00,0x00,0x00,0x00,0x00
4244381,0x3E8,false,0,8,0x0B,0x00,0x00,0x00,0x00,0x00,0x00,0x00
4244505,0x3E8,false,0,8,0x0C,0x00,0x00,0x00,0x00,0x00,0x00,0x00
4244633,0x3E8,false,0,8,0x0D,0x00,0x00,0x00,0x05,0x00,0x10,0x00
4292645,0x3E8,false,0,8,0x00,0x00,0x00,0x00,0x66,0x00,0x65,0x00
4292783,0x44C,false,0,8,0x00,0x00,0x19,0x00,0x1A,0x00,0x00,0x00
4292923,0x3E8,false,0,8,0x01,0x00,0xF2,0x03,0x05,0x00,0x00,0x00
4293058,0x44C,false,0,8,0x01,0x00,0x01,0x00,0x00,0x00,0x00,0x00
4293182,0x3E8,false,0,8,0x02,0x00,0x00,0x00,0x00,0x00,0x54,0x00
4293318,0x3E8,false,0,8,0x03,0x00,0x4C,0x00,0x9F,0x04,0x00,0x00
4293441,0x3E8,false,0,8,0x04,0x00,0x00,0x00,0x90,0x01,0x9A,0x04
4293577,0x3E8,false,0,8,0x05,0x00,0x00,0x00,0x00,0x00,0x00,0x00
4293714,0x3E8,false,0,8,0x06,0x00,0x00,0x00,0x00,0x00,0x00,0x00
4293848,0x3E8,false,0,8,0x07,0x00,0x00,0x00,0x00,0x00,0x07,0x00
4293984,0x3E8,false,0,8,0x08,0x00,0x4F,0x00,0x07,0x00,0x00,0x00
4294120,0x3E8,false,0,8,0x09,0x00,0x00,0x00,0x00,0x00,0x00,0x00
4294257,0x3E8,false,0,8,0x0A,0x00,0x00,0x00,0x00,0x00,0x00,0x00
4294394,0x3E8,false,0,8,0x0B,0x00,0x00,0x00,0x00,0x00,0x00,0x00
4294517,0x3E8,false,0,8,0x0C,0x00,0x00,0x00,0x00,0x00,0x00,0x00
4294646,0x3E8,false,0,8,0x0D,0x00,0x00,0x00,0x05,0x00,0x10,0x00
4342691,0x3E8,false,0,8,0x00,0x00,0x00,0x00,0x66,0x00,0x65,0x00
4342952,0x44C,false,0,8,0x00,0x00,0x19,0x00,0x1A,0x00,0x00,0x00
4343089,0x3E8,false,0,8,0x01,0x00,0xF2,0x03,0x05,0x00,0x00,0x00
4343219,0x44C,false,0,8,0x01,0x00,0x01,0x00,0x00,0x00,0x00,0x00
4343349,0x3E8,false,0,8,0x02,0x00,0x00,0x00,0x00,0x00,0x54,0x00
4343484,0x3E8,false,0,8,0x03,0x00,0x4C,0x00,0x9F,0x04,0x00,0x00
4343620,0x3E8,false,0,8,0x04,0x00,0x00,0x00,0x90,0x01,0x9A,0x04
4343756,0x3E8,false,0,8,0x05,0x00,0x00,0x00,0x00,0x00,0x00,0x00
4346688,0x3E8,false,0,8,0x06,0x00,0x00,0x00,0x00,0x00,0x00,0x00
4346880,0x3E8,false,0,8,0x07,0x00,0x00,0x00,0x00,0x00,0x07,0x00
4347005,0x3E8,false,0,8,0x08,0x00,0x4F,0x00,0x07,0x00,0x00,0x00
4347130,0x3E8,false,0,8,0x09,0x00,0x00,0x00,0x00,0x00,0x00,0x00
4359724,0x3E8,false,0,8,0x0A,0x00,0x00,0x00,0x00,0x00,0x00,0x00
4359871,0x3E8,false,0,8,0x0B,0x00,0x00,0x00,0x00,0x00,0x00,0x00
4360007,0x3E8,false,0,8,0x0C,0x00,0x00,0x00,0x00,0x00,0x00,0x00
4360133,0x3E8,false,0,8,0x0D,0x00,0x00,0x00,0x05,0x00,0x10,0x00
4393034,0x3E8,false,0,8,0x00,0x00,0x00,0x00,0x66,0x00,0x65,0x00
4393242,0x44C,false,0,8,0x00,0x00,0x19,0x00,0x1A,0x00,0x00,0x00
4393377,0x3E8,false,0,8,0x01,0x00,0xF2,0x03,0x05,0x00,0x00,0x00
4393513,0x44C,false,0,8,0x01,0x00,0x01,0x00,0x00,0x00,0x00,0x00
4393650,0x3E8,false,0,8,0x02,0x00,0x00,0x00,0x00,0x00,0x54,0x00
4393774,0x3E8,false,0,8,0x03,0x00,0x4C,0x00,0x9F,0x04,0x00,0x00
4393912,0x3E8,false,0,8,0x04,0x00,0x00,0x00,0x90,0x01,0x9A,0x04
4394035,0x3E8,false,0,8,0x05,0x00,0x00,0x00,0x00,0x00,0x00,0x00
4394171,0x3E8,false,0,8,0x06,0x00,0x00,0x00,0x00,0x00,0x00,0x00
4394307,0x3E8,false,0,8,0x07,0x00,0x00,0x00,0x00,0x00,0x07,0x00
4394444,0x3E8,false,0,8,0x08,0x00,0x4F,0x00,0x07,0x00,0x00,0x00
4394580,0x3E8,false,0,8,0x09,0x00,0x00,0x00,0x00,0x00,0x00,0x00
4394719,0x3E8,false,0,8,0x0A,0x00,0x00,0x00,0x00,0x00,0x00,0x00
4394856,0x3E8,false,0,8,0x0B,0x00,0x00,0x00,0x00,0x00,0x00,0x00
4394991,0x3E8,false,0,8,0x0C,0x00,0x00,0x00,0x00,0x00,0x00,0x00
4395115,0x3E8,false,0,8,0x0D,0x00,0x00,0x00,0x05,0x00,0x10,0x00
4444656,0x3E8,false,0,8,0x00,0x00,0x00,0x00,0x66,0x00,0x65,0x00
4444794,0x44C,false,0,8,0x00,0x00,0x19,0x00,0x1A,0x00,0x00,0x00
4444929,0x3E8,false,0,8,0x01,0x00,0xF2,0x03,0x05,0x00,0x00,0x00
4445053,0x44C,false,0,8,0x01,0x00,0x01,0x00,0x00,0x00,0x00,0x00
4445177,0x3E8,false,0,8,0x02,0x00,0x00,0x00,0x00,0x00,0x54,0x00
4445300,0x3E8,false,0,8,0x03,0x00,0x4C,0x00,0x9F,0x04,0x00,0x00
4445423,0x3E8,false,0,8,0x04,0x00,0x00,0x00,0x90,0x01,0x9A,0x04
4445547,0x3E8,false,0,8,0x05,0x00,0x00,0x00,0x00,0x00,0x00,0x00
4445671,0x3E8,false,0,8,0x06,0x00,0x00,0x00,0x00,0x00,0x00,0x00
4445795,0x3E8,false,0,8,0x07,0x00,0x00,0x00,0x00,0x00,0x07,0x00
4445919,0x3E8,false,0,8,0x08,0x00,0x4F,0x00,0x07,0x00,0x00,0x00
4446042,0x3E8,false,0,8,0x09,0x00,0x00,0x00,0x00,0x00,0x00,0x00
4446166,0x3E8,false,0,8,0x0A,0x00,0x00,0x00,0x00,0x00,0x00,0x00
4446290,0x3E8,false,0,8,0x0B,0x00,0x00,0x00,0x00,0x00,0x00,0x00
4446414,0x3E8,false,0,8,0x0C,0x00,0x00,0x00,0x00,0x00,0x00,0x00
4446537,0x3E8,false,0,8,0x0D,0x00,0x00,0x00,0x05,0x00,0x10,0x00
4494647,0x3E8,false,0,8,0x00,0x00,0x00,0x00,0x66,0x00,0x65,0x00
4494784,0x44C,false,0,8,0x00,0x00,0x19,0x00,0x1A,0x00,0x00,0x00
4494920,0x3E8,false,0,8,0x01,0x00,0xF2,0x03,0x05,0x00,0x00,0x00
4495058,0x44C,false,0,8,0x01,0x00,0x01,0x00,0x00,0x00,0x00,0x00
4495195,0x3E8,false,0,8,0x02,0x00,0x00,0x00,0x00,0x00,0x54,0x00
4495318,0x3E8,false,0,8,0x03,0x00,0x4C,0x00,0x9F,0x04,0x00,0x00
4495442,0x3E8,false,0,8,0x04,0x00,0x00,0x00,0x90,0x01,0x9A,0x04
4495565,0x3E8,false,0,8,0x05,0x00,0x00,0x00,0x00,0x00,0x00,0x00
4495691,0x3E8,false,0,8,0x06,0x00,0x00,0x00,0x00,0x00,0x00,0x00
4495815,0x3E8,false,0,8,0x07,0x00,0x00,0x00,0x00,0x00,0x07,0x00
4495939,0x3E8,false,0,8,0x08,0x00,0x4F,0x00,0x07,0x00,0x00,0x00
4496063,0x3E8,false,0,8,0x09,0x00,0x00,0x00,0x00,0x00,0x00,0x00
4496187,0x3E8,false,0,8,0x0A,0x00,0x00,0x00,0x00,0x00,0x00,0x00
4496311,0x3E8,false,0,8,0x0B,0x00,0x00,0x00,0x00,0x00,0x00,0x00
4496435,0x3E8,false,0,8,0x0C,0x00,0x00,0x00,0x00,0x00,0x00,0x00
4496559,0x3E8,false,0,8,0x0D,0x00,0x00,0x00,0x05,0x00,0x10,0x00
4544653,0x3E8,false,0,8,0x00,0x00,0x00,0x00,0x66,0x00,0x65,0x00
4544828,0x44C,false,0,8,0x00,0x00,0x19,0x00,0x1A,0x00,0x00,0x00
4544968,0x3E8,false,0,8,0x01,0x00,0xF2,0x03,0x05,0x00,0x00,0x00
4545105,0x44C,false,0,8,0x01,0x00,0x01,0x00,0x00,0x00,0x00,0x00
4545241,0x3E8,false,0,8,0x02,0x00,0x00,0x00,0x00,0x00,0x54,0x00
4545375,0x3E8,false,0,8,0x03,0x00,0x4C,0x00,0x9F,0x04,0x00,0x00
4545512,0x3E8,false,0,8,0x04,0x00,0x00,0x00,0x90,0x01,0x9A,0x04
4545648,0x3E8,false,0,8,0x05,0x00,0x00,0x00,0x00,0x00,0x00,0x00
4545784,0x3E8,false,0,8,0x06,0x00,0x00,0x00,0x00,0x00,0x00,0x00
4545909,0x3E8,false,0,8,0x07,0x00,0x00,0x00,0x00,0x00,0x07,0x00
4546032,0x3E8,false,0,8,0x08,0x00,0x4F,0x00,0x07,0x00,0x00,0x00
4546166,0x3E8,false,0,8,0x09,0x00,0x00,0x00,0x00,0x00,0x00,0x00
4558291,0x3E8,false,0,8,0x0A,0x00,0x00,0x00,0x00,0x00,0x00,0x00
4558414,0x3E8,false,0,8,0x0B,0x00,0x00,0x00,0x00,0x00,0x00,0x00
4558538,0x3E8,false,0,8,0x0C,0x00,0x00,0x00,0x00,0x00,0x00,0x00
4558667,0x3E8,false,0,8,0x0D,0x00,0x00,0x00,0x05,0x00,0x10,0x00
4594647,0x3E8,false,0,8,0x00,0x00,0x00,0x00,0x66,0x00,0x65,0x00
4594779,0x44C,false,0,8,0x00,0x00,0x19,0x00,0x1A,0x00,0x00,0x00
4594914,0x3E8,false,0,8,0x01,0x00,0xF2,0x03,0x05,0x00,0x00,0x00
4595050,0x44C,false,0,8,0x01,0x00,0x01,0x00,0x00,0x00,0x00,0x00
4595189,0x3E8,false,0,8,0x02,0x00,0x00,0x00,0x00,0x00,0x54,0x00
4595326,0x3E8,false,0,8,0x03,0x00,0x4C,0x00,0x9F,0x04,0x00,0x00
4595462,0x3E8,false,0,8,0x04,0x00,0x00,0x00,0x90,0x01,0x9A,0x04
4595596,0x3E8,false,0,8,0x05,0x00,0x00,0x00,0x00,0x00,0x00,0x00
4595735,0x3E8,false,0,8,0x06,0x00,0x00,0x00,0x00,0x00,0x00,0x00
4595859,0x3E8,false,0,8,0x07,0x00,0x00,0x00,0x00,0x00,0x07,0x00
4595983,0x3E8,false,0,8,0x08,0x00,0x4F,0x00,0x07,0x00,0x00,0x00
4596106,0x3E8,false,0,8,0x09,0x00,0x00,0x00,0x00,0x00,0x00,0x00
4596230,0x3E8,false,0,8,0x0A,0x00,0x00,0x00,0x00,0x00,0x00,0x00
4596354,0x3E8,false,0,8,0x0B,0x00,0x00,0x00,0x00,0x00,0x00,0x00
4596478,0x3E8,false,0,8,0x0C,0x00,0x00,0x00,0x00,0x00,0x00,0x00
4596606,0x3E8,false,0,8,0x0D,0x00,0x00,0x00,0x05,0x00,0x10,0x00
4644659,0x3E8,false,0,8,0x00,0x00,0x00,0x00,0x66,0x00,0x65,0x00
4644901,0x44C,false,0,8,0x00,0x00,0x19,0x00,0x1A,0x00,0x00,0x00
4645035,0x3E8,false,0,8,0x01,0x00,0xF2,0x03,0x28,0x00,0x00,0x00
4645170,0x44C,false,0,8,0x01,0x00,0x01,0x00,0x00,0x00,0x00,0x00
4645308,0x3E8,false,0,8,0x02,0x00,0x00,0x00,0x00,0x00,0x54,0x00
4645443,0x3E8,false,0,8,0x03,0x00,0x4C,0x00,0x9F,0x04,0x00,0x00
4645566,0x3E8,false,0,8,0x04,0x00,0x00,0x00,0x90,0x01,0x9A,0x04
4645701,0x3E8,false,0,8,0x05,0x00,0x00,0x00,0x00,0x00,0x00,0x00
4645836,0x3E8,false,0,8,0x06,0x00,0x00,0x00,0x00,0x00,0x00,0x00
4645960,0x3E8,false,0,8,0x07,0x00,0x00,0x00,0x00,0x00,0x07,0x00
4646084,0x3E8,false,0,8,0x08,0x00,0x4F,0x00,0x07,0x00,0x00,0x00
4646208,0x3E8,false,0,8,0x09,0x00,0x00,0x00,0x00,0x00,0x00,0x00
4646333,0x3E8,false,0,8,0x0A,0x00,0x00,0x00,0x00,0x00,0x00,0x00
4646457,0x3E8,false,0,8,0x0B,0x00,0x00,0x00,0x00,0x00,0x00,0x00
4646582,0x3E8,false,0,8,0x0C,0x00,0x00,0x00,0x00,0x00,0x00,0x00
4646711,0x3E8,false,0,8,0x0D,0x00,0x00,0x00,0x05,0x00,0x10,0x00
4694664,0x3E8,false,0,8,0x00,0x00,0x00,0x00,0x66,0x00,0x65,0x00
4694878,0x44C,false,0,8,0x00,0x00,0x19,0x00,0x1A,0x00,0x00,0x00
4695003,0x3E8,false,0,8,0x01,0x00,0xF2,0x03,0xBB,0x00,0x00,0x00
4695140,0x44C,false,0,8,0x01,0x00,0x01,0x00,0x00,0x00,0x00,0x00
4695276,0x3E8,false,0,8,0x02,0x00,0x00,0x00,0x00,0x00,0x54,0x00
4695401,0x3E8,false,0,8,0x03,0x00,0x4C,0x00,0x9F,0x04,0x00,0x00
4695546,0x3E8,false,0,8,0x04,0x00,0x00,0x00,0x90,0x01,0x9A,0x04
4695670,0x3E8,false,0,8,0x05,0x00,0x00,0x00,0x00,0x00,0x00,0x00
4695818,0x3E8,false,0,8,0x06,0x00,0x00,0x00,0x00,0x00,0x00,0x00
4695954,0x3E8,false,0,8,0x07,0x00,0x00,0x00,0x00,0x00,0x07,0x00
4696079,0x3E8,false,0,8,0x08,0x00,0x4F,0x00,0x07,0x00,0x00,0x00
4696204,0x3E8,false,0,8,0x09,0x00,0x00,0x00,0x00,0x00,0x00,0x00
4696330,0x3E8,false,0,8,0x0A,0x00,0x00,0x00,0x00,0x00,0x00,0x00
4696455,0x3E8,false,0,8,0x0B,0x00,0x00,0x00,0x00,0x00,0x00,0x00
4696581,0x3E8,false,0,8,0x0C,0x00,0x00,0x00,0x00,0x00,0x00,0x00
4709857,0x3E8,false,0,8,0x0D,0x00,0x00,0x00,0x05,0x00,0x10,0x00
4744659,0x3E8,false,0,8,0x00,0x00,0x00,0x00,0x66,0x00,0x65,0x00
4744894,0x44C,false,0,8,0x00,0x00,0x19,0x00,0x1A,0x00,0x00,0x00
4745029,0x3E8,false,0,8,0x01,0x00,0xF2,0x03,0x66,0x01,0x00,0x00
4745160,0x44C,false,0,8,0x01,0x00,0x01,0x00,0x00,0x00,0x00,0x00
4745301,0x3E8,false,0,8,0x02,0x00,0x00,0x00,0x00,0x00,0x54,0x00
4745433,0x3E8,false,0,8,0x03,0x00,0x4C,0x00,0x9F,0x04,0x00,0x00
4745568,0x3E8,false,0,8,0x04,0x00,0x00,0x00,0x90,0x01,0x9A,0x04
4745712,0x3E8,false,0,8,0x05,0x00,0x00,0x00,0x00,0x00,0x00,0x00
4745853,0x3E8,false,0,8,0x06,0x00,0x00,0x00,0x00,0x00,0x00,0x00
4745977,0x3E8,false,0,8,0x07,0x00,0x00,0x00,0x00,0x00,0x07,0x00
4746111,0x3E8,false,0,8,0x08,0x00,0x4F,0x00,0x07,0x00,0x00,0x00
4746246,0x3E8,false,0,8,0x09,0x00,0x00,0x00,0x00,0x00,0x00,0x00
4746382,0x3E8,false,0,8,0x0A,0x00,0x00,0x00,0x00,0x00,0x00,0x00
4746518,0x3E8,false,0,8,0x0B,0x00,0x00,0x00,0x00,0x00,0x00,0x00
4746658,0x3E8,false,0,8,0x0C,0x00,0x00,0x00,0x00,0x00,0x00,0x00
4746794,0x3E8,false,0,8,0x0D,0x00,0x00,0x00,0x05,0x00,0x10,0x00
4794671,0x3E8,false,0,8,0x00,0x00,0x00,0x00,0x66,0x00,0x65,0x00
4794899,0x44C,false,0,8,0x00,0x00,0x19,0x00,0x1A,0x00,0x00,0x00
4795033,0x3E8,false,0,8,0x01,0x00,0xF2,0x03,0x09,0x02,0x00,0x00
4795168,0x44C,false,0,8,0x01,0x00,0x01,0x00,0x00,0x00,0x00,0x00
4795304,0x3E8,false,0,8,0x02,0x00,0x00,0x00,0x00,0x00,0x54,0x00
4795427,0x3E8,false,0,8,0x03,0x00,0x4C,0x00,0x9F,0x04,0x00,0x00
4795562,0x3E8,false,0,8,0x04,0x00,0x00,0x00,0x90,0x01,0x9A,0x04
4795686,0x3E8,false,0,8,0x05,0x00,0x00,0x00,0x00,0x00,0x00,0x00
4795822,0x3E8,false,0,8,0x06,0x00,0x00,0x00,0x00,0x00,0x00,0x00
4795958,0x3E8,false,0,8,0x07,0x00,0x00,0x00,0x00,0x00,0x07,0x00
4796094,0x3E8,false,0,8,0x08,0x00,0x4F,0x00,0x07,0x00,0x00,0x00
4796230,0x3E8,false,0,8,0x09,0x00,0x00,0x00,0x00,0x00,0x00,0x00
4796365,0x3E8,false,0,8,0x0A,0x00,0x00,0x00,0x00,0x00,0x00,0x00
4796501,0x3E8,false,0,8,0x0B,0x00,0x00,0x00,0x00,0x00,0x00,0x00
4796642,0x3E8,false,0,8,0x0C,0x00,0x00,0x00,0x00,0x00,0x00,0x00
4796765,0x3E8,false,0,8,0x0D,0x00,0x00,0x00,0x05,0x00,0x10,0x00
4844677,0x3E8,false,0,8,0x00,0x00,0x00,0x00,0x66,0x00,0x65,0x00
4844931,0x44C,false,0,8,0x00,0x00,0x19,0x00,0x1A,0x00,0x00,0x00
4845070,0x3E8,false,0,8,0x01,0x00,0xF2,0x03,0x73,0x02,0x00,0x00
4845204,0x44C,false,0,8,0x01,0x00,0x01,0x00,0x00,0x00,0x00,0x00
4845340,0x3E8,false,0,8,0x02,0x00,0x00,0x00,0x00,0x00,0x54,0x00
4845465,0x3E8,false,0,8,0x03,0x00,0x4C,0x00,0x9F,0x04,0x00,0x00
4845602,0x3E8,false,0,8,0x04,0x00,0x00,0x00,0x90,0x01,0x9A,0x04
4845740,0x3E8,false,0,8,0x05,0x00,0x00,0x00,0x00,0x00,0x00,0x00
4845880,0x3E8,false,0,8,0x06,0x00,0x00,0x00,0x00,0x00,0x00,0x00
4846014,0x3E8,false,0,8,0x07,0x00,0x00,0x00,0x00,0x00,0x07,0x00
4846151,0x3E8,false,0,8,0x08,0x00,0x4F,0x00,0x07,0x00,0x00,0x00
4846286,0x3E8,false,0,8,0x09,0x00,0x00,0x00,0x00,0x00,0x00,0x00
4846422,0x3E8,false,0,8,0x0A,0x00,0x00,0x00,0x00,0x00,0x00,0x00
4846547,0x3E8,false,0,8,0x0B,0x00,0x00,0x00,0x00,0x00,0x00,0x00
4846689,0x3E8,false,0,8,0x0C,0x00,0x00,0x00,0x00,0x00,0x00,0x00
4846814,0x3E8,false,0,8,0x0D,0x00,0x00,0x00,0x05,0x00,0x10,0x00
4894676,0x44C,false,0,8,0x00,0x00,0x19,0x00,0x1A,0x00,0x00,0x00
4894924,0x3E8,false,0,8,0x00,0x00,0x00,0x00,0x66,0x00,0x65,0x00
4895058,0x44C,false,0,8,0x01,0x00,0x01,0x00,0x00,0x00,0x00,0x00
4895197,0x3E8,false,0,8,0x01,0x00,0xF2,0x03,0x8C,0x02,0x00,0x00
4895331,0x3E8,false,0,8,0x03,0x00,0x4C,0x00,0x9F,0x04,0x00,0x00
4895469,0x3E8,false,0,8,0x02,0x00,0x00,0x00,0x00,0x00,0x54,0x00
4895608,0x3E8,false,0,8,0x03,0x00,0x4C,0x00,0x9F,0x04,0x00,0x00
4895744,0x3E8,false,0,8,0x04,0x00,0x00,0x00,0x90,0x01,0x9A,0x04
4895868,0x3E8,false,0,8,0x05,0x00,0x00,0x00,0x00,0x00,0x00,0x00
4896003,0x3E8,false,0,8,0x06,0x00,0x00,0x00,0x00,0x00,0x00,0x00
4896136,0x3E8,false,0,8,0x07,0x00,0x00,0x00,0x00,0x00,0x07,0x00
4896261,0x3E8,false,0,8,0x08,0x00,0x4F,0x00,0x07,0x00,0x00,0x00
4896405,0x3E8,false,0,8,0x09,0x00,0x00,0x00,0x00,0x00,0x00,0x00
4896529,0x3E8,false,0,8,0x0A,0x00,0x00,0x00,0x00,0x00,0x00,0x00
4896680,0x3E8,false,0,8,0x0B,0x00,0x00,0x00,0x00,0x00,0x00,0x00
4896815,0x3E8,false,0,8,0x0C,0x00,0x00,0x00,0x00,0x00,0x00,0x00
4917212,0x3E8,false,0,8,0x0D,0x00,0x00,0x00,0x05,0x00,0x10,0x00
4944651,0x3E8,false,0,8,0x00,0x00,0x00,0x00,0x66,0x00,0x65,0x00
4944862,0x44C,false,0,8,0x00,0x00,0x19,0x00,0x1A,0x00,0x00,0x00
4944997,0x3E8,false,0,8,0x01,0x00,0xF2,0x03,0x8E,0x02,0x00,0x00
4945131,0x44C,false,0,8,0x01,0x00,0x01,0x00,0x00,0x00,0x00,0x00
4945267,0x3E8,false,0,8,0x02,0x00,0x00,0x00,0x00,0x00,0x54,0x00
4953519,0x3E8,false,0,8,0x03,0x00,0x4C,0x00,0x9F,0x04,0x00,0x00
4953910,0x3E8,false,0,8,0x04,0x00,0x00,0x00,0x90,0x01,0x9A,0x04
4954034,0x3E8,false,0,8,0x05,0x00,0x00,0x00,0x00,0x00,0x00,0x00
4954159,0x3E8,false,0,8,0x06,0x00,0x00,0x00,0x00,0x00,0x00,0x00
4954283,0x3E8,false,0,8,0x07,0x00,0x00,0x00,0x00,0x00,0x07,0x00
4954409,0x3E8,false,0,8,0x08,0x00,0x4F,0x00,0x07,0x00,0x00,0x00
4954534,0x3E8,false,0,8,0x09,0x00,0x00,0x00,0x00,0x00,0x00,0x00
4954663,0x3E8,false,0,8,0x0A,0x00,0x00,0x00,0x00,0x00,0x00,0x00
4954794,0x3E8,false,0,8,0x0B,0x00,0x00,0x00,0x00,0x00,0x00,0x00
4954920,0x3E8,false,0,8,0x0C,0x00,0x00,0x00,0x00,0x00,0x00,0x00
4955045,0x3E8,false,0,8,0x0D,0x00,0x00,0x00,0x05,0x00,0x10,0x00
4996665,0x3E8,false,0,8,0x00,0x00,0x00,0x00,0x66,0x00,0x65,0x00
4996882,0x44C,false,0,8,0x00,0x00,0x19,0x00,0x1A,0x00,0x00,0x00
4997017,0x3E8,false,0,8,0x01,0x00,0xF2,0x03,0x72,0x02,0x00,0x00
4997156,0x44C,false,0,8,0x01,0x00,0x01,0x00,0x00,0x00,0x00,0x00
4997294,0x3E8,false,0,8,0x02,0x00,0x00,0x00,0x00,0x00,0x54,0x00
4997430,0x3E8,false,0,8,0x03,0x00,0x4C,0x00,0x9F,0x04,0x00,0x00
4997553,0x3E8,false,0,8,0x04,0x00,0x00,0x00,0x90,0x01,0x9A,0x04
4997680,0x3E8,false,0,8,0x05,0x00,0x00,0x00,0x00,0x00,0x00,0x00
4997804,0x3E8,false,0,8,0x06,0x00,0x00,0x00,0x00,0x00,0x00,0x00
4997928,0x3E8,false,0,8,0x07,0x00,0x00,0x00,0x00,0x00,0x07,0x00
4998052,0x3E8,false,0,8,0x08,0x00,0x4F,0x00,0x07,0x00,0x00,0x00
4998176,0x3E8,false,0,8,0x09,0x00,0x00,0x00,0x00,0x00,0x00,0x00
4998300,0x3E8,false,0,8,0x0A,0x00,0x00,0x00,0x00,0x00,0x00,0x00
4998424,0x3E8,false,0,8,0x0B,0x00,0x00,0x00,0x00,0x00,0x00,0x00
4998548,0x3E8,false,0,8,0x0C,0x00,0x00,0x00,0x00,0x00,0x00,0x00
4998677,0x3E8,false,0,8,0x0D,0x00,0x00,0x00,0x05,0x00,0x10,0x00
5046659,0x3E8,false,0,8,0x00,0x00,0x00,0x00,0x66,0x00,0x65,0x00
5046815,0x44C,false,0,8,0x00,0x00,0x19,0x00,0x1A,0x00,0x00,0x00
5046956,0x3E8,false,0,8,0x01,0x00,0xF2,0x03,0xFA,0x01,0x00,0x00
5047092,0x44C,false,0,8,0x01,0x00,0x01,0x00,0x00,0x00,0x00,0x00
5047226,0x3E8,false,0,8,0x02,0x00,0x00,0x00,0x00,0x00,0x54,0x00
5047361,0x3E8,false,0,8,0x03,0x00,0x4C,0x00,0x9F,0x04,0x00,0x00
5047485,0x3E8,false,0,8,0x04,0x00,0x00,0x00,0x90,0x01,0x9A,0x04
5047612,0x3E8,false,0,8,0x05,0x00,0x00,0x00,0x00,0x00,0x00,0x00
5047736,0x3E8,false,0,8,0x06,0x00,0x00,0x00,0x00,0x00,0x00,0x00
5047860,0x3E8,false,0,8,0x07,0x00,0x00,0x00,0x00,0x00,0x07,0x00
5047984,0x3E8,false,0,8,0x08,0x00,0x4F,0x00,0x07,0x00,0x00,0x00
5048108,0x3E8,false,0,8,0x09,0x00,0x00,0x00,0x00,0x00,0x00,0x00
5048232,0x3E8,false,0,8,0x0A,0x00,0x00,0x00,0x00,0x00,0x00,0x00
5048356,0x3E8,false,0,8,0x0B,0x00,0x00,0x00,0x00,0x00,0x00,0x00
5048480,0x3E8,false,0,8,0x0C,0x00,0x00,0x00,0x00,0x00,0x00,0x00
5048609,0x3E8,false,0,8,0x0D,0x00,0x00,0x00,0x05,0x00,0x10,0x00
5096667,0x3E8,false,0,8,0x00,0x00,0x00,0x00,0x66,0x00,0x65,0x00
5096916,0x44C,false,0,8,0x00,0x00,0x19,0x00,0x1A,0x00,0x00,0x00
5097063,0x3E8,false,0,8,0x01,0x00,0xF2,0x03,0x24,0x01,0x00,0x00
5097207,0x44C,false,0,8,0x01,0x00,0x01,0x00,0x00,0x00,0x00,0x00
5097348,0x3E8,false,0,8,0x02,0x00,0x00,0x00,0x00,0x00,0x54,0x00
5097489,0x3E8,false,0,8,0x03,0x00,0x4C,0x00,0x9F,0x04,0x00,0x00
5097630,0x3E8,false,0,8,0x04,0x00,0x00,0x00,0x90,0x01,0x9A,0x04
5097758,0x3E8,false,0,8,0x05,0x00,0x00,0x00,0x00,0x00,0x00,0x00
5097886,0x3E8,false,0,8,0x06,0x00,0x00,0x00,0x00,0x00,0x00,0x00
5098011,0x3E8,false,0,8,0x07,0x00,0x00,0x00,0x00,0x00,0x07,0x00
5098136,0x3E8,false,0,8,0x08,0x00,0x4F,0x00,0x07,0x00,0x00,0x00
5098261,0x3E8,false,0,8,0x09,0x00,0x00,0x00,0x00,0x00,0x00,0x00
5098386,0x3E8,false,0,8,0x0A,0x00,0x00,0x00,0x00,0x00,0x00,0x00
5098512,0x3E8,false,0,8,0x0B,0x00,0x00,0x00,0x00,0x00,0x00,0x00
5098642,0x3E8,false,0,8,0x0C,0x00,0x00,0x00,0x00,0x00,0x00,0x00
5110788,0x3E8,false,0,8,0x0D,0x00,0x00,0x00,0x05,0x00,0x10,0x00
5146660,0x3E8,false,0,8,0x00,0x00,0x00,0x00,0x66,0x00,0x65,0x00
5146887,0x44C,false,0,8,0x00,0x00,0x19,0x00,0x1A,0x00,0x00,0x00
5147012,0x3E8,false,0,8,0x01,0x00,0xF2,0x03,0x1B,0x00,0x00,0x00
5147136,0x44C,false,0,8,0x01,0x00,0x01,0x00,0x00,0x00,0x00,0x00
5147261,0x3E8,false,0,8,0x02,0x00,0x00,0x00,0x00,0x00,0x54,0x00
5147399,0x3E8,false,0,8,0x03,0x00,0x4C,0x00,0x9F,0x04,0x00,0x00
5147535,0x3E8,false,0,8,0x04,0x00,0x00,0x00,0x90,0x01,0x9A,0x04
5147671,0x3E8,false,0,8,0x05,0x00,0x00,0x00,0x00,0x00,0x00,0x00
5147807,0x3E8,false,0,8,0x06,0x00,0x00,0x00,0x00,0x00,0x00,0x00
5147944,0x3E8,false,0,8,0x07,0x00,0x00,0x00,0x00,0x00,0x07,0x00
5148082,0x3E8,false,0,8,0x08,0x00,0x4F,0x00,0x07,0x00,0x00,0x00
5148219,0x3E8,false,0,8,0x09,0x00,0x00,0x00,0x00,0x00,0x00,0x00
5148344,0x3E8,false,0,8,0x0A,0x00,0x00,0x00,0x00,0x00,0x00,0x00
5148469,0x3E8,false,0,8,0x0B,0x00,0x00,0x00,0x00,0x00,0x00,0x00
5148613,0x3E8,false,0,8,0x0C,0x00,0x00,0x00,0x00,0x00,0x00,0x00
5150669,0x3E8,false,0,8,0x0D,0x00,0x00,0x00,0x05,0x00,0x10,0x00
5196660,0x3E8,false,0,8,0x00,0x00,0x00,0x00,0x66,0x00,0x65,0x00
5196903,0x44C,false,0,8,0x00,0x00,0x19,0x00,0x1A,0x00,0x00,0x00
5197027,0x3E8,false,0,8,0x01,0x00,0xF2,0x03,0x05,0x00,0x00,0x00
5197162,0x44C,false,0,8,0x01,0x00,0x01,0x00,0x00,0x00,0x00,0x00
5197289,0x3E8,false,0,8,0x02,0x00,0x00,0x00,0x00,0x00,0x54,0x00
5197431,0x3E8,false,0,8,0x03,0x00,0x4C,0x00,0x9F,0x04,0x00,0x00
5197567,0x3E8,false,0,8,0x04,0x00,0x00,0x00,0x90,0x01,0x9A,0x04
5197705,0x3E8,false,0,8,0x05,0x00,0x00,0x00,0x00,0x00,0x00,0x00
5197841,0x3E8,false,0,8,0x06,0x00,0x00,0x00,0x00,0x00,0x00,0x00
5197978,0x3E8,false,0,8,0x07,0x00,0x00,0x00,0x00,0x00,0x07,0x00
5198115,0x3E8,false,0,8,0x08,0x00,0x4F,0x00,0x07,0x00,0x00,0x00
5198252,0x3E8,false,0,8,0x09,0x00,0x00,0x00,0x00,0x00,0x00,0x00
5198376,0x3E8,false,0,8,0x0A,0x00,0x00,0x00,0x00,0x00,0x00,0x00
5198500,0x3E8,false,0,8,0x0B,0x00,0x00,0x00,0x00,0x00,0x00,0x00
5198629,0x3E8,false,0,8,0x0C,0x00,0x00,0x00,0x00,0x00,0x00,0x00
5198753,0x3E8,false,0,8,0x0D,0x00,0x00,0x00,0x05,0x00,0x10,0x00
5246670,0x3E8,false,0,8,0x00,0x00,0x00,0x00,0x66,0x00,0x65,0x00
5246917,0x44C,false,0,8,0x00,0x00,0x19,0x00,0x1A,0x00,0x00,0x00
5247041,0x3E8,false,0,8,0x01,0x00,0xF2,0x03,0x04,0x00,0x00,0x00
5247175,0x44C,false,0,8,0x01,0x00,0x01,0x00,0x00,0x00,0x00,0x00
5247310,0x3E8,false,0,8,0x02,0x00,0x00,0x00,0x00,0x00,0x54,0x00
5247447,0x3E8,false,0,8,0x03,0x00,0x4C,0x00,0x9F,0x04,0x00,0x00
5247580,0x3E8,false,0,8,0x04,0x00,0x00,0x00,0x90,0x01,0x9A,0x04
5247705,0x3E8,false,0,8,0x05,0x00,0x00,0x00,0x00,0x00,0x00,0x00
5247841,0x3E8,false,0,8,0x06,0x00,0x00,0x00,0x00,0x00,0x00,0x00
5247978,0x3E8,false,0,8,0x07,0x00,0x00,0x00,0x00,0x00,0x07,0x00
5248114,0x3E8,false,0,8,0x08,0x00,0x4F,0x00,0x07,0x00,0x00,0x00
5248249,0x3E8,false,0,8,0x09,0x00,0x00,0x00,0x00,0x00,0x00,0x00
5248373,0x3E8,false,0,8,0x0A,0x00,0x00,0x00,0x00,0x00,0x00,0x00
5248497,0x3E8,false,0,8,0x0B,0x00,0x00,0x00,0x00,0x00,0x00,0x00
5248626,0x3E8,false,0,8,0x0C,0x00,0x00,0x00,0x00,0x00,0x00,0x00
5248750,0x3E8,false,0,8,0x0D,0x00,0x00,0x00,0x05,0x00,0x10,0x00
5296662,0x3E8,false,0,8,0x00,0x00,0x00,0x00,0x66,0x00,0x65,0x00
5296811,0x44C,false,0,8,0x00,0x00,0x19,0x00,0x1A,0x00,0x00,0x00
5296949,0x3E8,false,0,8,0x01,0x00,0xF2,0x03,0x04,0x00,0x00,0x00
5297085,0x44C,false,0,8,0x01,0x00,0x01,0x00,0x00,0x00,0x00,0x00
5297209,0x3E8,false,0,8,0x02,0x00,0x00,0x00,0x00,0x00,0x54,0x00
5297343,0x3E8,false,0,8,0x03,0x00,0x4C,0x00,0x9F,0x04,0x00,0x00
5297467,0x3E8,false,0,8,0x04,0x00,0x00,0x00,0x90,0x01,0x9A,0x04
5297603,0x3E8,false,0,8,0x05,0x00,0x00,0x00,0x00,0x00,0x00,0x00
5297738,0x3E8,false,0,8,0x06,0x00,0x00,0x00,0x00,0x00,0x00,0x00
5297875,0x3E8,false,0,8,0x07,0x00,0x00,0x00,0x00,0x00,0x07,0x00
5298011,0x3E8,false,0,8,0x08,0x00,0x4F,0x00,0x07,0x00,0x00,0x00
5298147,0x3E8,false,0,8,0x09,0x00,0x00,0x00,0x00,0x00,0x00,0x00
5298285,0x3E8,false,0,8,0x0A,0x00,0x00,0x00,0x00,0x00,0x00,0x00
5298421,0x3E8,false,0,8,0x0B,0x00,0x00,0x00,0x00,0x00,0x00,0x00
5298545,0x3E8,false,0,8,0x0C,0x00,0x00,0x00,0x00,0x00,0x00,0x00
5310847,0x3E8,false,0,8,0x0D,0x00,0x00,0x00,0x05,0x00,0x10,0x00
5346646,0x3E8,false,0,8,0x00,0x00,0x00,0x00,0x66,0x00,0x65,0x00
5346788,0x44C,false,0,8,0x00,0x00,0x19,0x00,0x1A,0x00,0x00,0x00
5346924,0x3E8,false,0,8,0x01,0x00,0xF2,0x03,0x04,0x00,0x00,0x00
5347059,0x44C,false,0,8,0x01,0x00,0x01,0x00,0x00,0x00,0x00,0x00
5347195,0x3E8,false,0,8,0x02,0x00,0x00,0x00,0x00,0x00,0x54,0x00
5347319,0x3E8,false,0,8,0x03,0x00,0x4C,0x00,0x9F,0x04,0x00,0x00
5347442,0x3E8,false,0,8,0x04,0x00,0x00,0x00,0x90,0x01,0x9A,0x04
5347565,0x3E8,false,0,8,0x05,0x00,0x00,0x00,0x00,0x00,0x00,0x00
5350644,0x3E8,false,0,8,0x06,0x00,0x00,0x00,0x00,0x00,0x00,0x00
5350768,0x3E8,false,0,8,0x07,0x00,0x00,0x00,0x00,0x00,0x07,0x00
5350892,0x3E8,false,0,8,0x08,0x00,0x4F,0x00,0x07,0x00,0x00,0x00
5351016,0x3E8,false,0,8,0x09,0x00,0x00,0x00,0x00,0x00,0x00,0x00
5351139,0x3E8,false,0,8,0x0A,0x00,0x00,0x00,0x00,0x00,0x00,0x00
5351263,0x3E8,false,0,8,0x0B,0x00,0x00,0x00,0x00,0x00,0x00,0x00
5351387,0x3E8,false,0,8,0x0C,0x00,0x00,0x00,0x00,0x00,0x00,0x00
5351511,0x3E8,false,0,8,0x0D,0x00,0x00,0x00,0x05,0x00,0x10,0x00
5398663,0x3E8,false,0,8,0x00,0x00,0x00,0x00,0x66,0x00,0x65,0x00
5398919,0x44C,false,0,8,0x00,0x00,0x19,0x00,0x1A,0x00,0x00,0x00
5399057,0x3E8,false,0,8,0x01,0x00,0xF2,0x03,0x04,0x00,0x00,0x00
5399183,0x44C,false,0,8,0x01,0x00,0x01,0x00,0x00,0x00,0x00,0x00
5399309,0x3E8,false,0,8,0x02,0x00,0x00,0x00,0x00,0x00,0x54,0x00
5399434,0x3E8,false,0,8,0x03,0x00,0x4C,0x00,0x9F,0x04,0x00,0x00
5399558,0x3E8,false,0,8,0x04,0x00,0x00,0x00,0x90,0x01,0x9A,0x04
5399692,0x3E8,false,0,8,0x05,0x00,0x00,0x00,0x00,0x00,0x00,0x00
5399832,0x3E8,false,0,8,0x06,0x00,0x00,0x00,0x00,0x00,0x00,0x00
5399972,0x3E8,false,0,8,0x07,0x00,0x00,0x00,0x00,0x00,0x07,0x00
5400102,0x3E8,false,0,8,0x08,0x00,0x4F,0x00,0x07,0x00,0x00,0x00
5400235,0x3E8,false,0,8,0x09,0x00,0x00,0x00,0x00,0x00,0x00,0x00
5400369,0x3E8,false,0,8,0x0A,0x00,0x00,0x00,0x00,0x00,0x00,0x00
5400502,0x3E8,false,0,8,0x0B,0x00,0x00,0x00,0x00,0x00,0x00,0x00
5400642,0x3E8,false,0,8,0x0C,0x00,0x00,0x00,0x00,0x00,0x00,0x00
5400771,0x3E8,false,0,8,0x0D,0x00,0x00,0x00,0x05,0x00,0x10,0x00
5448672,0x3E8,false,0,8,0x00,0x00,0x00,0x00,0x66,0x00,0x65,0x00
5448911,0x44C,false,0,8,0x00,0x00,0x19,0x00,0x1A,0x00,0x00,0x00
5449046,0x3E8,false,0,8,0x01,0x00,0xF2,0x03,0x04,0x00,0x00,0x00
5449170,0x44C,false,0,8,0x01,0x00,0x01,0x00,0x00,0x00,0x00,0x00
5449294,0x3E8,false,0,8,0x02,0x00,0x00,0x00,0x00,0x00,0x54,0x00
5449418,0x3E8,false,0,8,0x03,0x00,0x4C,0x00,0x9F,0x04,0x00,0x00
5449541,0x3E8,false,0,8,0x04,0x00,0x00,0x00,0x90,0x01,0x9A,0x04
5449665,0x3E8,false,0,8,0x05,0x00,0x00,0x00,0x00,0x00,0x00,0x00
5449789,0x3E8,false,0,8,0x06,0x00,0x00,0x00,0x00,0x00,0x00,0x00
5449913,0x3E8,false,0,8,0x07,0x00,0x00,0x00,0x00,0x00,0x07,0x00
5450037,0x3E8,false,0,8,0x08,0x00,0x4F,0x00,0x07,0x00,0x00,0x00
5450161,0x3E8,false,0,8,0x09,0x00,0x00,0x00,0x00,0x00,0x00,0x00
5450285,0x3E8,false,0,8,0x0A,0x00,0x00,0x00,0x00,0x00,0x00,0x00
5450409,0x3E8,false,0,8,0x0B,0x00,0x00,0x00,0x00,0x00,0x00,0x00
5450533,0x3E8,false,0,8,0x0C,0x00,0x00,0x00,0x00,0x00,0x00,0x00
5450662,0x3E8,false,0,8,0x0D,0x00,0x00,0x00,0x05,0x00,0x10,0x00
5498670,0x3E8,false,0,8,0x00,0x00,0x00,0x00,0x66,0x00,0x65,0x00
5498897,0x44C,false,0,8,0x00,0x00,0x19,0x00,0x1A,0x00,0x00,0x00
5499031,0x3E8,false,0,8,0x01,0x00,0xF2,0x03,0x04,0x00,0x00,0x00
5499168,0x44C,false,0,8,0x01,0x00,0x01,0x00,0x00,0x00,0x00,0x00
5499305,0x3E8,false,0,8,0x02,0x00,0x00,0x00,0x00,0x00,0x54,0x00
5499429,0x3E8,false,0,8,0x03,0x00,0x4C,0x00,0x9F,0x04,0x00,0x00
5499552,0x3E8,false,0,8,0x04,0x00,0x00,0x00,0x90,0x01,0x9A,0x04
5499675,0x3E8,false,0,8,0x05,0x00,0x00,0x00,0x00,0x00,0x00,0x00
5499800,0x3E8,false,0,8,0x06,0x00,0x00,0x00,0x00,0x00,0x00,0x00
5499924,0x3E8,false,0,8,0x07,0x00,0x00,0x00,0x00,0x00,0x07,0x00
5500048,0x3E8,false,0,8,0x08,0x00,0x4F,0x00,0x07,0x00,0x00,0x00
5500171,0x3E8,false,0,8,0x09,0x00,0x00,0x00,0x00,0x00,0x00,0x00
5500295,0x3E8,false,0,8,0x0A,0x00,0x00,0x00,0x00,0x00,0x00,0x00
5500420,0x3E8,false,0,8,0x0B,0x00,0x00,0x00,0x00,0x00,0x00,0x00
5500543,0x3E8,false,0,8,0x0C,0x00,0x00,0x00,0x00,0x00,0x00,0x00
5514389,0x3E8,false,0,8,0x0D,0x00,0x00,0x00,0x05,0x00,0x10,0x00
5547026,0x3E8,false,0,8,0x00,0x00,0x00,0x00,0x66,0x00,0x65,0x00
5547254,0x44C,false,0,8,0x00,0x00,0x19,0x00,0x1A,0x00,0x00,0x00
5547397,0x3E8,false,0,8,0x01,0x00,0xF2,0x03,0x04,0x00,0x00,0x00
5547521,0x44C,false,0,8,0x01,0x00,0x01,0x00,0x00,0x00,0x00,0x00
5547668,0x3E8,false,0,8,0x02,0x00,0x00,0x00,0x00,0x00,0x54,0x00
5547802,0x3E8,false,0,8,0x03,0x00,0x4C,0x00,0x9F,0x04,0x00,0x00
5547937,0x3E8,false,0,8,0x04,0x00,0x00,0x00,0x90,0x01,0x9A,0x04
5548073,0x3E8,false,0,8,0x05,0x00,0x00,0x00,0x00,0x00,0x00,0x00
5548197,0x3E8,false,0,8,0x06,0x00,0x00,0x00,0x00,0x00,0x00,0x00
5550676,0x3E8,false,0,8,0x07,0x00,0x00,0x00,0x00,0x00,0x07,0x00
5550890,0x3E8,false,0,8,0x08,0x00,0x4F,0x00,0x07,0x00,0x00,0x00
5551048,0x3E8,false,0,8,0x09,0x00,0x00,0x00,0x00,0x00,0x00,0x00
5551183,0x3E8,false,0,8,0x0A,0x00,0x00,0x00,0x00,0x00,0x00,0x00
5551310,0x3E8,false,0,8,0x0B,0x00,0x00,0x00,0x00,0x00,0x00,0x00
5551436,0x3E8,false,0,8,0x0C,0x00,0x00,0x00,0x00,0x00,0x00,0x00
5551561,0x3E8,false,0,8,0x0D,0x00,0x00,0x00,0x05,0x00,0x10,0x00
5598660,0x3E8,false,0,8,0x00,0x00,0x00,0x00,0x66,0x00,0x65,0x00
5598894,0x44C,false,0,8,0x00,0x00,0x19,0x00,0x1A,0x00,0x00,0x00
5599029,0x3E8,false,0,8,0x01,0x00,0xF2,0x03,0x04,0x00,0x00,0x00
5599166,0x44C,false,0,8,0x01,0x00,0x01,0x00,0x00,0x00,0x00,0x00
5599302,0x3E8,false,0,8,0x02,0x00,0x00,0x00,0x00,0x00,0x54,0x00
5599439,0x3E8,false,0,8,0x03,0x00,0x4C,0x00,0x9F,0x04,0x00,0x00
5599578,0x3E8,false,0,8,0x04,0x00,0x00,0x00,0x90,0x01,0x9A,0x04
5599729,0x3E8,false,0,8,0x05,0x00,0x00,0x00,0x00,0x00,0x00,0x00
5599880,0x3E8,false,0,8,0x06,0x00,0x00,0x00,0x00,0x00,0x00,0x00
5600013,0x3E8,false,0,8,0x07,0x00,0x00,0x00,0x00,0x00,0x07,0x00
5600143,0x3E8,false,0,8,0x08,0x00,0x4F,0x00,0x07,0x00,0x00,0x00
5600272,0x3E8,false,0,8,0x09,0x00,0x00,0x00,0x00,0x00,0x00,0x00
5600405,0x3E8,false,0,8,0x0A,0x00,0x00,0x00,0x00,0x00,0x00,0x00
5600546,0x3E8,false,0,8,0x0B,0x00,0x00,0x00,0x00,0x00,0x00,0x00
5600681,0x3E8,false,0,8,0x0C,0x00,0x00,0x00,0x00,0x00,0x00,0x00
5600813,0x3E8,false,0,8,0x0D,0x00,0x00,0x00,0x05,0x00,0x10,0x00
5648660,0x3E8,false,0,8,0x00,0x00,0x00,0x00,0x66,0x00,0x65,0x00
5648898,0x44C,false,0,8,0x00,0x00,0x19,0x00,0x1A,0x00,0x00,0x00
5649034,0x3E8,false,0,8,0x01,0x00,0xF2,0x03,0x04,0x00,0x00,0x00
5649170,0x44C,false,0,8,0x01,0x00,0x01,0x00,0x00,0x00,0x00,0x00
5649305,0x3E8,false,0,8,0x02,0x00,0x00,0x00,0x00,0x00,0x54,0x00
5649441,0x3E8,false,0,8,0x03,0x00,0x4C,0x00,0x9F,0x04,0x00,0x00
5649578,0x3E8,false,0,8,0x04,0x00,0x00,0x00,0x90,0x01,0x9A,0x04
5649715,0x3E8,false,0,8,0x05,0x00,0x00,0x00,0x00,0x00,0x00,0x00
5649851,0x3E8,false,0,8,0x06,0x00,0x00,0x00,0x00,0x00,0x00,0x00
5649975,0x3E8,false,0,8,0x07,0x00,0x00,0x00,0x00,0x00,0x07,0x00
5650099,0x3E8,false,0,8,0x08,0x00,0x4F,0x00,0x07,0x00,0x00,0x00
5650223,0x3E8,false,0,8,0x09,0x00,0x00,0x00,0x00,0x00,0x00,0x00
5650348,0x3E8,false,0,8,0x0A,0x00,0x00,0x00,0x00,0x00,0x00,0x00
5650472,0x3E8,false,0,8,0x0B,0x00,0x00,0x00,0x00,0x00,0x00,0x00
5650601,0x3E8,false,0,8,0x0C,0x00,0x00,0x00,0x00,0x00,0x00,0x00
5650725,0x3E8,false,0,8,0x0D,0x00,0x00,0x00,0x05,0x00,0x10,0x00
5698668,0x3E8,false,0,8,0x00,0x00,0x00,0x00,0x66,0x00,0x65,0x00
5698878,0x44C,false,0,8,0x00,0x00,0x19,0x00,0x1A,0x00,0x00,0x00
5699014,0x3E8,false,0,8,0x01,0x00,0xF2,0x03,0x04,0x00,0x00,0x00
5699138,0x44C,false,0,8,0x01,0x00,0x01,0x00,0x00,0x00,0x00,0x00
5699277,0x3E8,false,0,8,0x02,0x00,0x00,0x00,0x00,0x00,0x54,0x00
5699413,0x3E8,false,0,8,0x03,0x00,0x4C,0x00,0x9F,0x04,0x00,0x00
5699547,0x3E8,false,0,8,0x04,0x00,0x00,0x00,0x90,0x01,0x9A,0x04
5699684,0x3E8,false,0,8,0x05,0x00,0x00,0x00,0x00,0x00,0x00,0x00
5699819,0x3E8,false,0,8,0x06,0x00,0x00,0x00,0x00,0x00,0x00,0x00
5699957,0x3E8,false,0,8,0x07,0x00,0x00,0x00,0x00,0x00,0x07,0x00
5700093,0x3E8,false,0,8,0x08,0x00,0x4F,0x00,0x07,0x00,0x00,0x00
5700216,0x3E8,false,0,8,0x09,0x00,0x00,0x00,0x00,0x00,0x00,0x00
5700340,0x3E8,false,0,8,0x0A,0x00,0x00,0x00,0x00,0x00,0x00,0x00
5700464,0x3E8,false,0,8,0x0B,0x00,0x00,0x00,0x00,0x00,0x00,0x00
5700589,0x3E8,false,0,8,0x0C,0x00,0x00,0x00,0x00,0x00,0x00,0x00
5712883,0x3E8,false,0,8,0x0D,0x00,0x00,0x00,0x05,0x00,0x10,0x00
5748670,0x3E8,false,0,8,0x00,0x00,0x00,0x00,0x66,0x00,0x65,0x00
5748911,0x44C,false,0,8,0x00,0x00,0x19,0x00,0x1A,0x00,0x00,0x00
5749036,0x3E8,false,0,8,0x01,0x00,0xF2,0x03,0x04,0x00,0x00,0x00
5749161,0x44C,false,0,8,0x01,0x00,0x01,0x00,0x00,0x00,0x00,0x00
5749285,0x3E8,false,0,8,0x02,0x00,0x00,0x00,0x00,0x00,0x54,0x00
5749410,0x3E8,false,0,8,0x03,0x00,0x4C,0x00,0x9F,0x04,0x00,0x00
5749535,0x3E8,false,0,8,0x04,0x00,0x00,0x00,0x90,0x01,0x9A,0x04
5749660,0x3E8,false,0,8,0x05,0x00,0x00,0x00,0x00,0x00,0x00,0x00
5749798,0x3E8,false,0,8,0x06,0x00,0x00,0x00,0x00,0x00,0x00,0x00
5749936,0x3E8,false,0,8,0x07,0x00,0x00,0x00,0x00,0x00,0x07,0x00
5750073,0x3E8,false,0,8,0x08,0x00,0x4F,0x00,0x07,0x00,0x00,0x00
5750214,0x3E8,false,0,8,0x09,0x00,0x00,0x00,0x00,0x00,0x00,0x00
5750350,0x3E8,false,0,8,0x0A,0x00,0x00,0x00,0x00,0x00,0x00,0x00
5750487,0x3E8,false,0,8,0x0B,0x00,0x00,0x00,0x00,0x00,0x00,0x00
5750626,0x3E8,false,0,8,0x0C,0x00,0x00,0x00,0x00,0x00,0x00,0x00
5752651,0x3E8,false,0,8,0x0D,0x00,0x00,0x00,0x05,0x00,0x10,0x00
5798659,0x3E8,false,0,8,0x00,0x00,0x00,0x00,0x66,0x00,0x65,0x00
5798907,0x44C,false,0,8,0x00,0x00,0x19,0x00,0x1A,0x00,0x00,0x00
5799042,0x3E8,false,0,8,0x01,0x00,0xF2,0x03,0x04,0x00,0x00,0x00
5799178,0x44C,false,0,8,0x01,0x00,0x01,0x00,0x00,0x00,0x00,0x00
5799313,0x3E8,false,0,8,0x02,0x00,0x00,0x00,0x00,0x00,0x54,0x00
5799437,0x3E8,false,0,8,0x03,0x00,0x4C,0x00,0x9F,0x04,0x00,0x00
5799573,0x3E8,false,0,8,0x04,0x00,0x00,0x00,0x90,0x01,0x9A,0x04
5799697,0x3E8,false,0,8,0x05,0x00,0x00,0x00,0x00,0x00,0x00,0x00
5799834,0x3E8,false,0,8,0x06,0x00,0x00,0x00,0x00,0x00,0x00,0x00
5799969,0x3E8,false,0,8,0x07,0x00,0x00,0x00,0x00,0x00,0x07,0x00
5800104,0x3E8,false,0,8,0x08,0x00,0x4F,0x00,0x07,0x00,0x00,0x00
5800240,0x3E8,false,0,8,0x09,0x00,0x00,0x00,0x00,0x00,0x00,0x00
5800376,0x3E8,false,0,8,0x0A,0x00,0x00,0x00,0x00,0x00,0x00,0x00
5800513,0x3E8,false,0,8,0x0B,0x00,0x00,0x00,0x00,0x00,0x00,0x00
5800654,0x3E8,false,0,8,0x0C,0x00,0x00,0x00,0x00,0x00,0x00,0x00
5800778,0x3E8,false,0,8,0x0D,0x00,0x00,0x00,0x05,0x00,0x10,0x00
5848684,0x44C,false,0,8,0x00,0x00,0x19,0x00,0x1A,0x00,0x00,0x00
5848970,0x3E8,false,0,8,0x00,0x00,0x00,0x00,0x66,0x00,0x65,0x00
5849111,0x44C,false,0,8,0x01,0x00,0x01,0x00,0x00,0x00,0x00,0x00
5849250,0x3E8,false,0,8,0x01,0x00,0xF2,0x03,0x04,0x00,0x00,0x00
5849399,0x3E8,false,0,8,0x02,0x00,0x00,0x00,0x00,0x00,0x54,0x00
5849538,0x3E8,false,0,8,0x03,0x00,0x4C,0x00,0x9F,0x04,0x00,0x00
5849684,0x3E8,false,0,8,0x04,0x00,0x00,0x00,0x90,0x01,0x9A,0x04
5849837,0x3E8,false,0,8,0x05,0x00,0x00,0x00,0x00,0x00,0x00,0x00
5849983,0x3E8,false,0,8,0x06,0x00,0x00,0x00,0x00,0x00,0x00,0x00
5850132,0x3E8,false,0,8,0x07,0x00,0x00,0x00,0x00,0x00,0x07,0x00
5850281,0x3E8,false,0,8,0x08,0x00,0x4F,0x00,0x07,0x00,0x00,0x00
5850434,0x3E8,false,0,8,0x09,0x00,0x00,0x00,0x00,0x00,0x00,0x00
5850587,0x3E8,false,0,8,0x0A,0x00,0x00,0x00,0x00,0x00,0x00,0x00
5850738,0x3E8,false,0,8,0x0B,0x00,0x00,0x00,0x00,0x00,0x00,0x00
5850866,0x3E8,false,0,8,0x0C,0x00,0x00,0x00,0x00,0x00,0x00,0x00
5851001,0x3E8,false,0,8,0x0D,0x00,0x00,0x00,0x05,0x00,0x10,0x00
5898670,0x3E8,false,0,8,0x00,0x00,0x00,0x00,0x66,0x00,0x65,0x00
5898922,0x44C,false,0,8,0x00,0x00,0x19,0x00,0x1A,0x00,0x00,0x00
5899045,0x3E8,false,0,8,0x01,0x00,0xF2,0x03,0x04,0x00,0x00,0x00
5899192,0x44C,false,0,8,0x01,0x00,0x01,0x00,0x00,0x00,0x00,0x00
5899328,0x3E8,false,0,8,0x02,0x00,0x00,0x00,0x00,0x00,0x54,0x00
5899462,0x3E8,false,0,8,0x03,0x00,0x4C,0x00,0x9F,0x04,0x00,0x00
5899586,0x3E8,false,0,8,0x04,0x00,0x00,0x00,0x90,0x01,0x9A,0x04
5899721,0x3E8,false,0,8,0x05,0x00,0x00,0x00,0x00,0x00,0x00,0x00
5899847,0x3E8,false,0,8,0x06,0x00,0x00,0x00,0x00,0x00,0x00,0x00
5900127,0x3E8,false,0,8,0x07,0x00,0x00,0x00,0x00,0x00,0x07,0x00
5900273,0x3E8,false,0,8,0x08,0x00,0x4F,0x00,0x07,0x00,0x00,0x00
5900409,0x3E8,false,0,8,0x09,0x00,0x00,0x00,0x00,0x00,0x00,0x00
5900544,0x3E8,false,0,8,0x0A,0x00,0x00,0x00,0x00,0x00,0x00,0x00
5900682,0x3E8,false,0,8,0x0B,0x00,0x00,0x00,0x00,0x00,0x00,0x00
5900817,0x3E8,false,0,8,0x0C,0x00,0x00,0x00,0x00,0x00,0x00,0x00
5912912,0x3E8,false,0,8,0x0D,0x00,0x00,0x00,0x05,0x00,0x10,0x00
5948673,0x3E8,false,0,8,0x00,0x00,0x00,0x00,0x66,0x00,0x65,0x00
5948895,0x44C,false,0,8,0x00,0x00,0x19,0x00,0x1A,0x00,0x00,0x00
5949030,0x3E8,false,0,8,0x01,0x00,0xF2,0x03,0x04,0x00,0x00,0x00
5949164,0x44C,false,0,8,0x01,0x00,0x01,0x00,0x00,0x00,0x00,0x00
5949298,0x3E8,false,0,8,0x02,0x00,0x00,0x00,0x00,0x00,0x54,0x00
5949445,0x3E8,false,0,8,0x03,0x00,0x4C,0x00,0x9F,0x04,0x00,0x00
5949568,0x3E8,false,0,8,0x04,0x00,0x00,0x00,0x90,0x01,0x9A,0x04
5949707,0x3E8,false,0,8,0x06,0x00,0x00,0x00,0x00,0x00,0x00,0x00
5952645,0x3E8,false,0,8,0x05,0x00,0x00,0x00,0x00,0x00,0x00,0x00
5952769,0x3E8,false,0,8,0x06,0x00,0x00,0x00,0x00,0x00,0x00,0x00
5952893,0x3E8,false,0,8,0x07,0x00,0x00,0x00,0x00,0x00,0x07,0x00
5953017,0x3E8,false,0,8,0x08,0x00,0x4F,0x00,0x07,0x00,0x00,0x00
5953140,0x3E8,false,0,8,0x09,0x00,0x00,0x00,0x00,0x00,0x00,0x00
5953264,0x3E8,false,0,8,0x0A,0x00,0x00,0x00,0x00,0x00,0x00,0x00
5953388,0x3E8,false,0,8,0x0B,0x00,0x00,0x00,0x00,0x00,0x00,0x00
5953512,0x3E8,false,0,8,0x0C,0x00,0x00,0x00,0x00,0x00,0x00,0x00
5953636,0x3E8,false,0,8,0x0D,0x00,0x00,0x00,0x05,0x00,0x10,0x00
6000664,0x3E8,false,0,8,0x00,0x00,0x00,0x00,0x66,0x00,0x65,0x00
6000909,0x44C,false,0,8,0x00,0x00,0x19,0x00,0x1A,0x00,0x00,0x00
6001045,0x3E8,false,0,8,0x01,0x00,0xF2,0x03,0x04,0x00,0x00,0x00
6001183,0x44C,false,0,8,0x01,0x00,0x01,0x00,0x00,0x00,0x00,0x00
6001320,0x3E8,false,0,8,0x02,0x00,0x00,0x00,0x00,0x00,0x54,0x00
6001458,0x3E8,false,0,8,0x03,0x00,0x4C,0x00,0x9F,0x04,0x00,0x00
6001582,0x3E8,false,0,8,0x04,0x00,0x00,0x00,0x90,0x01,0x9A,0x04
6001707,0x3E8,false,0,8,0x05,0x00,0x00,0x00,0x00,0x00,0x00,0x00
6001832,0x3E8,false,0,8,0x06,0x00,0x00,0x00,0x00,0x00,0x00,0x00
6001957,0x3E8,false,0,8,0x07,0x00,0x00,0x00,0x00,0x00,0x07,0x00
6002082,0x3E8,false,0,8,0x08,0x00,0x4F,0x00,0x07,0x00,0x00,0x00
6002207,0x3E8,false,0,8,0x09,0x00,0x00,0x00,0x00,0x00,0x00,0x00
6002332,0x3E8,false,0,8,0x0A,0x00,0x00,0x00,0x00,0x00,0x00,0x00
6002457,0x3E8,false,0,8,0x0B,0x00,0x00,0x00,0x00,0x00,0x00,0x00
6002582,0x3E8,false,0,8,0x0C,0x00,0x00,0x00,0x00,0x00,0x00,0x00
6002712,0x3E8,false,0,8,0x0D,0x00,0x00,0x00,0x05,0x00,0x10,0x00
6050662,0x3E8,false,0,8,0x00,0x00,0x00,0x00,0x66,0x00,0x65,0x00
6050910,0x44C,false,0,8,0x00,0x00,0x19,0x00,0x1A,0x00,0x00,0x00
6051048,0x3E8,false,0,8,0x01,0x00,0xF2,0x03,0x04,0x00,0x00,0x00
6051183,0x44C,false,0,8,0x01,0x00,0x01,0x00,0x00,0x00,0x00,0x00
6051318,0x3E8,false,0,8,0x02,0x00,0x00,0x00,0x00,0x00,0x54,0x00
6051454,0x3E8,false,0,8,0x03,0x00,0x4C,0x00,0x9F,0x04,0x00,0x00
6051578,0x3E8,false,0,8,0x04,0x00,0x00,0x00,0x90,0x01,0x9A,0x04
6051705,0x3E8,false,0,8,0x05,0x00,0x00,0x00,0x00,0x00,0x00,0x00
6051829,0x3E8,false,0,8,0x06,0x00,0x00,0x00,0x00,0x00,0x00,0x00
6051953,0x3E8,false,0,8,0x07,0x00,0x00,0x00,0x00,0x00,0x07,0x00
6052077,0x3E8,false,0,8,0x08,0x00,0x4F,0x00,0x07,0x00,0x00,0x00
6052201,0x3E8,false,0,8,0x09,0x00,0x00,0x00,0x00,0x00,0x00,0x00
6052325,0x3E8,false,0,8,0x0A,0x00,0x00,0x00,0x00,0x00,0x00,0x00
6052449,0x3E8,false,0,8,0x0B,0x00,0x00,0x00,0x00,0x00,0x00,0x00
6052573,0x3E8,false,0,8,0x0C,0x00,0x00,0x00,0x00,0x00,0x00,0x00
6052701,0x3E8,false,0,8,0x0D,0x00,0x00,0x00,0x05,0x00,0x10,0x00
6100648,0x3E8,false,0,8,0x00,0x00,0x00,0x00,0x66,0x00,0x65,0x00
6100797,0x44C,false,0,8,0x00,0x00,0x19,0x00,0x1A,0x00,0x00,0x00
6100933,0x3E8,false,0,8,0x01,0x00,0xF2,0x03,0x02,0x00,0x00,0x00
6101069,0x44C,false,0,8,0x01,0x00,0x01,0x00,0x00,0x00,0x00,0x00
6101206,0x3E8,false,0,8,0x02,0x00,0x00,0x00,0x00,0x00,0x54,0x00
6101342,0x3E8,false,0,8,0x03,0x00,0x4C,0x00,0x9F,0x04,0x00,0x00
6101476,0x3E8,false,0,8,0x04,0x00,0x00,0x00,0x90,0x01,0x9A,0x04
6101615,0x3E8,false,0,8,0x05,0x00,0x00,0x00,0x00,0x00,0x00,0x00
6101753,0x3E8,false,0,8,0x06,0x00,0x00,0x00,0x00,0x00,0x00,0x00
6101876,0x3E8,false,0,8,0x07,0x00,0x00,0x00,0x00,0x00,0x07,0x00
6102001,0x3E8,false,0,8,0x08,0x00,0x4F,0x00,0x07,0x00,0x00,0x00
6102143,0x3E8,false,0,8,0x09,0x00,0x00,0x00,0x00,0x00,0x00,0x00
6102293,0x3E8,false,0,8,0x0A,0x00,0x00,0x00,0x00,0x00,0x00,0x00
6102443,0x3E8,false,0,8,0x0B,0x00,0x00,0x00,0x00,0x00,0x00,0x00
6116429,0x3E8,false,0,8,0x0C,0x00,0x00,0x00,0x00,0x00,0x00,0x00
6116567,0x3E8,false,0,8,0x0D,0x00,0x00,0x00,0x05,0x00,0x10,0x00
6150652,0x3E8,false,0,8,0x00,0x00,0x00,0x00,0x66,0x00,0x65,0x00
6150878,0x44C,false,0,8,0x00,0x00,0x19,0x00,0x1A,0x00,0x00,0x00
6151009,0x3E8,false,0,8,0x01,0x00,0xF2,0x03,0x04,0x00,0x00,0x00
6151144,0x44C,false,0,8,0x01,0x00,0x01,0x00,0x00,0x00,0x00,0x00
6151280,0x3E8,false,0,8,0x02,0x00,0x00,0x00,0x00,0x00,0x54,0x00
6151434,0x3E8,false,0,8,0x03,0x00,0x4C,0x00,0x9F,0x04,0x00,0x00
6151576,0x3E8,false,0,8,0x04,0x00,0x00,0x00,0x90,0x01,0x9A,0x04
6151717,0x3E8,false,0,8,0x05,0x00,0x00,0x00,0x00,0x00,0x00,0x00
6151859,0x3E8,false,0,8,0x06,0x00,0x00,0x00,0x00,0x00,0x00,0x00
6152003,0x3E8,false,0,8,0x07,0x00,0x00,0x00,0x00,0x00,0x07,0x00
6152146,0x3E8,false,0,8,0x08,0x00,0x4F,0x00,0x07,0x00,0x00,0x00
6152287,0x3E8,false,0,8,0x09,0x00,0x00,0x00,0x00,0x00,0x00,0x00
6152428,0x3E8,false,0,8,0x0A,0x00,0x00,0x00,0x00,0x00,0x00,0x00
6152560,0x3E8,false,0,8,0x0B,0x00,0x00,0x00,0x00,0x00,0x00,0x00
6152696,0x3E8,false,0,8,0x0C,0x00,0x00,0x00,0x00,0x00,0x00,0x00
6152829,0x3E8,false,0,8,0x0D,0x00,0x00,0x00,0x05,0x00,0x10,0x00
6200666,0x3E8,false,0,8,0x00,0x00,0x00,0x00,0x66,0x00,0x65,0x00
6200876,0x44C,false,0,8,0x00,0x00,0x19,0x00,0x1A,0x00,0x00,0x00
6201014,0x3E8,false,0,8,0x01,0x00,0xF2,0x03,0x04,0x00,0x00,0x00
6201158,0x44C,false,0,8,0x01,0x00,0x01,0x00,0x00,0x00,0x00,0x00
6201290,0x3E8,false,0,8,0x02,0x00,0x00,0x00,0x00,0x00,0x54,0x00
6201431,0x3E8,false,0,8,0x03,0x00,0x4C,0x00,0x9F,0x04,0x00,0x00
6201574,0x3E8,false,0,8,0x04,0x00,0x00,0x00,0x90,0x01,0x9A,0x04
6201716,0x3E8,false,0,8,0x05,0x00,0x00,0x00,0x00,0x00,0x00,0x00
6201860,0x3E8,false,0,8,0x06,0x00,0x00,0x00,0x00,0x00,0x00,0x00
6202003,0x3E8,false,0,8,0x07,0x00,0x00,0x00,0x00,0x00,0x07,0x00
6202144,0x3E8,false,0,8,0x08,0x00,0x4F,0x00,0x07,0x00,0x00,0x00
6202285,0x3E8,false,0,8,0x09,0x00,0x00,0x00,0x00,0x00,0x00,0x00
6202414,0x3E8,false,0,8,0x0A,0x00,0x00,0x00,0x00,0x00,0x00,0x00
6202545,0x3E8,false,0,8,0x0B,0x00,0x00,0x00,0x00,0x00,0x00,0x00
6202681,0x3E8,false,0,8,0x0C,0x00,0x00,0x00,0x00,0x00,0x00,0x00
6202812,0x3E8,false,0,8,0x0D,0x00,0x00,0x00,0x05,0x00,0x10,0x00
6250671,0x44C,false,0,8,0x00,0x00,0x19,0x00,0x1A,0x00,0x00,0x00
6250934,0x3E8,false,0,8,0x00,0x00,0x00,0x00,0x66,0x00,0x65,0x00
6251076,0x44C,false,0,8,0x01,0x00,0x01,0x00,0x00,0x00,0x00,0x00
6251203,0x3E8,false,0,8,0x01,0x00,0xF2,0x03,0x02,0x00,0x00,0x00
6251337,0x3E8,false,0,8,0x02,0x00,0x00,0x00,0x00,0x00,0x54,0x00
6251474,0x3E8,false,0,8,0x03,0x00,0x4C,0x00,0x9F,0x04,0x00,0x00
6251611,0x3E8,false,0,8,0x04,0x00,0x00,0x00,0x90,0x01,0x9A,0x04
6251747,0x3E8,false,0,8,0x05,0x00,0x00,0x00,0x00,0x00,0x00,0x00
6251884,0x3E8,false,0,8,0x06,0x00,0x00,0x00,0x00,0x00,0x00,0x00
6252019,0x3E8,false,0,8,0x07,0x00,0x00,0x00,0x00,0x00,0x07,0x00
6252154,0x3E8,false,0,8,0x08,0x00,0x4F,0x00,0x07,0x00,0x00,0x00
6252292,0x3E8,false,0,8,0x09,0x00,0x00,0x00,0x00,0x00,0x00,0x00
6252418,0x3E8,false,0,8,0x0A,0x00,0x00,0x00,0x00,0x00,0x00,0x00
6252543,0x3E8,false,0,8,0x0B,0x00,0x00,0x00,0x00,0x00,0x00,0x00
6252673,0x3E8,false,0,8,0x0C,0x00,0x00,0x00,0x00,0x00,0x00,0x00
6252799,0x3E8,false,0,8,0x0D,0x00,0x00,0x00,0x05,0x00,0x10,0x00
6300673,0x3E8,false,0,8,0x00,0x00,0x00,0x00,0x66,0x00,0x65,0x00
6313239,0x44C,false,0,8,0x00,0x00,0x19,0x00,0x1A,0x00,0x00,0x00
6313491,0x3E8,false,0,8,0x01,0x00,0xF2,0x03,0x04,0x00,0x00,0x00
6313624,0x44C,false,0,8,0x01,0x00,0x01,0x00,0x00,0x00,0x00,0x00
6313759,0x3E8,false,0,8,0x02,0x00,0x00,0x00,0x00,0x00,0x54,0x00
6313897,0x3E8,false,0,8,0x03,0x00,0x4C,0x00,0x9F,0x04,0x00,0x00
6314034,0x3E8,false,0,8,0x04,0x00,0x00,0x00,0x90,0x01,0x9A,0x04
6314178,0x3E8,false,0,8,0x05,0x00,0x00,0x00,0x00,0x00,0x00,0x00
6314322,0x3E8,false,0,8,0x06,0x00,0x00,0x00,0x00,0x00,0x00,0x00
6314454,0x3E8,false,0,8,0x07,0x00,0x00,0x00,0x00,0x00,0x07,0x00
6314590,0x3E8,false,0,8,0x08,0x00,0x4F,0x00,0x07,0x00,0x00,0x00
6314737,0x3E8,false,0,8,0x09,0x00,0x00,0x00,0x00,0x00,0x00,0x00
6314877,0x3E8,false,0,8,0x0A,0x00,0x00,0x00,0x00,0x00,0x00,0x00
6315013,0x3E8,false,0,8,0x0B,0x00,0x00,0x00,0x00,0x00,0x00,0x00
6315145,0x3E8,false,0,8,0x0C,0x00,0x00,0x00,0x00,0x00,0x00,0x00
6315283,0x3E8,false,0,8,0x0D,0x00,0x00,0x00,0x05,0x00,0x10,0x00
6350657,0x3E8,false,0,8,0x00,0x00,0x00,0x00,0x66,0x00,0x65,0x00
6350876,0x44C,false,0,8,0x00,0x00,0x19,0x00,0x1A,0x00,0x00,0x00
6351012,0x3E8,false,0,8,0x01,0x00,0xF2,0x03,0x04,0x00,0x00,0x00
6351148,0x44C,false,0,8,0x01,0x00,0x01,0x00,0x00,0x00,0x00,0x00
6351284,0x3E8,false,0,8,0x02,0x00,0x00,0x00,0x00,0x00,0x54,0x00
6351421,0x3E8,false,0,8,0x03,0x00,0x4C,0x00,0x9F,0x04,0x00,0x00
6351544,0x3E8,false,0,8,0x04,0x00,0x00,0x00,0x90,0x01,0x9A,0x04
6351670,0x3E8,false,0,8,0x05,0x00,0x00,0x00,0x00,0x00,0x00,0x00
6351794,0x3E8,false,0,8,0x06,0x00,0x00,0x00,0x00,0x00,0x00,0x00
6354644,0x3E8,false,0,8,0x07,0x00,0x00,0x00,0x00,0x00,0x07,0x00
6354768,0x3E8,false,0,8,0x08,0x00,0x4F,0x00,0x07,0x00,0x00,0x00
6354892,0x3E8,false,0,8,0x09,0x00,0x00,0x00,0x00,0x00,0x00,0x00
6355016,0x3E8,false,0,8,0x0A,0x00,0x00,0x00,0x00,0x00,0x00,0x00
6355139,0x3E8,false,0,8,0x0B,0x00,0x00,0x00,0x00,0x00,0x00,0x00
6355263,0x3E8,false,0,8,0x0C,0x00,0x00,0x00,0x00,0x00,0x00,0x00
6355387,0x3E8,false,0,8,0x0D,0x00,0x00,0x00,0x05,0x00,0x10,0x00
6402659,0x3E8,false,0,8,0x00,0x00,0x00,0x00,0x66,0x00,0x65,0x00
6402905,0x44C,false,0,8,0x00,0x00,0x19,0x00,0x1A,0x00,0x00,0x00
6403040,0x3E8,false,0,8,0x01,0x00,0xF2,0x03,0x04,0x00,0x00,0x00
6403179,0x44C,false,0,8,0x01,0x00,0x01,0x00,0x00,0x00,0x00,0x00
6403305,0x3E8,false,0,8,0x02,0x00,0x00,0x00,0x00,0x00,0x54,0x00
6403430,0x3E8,false,0,8,0x03,0x00,0x4C,0x00,0x9F,0x04,0x00,0x00
6403554,0x3E8,false,0,8,0x04,0x00,0x00,0x00,0x90,0x01,0x9A,0x04
6403679,0x3E8,false,0,8,0x05,0x00,0x00,0x00,0x00,0x00,0x00,0x00
6403812,0x3E8,false,0,8,0x06,0x00,0x00,0x00,0x00,0x00,0x00,0x00
6403950,0x3E8,false,0,8,0x07,0x00,0x00,0x00,0x00,0x00,0x07,0x00
6404084,0x3E8,false,0,8,0x08,0x00,0x4F,0x00,0x07,0x00,0x00,0x00
6404222,0x3E8,false,0,8,0x09,0x00,0x00,0x00,0x00,0x00,0x00,0x00
6404363,0x3E8,false,0,8,0x0A,0x00,0x00,0x00,0x00,0x00,0x00,0x00
6404505,0x3E8,false,0,8,0x0B,0x00,0x00,0x00,0x00,0x00,0x00,0x00
6404644,0x3E8,false,0,8,0x0C,0x00,0x00,0x00,0x00,0x00,0x00,0x00
6404775,0x3E8,false,0,8,0x0D,0x00,0x00,0x00,0x05,0x00,0x10,0x00
6452660,0x44C,false,0,8,0x00,0x00,0x19,0x00,0x1A,0x00,0x00,0x00
6452909,0x3E8,false,0,8,0x00,0x00,0x00,0x00,0x66,0x00,0x65,0x00
6453047,0x44C,false,0,8,0x01,0x00,0x01,0x00,0x00,0x00,0x00,0x00
6453184,0x3E8,false,0,8,0x01,0x00,0xF2,0x03,0x04,0x00,0x00,0x00
6453308,0x3E8,false,0,8,0x02,0x00,0x00,0x00,0x00,0x00,0x54,0x00
6453431,0x3E8,false,0,8,0x03,0x00,0x4C,0x00,0x9F,0x04,0x00,0x00
6453555,0x3E8,false,0,8,0x04,0x00,0x00,0x00,0x90,0x01,0x9A,0x04
6453681,0x3E8,false,0,8,0x05,0x00,0x00,0x00,0x00,0x00,0x00,0x00
6453805,0x3E8,false,0,8,0x06,0x00,0x00,0x00,0x00,0x00,0x00,0x00
6453929,0x3E8,false,0,8,0x07,0x00,0x00,0x00,0x00,0x00,0x07,0x00
6454053,0x3E8,false,0,8,0x08,0x00,0x4F,0x00,0x07,0x00,0x00,0x00
6454177,0x3E8,false,0,8,0x09,0x00,0x00,0x00,0x00,0x00,0x00,0x00
6454301,0x3E8,false,0,8,0x0A,0x00,0x00,0x00,0x00,0x00,0x00,0x00
6454425,0x3E8,false,0,8,0x0B,0x00,0x00,0x00,0x00,0x00,0x00,0x00
6454549,0x3E8,false,0,8,0x0C,0x00,0x00,0x00,0x00,0x00,0x00,0x00
6454678,0x3E8,false,0,8,0x0D,0x00,0x00,0x00,0x05,0x00,0x10,0x00
6502669,0x3E8,false,0,8,0x00,0x00,0x00,0x00,0x66,0x00,0x65,0x00
6502891,0x44C,false,0,8,0x00,0x00,0x19,0x00,0x1A,0x00,0x00,0x00
6519751,0x3E8,false,0,8,0x01,0x00,0xF2,0x03,0x04,0x00,0x00,0x00
6519875,0x44C,false,0,8,0x01,0x00,0x01,0x00,0x00,0x00,0x00,0x00
6519999,0x3E8,false,0,8,0x02,0x00,0x00,0x00,0x00,0x00,0x54,0x00
6520123,0x3E8,false,0,8,0x03,0x00,0x4C,0x00,0x9F,0x04,0x00,0x00
6520246,0x3E8,false,0,8,0x04,0x00,0x00,0x00,0x90,0x01,0x9A,0x04
6520369,0x3E8,false,0,8,0x05,0x00,0x00,0x00,0x00,0x00,0x00,0x00
6520493,0x3E8,false,0,8,0x06,0x00,0x00,0x00,0x00,0x00,0x00,0x00
6520621,0x3E8,false,0,8,0x07,0x00,0x00,0x00,0x00,0x00,0x07,0x00
6520745,0x3E8,false,0,8,0x08,0x00,0x4F,0x00,0x07,0x00,0x00,0x00
6520869,0x3E8,false,0,8,0x09,0x00,0x00,0x00,0x00,0x00,0x00,0x00
6520992,0x3E8,false,0,8,0x0A,0x00,0x00,0x00,0x00,0x00,0x00,0x00
6521116,0x3E8,false,0,8,0x0B,0x00,0x00,0x00,0x00,0x00,0x00,0x00
6521240,0x3E8,false,0,8,0x0C,0x00,0x00,0x00,0x00,0x00,0x00,0x00
6521364,0x3E8,false,0,8,0x0D,0x00,0x00,0x00,0x05,0x00,0x10,0x00
6552662,0x3E8,false,0,8,0x00,0x00,0x00,0x00,0x66,0x00,0x65,0x00
6552894,0x44C,false,0,8,0x00,0x00,0x19,0x00,0x1A,0x00,0x00,0x00
6553019,0x3E8,false,0,8,0x01,0x00,0xF2,0x03,0x02,0x00,0x00,0x00
6553154,0x44C,false,0,8,0x01,0x00,0x01,0x00,0x00,0x00,0x00,0x00
6553290,0x3E8,false,0,8,0x02,0x00,0x00,0x00,0x00,0x00,0x54,0x00
6553426,0x3E8,false,0,8,0x03,0x00,0x4C,0x00,0x9F,0x04,0x00,0x00
6553563,0x3E8,false,0,8,0x04,0x00,0x00,0x00,0x90,0x01,0x9A,0x04
6553700,0x3E8,false,0,8,0x05,0x00,0x00,0x00,0x00,0x00,0x00,0x00
6553836,0x3E8,false,0,8,0x06,0x00,0x00,0x00,0x00,0x00,0x00,0x00
6553977,0x3E8,false,0,8,0x07,0x00,0x00,0x00,0x00,0x00,0x07,0x00
6554102,0x3E8,false,0,8,0x08,0x00,0x4F,0x00,0x07,0x00,0x00,0x00
6554237,0x3E8,false,0,8,0x09,0x00,0x00,0x00,0x00,0x00,0x00,0x00
6554362,0x3E8,false,0,8,0x0A,0x00,0x00,0x00,0x00,0x00,0x00,0x00
6554486,0x3E8,false,0,8,0x0B,0x00,0x00,0x00,0x00,0x00,0x00,0x00
6554616,0x3E8,false,0,8,0x0C,0x00,0x00,0x00,0x00,0x00,0x00,0x00
6554741,0x3E8,false,0,8,0x0D,0x00,0x00,0x00,0x05,0x00,0x10,0x00
6603052,0x3E8,false,0,8,0x00,0x00,0x00,0x00,0x66,0x00,0x65,0x00
6603301,0x44C,false,0,8,0x00,0x00,0x19,0x00,0x1A,0x00,0x00,0x00
6603440,0x3E8,false,0,8,0x01,0x00,0xF2,0x03,0x04,0x00,0x00,0x00
6603575,0x44C,false,0,8,0x01,0x00,0x01,0x00,0x00,0x00,0x00,0x00
6603713,0x3E8,false,0,8,0x02,0x00,0x00,0x00,0x00,0x00,0x54,0x00
6603849,0x3E8,false,0,8,0x03,0x00,0x4C,0x00,0x9F,0x04,0x00,0x00
6603986,0x3E8,false,0,8,0x04,0x00,0x00,0x00,0x90,0x01,0x9A,0x04
6604110,0x3E8,false,0,8,0x05,0x00,0x00,0x00,0x00,0x00,0x00,0x00
6604234,0x3E8,false,0,8,0x06,0x00,0x00,0x00,0x00,0x00,0x00,0x00
6604358,0x3E8,false,0,8,0x07,0x00,0x00,0x00,0x00,0x00,0x07,0x00
6604482,0x3E8,false,0,8,0x08,0x00,0x4F,0x00,0x07,0x00,0x00,0x00
6604611,0x3E8,false,0,8,0x09,0x00,0x00,0x00,0x00,0x00,0x00,0x00
6604735,0x3E8,false,0,8,0x0A,0x00,0x00,0x00,0x00,0x00,0x00,0x00
6604859,0x3E8,false,0,8,0x0B,0x00,0x00,0x00,0x00,0x00,0x00,0x00
6604983,0x3E8,false,0,8,0x0C,0x00,0x00,0x00,0x00,0x00,0x00,0x00
6605107,0x3E8,false,0,8,0x0D,0x00,0x00,0x00,0x05,0x00,0x10,0x00
6652673,0x3E8,false,0,8,0x00,0x00,0x00,0x00,0x66,0x00,0x65,0x00
6652921,0x44C,false,0,8,0x00,0x00,0x19,0x00,0x1A,0x00,0x00,0x00
6653058,0x3E8,false,0,8,0x01,0x00,0xF2,0x03,0x04,0x00,0x00,0x00
6653197,0x44C,false,0,8,0x01,0x00,0x01,0x00,0x00,0x00,0x00,0x00
6653334,0x3E8,false,0,8,0x02,0x00,0x00,0x00,0x00,0x00,0x54,0x00
6653470,0x3E8,false,0,8,0x03,0x00,0x4C,0x00,0x9F,0x04,0x00,0x00
6653605,0x3E8,false,0,8,0x04,0x00,0x00,0x00,0x90,0x01,0x9A,0x04
6653740,0x3E8,false,0,8,0x05,0x00,0x00,0x00,0x00,0x00,0x00,0x00
6653865,0x3E8,false,0,8,0x06,0x00,0x00,0x00,0x00,0x00,0x00,0x00
6654001,0x3E8,false,0,8,0x07,0x00,0x00,0x00,0x00,0x00,0x07,0x00
6654126,0x3E8,false,0,8,0x08,0x00,0x4F,0x00,0x07,0x00,0x00,0x00
6654251,0x3E8,false,0,8,0x09,0x00,0x00,0x00,0x00,0x00,0x00,0x00
6654377,0x3E8,false,0,8,0x0A,0x00,0x00,0x00,0x00,0x00,0x00,0x00
6654502,0x3E8,false,0,8,0x0B,0x00,0x00,0x00,0x00,0x00,0x00,0x00
6654632,0x3E8,false,0,8,0x0C,0x00,0x00,0x00,0x00,0x00,0x00,0x00
6654757,0x3E8,false,0,8,0x0D,0x00,0x00,0x00,0x05,0x00,0x10,0x00
6702668,0x3E8,false,0,8,0x00,0x00,0x00,0x00,0x66,0x00,0x65,0x00
6702901,0x44C,false,0,8,0x00,0x00,0x19,0x00,0x1A,0x00,0x00,0x00
6715056,0x3E8,false,0,8,0x01,0x00,0xF2,0x03,0x04,0x00,0x00,0x00
6715179,0x44C,false,0,8,0x01,0x00,0x01,0x00,0x00,0x00,0x00,0x00
6715303,0x3E8,false,0,8,0x02,0x00,0x00,0x00,0x00,0x00,0x54,0x00
6715427,0x3E8,false,0,8,0x03,0x00,0x4C,0x00,0x9F,0x04,0x00,0x00
6715550,0x3E8,false,0,8,0x04,0x00,0x00,0x00,0x90,0x01,0x9A,0x04
6715678,0x3E8,false,0,8,0x05,0x00,0x00,0x00,0x00,0x00,0x00,0x00
6715802,0x3E8,false,0,8,0x06,0x00,0x00,0x00,0x00,0x00,0x00,0x00
6715926,0x3E8,false,0,8,0x07,0x00,0x00,0x00,0x00,0x00,0x07,0x00
6716049,0x3E8,false,0,8,0x08,0x00,0x4F,0x00,0x07,0x00,0x00,0x00
6716173,0x3E8,false,0,8,0x09,0x00,0x00,0x00,0x00,0x00,0x00,0x00
6716297,0x3E8,false,0,8,0x0A,0x00,0x00,0x00,0x00,0x00,0x00,0x00
6716421,0x3E8,false,0,8,0x0B,0x00,0x00,0x00,0x00,0x00,0x00,0x00
6716544,0x3E8,false,0,8,0x0C,0x00,0x00,0x00,0x00,0x00,0x00,0x00
6716673,0x3E8,false,0,8,0x0D,0x00,0x00,0x00,0x05,0x00,0x10,0x00
6752666,0x44C,false,0,8,0x00,0x00,0x19,0x00,0x1A,0x00,0x00,0x00
6752913,0x3E8,false,0,8,0x00,0x00,0x00,0x00,0x66,0x00,0x65,0x00
6753037,0x44C,false,0,8,0x01,0x00,0x01,0x00,0x00,0x00,0x00,0x00
6753161,0x3E8,false,0,8,0x01,0x00,0xF2,0x03,0x02,0x00,0x00,0x00
6753284,0x3E8,false,0,8,0x02,0x00,0x00,0x00,0x00,0x00,0x54,0x00
6753408,0x3E8,false,0,8,0x03,0x00,0x4C,0x00,0x9F,0x04,0x00,0x00
6753531,0x3E8,false,0,8,0x04,0x00,0x00,0x00,0x90,0x01,0x9A,0x04
6753655,0x3E8,false,0,8,0x05,0x00,0x00,0x00,0x00,0x00,0x00,0x00
6753946,0x3E8,false,0,8,0x06,0x00,0x00,0x00,0x00,0x00,0x00,0x00
6754081,0x3E8,false,0,8,0x07,0x00,0x00,0x00,0x00,0x00,0x07,0x00
6754219,0x3E8,false,0,8,0x08,0x00,0x4F,0x00,0x07,0x00,0x00,0x00
6754357,0x3E8,false,0,8,0x09,0x00,0x00,0x00,0x00,0x00,0x00,0x00
6756676,0x3E8,false,0,8,0x0A,0x00,0x00,0x00,0x00,0x00,0x00,0x00
6756882,0x3E8,false,0,8,0x0B,0x00,0x00,0x00,0x00,0x00,0x00,0x00
6757007,0x3E8,false,0,8,0x0C,0x00,0x00,0x00,0x00,0x00,0x00,0x00
6757131,0x3E8,false,0,8,0x0D,0x00,0x00,0x00,0x05,0x00,0x10,0x00
6802660,0x3E8,false,0,8,0x00,0x00,0x00,0x00,0x66,0x00,0x65,0x00
6802900,0x44C,false,0,8,0x00,0x00,0x19,0x00,0x1A,0x00,0x00,0x00
6803037,0x3E8,false,0,8,0x01,0x00,0xF2,0x03,0x04,0x00,0x00,0x00
6803175,0x44C,false,0,8,0x01,0x00,0x01,0x00,0x00,0x00,0x00,0x00
6803312,0x3E8,false,0,8,0x02,0x00,0x00,0x00,0x00,0x00,0x54,0x00
6803447,0x3E8,false,0,8,0x03,0x00,0x4C,0x00,0x9F,0x04,0x00,0x00
6803571,0x3E8,false,0,8,0x04,0x00,0x00,0x00,0x90,0x01,0x9A,0x04
6803704,0x3E8,false,0,8,0x05,0x00,0x00,0x00,0x00,0x00,0x00,0x00
6803828,0x3E8,false,0,8,0x06,0x00,0x00,0x00,0x00,0x00,0x00,0x00
6803964,0x3E8,false,0,8,0x07,0x00,0x00,0x00,0x00,0x00,0x07,0x00
6804100,0x3E8,false,0,8,0x08,0x00,0x4F,0x00,0x07,0x00,0x00,0x00
6804237,0x3E8,false,0,8,0x09,0x00,0x00,0x00,0x00,0x00,0x00,0x00
6804373,0x3E8,false,0,8,0x0A,0x00,0x00,0x00,0x00,0x00,0x00,0x00
6804507,0x3E8,false,0,8,0x0B,0x00,0x00,0x00,0x00,0x00,0x00,0x00
6804647,0x3E8,false,0,8,0x0C,0x00,0x00,0x00,0x00,0x00,0x00,0x00
6804783,0x3E8,false,0,8,0x0D,0x00,0x00,0x00,0x05,0x00,0x10,0x00
6852655,0x3E8,false,0,8,0x00,0x00,0x00,0x00,0x66,0x00,0x65,0x00
6852793,0x44C,false,0,8,0x00,0x00,0x19,0x00,0x1A,0x00,0x00,0x00
6852929,0x3E8,false,0,8,0x01,0x00,0xF2,0x03,0x02,0x00,0x00,0x00
6853068,0x44C,false,0,8,0x01,0x00,0x01,0x00,0x00,0x00,0x00,0x00
6853202,0x3E8,false,0,8,0x02,0x00,0x00,0x00,0x00,0x00,0x54,0x00
6853337,0x3E8,false,0,8,0x03,0x00,0x4C,0x00,0x9F,0x04,0x00,0x00
6853474,0x3E8,false,0,8,0x04,0x00,0x00,0x00,0x90,0x01,0x9A,0x04
6853597,0x3E8,false,0,8,0x05,0x00,0x00,0x00,0x00,0x00,0x00,0x00
6853735,0x3E8,false,0,8,0x06,0x00,0x00,0x00,0x00,0x00,0x00,0x00
6853869,0x3E8,false,0,8,0x07,0x00,0x00,0x00,0x00,0x00,0x07,0x00
6854005,0x3E8,false,0,8,0x08,0x00,0x4F,0x00,0x07,0x00,0x00,0x00
6854140,0x3E8,false,0,8,0x09,0x00,0x00,0x00,0x00,0x00,0x00,0x00
6854365,0x3E8,false,0,8,0x0A,0x00,0x00,0x00,0x00,0x00,0x00,0x00
6854501,0x3E8,false,0,8,0x0B,0x00,0x00,0x00,0x00,0x00,0x00,0x00
6854640,0x3E8,false,0,8,0x0C,0x00,0x00,0x00,0x00,0x00,0x00,0x00
6854781,0x3E8,false,0,8,0x0D,0x00,0x00,0x00,0x05,0x00,0x10,0x00
6902673,0x3E8,false,0,8,0x00,0x00,0x00,0x00,0x66,0x00,0x65,0x00
6902918,0x44C,false,0,8,0x00,0x00,0x19,0x00,0x1A,0x00,0x00,0x00
6916716,0x3E8,false,0,8,0x01,0x00,0xF2,0x03,0x04,0x00,0x00,0x00
6916846,0x44C,false,0,8,0x01,0x00,0x01,0x00,0x00,0x00,0x00,0x00
6916970,0x3E8,false,0,8,0x02,0x00,0x00,0x00,0x00,0x00,0x54,0x00
6917094,0x3E8,false,0,8,0x03,0x00,0x4C,0x00,0x9F,0x04,0x00,0x00
6917217,0x3E8,false,0,8,0x04,0x00,0x00,0x00,0x90,0x01,0x9A,0x04
6917340,0x3E8,false,0,8,0x05,0x00,0x00,0x00,0x00,0x00,0x00,0x00
6917465,0x3E8,false,0,8,0x06,0x00,0x00,0x00,0x00,0x00,0x00,0x00
6917596,0x3E8,false,0,8,0x07,0x00,0x00,0x00,0x00,0x00,0x07,0x00
6917724,0x3E8,false,0,8,0x08,0x00,0x4F,0x00,0x07,0x00,0x00,0x00
6917847,0x3E8,false,0,8,0x09,0x00,0x00,0x00,0x00,0x00,0x00,0x00
6917971,0x3E8,false,0,8,0x0A,0x00,0x00,0x00,0x00,0x00,0x00,0x00
6918095,0x3E8,false,0,8,0x0B,0x00,0x00,0x00,0x00,0x00,0x00,0x00
6918221,0x3E8,false,0,8,0x0C,0x00,0x00,0x00,0x00,0x00,0x00,0x00
6918345,0x3E8,false,0,8,0x0D,0x00,0x00,0x00,0x05,0x00,0x10,0x00
6954690,0x3E8,false,0,8,0x00,0x00,0x00,0x00,0x66,0x00,0x65,0x00
6954945,0x44C,false,0,8,0x00,0x00,0x19,0x00,0x1A,0x00,0x00,0x00
6955070,0x3E8,false,0,8,0x01,0x00,0xF2,0x03,0x04,0x00,0x00,0x00
6955206,0x44C,false,0,8,0x01,0x00,0x01,0x00,0x00,0x00,0x00,0x00
6955341,0x3E8,false,0,8,0x02,0x00,0x00,0x00,0x00,0x00,0x54,0x00
6955477,0x3E8,false,0,8,0x03,0x00,0x4C,0x00,0x9F,0x04,0x00,0x00
6955614,0x3E8,false,0,8,0x04,0x00,0x00,0x00,0x90,0x01,0x9A,0x04
6955738,0x3E8,false,0,8,0x05,0x00,0x00,0x00,0x00,0x00,0x00,0x00
6955876,0x3E8,false,0,8,0x06,0x00,0x00,0x00,0x00,0x00,0x00,0x00
6956001,0x3E8,false,0,8,0x07,0x00,0x00,0x00,0x00,0x00,0x07,0x00
6956126,0x3E8,false,0,8,0x08,0x00,0x4F,0x00,0x07,0x00,0x00,0x00
6956251,0x3E8,false,0,8,0x09,0x00,0x00,0x00,0x00,0x00,0x00,0x00
6956376,0x3E8,false,0,8,0x0A,0x00,0x00,0x00,0x00,0x00,0x00,0x00
6956501,0x3E8,false,0,8,0x0B,0x00,0x00,0x00,0x00,0x00,0x00,0x00
6956630,0x3E8,false,0,8,0x0C,0x00,0x00,0x00,0x00,0x00,0x00,0x00
6956756,0x3E8,false,0,8,0x0D,0x00,0x00,0x00,0x05,0x00,0x10,0x00
7004669,0x3E8,false,0,8,0x00,0x00,0x00,0x00,0x66,0x00,0x65,0x00
7004905,0x44C,false,0,8,0x00,0x00,0x19,0x00,0x1A,0x00,0x00,0x00
7005040,0x3E8,false,0,8,0x01,0x00,0xF2,0x03,0x04,0x00,0x00,0x00
7005175,0x44C,false,0,8,0x01,0x00,0x01,0x00,0x00,0x00,0x00,0x00
7005315,0x3E8,false,0,8,0x02,0x00,0x00,0x00,0x00,0x00,0x54,0x00
7005453,0x3E8,false,0,8,0x03,0x00,0x4C,0x00,0x9F,0x04,0x00,0x00
7005586,0x3E8,false,0,8,0x04,0x00,0x00,0x00,0x90,0x01,0x9A,0x04
7005710,0x3E8,false,0,8,0x05,0x00,0x00,0x00,0x00,0x00,0x00,0x00
7005834,0x3E8,false,0,8,0x06,0x00,0x00,0x00,0x00,0x00,0x00,0x00
7005958,0x3E8,false,0,8,0x07,0x00,0x00,0x00,0x00,0x00,0x07,0x00
7006082,0x3E8,false,0,8,0x08,0x00,0x4F,0x00,0x07,0x00,0x00,0x00
7006206,0x3E8,false,0,8,0x09,0x00,0x00,0x00,0x00,0x00,0x00,0x00
7006330,0x3E8,false,0,8,0x0A,0x00,0x00,0x00,0x00,0x00,0x00,0x00
7006454,0x3E8,false,0,8,0x0B,0x00,0x00,0x00,0x00,0x00,0x00,0x00
7006578,0x3E8,false,0,8,0x0C,0x00,0x00,0x00,0x00,0x00,0x00,0x00
7006706,0x3E8,false,0,8,0x0D,0x00,0x00,0x00,0x05,0x00,0x10,0x00
7054669,0x3E8,false,0,8,0x00,0x00,0x00,0x00,0x66,0x00,0x65,0x00
7054902,0x44C,false,0,8,0x00,0x00,0x19,0x00,0x1A,0x00,0x00,0x00
7055036,0x3E8,false,0,8,0x01,0x00,0xF2,0x03,0x02,0x00,0x00,0x00
7055172,0x44C,false,0,8,0x01,0x00,0x01,0x00,0x00,0x00,0x00,0x00
7055311,0x3E8,false,0,8,0x02,0x00,0x00,0x00,0x00,0x00,0x54,0x00
7055447,0x3E8,false,0,8,0x03,0x00,0x4C,0x00,0x9F,0x04,0x00,0x00
7055582,0x3E8,false,0,8,0x04,0x00,0x00,0x00,0x90,0x01,0x9A,0x04
7055707,0x3E8,false,0,8,0x05,0x00,0x00,0x00,0x00,0x00,0x00,0x00
7055831,0x3E8,false,0,8,0x06,0x00,0x00,0x00,0x00,0x00,0x00,0x00
7055955,0x3E8,false,0,8,0x07,0x00,0x00,0x00,0x00,0x00,0x07,0x00
7056079,0x3E8,false,0,8,0x08,0x00,0x4F,0x00,0x07,0x00,0x00,0x00
7056203,0x3E8,false,0,8,0x09,0x00,0x00,0x00,0x00,0x00,0x00,0x00
7056327,0x3E8,false,0,8,0x0A,0x00,0x00,0x00,0x00,0x00,0x00,0x00
7056451,0x3E8,false,0,8,0x0B,0x00,0x00,0x00,0x00,0x00,0x00,0x00
7056575,0x3E8,false,0,8,0x0C,0x00,0x00,0x00,0x00,0x00,0x00,0x00
7056704,0x3E8,false,0,8,0x0D,0x00,0x00,0x00,0x05,0x00,0x10,0x00
7104654,0x3E8,false,0,8,0x00,0x00,0x00,0x00,0x66,0x00,0x65,0x00
7104782,0x44C,false,0,8,0x00,0x00,0x19,0x00,0x1A,0x00,0x00,0x00
7116612,0x3E8,false,0,8,0x01,0x00,0xF2,0x03,0x04,0x00,0x00,0x00
7116736,0x44C,false,0,8,0x01,0x00,0x01,0x00,0x00,0x00,0x00,0x00
7116859,0x3E8,false,0,8,0x02,0x00,0x00,0x00,0x00,0x00,0x54,0x00
7116983,0x3E8,false,0,8,0x03,0x00,0x4C,0x00,0x9F,0x04,0x00,0x00
7117106,0x3E8,false,0,8,0x04,0x00,0x00,0x00,0x90,0x01,0xE8,0x03
7117229,0x3E8,false,0,8,0x05,0x00,0x00,0x00,0x00,0x00,0x00,0x00
7117353,0x3E8,false,0,8,0x06,0x00,0x00,0x00,0x00,0x00,0x00,0x00
7117477,0x3E8,false,0,8,0x07,0x00,0x00,0x00,0x00,0x00,0x07,0x00
7117601,0x3E8,false,0,8,0x08,0x00,0x4F,0x00,0x07,0x00,0x00,0x00
7117725,0x3E8,false,0,8,0x09,0x00,0x00,0x00,0x00,0x00,0x00,0x00
7117849,0x3E8,false,0,8,0x0A,0x00,0x00,0x00,0x00,0x00,0x00,0x00
7117973,0x3E8,false,0,8,0x0B,0x00,0x00,0x00,0x00,0x00,0x00,0x00
7118097,0x3E8,false,0,8,0x0C,0x00,0x00,0x00,0x00,0x00,0x00,0x00
7118221,0x3E8,false,0,8,0x0D,0x00,0x00,0x00,0x05,0x00,0x10,0x00
7154660,0x3E8,false,0,8,0x00,0x00,0x00,0x00,0x66,0x00,0x65,0x00
7154882,0x44C,false,0,8,0x00,0x00,0x19,0x00,0x1A,0x00,0x00,0x00
7155007,0x3E8,false,0,8,0x01,0x00,0xF2,0x03,0x02,0x00,0x00,0x00
7155131,0x44C,false,0,8,0x01,0x00,0x01,0x00,0x00,0x00,0x00,0x00
7155257,0x3E8,false,0,8,0x02,0x00,0x00,0x00,0x00,0x00,0x54,0x00
7155382,0x3E8,false,0,8,0x03,0x00,0x4C,0x00,0x9F,0x04,0x00,0x00
7155506,0x3E8,false,0,8,0x04,0x00,0x00,0x00,0x90,0x01,0x9A,0x04
7155642,0x3E8,false,0,8,0x05,0x00,0x00,0x00,0x00,0x00,0x00,0x00
7155777,0x3E8,false,0,8,0x06,0x00,0x00,0x00,0x00,0x00,0x00,0x00
7155914,0x3E8,false,0,8,0x07,0x00,0x00,0x00,0x00,0x00,0x07,0x00
7156051,0x3E8,false,0,8,0x08,0x00,0x4F,0x00,0x07,0x00,0x00,0x00
7156187,0x3E8,false,0,8,0x09,0x00,0x00,0x00,0x00,0x00,0x00,0x00
7156323,0x3E8,false,0,8,0x0A,0x00,0x00,0x00,0x00,0x00,0x00,0x00
7156464,0x3E8,false,0,8,0x0B,0x00,0x00,0x00,0x00,0x00,0x00,0x00
7156589,0x3E8,false,0,8,0x0C,0x00,0x00,0x00,0x00,0x00,0x00,0x00
7156732,0x3E8,false,0,8,0x0D,0x00,0x00,0x00,0x05,0x00,0x10,0x00
7204664,0x3E8,false,0,8,0x00,0x00,0x00,0x00,0x66,0x00,0x65,0x00
7204903,0x44C,false,0,8,0x00,0x00,0x19,0x00,0x1A,0x00,0x00,0x00
7205039,0x3E8,false,0,8,0x01,0x00,0xF2,0x03,0x04,0x00,0x00,0x00
7205163,0x44C,false,0,8,0x01,0x00,0x01,0x00,0x00,0x00,0x00,0x00
7205297,0x3E8,false,0,8,0x02,0x00,0x00,0x00,0x00,0x00,0x54,0x00
7205421,0x3E8,false,0,8,0x03,0x00,0x4C,0x00,0x9F,0x04,0x00,0x00
7205556,0x3E8,false,0,8,0x04,0x00,0x00,0x00,0x90,0x01,0x9A,0x04
7205692,0x3E8,false,0,8,0x05,0x00,0x00,0x00,0x00,0x00,0x00,0x00
7205832,0x3E8,false,0,8,0x06,0x00,0x00,0x00,0x00,0x00,0x00,0x00
7205970,0x3E8,false,0,8,0x07,0x00,0x00,0x00,0x00,0x00,0x07,0x00
7206107,0x3E8,false,0,8,0x08,0x00,0x4F,0x00,0x07,0x00,0x00,0x00
7206243,0x3E8,false,0,8,0x09,0x00,0x00,0x00,0x00,0x00,0x00,0x00
7206381,0x3E8,false,0,8,0x0A,0x00,0x00,0x00,0x00,0x00,0x00,0x00
7206506,0x3E8,false,0,8,0x0B,0x00,0x00,0x00,0x00,0x00,0x00,0x00
7206634,0x3E8,false,0,8,0x0C,0x00,0x00,0x00,0x00,0x00,0x00,0x00
7206760,0x3E8,false,0,8,0x0D,0x00,0x00,0x00,0x05,0x00,0x10,0x00
7254663,0x3E8,false,0,8,0x00,0x00,0x00,0x00,0x66,0x00,0x65,0x00
7254899,0x44C,false,0,8,0x00,0x00,0x19,0x00,0x1A,0x00,0x00,0x00
7255035,0x3E8,false,0,8,0x01,0x00,0xF2,0x03,0x02,0x00,0x00,0x00
7255175,0x44C,false,0,8,0x01,0x00,0x01,0x00,0x00,0x00,0x00,0x00
7255299,0x3E8,false,0,8,0x02,0x00,0x00,0x00,0x00,0x00,0x54,0x00
7255435,0x3E8,false,0,8,0x03,0x00,0x4C,0x00,0x9F,0x04,0x00,0x00
7255574,0x3E8,false,0,8,0x04,0x00,0x00,0x00,0x90,0x01,0x9A,0x04
7255715,0x3E8,false,0,8,0x05,0x00,0x00,0x00,0x00,0x00,0x00,0x00
7255852,0x3E8,false,0,8,0x06,0x00,0x00,0x00,0x00,0x00,0x00,0x00
7255987,0x3E8,false,0,8,0x07,0x00,0x00,0x00,0x00,0x00,0x07,0x00
7256124,0x3E8,false,0,8,0x08,0x00,0x4F,0x00,0x07,0x00,0x00,0x00
7256260,0x3E8,false,0,8,0x09,0x00,0x00,0x00,0x00,0x00,0x00,0x00
7256397,0x3E8,false,0,8,0x0A,0x00,0x00,0x00,0x00,0x00,0x00,0x00
7256520,0x3E8,false,0,8,0x0B,0x00,0x00,0x00,0x00,0x00,0x00,0x00
7256650,0x3E8,false,0,8,0x0C,0x00,0x00,0x00,0x00,0x00,0x00,0x00
7256774,0x3E8,false,0,8,0x0D,0x00,0x00,0x00,0x05,0x00,0x10,0x00
7304647,0x3E8,false,0,8,0x00,0x00,0x00,0x00,0x66,0x00,0x65,0x00
7304787,0x44C,false,0,8,0x00,0x00,0x19,0x00,0x1A,0x00,0x00,0x00
7316585,0x3E8,false,0,8,0x01,0x00,0xF2,0x03,0x02,0x00,0x00,0x00
7316714,0x44C,false,0,8,0x01,0x00,0x01,0x00,0x00,0x00,0x00,0x00
7316838,0x3E8,false,0,8,0x02,0x00,0x00,0x00,0x00,0x00,0x54,0x00
7316961,0x3E8,false,0,8,0x03,0x00,0x4C,0x00,0x9F,0x04,0x00,0x00
7317085,0x3E8,false,0,8,0x04,0x00,0x00,0x00,0x90,0x01,0x9A,0x04
7317208,0x3E8,false,0,8,0x05,0x00,0x00,0x00,0x00,0x00,0x00,0x00
7317332,0x3E8,false,0,8,0x06,0x00,0x00,0x00,0x00,0x00,0x00,0x00
7317456,0x3E8,false,0,8,0x07,0x00,0x00,0x00,0x00,0x00,0x07,0x00
7317579,0x3E8,false,0,8,0x08,0x00,0x4F,0x00,0x07,0x00,0x00,0x00
7317709,0x3E8,false,0,8,0x09,0x00,0x00,0x00,0x00,0x00,0x00,0x00
7317832,0x3E8,false,0,8,0x0A,0x00,0x00,0x00,0x00,0x00,0x00,0x00
7317956,0x3E8,false,0,8,0x0B,0x00,0x00,0x00,0x00,0x00,0x00,0x00
7318080,0x3E8,false,0,8,0x0C,0x00,0x00,0x00,0x00,0x00,0x00,0x00
7318204,0x3E8,false,0,8,0x0D,0x00,0x00,0x00,0x05,0x00,0x10,0x00
7354692,0x44C,false,0,8,0x00,0x00,0x19,0x00,0x1A,0x00,0x00,0x00
7354929,0x3E8,false,0,8,0x00,0x00,0x00,0x00,0x66,0x00,0x65,0x00
7355069,0x44C,false,0,8,0x01,0x00,0x01,0x00,0x00,0x00,0x00,0x00
7355207,0x3E8,false,0,8,0x01,0x00,0xF2,0x03,0x02,0x00,0x00,0x00
7355359,0x3E8,false,0,8,0x02,0x00,0x00,0x00,0x00,0x00,0x54,0x00
7355487,0x3E8,false,0,8,0x03,0x00,0x4C,0x00,0x9F,0x04,0x00,0x00
7355611,0x3E8,false,0,8,0x04,0x00,0x00,0x00,0x90,0x01,0x9A,0x04
7355736,0x3E8,false,0,8,0x05,0x00,0x00,0x00,0x00,0x00,0x00,0x00
7358671,0x3E8,false,0,8,0x06,0x00,0x00,0x00,0x00,0x00,0x00,0x00
7358818,0x3E8,false,0,8,0x07,0x00,0x00,0x00,0x00,0x00,0x07,0x00
7358963,0x3E8,false,0,8,0x08,0x00,0x4F,0x00,0x07,0x00,0x00,0x00
7359098,0x3E8,false,0,8,0x09,0x00,0x00,0x00,0x00,0x00,0x00,0x00
7359234,0x3E8,false,0,8,0x0A,0x00,0x00,0x00,0x00,0x00,0x00,0x00
7359373,0x3E8,false,0,8,0x0B,0x00,0x00,0x00,0x00,0x00,0x00,0x00
7359502,0x3E8,false,0,8,0x0C,0x00,0x00,0x00,0x00,0x00,0x00,0x00
7359627,0x3E8,false,0,8,0x0D,0x00,0x00,0x00,0x05,0x00,0x10,0x00
7406670,0x3E8,false,0,8,0x00,0x00,0x00,0x00,0x66,0x00,0x65,0x00
7406908,0x44C,false,0,8,0x00,0x00,0x19,0x00,0x1A,0x00,0x00,0x00
7407045,0x3E8,false,0,8,0x01,0x00,0xF2,0x03,0x02,0x00,0x00,0x00
7407181,0x44C,false,0,8,0x01,0x00,0x01,0x00,0x00,0x00,0x00,0x00
7407307,0x3E8,false,0,8,0x02,0x00,0x00,0x00,0x00,0x00,0x54,0x00
7407431,0x3E8,false,0,8,0x03,0x00,0x4C,0x00,0x9F,0x04,0x00,0x00
7407554,0x3E8,false,0,8,0x04,0x00,0x00,0x00,0x90,0x01,0x9A,0x04
7407680,0x3E8,false,0,8,0x05,0x00,0x00,0x00,0x00,0x00,0x00,0x00
7407804,0x3E8,false,0,8,0x06,0x00,0x00,0x00,0x00,0x00,0x00,0x00
7407928,0x3E8,false,0,8,0x07,0x00,0x00,0x00,0x00,0x00,0x07,0x00
7408052,0x3E8,false,0,8,0x08,0x00,0x4F,0x00,0x07,0x00,0x00,0x00
7408176,0x3E8,false,0,8,0x09,0x00,0x00,0x00,0x00,0x00,0x00,0x00
7408300,0x3E8,false,0,8,0x0A,0x00,0x00,0x00,0x00,0x00,0x00,0x00
7408425,0x3E8,false,0,8,0x0B,0x00,0x00,0x00,0x00,0x00,0x00,0x00
7408549,0x3E8,false,0,8,0x0C,0x00,0x00,0x00,0x00,0x00,0x00,0x00
7408678,0x3E8,false,0,8,0x0D,0x00,0x00,0x00,0x05,0x00,0x10,0x00
7456677,0x3E8,false,0,8,0x00,0x00,0x00,0x00,0x66,0x00,0x65,0x00
7456941,0x44C,false,0,8,0x00,0x00,0x19,0x00,0x1A,0x00,0x00,0x00
7457084,0x3E8,false,0,8,0x01,0x00,0xF2,0x03,0x02,0x00,0x00,0x00
7457227,0x44C,false,0,8,0x01,0x00,0x01,0x00,0x00,0x00,0x00,0x00
7457360,0x3E8,false,0,8,0x02,0x00,0x00,0x00,0x00,0x00,0x54,0x00
7457502,0x3E8,false,0,8,0x03,0x00,0x4C,0x00,0x9F,0x04,0x00,0x00
7457641,0x3E8,false,0,8,0x04,0x00,0x00,0x00,0x90,0x01,0x9A,0x04
7457785,0x3E8,false,0,8,0x05,0x00,0x00,0x00,0x00,0x00,0x00,0x00
7457933,0x3E8,false,0,8,0x06,0x00,0x00,0x00,0x00,0x00,0x00,0x00
7458078,0x3E8,false,0,8,0x07,0x00,0x00,0x00,0x00,0x00,0x07,0x00
7458217,0x3E8,false,0,8,0x08,0x00,0x4F,0x00,0x07,0x00,0x00,0x00
7458366,0x3E8,false,0,8,0x09,0x00,0x00,0x00,0x00,0x00,0x00,0x00
7458525,0x3E8,false,0,8,0x0A,0x00,0x00,0x00,0x00,0x00,0x00,0x00
7458666,0x3E8,false,0,8,0x0D,0x00,0x00,0x00,0x05,0x00,0x10,0x00
7506656,0x3E8,false,0,8,0x00,0x00,0x00,0x00,0x66,0x00,0x65,0x00
7506880,0x44C,false,0,8,0x00,0x00,0x19,0x00,0x1A,0x00,0x00,0x00
7507015,0x3E8,false,0,8,0x01,0x00,0xF2,0x03,0x02,0x00,0x00,0x00
7507151,0x44C,false,0,8,0x01,0x00,0x01,0x00,0x00,0x00,0x00,0x00
7520277,0x3E8,false,0,8,0x02,0x00,0x00,0x00,0x00,0x00,0x54,0x00
7520402,0x3E8,false,0,8,0x03,0x00,0x4C,0x00,0x9F,0x04,0x00,0x00
7520525,0x3E8,false,0,8,0x04,0x00,0x00,0x00,0x90,0x01,0x9A,0x04
7520653,0x3E8,false,0,8,0x05,0x00,0x00,0x00,0x00,0x00,0x00,0x00
7520776,0x3E8,false,0,8,0x06,0x00,0x00,0x00,0x00,0x00,0x00,0x00
7520900,0x3E8,false,0,8,0x07,0x00,0x00,0x00,0x00,0x00,0x07,0x00
7521024,0x3E8,false,0,8,0x08,0x00,0x4F,0x00,0x07,0x00,0x00,0x00
7521148,0x3E8,false,0,8,0x09,0x00,0x00,0x00,0x00,0x00,0x00,0x00
7521271,0x3E8,false,0,8,0x0A,0x00,0x00,0x00,0x00,0x00,0x00,0x00
7521395,0x3E8,false,0,8,0x0B,0x00,0x00,0x00,0x00,0x00,0x00,0x00
7521519,0x3E8,false,0,8,0x0C,0x00,0x00,0x00,0x00,0x00,0x00,0x00
7521646,0x3E8,false,0,8,0x0D,0x00,0x00,0x00,0x05,0x00,0x10,0x00
7556651,0x3E8,false,0,8,0x00,0x00,0x00,0x00,0x66,0x00,0x65,0x00
7556806,0x44C,false,0,8,0x00,0x00,0x19,0x00,0x1A,0x00,0x00,0x00
7556930,0x3E8,false,0,8,0x01,0x00,0xF2,0x03,0x02,0x00,0x00,0x00
7557053,0x44C,false,0,8,0x01,0x00,0x01,0x00,0x00,0x00,0x00,0x00
7557194,0x3E8,false,0,8,0x02,0x00,0x00,0x00,0x00,0x00,0x54,0x00
7557329,0x3E8,false,0,8,0x03,0x00,0x4C,0x00,0x9F,0x04,0x00,0x00
7557463,0x3E8,false,0,8,0x04,0x00,0x00,0x00,0x90,0x01,0x9A,0x04
7557600,0x3E8,false,0,8,0x05,0x00,0x00,0x00,0x00,0x00,0x00,0x00
7557736,0x3E8,false,0,8,0x06,0x00,0x00,0x00,0x00,0x00,0x00,0x00
7557872,0x3E8,false,0,8,0x07,0x00,0x00,0x00,0x00,0x00,0x07,0x00
7558007,0x3E8,false,0,8,0x08,0x00,0x4F,0x00,0x07,0x00,0x00,0x00
7558141,0x3E8,false,0,8,0x09,0x00,0x00,0x00,0x00,0x00,0x00,0x00
7558266,0x3E8,false,0,8,0x0A,0x00,0x00,0x00,0x00,0x00,0x00,0x00
7558390,0x3E8,false,0,8,0x0B,0x00,0x00,0x00,0x00,0x00,0x00,0x00
7558514,0x3E8,false,0,8,0x0C,0x00,0x00,0x00,0x00,0x00,0x00,0x00
7558642,0x3E8,false,0,8,0x0D,0x00,0x00,0x00,0x05,0x00,0x10,0x00
7606669,0x3E8,false,0,8,0x00,0x00,0x00,0x00,0x66,0x00,0x65,0x00
7606892,0x44C,false,0,8,0x00,0x00,0x19,0x00,0x1A,0x00,0x00,0x00
7607029,0x3E8,false,0,8,0x01,0x00,0xF2,0x03,0x04,0x00,0x00,0x00
7607153,0x44C,false,0,8,0x01,0x00,0x01,0x00,0x00,0x00,0x00,0x00
7607291,0x3E8,false,0,8,0x02,0x00,0x00,0x00,0x00,0x00,0x54,0x00
7607426,0x3E8,false,0,8,0x03,0x00,0x4C,0x00,0x9F,0x04,0x00,0x00
7607560,0x3E8,false,0,8,0x04,0x00,0x00,0x00,0x90,0x01,0x9A,0x04
7607699,0x3E8,false,0,8,0x05,0x00,0x00,0x00,0x00,0x00,0x00,0x00
7607837,0x3E8,false,0,8,0x06,0x00,0x00,0x00,0x00,0x00,0x00,0x00
7607974,0x3E8,false,0,8,0x07,0x00,0x00,0x00,0x00,0x00,0x07,0x00
7608111,0x3E8,false,0,8,0x08,0x00,0x4F,0x00,0x07,0x00,0x00,0x00
7608235,0x3E8,false,0,8,0x09,0x00,0x00,0x00,0x00,0x00,0x00,0x00
7608359,0x3E8,false,0,8,0x0A,0x00,0x00,0x00,0x00,0x00,0x00,0x00
7608483,0x3E8,false,0,8,0x0B,0x00,0x00,0x00,0x00,0x00,0x00,0x00
7608612,0x3E8,false,0,8,0x0C,0x00,0x00,0x00,0x00,0x00,0x00,0x00
7608736,0x3E8,false,0,8,0x0D,0x00,0x00,0x00,0x05,0x00,0x10,0x00
7656675,0x3E8,false,0,8,0x00,0x00,0x00,0x00,0x66,0x00,0x65,0x00
7656884,0x44C,false,0,8,0x00,0x00,0x19,0x00,0x1A,0x00,0x00,0x00
7657020,0x3E8,false,0,8,0x01,0x00,0xF2,0x03,0x02,0x00,0x00,0x00
7657156,0x44C,false,0,8,0x01,0x00,0x01,0x00,0x00,0x00,0x00,0x00
7657281,0x3E8,false,0,8,0x02,0x00,0x00,0x00,0x00,0x00,0x54,0x00
7657417,0x3E8,false,0,8,0x03,0x00,0x4C,0x00,0x9F,0x04,0x00,0x00
7657556,0x3E8,false,0,8,0x04,0x00,0x00,0x00,0x90,0x01,0x9A,0x04
7657690,0x3E8,false,0,8,0x05,0x00,0x00,0x00,0x00,0x00,0x00,0x00
7657827,0x3E8,false,0,8,0x06,0x00,0x00,0x00,0x00,0x00,0x00,0x00
7657968,0x3E8,false,0,8,0x07,0x00,0x00,0x00,0x00,0x00,0x07,0x00
7658106,0x3E8,false,0,8,0x08,0x00,0x4F,0x00,0x07,0x00,0x00,0x00
7658230,0x3E8,false,0,8,0x09,0x00,0x00,0x00,0x00,0x00,0x00,0x00
7658355,0x3E8,false,0,8,0x0A,0x00,0x00,0x00,0x00,0x00,0x00,0x00
7658480,0x3E8,false,0,8,0x0B,0x00,0x00,0x00,0x00,0x00,0x00,0x00
7658611,0x3E8,false,0,8,0x0C,0x00,0x00,0x00,0x00,0x00,0x00,0x00
7658736,0x3E8,false,0,8,0x0D,0x00,0x00,0x00,0x05,0x00,0x10,0x00
7706670,0x44C,false,0,8,0x00,0x00,0x19,0x00,0x1A,0x00,0x00,0x00
7706922,0x3E8,false,0,8,0x00,0x00,0x00,0x00,0x66,0x00,0x65,0x00
7707046,0x44C,false,0,8,0x01,0x00,0x01,0x00,0x00,0x00,0x00,0x00
7707170,0x3E8,false,0,8,0x01,0x00,0xF2,0x03,0x04,0x00,0x00,0x00
7720341,0x3E8,false,0,8,0x02,0x00,0x00,0x00,0x00,0x00,0x54,0x00
7720471,0x3E8,false,0,8,0x03,0x00,0x4C,0x00,0x9F,0x04,0x00,0x00
7720599,0x3E8,false,0,8,0x04,0x00,0x00,0x00,0x90,0x01,0x9A,0x04
7720722,0x3E8,false,0,8,0x05,0x00,0x00,0x00,0x00,0x00,0x00,0x00
7720846,0x3E8,false,0,8,0x06,0x00,0x00,0x00,0x00,0x00,0x00,0x00
7720970,0x3E8,false,0,8,0x07,0x00,0x00,0x00,0x00,0x00,0x07,0x00
7721094,0x3E8,false,0,8,0x08,0x00,0x4F,0x00,0x07,0x00,0x00,0x00
7721217,0x3E8,false,0,8,0x09,0x00,0x00,0x00,0x00,0x00,0x00,0x00
7721341,0x3E8,false,0,8,0x0A,0x00,0x00,0x00,0x00,0x00,0x00,0x00
7721465,0x3E8,false,0,8,0x0B,0x00,0x00,0x00,0x00,0x00,0x00,0x00
7721593,0x3E8,false,0,8,0x0C,0x00,0x00,0x00,0x00,0x00,0x00,0x00
7721724,0x3E8,false,0,8,0x0D,0x00,0x00,0x00,0x05,0x00,0x10,0x00
7756670,0x3E8,false,0,8,0x00,0x00,0x00,0x00,0x66,0x00,0x65,0x00
7756923,0x44C,false,0,8,0x00,0x00,0x19,0x00,0x1A,0x00,0x00,0x00
7757060,0x3E8,false,0,8,0x01,0x00,0xF2,0x03,0x02,0x00,0x00,0x00
7757185,0x44C,false,0,8,0x01,0x00,0x01,0x00,0x00,0x00,0x00,0x00
7757310,0x3E8,false,0,8,0x02,0x00,0x00,0x00,0x00,0x00,0x54,0x00
7757435,0x3E8,false,0,8,0x03,0x00,0x4C,0x00,0x9F,0x04,0x00,0x00
7757569,0x3E8,false,0,8,0x04,0x00,0x00,0x00,0x90,0x01,0x9A,0x04
7757704,0x3E8,false,0,8,0x05,0x00,0x00,0x00,0x00,0x00,0x00,0x00
7758050,0x3E8,false,0,8,0x06,0x00,0x00,0x00,0x00,0x00,0x00,0x00
7758308,0x3E8,false,0,8,0x07,0x00,0x00,0x00,0x00,0x00,0x07,0x00
7758459,0x3E8,false,0,8,0x08,0x00,0x4F,0x00,0x07,0x00,0x00,0x00
7762681,0x3E8,false,0,8,0x09,0x00,0x00,0x00,0x00,0x00,0x00,0x00
7763097,0x3E8,false,0,8,0x0A,0x00,0x00,0x00,0x00,0x00,0x00,0x00
7763222,0x3E8,false,0,8,0x0B,0x00,0x00,0x00,0x00,0x00,0x00,0x00
7763349,0x3E8,false,0,8,0x0C,0x00,0x00,0x00,0x00,0x00,0x00,0x00
7763476,0x3E8,false,0,8,0x0D,0x00,0x00,0x00,0x05,0x00,0x10,0x00
7806668,0x3E8,false,0,8,0x00,0x00,0x00,0x00,0x66,0x00,0x65,0x00
7806898,0x44C,false,0,8,0x00,0x00,0x19,0x00,0x1A,0x00,0x00,0x00
7807033,0x3E8,false,0,8,0x01,0x00,0xF2,0x03,0x02,0x00,0x00,0x00
7807170,0x44C,false,0,8,0x01,0x00,0x01,0x00,0x00,0x00,0x00,0x00
7807304,0x3E8,false,0,8,0x02,0x00,0x00,0x00,0x00,0x00,0x54,0x00
7807440,0x3E8,false,0,8,0x03,0x00,0x4C,0x00,0x9F,0x04,0x00,0x00
7807573,0x3E8,false,0,8,0x04,0x00,0x00,0x00,0x90,0x01,0x9A,0x04
7807697,0x3E8,false,0,8,0x05,0x00,0x00,0x00,0x00,0x00,0x00,0x00
7807831,0x3E8,false,0,8,0x06,0x00,0x00,0x00,0x00,0x00,0x00,0x00
7808064,0x3E8,false,0,8,0x07,0x00,0x00,0x00,0x00,0x00,0x07,0x00
7808201,0x3E8,false,0,8,0x08,0x00,0x4F,0x00,0x07,0x00,0x00,0x00
7808338,0x3E8,false,0,8,0x09,0x00,0x00,0x00,0x00,0x00,0x00,0x00
7808474,0x3E8,false,0,8,0x0A,0x00,0x00,0x00,0x00,0x00,0x00,0x00
7808614,0x3E8,false,0,8,0x0B,0x00,0x00,0x00,0x00,0x00,0x00,0x00
7808750,0x3E8,false,0,8,0x0C,0x00,0x00,0x00,0x00,0x00,0x00,0x00
7808886,0x3E8,false,0,8,0x0D,0x00,0x00,0x00,0x05,0x00,0x10,0x00
7856666,0x3E8,false,0,8,0x00,0x00,0x00,0x00,0x66,0x00,0x65,0x00
7856844,0x44C,false,0,8,0x00,0x00,0x19,0x00,0x1A,0x00,0x00,0x00
7856981,0x3E8,false,0,8,0x01,0x00,0xF2,0x03,0x02,0x00,0x00,0x00
7857117,0x44C,false,0,8,0x01,0x00,0x01,0x00,0x00,0x00,0x00,0x00
7857254,0x3E8,false,0,8,0x02,0x00,0x00,0x00,0x00,0x00,0x54,0x00
7857391,0x3E8,false,0,8,0x03,0x00,0x4C,0x00,0x9F,0x04,0x00,0x00
7857524,0x3E8,false,0,8,0x04,0x00,0x00,0x00,0x90,0x01,0x9A,0x04
7869093,0x3E8,false,0,8,0x05,0x00,0x00,0x00,0x00,0x00,0x00,0x00
7869232,0x3E8,false,0,8,0x06,0x00,0x00,0x00,0x00,0x00,0x00,0x00
7869356,0x3E8,false,0,8,0x07,0x00,0x00,0x00,0x00,0x00,0x07,0x00
7869479,0x3E8,false,0,8,0x08,0x00,0x4F,0x00,0x07,0x00,0x00,0x00
7869603,0x3E8,false,0,8,0x09,0x00,0x00,0x00,0x00,0x00,0x00,0x00
7869729,0x3E8,false,0,8,0x0A,0x00,0x00,0x00,0x00,0x00,0x00,0x00
7869852,0x3E8,false,0,8,0x0B,0x00,0x00,0x00,0x00,0x00,0x00,0x00
7869976,0x3E8,false,0,8,0x0C,0x00,0x00,0x00,0x00,0x00,0x00,0x00
7870100,0x3E8,false,0,8,0x0D,0x00,0x00,0x00,0x05,0x00,0x10,0x00
7908660,0x3E8,false,0,8,0x00,0x00,0x00,0x00,0x66,0x00,0x65,0x00
7908906,0x44C,false,0,8,0x00,0x00,0x19,0x00,0x1A,0x00,0x00,0x00
7909042,0x3E8,false,0,8,0x01,0x00,0xF2,0x03,0x04,0x00,0x00,0x00
7909165,0x44C,false,0,8,0x01,0x00,0x01,0x00,0x00,0x00,0x00,0x00
7909289,0x3E8,false,0,8,0x02,0x00,0x00,0x00,0x00,0x00,0x54,0x00
7909413,0x3E8,false,0,8,0x03,0x00,0x4C,0x00,0x9F,0x04,0x00,0x00
7909536,0x3E8,false,0,8,0x04,0x00,0x00,0x00,0x90,0x01,0x9A,0x04
7909660,0x3E8,false,0,8,0x05,0x00,0x00,0x00,0x00,0x00,0x00,0x00
7909784,0x3E8,false,0,8,0x06,0x00,0x00,0x00,0x00,0x00,0x00,0x00
7909907,0x3E8,false,0,8,0x07,0x00,0x00,0x00,0x00,0x00,0x07,0x00
7910031,0x3E8,false,0,8,0x08,0x00,0x4F,0x00,0x07,0x00,0x00,0x00
7910155,0x3E8,false,0,8,0x09,0x00,0x00,0x00,0x00,0x00,0x00,0x00
7910279,0x3E8,false,0,8,0x0A,0x00,0x00,0x00,0x00,0x00,0x00,0x00
7910402,0x3E8,false,0,8,0x0B,0x00,0x00,0x00,0x00,0x00,0x00,0x00
7910526,0x3E8,false,0,8,0x0C,0x00,0x00,0x00,0x00,0x00,0x00,0x00
7910654,0x3E8,false,0,8,0x0D,0x00,0x00,0x00,0x05,0x00,0x10,0x00
7958656,0x3E8,false,0,8,0x00,0x00,0x00,0x00,0x66,0x00,0x65,0x00
7958860,0x44C,false,0,8,0x00,0x00,0x19,0x00,0x1A,0x00,0x00,0x00
7958996,0x3E8,false,0,8,0x01,0x00,0xF2,0x03,0x02,0x00,0x00,0x00
7959132,0x44C,false,0,8,0x01,0x00,0x01,0x00,0x00,0x00,0x00,0x00
7959269,0x3E8,false,0,8,0x02,0x00,0x00,0x00,0x00,0x00,0x54,0x00
7959406,0x3E8,false,0,8,0x03,0x00,0x4C,0x00,0x9F,0x04,0x00,0x00
7959541,0x3E8,false,0,8,0x04,0x00,0x00,0x00,0x90,0x01,0x9A,0x04
7959676,0x3E8,false,0,8,0x05,0x00,0x00,0x00,0x00,0x00,0x00,0x00
7959812,0x3E8,false,0,8,0x06,0x00,0x00,0x00,0x00,0x00,0x00,0x00
7959936,0x3E8,false,0,8,0x07,0x00,0x00,0x00,0x00,0x00,0x07,0x00
7960060,0x3E8,false,0,8,0x08,0x00,0x4F,0x00,0x07,0x00,0x00,0x00
7960183,0x3E8,false,0,8,0x09,0x00,0x00,0x00,0x00,0x00,0x00,0x00
7960307,0x3E8,false,0,8,0x0A,0x00,0x00,0x00,0x00,0x00,0x00,0x00
7960431,0x3E8,false,0,8,0x0B,0x00,0x00,0x00,0x00,0x00,0x00,0x00
7960555,0x3E8,false,0,8,0x0C,0x00,0x00,0x00,0x00,0x00,0x00,0x00
7960683,0x3E8,false,0,8,0x0D,0x00,0x00,0x00,0x05,0x00,0x10,0x00
8008660,0x3E8,false,0,8,0x00,0x00,0x00,0x00,0x66,0x00,0x65,0x00
8008913,0x44C,false,0,8,0x00,0x00,0x19,0x00,0x1A,0x00,0x00,0x00
8009052,0x3E8,false,0,8,0x01,0x00,0xF2,0x03,0x02,0x00,0x00,0x00
8009204,0x44C,false,0,8,0x01,0x00,0x01,0x00,0x00,0x00,0x00,0x00
8009347,0x3E8,false,0,8,0x02,0x00,0x00,0x00,0x00,0x00,0x54,0x00
8009490,0x3E8,false,0,8,0x03,0x00,0x4C,0x00,0x9F,0x04,0x00,0x00
8009631,0x3E8,false,0,8,0x04,0x00,0x00,0x00,0x90,0x01,0x9A,0x04
8009762,0x3E8,false,0,8,0x05,0x00,0x00,0x00,0x00,0x00,0x00,0x00
8009893,0x3E8,false,0,8,0x06,0x00,0x00,0x00,0x00,0x00,0x00,0x00
8010024,0x3E8,false,0,8,0x07,0x00,0x00,0x00,0x00,0x00,0x07,0x00
8010152,0x3E8,false,0,8,0x08,0x00,0x4F,0x00,0x07,0x00,0x00,0x00
8010280,0x3E8,false,0,8,0x09,0x00,0x00,0x00,0x00,0x00,0x00,0x00
8010409,0x3E8,false,0,8,0x0A,0x00,0x00,0x00,0x00,0x00,0x00,0x00
8010539,0x3E8,false,0,8,0x0B,0x00,0x00,0x00,0x00,0x00,0x00,0x00
8010674,0x3E8,false,0,8,0x0C,0x00,0x00,0x00,0x00,0x00,0x00,0x00
8010803,0x3E8,false,0,8,0x0D,0x00,0x00,0x00,0x05,0x00,0x10,0x00
8058687,0x3E8,false,0,8,0x00,0x00,0x00,0x00,0x66,0x00,0x65,0x00
8058982,0x44C,false,0,8,0x00,0x00,0x19,0x00,0x1A,0x00,0x00,0x00
8059120,0x3E8,false,0,8,0x01,0x00,0xF2,0x03,0x02,0x00,0x00,0x00
8059264,0x44C,false,0,8,0x01,0x00,0x01,0x00,0x00,0x00,0x00,0x00
8059412,0x3E8,false,0,8,0x02,0x00,0x00,0x00,0x00,0x00,0x54,0x00
8059557,0x3E8,false,0,8,0x03,0x00,0x4C,0x00,0x9F,0x04,0x00,0x00
8059695,0x3E8,false,0,8,0x04,0x00,0x00,0x00,0x90,0x01,0x9A,0x04
8059829,0x3E8,false,0,8,0x05,0x00,0x00,0x00,0x00,0x00,0x00,0x00
8073844,0x3E8,false,0,8,0x06,0x00,0x00,0x00,0x00,0x00,0x00,0x00
8073973,0x3E8,false,0,8,0x07,0x00,0x00,0x00,0x00,0x00,0x07,0x00
8074097,0x3E8,false,0,8,0x08,0x00,0x4F,0x00,0x07,0x00,0x00,0x00
8074221,0x3E8,false,0,8,0x09,0x00,0x00,0x00,0x00,0x00,0x00,0x00
8074344,0x3E8,false,0,8,0x0A,0x00,0x00,0x00,0x00,0x00,0x00,0x00
8074468,0x3E8,false,0,8,0x0B,0x00,0x00,0x00,0x00,0x00,0x00,0x00
8074592,0x3E8,false,0,8,0x0C,0x00,0x00,0x00,0x00,0x00,0x00,0x00
8074720,0x3E8,false,0,8,0x0D,0x00,0x00,0x00,0x05,0x00,0x10,0x00
8108649,0x3E8,false,0,8,0x00,0x00,0x00,0x00,0x66,0x00,0x65,0x00
8108813,0x44C,false,0,8,0x00,0x00,0x19,0x00,0x1A,0x00,0x00,0x00
8108937,0x3E8,false,0,8,0x01,0x00,0xF2,0x03,0x02,0x00,0x00,0x00
8109074,0x44C,false,0,8,0x01,0x00,0x01,0x00,0x00,0x00,0x00,0x00
8109209,0x3E8,false,0,8,0x02,0x00,0x00,0x00,0x00,0x00,0x54,0x00
8109345,0x3E8,false,0,8,0x03,0x00,0x4C,0x00,0x9F,0x04,0x00,0x00
8109480,0x3E8,false,0,8,0x04,0x00,0x00,0x00,0x90,0x01,0x9A,0x04
8109620,0x3E8,false,0,8,0x05,0x00,0x00,0x00,0x00,0x00,0x00,0x00
8109756,0x3E8,false,0,8,0x06,0x00,0x00,0x00,0x00,0x00,0x00,0x00
8109892,0x3E8,false,0,8,0x07,0x00,0x00,0x00,0x00,0x00,0x07,0x00
8110016,0x3E8,false,0,8,0x08,0x00,0x4F,0x00,0x07,0x00,0x00,0x00
8110139,0x3E8,false,0,8,0x09,0x00,0x00,0x00,0x00,0x00,0x00,0x00
8110263,0x3E8,false,0,8,0x0A,0x00,0x00,0x00,0x00,0x00,0x00,0x00
8110387,0x3E8,false,0,8,0x0B,0x00,0x00,0x00,0x00,0x00,0x00,0x00
8110511,0x3E8,false,0,8,0x0C,0x00,0x00,0x00,0x00,0x00,0x00,0x00
8110640,0x3E8,false,0,8,0x0D,0x00,0x00,0x00,0x05,0x00,0x10,0x00
8158672,0x44C,false,0,8,0x00,0x00,0x19,0x00,0x1A,0x00,0x00,0x00
8158896,0x3E8,false,0,8,0x00,0x00,0x00,0x00,0x66,0x00,0x65,0x00
8159019,0x44C,false,0,8,0x01,0x00,0x01,0x00,0x00,0x00,0x00,0x00
8159143,0x3E8,false,0,8,0x01,0x00,0xF2,0x03,0x04,0x00,0x00,0x00
8159267,0x3E8,false,0,8,0x02,0x00,0x00,0x00,0x00,0x00,0x54,0x00
8159390,0x3E8,false,0,8,0x03,0x00,0x4C,0x00,0x9F,0x04,0x00,0x00
8159514,0x3E8,false,0,8,0x04,0x00,0x00,0x00,0x90,0x01,0x9A,0x04
8159650,0x3E8,false,0,8,0x05,0x00,0x00,0x00,0x00,0x00,0x00,0x00
8159787,0x3E8,false,0,8,0x06,0x00,0x00,0x00,0x00,0x00,0x00,0x00
8159925,0x3E8,false,0,8,0x07,0x00,0x00,0x00,0x00,0x00,0x07,0x00
8160059,0x3E8,false,0,8,0x08,0x00,0x4F,0x00,0x07,0x00,0x00,0x00
8160201,0x3E8,false,0,8,0x09,0x00,0x00,0x00,0x00,0x00,0x00,0x00
8160325,0x3E8,false,0,8,0x0A,0x00,0x00,0x00,0x00,0x00,0x00,0x00
8160462,0x3E8,false,0,8,0x0B,0x00,0x00,0x00,0x00,0x00,0x00,0x00
8160601,0x3E8,false,0,8,0x0C,0x00,0x00,0x00,0x00,0x00,0x00,0x00
8160907,0x3E8,false,0,8,0x0D,0x00,0x00,0x00,0x05,0x00,0x10,0x00
8208677,0x3E8,false,0,8,0x00,0x00,0x00,0x00,0x66,0x00,0x65,0x00
8208972,0x44C,false,0,8,0x00,0x00,0x19,0x00,0x1A,0x00,0x00,0x00
8209112,0x3E8,false,0,8,0x01,0x00,0xF2,0x03,0x02,0x00,0x00,0x00
8209243,0x44C,false,0,8,0x01,0x00,0x01,0x00,0x00,0x00,0x00,0x00
8209382,0x3E8,false,0,8,0x02,0x00,0x00,0x00,0x00,0x00,0x54,0x00
8209508,0x3E8,false,0,8,0x03,0x00,0x4C,0x00,0x9F,0x04,0x00,0x00
8209648,0x3E8,false,0,8,0x04,0x00,0x00,0x00,0x90,0x01,0x9A,0x04
8209785,0x3E8,false,0,8,0x05,0x00,0x00,0x00,0x00,0x00,0x00,0x00
8209920,0x3E8,false,0,8,0x06,0x00,0x00,0x00,0x00,0x00,0x00,0x00
8210059,0x3E8,false,0,8,0x07,0x00,0x00,0x00,0x00,0x00,0x07,0x00
8210194,0x3E8,false,0,8,0x08,0x00,0x4F,0x00,0x07,0x00,0x00,0x00
8210332,0x3E8,false,0,8,0x09,0x00,0x00,0x00,0x00,0x00,0x00,0x00
8210469,0x3E8,false,0,8,0x0A,0x00,0x00,0x00,0x00,0x00,0x00,0x00
8210599,0x3E8,false,0,8,0x0B,0x00,0x00,0x00,0x00,0x00,0x00,0x00
8210724,0x3E8,false,0,8,0x0C,0x00,0x00,0x00,0x00,0x00,0x00,0x00
8210850,0x3E8,false,0,8,0x0D,0x00,0x00,0x00,0x05,0x00,0x10,0x00
8258670,0x44C,false,0,8,0x00,0x00,0x19,0x00,0x1A,0x00,0x00,0x00
8258909,0x3E8,false,0,8,0x00,0x00,0x00,0x00,0x66,0x00,0x65,0x00
8259044,0x44C,false,0,8,0x01,0x00,0x01,0x00,0x00,0x00,0x00,0x00
8259178,0x3E8,false,0,8,0x01,0x00,0xF2,0x03,0x02,0x00,0x00,0x00
8259313,0x3E8,false,0,8,0x02,0x00,0x00,0x00,0x00,0x00,0x54,0x00
8259437,0x3E8,false,0,8,0x03,0x00,0x4C,0x00,0x9F,0x04,0x00,0x00
8259573,0x3E8,false,0,8,0x04,0x00,0x00,0x00,0x90,0x01,0x9A,0x04
8259709,0x3E8,false,0,8,0x05,0x00,0x00,0x00,0x00,0x00,0x00,0x00
8273206,0x3E8,false,0,8,0x06,0x00,0x00,0x00,0x00,0x00,0x00,0x00
8273330,0x3E8,false,0,8,0x07,0x00,0x00,0x00,0x00,0x00,0x07,0x00
8273454,0x3E8,false,0,8,0x08,0x00,0x4F,0x00,0x07,0x00,0x00,0x00
8273577,0x3E8,false,0,8,0x09,0x00,0x00,0x00,0x00,0x00,0x00,0x00
8273702,0x3E8,false,0,8,0x0A,0x00,0x00,0x00,0x00,0x00,0x00,0x00
8273825,0x3E8,false,0,8,0x0B,0x00,0x00,0x00,0x00,0x00,0x00,0x00
8273949,0x3E8,false,0,8,0x0C,0x00,0x00,0x00,0x00,0x00,0x00,0x00
8274073,0x3E8,false,0,8,0x0D,0x00,0x00,0x00,0x05,0x00,0x10,0x00
8308670,0x3E8,false,0,8,0x00,0x00,0x00,0x00,0x66,0x00,0x65,0x00
8308906,0x44C,false,0,8,0x00,0x00,0x19,0x00,0x1A,0x00,0x00,0x00
8309041,0x3E8,false,0,8,0x01,0x00,0xF2,0x03,0x02,0x00,0x00,0x00
8309176,0x44C,false,0,8,0x01,0x00,0x01,0x00,0x00,0x00,0x00,0x00
8309314,0x3E8,false,0,8,0x02,0x00,0x00,0x00,0x00,0x00,0x54,0x00
8309437,0x3E8,false,0,8,0x03,0x00,0x4C,0x00,0x9F,0x04,0x00,0x00
8309572,0x3E8,false,0,8,0x04,0x00,0x00,0x00,0x90,0x01,0x9A,0x04
8309696,0x3E8,false,0,8,0x05,0x00,0x00,0x00,0x00,0x00,0x00,0x00
8309832,0x3E8,false,0,8,0x06,0x00,0x00,0x00,0x00,0x00,0x00,0x00
8309968,0x3E8,false,0,8,0x07,0x00,0x00,0x00,0x00,0x00,0x07,0x00
8310106,0x3E8,false,0,8,0x08,0x00,0x4F,0x00,0x07,0x00,0x00,0x00
8310241,0x3E8,false,0,8,0x09,0x00,0x00,0x00,0x00,0x00,0x00,0x00
8310376,0x3E8,false,0,8,0x0A,0x00,0x00,0x00,0x00,0x00,0x00,0x00
8310511,0x3E8,false,0,8,0x0B,0x00,0x00,0x00,0x00,0x00,0x00,0x00
8310653,0x3E8,false,0,8,0x0C,0x00,0x00,0x00,0x00,0x00,0x00,0x00
8310777,0x3E8,false,0,8,0x0D,0x00,0x00,0x00,0x05,0x00,0x10,0x00
8358671,0x3E8,false,0,8,0x00,0x00,0x00,0x00,0x66,0x00,0x65,0x00
8358945,0x44C,false,0,8,0x00,0x00,0x19,0x00,0x1A,0x00,0x00,0x00
8359086,0x3E8,false,0,8,0x01,0x00,0xF2,0x03,0x02,0x00,0x00,0x00
8359230,0x44C,false,0,8,0x01,0x00,0x01,0x00,0x00,0x00,0x00,0x00
8359371,0x3E8,false,0,8,0x02,0x00,0x00,0x00,0x00,0x00,0x54,0x00
8359511,0x3E8,false,0,8,0x03,0x00,0x4C,0x00,0x9F,0x04,0x00,0x00
8359641,0x3E8,false,0,8,0x04,0x00,0x00,0x00,0x90,0x01,0x9A,0x04
8359772,0x3E8,false,0,8,0x05,0x00,0x00,0x00,0x00,0x00,0x00,0x00
8362646,0x3E8,false,0,8,0x06,0x00,0x00,0x00,0x00,0x00,0x00,0x00
8362784,0x3E8,false,0,8,0x07,0x00,0x00,0x00,0x00,0x00,0x07,0x00
8362915,0x3E8,false,0,8,0x08,0x00,0x4F,0x00,0x07,0x00,0x00,0x00
8363046,0x3E8,false,0,8,0x09,0x00,0x00,0x00,0x00,0x00,0x00,0x00
8363178,0x3E8,false,0,8,0x0A,0x00,0x00,0x00,0x00,0x00,0x00,0x00
8363309,0x3E8,false,0,8,0x0B,0x00,0x00,0x00,0x00,0x00,0x00,0x00
8363441,0x3E8,false,0,8,0x0C,0x00,0x00,0x00,0x00,0x00,0x00,0x00
8363574,0x3E8,false,0,8,0x0D,0x00,0x00,0x00,0x05,0x00,0x10,0x00
8410655,0x3E8,false,0,8,0x00,0x00,0x00,0x00,0x66,0x00,0x65,0x00
8410873,0x44C,false,0,8,0x00,0x00,0x19,0x00,0x1A,0x00,0x00,0x00
8411003,0x3E8,false,0,8,0x01,0x00,0xF2,0x03,0x04,0x00,0x00,0x00
8411143,0x44C,false,0,8,0x01,0x00,0x01,0x00,0x00,0x00,0x00,0x00
8411284,0x3E8,false,0,8,0x02,0x00,0x00,0x00,0x00,0x00,0x54,0x00
8411415,0x3E8,false,0,8,0x03,0x00,0x4C,0x00,0x9F,0x04,0x00,0x00
8411549,0x3E8,false,0,8,0x04,0x00,0x00,0x00,0x90,0x01,0x9A,0x04
8411680,0x3E8,false,0,8,0x05,0x00,0x00,0x00,0x00,0x00,0x00,0x00
8411812,0x3E8,false,0,8,0x06,0x00,0x00,0x00,0x00,0x00,0x00,0x00
8411943,0x3E8,false,0,8,0x07,0x00,0x00,0x00,0x00,0x00,0x07,0x00
8412075,0x3E8,false,0,8,0x08,0x00,0x4F,0x00,0x07,0x00,0x00,0x00
8412206,0x3E8,false,0,8,0x09,0x00,0x00,0x00,0x00,0x00,0x00,0x00
8412338,0x3E8,false,0,8,0x0A,0x00,0x00,0x00,0x00,0x00,0x00,0x00
8412471,0x3E8,false,0,8,0x0B,0x00,0x00,0x00,0x00,0x00,0x00,0x00
8412607,0x3E8,false,0,8,0x0C,0x00,0x00,0x00,0x00,0x00,0x00,0x00
8412739,0x3E8,false,0,8,0x0D,0x00,0x00,0x00,0x05,0x00,0x10,0x00
8460674,0x3E8,false,0,8,0x00,0x00,0x00,0x00,0x66,0x00,0x65,0x00
8460929,0x44C,false,0,8,0x00,0x00,0x19,0x00,0x1A,0x00,0x00,0x00
8461072,0x3E8,false,0,8,0x01,0x00,0xF2,0x03,0x02,0x00,0x00,0x00
8461211,0x44C,false,0,8,0x01,0x00,0x01,0x00,0x00,0x00,0x00,0x00
8461354,0x3E8,false,0,8,0x02,0x00,0x00,0x00,0x00,0x00,0x54,0x00
8461485,0x3E8,false,0,8,0x03,0x00,0x4C,0x00,0x9F,0x04,0x00,0x00
8461615,0x3E8,false,0,8,0x04,0x00,0x00,0x00,0x90,0x01,0x9A,0x04
8461745,0x3E8,false,0,8,0x05,0x00,0x00,0x00,0x00,0x00,0x00,0x00
8473845,0x3E8,false,0,8,0x06,0x00,0x00,0x00,0x00,0x00,0x00,0x00
8473972,0x3E8,false,0,8,0x07,0x00,0x00,0x00,0x00,0x00,0x07,0x00
8474096,0x3E8,false,0,8,0x08,0x00,0x4F,0x00,0x07,0x00,0x00,0x00
8474221,0x3E8,false,0,8,0x09,0x00,0x00,0x00,0x00,0x00,0x00,0x00
8474345,0x3E8,false,0,8,0x0A,0x00,0x00,0x00,0x00,0x00,0x00,0x00
8474469,0x3E8,false,0,8,0x0B,0x00,0x00,0x00,0x00,0x00,0x00,0x00
8474593,0x3E8,false,0,8,0x0C,0x00,0x00,0x00,0x00,0x00,0x00,0x00
8474722,0x3E8,false,0,8,0x0D,0x00,0x00,0x00,0x05,0x00,0x10,0x00
8510647,0x44C,false,0,8,0x00,0x00,0x19,0x00,0x1A,0x00,0x00,0x00
8510828,0x3E8,false,0,8,0x00,0x00,0x00,0x00,0x66,0x00,0x65,0x00
8510963,0x44C,false,0,8,0x01,0x00,0x01,0x00,0x00,0x00,0x00,0x00
8511107,0x3E8,false,0,8,0x01,0x00,0xF2,0x03,0x02,0x00,0x00,0x00
8511243,0x3E8,false,0,8,0x02,0x00,0x00,0x00,0x00,0x00,0x54,0x00
8511377,0x3E8,false,0,8,0x03,0x00,0x4C,0x00,0x9F,0x04,0x00,0x00
8511529,0x3E8,false,0,8,0x04,0x00,0x00,0x00,0x90,0x01,0x9A,0x04
8511654,0x3E8,false,0,8,0x05,0x00,0x00,0x00,0x00,0x00,0x00,0x00
8511778,0x3E8,false,0,8,0x06,0x00,0x00,0x00,0x00,0x00,0x00,0x00
8511902,0x3E8,false,0,8,0x07,0x00,0x00,0x00,0x00,0x00,0x07,0x00
8512026,0x3E8,false,0,8,0x08,0x00,0x4F,0x00,0x07,0x00,0x00,0x00
8512150,0x3E8,false,0,8,0x09,0x00,0x00,0x00,0x00,0x00,0x00,0x00
8512274,0x3E8,false,0,8,0x0A,0x00,0x00,0x00,0x00,0x00,0x00,0x00
8512398,0x3E8,false,0,8,0x0B,0x00,0x00,0x00,0x00,0x00,0x00,0x00
8512523,0x3E8,false,0,8,0x0C,0x00,0x00,0x00,0x00,0x00,0x00,0x00
8512651,0x3E8,false,0,8,0x0D,0x00,0x00,0x00,0x05,0x00,0x10,0x00
8560651,0x3E8,false,0,8,0x00,0x00,0x00,0x00,0x66,0x00,0x65,0x00
8560825,0x44C,false,0,8,0x00,0x00,0x19,0x00,0x1A,0x00,0x00,0x00
8560949,0x3E8,false,0,8,0x01,0x00,0xF2,0x03,0x02,0x00,0x00,0x00
8561073,0x44C,false,0,8,0x01,0x00,0x01,0x00,0x00,0x00,0x00,0x00
8561210,0x3E8,false,0,8,0x02,0x00,0x00,0x00,0x00,0x00,0x54,0x00
8561345,0x3E8,false,0,8,0x03,0x00,0x4C,0x00,0x9F,0x04,0x00,0x00
8561469,0x3E8,false,0,8,0x04,0x00,0x00,0x00,0x90,0x01,0x9A,0x04
8561605,0x3E8,false,0,8,0x05,0x00,0x00,0x00,0x00,0x00,0x00,0x00
8561741,0x3E8,false,0,8,0x06,0x00,0x00,0x00,0x00,0x00,0x00,0x00
8561880,0x3E8,false,0,8,0x07,0x00,0x00,0x00,0x00,0x00,0x07,0x00
8562017,0x3E8,false,0,8,0x08,0x00,0x4F,0x00,0x07,0x00,0x00,0x00
8562154,0x3E8,false,0,8,0x09,0x00,0x00,0x00,0x00,0x00,0x00,0x00
8562290,0x3E8,false,0,8,0x0A,0x00,0x00,0x00,0x00,0x00,0x00,0x00
8562414,0x3E8,false,0,8,0x0B,0x00,0x00,0x00,0x00,0x00,0x00,0x00
8562538,0x3E8,false,0,8,0x0C,0x00,0x00,0x00,0x00,0x00,0x00,0x00
8562667,0x3E8,false,0,8,0x0D,0x00,0x00,0x00,0x05,0x00,0x10,0x00
8610659,0x3E8,false,0,8,0x00,0x00,0x00,0x00,0x66,0x00,0x65,0x00
8610858,0x44C,false,0,8,0x00,0x00,0x19,0x00,0x1A,0x00,0x00,0x00
8610995,0x3E8,false,0,8,0x01,0x00,0xF2,0x03,0x02,0x00,0x00,0x00
8611119,0x44C,false,0,8,0x01,0x00,0x01,0x00,0x00,0x00,0x00,0x00
8611258,0x3E8,false,0,8,0x02,0x00,0x00,0x00,0x00,0x00,0x54,0x00
8611394,0x3E8,false,0,8,0x03,0x00,0x4C,0x00,0x9F,0x04,0x00,0x00
8611529,0x3E8,false,0,8,0x04,0x00,0x00,0x00,0x90,0x01,0x9A,0x04
8611668,0x3E8,false,0,8,0x05,0x00,0x00,0x00,0x00,0x00,0x00,0x00
8611804,0x3E8,false,0,8,0x06,0x00,0x00,0x00,0x00,0x00,0x00,0x00
8611938,0x3E8,false,0,8,0x07,0x00,0x00,0x00,0x00,0x00,0x07,0x00
8612079,0x3E8,false,0,8,0x08,0x00,0x4F,0x00,0x07,0x00,0x00,0x00
8612203,0x3E8,false,0,8,0x09,0x00,0x00,0x00,0x00,0x00,0x00,0x00
8612327,0x3E8,false,0,8,0x0A,0x00,0x00,0x00,0x00,0x00,0x00,0x00
8612451,0x3E8,false,0,8,0x0B,0x00,0x00,0x00,0x00,0x00,0x00,0x00
8612575,0x3E8,false,0,8,0x0C,0x00,0x00,0x00,0x00,0x00,0x00,0x00
8612703,0x3E8,false,0,8,0x0D,0x00,0x00,0x00,0x05,0x00,0x10,0x00
8660670,0x3E8,false,0,8,0x00,0x00,0x00,0x00,0x66,0x00,0x65,0x00
8660905,0x44C,false,0,8,0x00,0x00,0x19,0x00,0x1A,0x00,0x00,0x00
8661032,0x3E8,false,0,8,0x01,0x00,0xF2,0x03,0x02,0x00,0x00,0x00
8661173,0x44C,false,0,8,0x01,0x00,0x01,0x00,0x00,0x00,0x00,0x00
8661318,0x3E8,false,0,8,0x02,0x00,0x00,0x00,0x00,0x00,0x54,0x00
8661463,0x3E8,false,0,8,0x03,0x00,0x4C,0x00,0x9F,0x04,0x00,0x00
8661606,0x3E8,false,0,8,0x04,0x00,0x00,0x00,0x90,0x01,0x9A,0x04
8661759,0x3E8,false,0,8,0x05,0x00,0x00,0x00,0x00,0x00,0x00,0x00
8673532,0x3E8,false,0,8,0x06,0x00,0x00,0x00,0x00,0x00,0x00,0x00
8673666,0x3E8,false,0,8,0x07,0x00,0x00,0x00,0x00,0x00,0x07,0x00
8673791,0x3E8,false,0,8,0x08,0x00,0x4F,0x00,0x07,0x00,0x00,0x00
8673915,0x3E8,false,0,8,0x09,0x00,0x00,0x00,0x00,0x00,0x00,0x00
8674039,0x3E8,false,0,8,0x0A,0x00,0x00,0x00,0x00,0x00,0x00,0x00
8674162,0x3E8,false,0,8,0x0B,0x00,0x00,0x00,0x00,0x00,0x00,0x00
8674286,0x3E8,false,0,8,0x0C,0x00,0x00,0x00,0x00,0x00,0x00,0x00
8674410,0x3E8,false,0,8,0x0D,0x00,0x00,0x00,0x05,0x00,0x10,0x00
8710681,0x3E8,false,0,8,0x00,0x00,0x00,0x00,0x66,0x00,0x65,0x00
8710927,0x44C,false,0,8,0x00,0x00,0x19,0x00,0x1A,0x00,0x00,0x00
8711051,0x3E8,false,0,8,0x01,0x00,0xF2,0x03,0x02,0x00,0x00,0x00
8711185,0x44C,false,0,8,0x01,0x00,0x01,0x00,0x00,0x00,0x00,0x00
8711309,0x3E8,false,0,8,0x02,0x00,0x00,0x00,0x00,0x00,0x54,0x00
8711447,0x3E8,false,0,8,0x03,0x00,0x4C,0x00,0x9F,0x04,0x00,0x00
8711583,0x3E8,false,0,8,0x04,0x00,0x00,0x00,0x90,0x01,0x9A,0x04
8711709,0x3E8,false,0,8,0x05,0x00,0x00,0x00,0x00,0x00,0x00,0x00
8711853,0x3E8,false,0,8,0x06,0x00,0x00,0x00,0x00,0x00,0x00,0x00
8711978,0x3E8,false,0,8,0x07,0x00,0x00,0x00,0x00,0x00,0x07,0x00
8712122,0x3E8,false,0,8,0x08,0x00,0x4F,0x00,0x07,0x00,0x00,0x00
8712246,0x3E8,false,0,8,0x09,0x00,0x00,0x00,0x00,0x00,0x00,0x00
8712381,0x3E8,false,0,8,0x0A,0x00,0x00,0x00,0x00,0x00,0x00,0x00
8712510,0x3E8,false,0,8,0x0B,0x00,0x00,0x00,0x00,0x00,0x00,0x00
8712638,0x3E8,false,0,8,0x0C,0x00,0x00,0x00,0x00,0x00,0x00,0x00
8712763,0x3E8,false,0,8,0x0D,0x00,0x00,0x00,0x05,0x00,0x10,0x00
8760701,0x44C,false,0,8,0x00,0x00,0x19,0x00,0x1A,0x00,0x00,0x00
8760973,0x3E8,false,0,8,0x00,0x00,0x00,0x00,0x66,0x00,0x65,0x00
8761112,0x44C,false,0,8,0x01,0x00,0x01,0x00,0x00,0x00,0x00,0x00
8761243,0x3E8,false,0,8,0x01,0x00,0xF2,0x03,0x02,0x00,0x00,0x00
8761376,0x3E8,false,0,8,0x02,0x00,0x00,0x00,0x00,0x00,0x54,0x00
8761506,0x3E8,false,0,8,0x03,0x00,0x4C,0x00,0x9F,0x04,0x00,0x00
8761634,0x3E8,false,0,8,0x04,0x00,0x00,0x00,0x90,0x01,0x9A,0x04
8761758,0x3E8,false,0,8,0x05,0x00,0x00,0x00,0x00,0x00,0x00,0x00
8764646,0x3E8,false,0,8,0x06,0x00,0x00,0x00,0x00,0x00,0x00,0x00
8764772,0x3E8,false,0,8,0x07,0x00,0x00,0x00,0x00,0x00,0x07,0x00
8764896,0x3E8,false,0,8,0x08,0x00,0x4F,0x00,0x07,0x00,0x00,0x00
8765020,0x3E8,false,0,8,0x09,0x00,0x00,0x00,0x00,0x00,0x00,0x00
8765144,0x3E8,false,0,8,0x0A,0x00,0x00,0x00,0x00,0x00,0x00,0x00
8765268,0x3E8,false,0,8,0x0B,0x00,0x00,0x00,0x00,0x00,0x00,0x00
8765392,0x3E8,false,0,8,0x0C,0x00,0x00,0x00,0x00,0x00,0x00,0x00
8765516,0x3E8,false,0,8,0x0D,0x00,0x00,0x00,0x05,0x00,0x10,0x00
8810662,0x3E8,false,0,8,0x00,0x00,0x00,0x00,0x66,0x00,0x65,0x00
8810900,0x44C,false,0,8,0x00,0x00,0x19,0x00,0x1A,0x00,0x00,0x00
8811040,0x3E8,false,0,8,0x01,0x00,0xF2,0x03,0x02,0x00,0x00,0x00
8811176,0x44C,false,0,8,0x01,0x00,0x01,0x00,0x00,0x00,0x00,0x00
8811312,0x3E8,false,0,8,0x02,0x00,0x00,0x00,0x00,0x00,0x54,0x00
8811447,0x3E8,false,0,8,0x03,0x00,0x4C,0x00,0x9F,0x04,0x00,0x00
8811582,0x3E8,false,0,8,0x04,0x00,0x00,0x00,0x90,0x01,0x9A,0x04
8811706,0x3E8,false,0,8,0x05,0x00,0x00,0x00,0x00,0x00,0x00,0x00
8811844,0x3E8,false,0,8,0x06,0x00,0x00,0x00,0x00,0x00,0x00,0x00
8812083,0x3E8,false,0,8,0x07,0x00,0x00,0x00,0x00,0x00,0x07,0x00
8812224,0x3E8,false,0,8,0x08,0x00,0x4F,0x00,0x07,0x00,0x00,0x00
8812361,0x3E8,false,0,8,0x09,0x00,0x00,0x00,0x00,0x00,0x00,0x00
8812497,0x3E8,false,0,8,0x0A,0x00,0x00,0x00,0x00,0x00,0x00,0x00
8812639,0x3E8,false,0,8,0x0B,0x00,0x00,0x00,0x00,0x00,0x00,0x00
8812777,0x3E8,false,0,8,0x0C,0x00,0x00,0x00,0x00,0x00,0x00,0x00
8812914,0x3E8,false,0,8,0x0D,0x00,0x00,0x00,0x05,0x00,0x10,0x00
8862656,0x3E8,false,0,8,0x00,0x00,0x00,0x00,0x66,0x00,0x65,0x00
8862830,0x44C,false,0,8,0x00,0x00,0x19,0x00,0x1A,0x00,0x00,0x00
8862965,0x3E8,false,0,8,0x01,0x00,0xF2,0x03,0x02,0x00,0x00,0x00
8863088,0x44C,false,0,8,0x01,0x00,0x01,0x00,0x00,0x00,0x00,0x00
8863212,0x3E8,false,0,8,0x02,0x00,0x00,0x00,0x00,0x00,0x54,0x00
8863336,0x3E8,false,0,8,0x03,0x00,0x4C,0x00,0x9F,0x04,0x00,0x00
8863460,0x3E8,false,0,8,0x04,0x00,0x00,0x00,0x90,0x01,0x9A,0x04
8863583,0x3E8,false,0,8,0x05,0x00,0x00,0x00,0x00,0x00,0x00,0x00
8876633,0x3E8,false,0,8,0x06,0x00,0x00,0x00,0x00,0x00,0x00,0x00
8876757,0x3E8,false,0,8,0x07,0x00,0x00,0x00,0x00,0x00,0x07,0x00
8876881,0x3E8,false,0,8,0x08,0x00,0x4F,0x00,0x07,0x00,0x00,0x00
8877005,0x3E8,false,0,8,0x09,0x00,0x00,0x00,0x00,0x00,0x00,0x00
8877128,0x3E8,false,0,8,0x0A,0x00,0x00,0x00,0x00,0x00,0x00,0x00
8877252,0x3E8,false,0,8,0x0B,0x00,0x00,0x00,0x00,0x00,0x00,0x00
8877376,0x3E8,false,0,8,0x0C,0x00,0x00,0x00,0x00,0x00,0x00,0x00
8877500,0x3E8,false,0,8,0x0D,0x00,0x00,0x00,0x05,0x00,0x10,0x00
8911052,0x3E8,false,0,8,0x00,0x00,0x00,0x00,0x66,0x00,0x65,0x00
8911290,0x44C,false,0,8,0x00,0x00,0x19,0x00,0x1A,0x00,0x00,0x00
8911427,0x3E8,false,0,8,0x01,0x00,0xF2,0x03,0x02,0x00,0x00,0x00
8911567,0x44C,false,0,8,0x01,0x00,0x01,0x00,0x00,0x00,0x00,0x00
8911704,0x3E8,false,0,8,0x02,0x00,0x00,0x00,0x00,0x00,0x54,0x00
8911838,0x3E8,false,0,8,0x03,0x00,0x4C,0x00,0x9F,0x04,0x00,0x00
8911961,0x3E8,false,0,8,0x04,0x00,0x00,0x00,0x90,0x01,0x9A,0x04
8912095,0x3E8,false,0,8,0x05,0x00,0x00,0x00,0x00,0x00,0x00,0x00
8912219,0x3E8,false,0,8,0x06,0x00,0x00,0x00,0x00,0x00,0x00,0x00
8912355,0x3E8,false,0,8,0x07,0x00,0x00,0x00,0x00,0x00,0x07,0x00
8912491,0x3E8,false,0,8,0x08,0x00,0x4F,0x00,0x07,0x00,0x00,0x00
8912634,0x3E8,false,0,8,0x09,0x00,0x00,0x00,0x00,0x00,0x00,0x00
8912769,0x3E8,false,0,8,0x0A,0x00,0x00,0x00,0x00,0x00,0x00,0x00
8912904,0x3E8,false,0,8,0x0B,0x00,0x00,0x00,0x00,0x00,0x00,0x00
8913040,0x3E8,false,0,8,0x0C,0x00,0x00,0x00,0x00,0x00,0x00,0x00
8913176,0x3E8,false,0,8,0x0D,0x00,0x00,0x00,0x05,0x00,0x10,0x00
8962660,0x3E8,false,0,8,0x00,0x00,0x00,0x00,0x66,0x00,0x65,0x00
8962894,0x44C,false,0,8,0x00,0x00,0x19,0x00,0x1A,0x00,0x00,0x00
8963032,0x3E8,false,0,8,0x01,0x00,0xF2,0x03,0x02,0x00,0x00,0x00
8963167,0x44C,false,0,8,0x01,0x00,0x01,0x00,0x00,0x00,0x00,0x00
8963302,0x3E8,false,0,8,0x02,0x00,0x00,0x00,0x00,0x00,0x54,0x00
8963436,0x3E8,false,0,8,0x03,0x00,0x4C,0x00,0x9F,0x04,0x00,0x00
8963569,0x3E8,false,0,8,0x04,0x00,0x00,0x00,0x90,0x01,0x9A,0x04
8963694,0x3E8,false,0,8,0x05,0x00,0x00,0x00,0x00,0x00,0x00,0x00
8963828,0x3E8,false,0,8,0x06,0x00,0x00,0x00,0x00,0x00,0x00,0x00
8963957,0x3E8,false,0,8,0x07,0x00,0x00,0x00,0x00,0x00,0x07,0x00
8964100,0x3E8,false,0,8,0x08,0x00,0x4F,0x00,0x07,0x00,0x00,0x00
8964230,0x3E8,false,0,8,0x09,0x00,0x00,0x00,0x00,0x00,0x00,0x00
8964361,0x3E8,false,0,8,0x0A,0x00,0x00,0x00,0x00,0x00,0x00,0x00
8964506,0x3E8,false,0,8,0x0B,0x00,0x00,0x00,0x00,0x00,0x00,0x00
8964674,0x3E8,false,0,8,0x0C,0x00,0x00,0x00,0x00,0x00,0x00,0x00
8964823,0x3E8,false,0,8,0x0D,0x00,0x00,0x00,0x05,0x00,0x10,0x00
9012728,0x3E8,false,0,8,0x00,0x00,0x00,0x00,0x66,0x00,0x65,0x00
9012967,0x44C,false,0,8,0x00,0x00,0x19,0x00,0x1A,0x00,0x00,0x00
9013100,0x3E8,false,0,8,0x01,0x00,0xF2,0x03,0x02,0x00,0x00,0x00
9013237,0x44C,false,0,8,0x01,0x00,0x01,0x00,0x00,0x00,0x00,0x00
9013372,0x3E8,false,0,8,0x02,0x00,0x00,0x00,0x00,0x00,0x54,0x00
9013511,0x3E8,false,0,8,0x03,0x00,0x4C,0x00,0x9F,0x04,0x00,0x00
9013645,0x3E8,false,0,8,0x04,0x00,0x00,0x00,0x90,0x01,0x9A,0x04
9013779,0x3E8,false,0,8,0x05,0x00,0x00,0x00,0x00,0x00,0x00,0x00
9013903,0x3E8,false,0,8,0x06,0x00,0x00,0x00,0x00,0x00,0x00,0x00
9014027,0x3E8,false,0,8,0x07,0x00,0x00,0x00,0x00,0x00,0x07,0x00
9014151,0x3E8,false,0,8,0x08,0x00,0x4F,0x00,0x07,0x00,0x00,0x00
9014275,0x3E8,false,0,8,0x09,0x00,0x00,0x00,0x00,0x00,0x00,0x00
9014399,0x3E8,false,0,8,0x0A,0x00,0x00,0x00,0x00,0x00,0x00,0x00
9014523,0x3E8,false,0,8,0x0B,0x00,0x00,0x00,0x00,0x00,0x00,0x00
9014651,0x3E8,false,0,8,0x0C,0x00,0x00,0x00,0x00,0x00,0x00,0x00
9014777,0x3E8,false,0,8,0x0D,0x00,0x00,0x00,0x05,0x00,0x10,0x00
9062660,0x3E8,false,0,8,0x00,0x00,0x00,0x00,0x66,0x00,0x65,0x00
9062912,0x44C,false,0,8,0x00,0x00,0x19,0x00,0x1A,0x00,0x00,0x00
9063049,0x3E8,false,0,8,0x01,0x00,0xF2,0x03,0x02,0x00,0x00,0x00
9063187,0x44C,false,0,8,0x01,0x00,0x01,0x00,0x00,0x00,0x00,0x00
9063325,0x3E8,false,0,8,0x02,0x00,0x00,0x00,0x00,0x00,0x54,0x00
9063465,0x3E8,false,0,8,0x03,0x00,0x4C,0x00,0x9F,0x04,0x00,0x00
9063604,0x3E8,false,0,8,0x04,0x00,0x00,0x00,0x90,0x01,0x9A,0x04
9063739,0x3E8,false,0,8,0x05,0x00,0x00,0x00,0x00,0x00,0x00,0x00
9077446,0x3E8,false,0,8,0x06,0x00,0x00,0x00,0x00,0x00,0x00,0x00
9077584,0x3E8,false,0,8,0x07,0x00,0x00,0x00,0x00,0x00,0x07,0x00
9077709,0x3E8,false,0,8,0x08,0x00,0x4F,0x00,0x07,0x00,0x00,0x00
9077834,0x3E8,false,0,8,0x09,0x00,0x00,0x00,0x00,0x00,0x00,0x00
9077958,0x3E8,false,0,8,0x0A,0x00,0x00,0x00,0x00,0x00,0x00,0x00
9078082,0x3E8,false,0,8,0x0B,0x00,0x00,0x00,0x00,0x00,0x00,0x00
9078206,0x3E8,false,0,8,0x0C,0x00,0x00,0x00,0x00,0x00,0x00,0x00
9078330,0x3E8,false,0,8,0x0D,0x00,0x00,0x00,0x05,0x00,0x10,0x00
9112659,0x3E8,false,0,8,0x00,0x00,0x00,0x00,0x66,0x00,0x65,0x00
9112886,0x44C,false,0,8,0x00,0x00,0x19,0x00,0x1A,0x00,0x00,0x00
9113009,0x3E8,false,0,8,0x01,0x00,0xF2,0x03,0x02,0x00,0x00,0x00
9113145,0x44C,false,0,8,0x01,0x00,0x01,0x00,0x00,0x00,0x00,0x00
9113280,0x3E8,false,0,8,0x02,0x00,0x00,0x00,0x00,0x00,0x54,0x00
9113414,0x3E8,false,0,8,0x03,0x00,0x4C,0x00,0x9F,0x04,0x00,0x00
9113550,0x3E8,false,0,8,0x04,0x00,0x00,0x00,0x90,0x01,0x9A,0x04
9113686,0x3E8,false,0,8,0x05,0x00,0x00,0x00,0x00,0x00,0x00,0x00
9113820,0x3E8,false,0,8,0x06,0x00,0x00,0x00,0x00,0x00,0x00,0x00
9113956,0x3E8,false,0,8,0x07,0x00,0x00,0x00,0x00,0x00,0x07,0x00
9114079,0x3E8,false,0,8,0x08,0x00,0x4F,0x00,0x07,0x00,0x00,0x00
9114203,0x3E8,false,0,8,0x09,0x00,0x00,0x00,0x00,0x00,0x00,0x00
9114327,0x3E8,false,0,8,0x0A,0x00,0x00,0x00,0x00,0x00,0x00,0x00
9114451,0x3E8,false,0,8,0x0B,0x00,0x00,0x00,0x00,0x00,0x00,0x00
9114574,0x3E8,false,0,8,0x0C,0x00,0x00,0x00,0x00,0x00,0x00,0x00
9114703,0x3E8,false,0,8,0x0D,0x00,0x00,0x00,0x05,0x00,0x10,0x00
9162669,0x3E8,false,0,8,0x00,0x00,0x00,0x00,0x66,0x00,0x65,0x00
9162888,0x44C,false,0,8,0x00,0x00,0x19,0x00,0x1A,0x00,0x00,0x00
9163012,0x3E8,false,0,8,0x01,0x00,0xF2,0x03,0x02,0x00,0x00,0x00
9163135,0x44C,false,0,8,0x01,0x00,0x01,0x00,0x00,0x00,0x00,0x00
9163259,0x3E8,false,0,8,0x02,0x00,0x00,0x00,0x00,0x00,0x54,0x00
9163383,0x3E8,false,0,8,0x03,0x00,0x4C,0x00,0x9F,0x04,0x00,0x00
9163506,0x3E8,false,0,8,0x04,0x00,0x00,0x00,0x90,0x01,0x9A,0x04
9163630,0x3E8,false,0,8,0x05,0x00,0x00,0x00,0x00,0x00,0x00,0x00
9163766,0x3E8,false,0,8,0x06,0x00,0x00,0x00,0x00,0x00,0x00,0x00
9163901,0x3E8,false,0,8,0x07,0x00,0x00,0x00,0x00,0x00,0x07,0x00
9164037,0x3E8,false,0,8,0x08,0x00,0x4F,0x00,0x07,0x00,0x00,0x00
9164173,0x3E8,false,0,8,0x09,0x00,0x00,0x00,0x00,0x00,0x00,0x00
9164308,0x3E8,false,0,8,0x0A,0x00,0x00,0x00,0x00,0x00,0x00,0x00
9164444,0x3E8,false,0,8,0x0B,0x00,0x00,0x00,0x00,0x00,0x00,0x00
9164580,0x3E8,false,0,8,0x0C,0x00,0x00,0x00,0x00,0x00,0x00,0x00
9166644,0x3E8,false,0,8,0x0D,0x00,0x00,0x00,0x05,0x00,0x10,0x00
9212764,0x3E8,false,0,8,0x00,0x00,0x00,0x00,0x66,0x00,0x65,0x00
9213014,0x44C,false,0,8,0x00,0x00,0x19,0x00,0x1A,0x00,0x00,0x00
9213153,0x3E8,false,0,8,0x01,0x00,0xF2,0x03,0x02,0x00,0x00,0x00
9213288,0x44C,false,0,8,0x01,0x00,0x01,0x00,0x00,0x00,0x00,0x00
9213429,0x3E8,false,0,8,0x02,0x00,0x00,0x00,0x00,0x00,0x54,0x00
9213572,0x3E8,false,0,8,0x03,0x00,0x4C,0x00,0x9F,0x04,0x00,0x00
9213723,0x3E8,false,0,8,0x04,0x00,0x00,0x00,0x90,0x01,0x9A,0x04
9213872,0x3E8,false,0,8,0x05,0x00,0x00,0x00,0x00,0x00,0x00,0x00
9214016,0x3E8,false,0,8,0x06,0x00,0x00,0x00,0x00,0x00,0x00,0x00
9214162,0x3E8,false,0,8,0x07,0x00,0x00,0x00,0x00,0x00,0x07,0x00
9214299,0x3E8,false,0,8,0x08,0x00,0x4F,0x00,0x07,0x00,0x00,0x00
9214437,0x3E8,false,0,8,0x09,0x00,0x00,0x00,0x00,0x00,0x00,0x00
9214574,0x3E8,false,0,8,0x0A,0x00,0x00,0x00,0x00,0x00,0x00,0x00
9214703,0x3E8,false,0,8,0x0B,0x00,0x00,0x00,0x00,0x00,0x00,0x00
9214827,0x3E8,false,0,8,0x0C,0x00,0x00,0x00,0x00,0x00,0x00,0x00
9214964,0x3E8,false,0,8,0x0D,0x00,0x00,0x00,0x05,0x00,0x10,0x00
9262665,0x3E8,false,0,8,0x00,0x00,0x00,0x00,0x66,0x00,0x65,0x00
9262910,0x44C,false,0,8,0x00,0x00,0x19,0x00,0x1A,0x00,0x00,0x00
9263047,0x3E8,false,0,8,0x01,0x00,0xF2,0x03,0x02,0x00,0x00,0x00
9263183,0x44C,false,0,8,0x01,0x00,0x01,0x00,0x00,0x00,0x00,0x00
9263318,0x3E8,false,0,8,0x02,0x00,0x00,0x00,0x00,0x00,0x54,0x00
9263442,0x3E8,false,0,8,0x03,0x00,0x4C,0x00,0x9F,0x04,0x00,0x00
9263578,0x3E8,false,0,8,0x04,0x00,0x00,0x00,0x90,0x01,0x9A,0x04
9263717,0x3E8,false,0,8,0x05,0x00,0x00,0x00,0x00,0x00,0x00,0x00
9275492,0x3E8,false,0,8,0x06,0x00,0x00,0x00,0x00,0x00,0x00,0x00
9275622,0x3E8,false,0,8,0x07,0x00,0x00,0x00,0x00,0x00,0x07,0x00
9275748,0x3E8,false,0,8,0x08,0x00,0x4F,0x00,0x07,0x00,0x00,0x00
9275872,0x3E8,false,0,8,0x09,0x00,0x00,0x00,0x00,0x00,0x00,0x00
9275996,0x3E8,false,0,8,0x0A,0x00,0x00,0x00,0x00,0x00,0x00,0x00
9276120,0x3E8,false,0,8,0x0B,0x00,0x00,0x00,0x00,0x00,0x00,0x00
9276243,0x3E8,false,0,8,0x0C,0x00,0x00,0x00,0x00,0x00,0x00,0x00
9276367,0x3E8,false,0,8,0x0D,0x00,0x00,0x00,0x05,0x00,0x10,0x00
9312660,0x3E8,false,0,8,0x00,0x00,0x00,0x00,0x66,0x00,0x65,0x00
9312904,0x44C,false,0,8,0x00,0x00,0x19,0x00,0x1A,0x00,0x00,0x00
9313040,0x3E8,false,0,8,0x01,0x00,0xF2,0x03,0x02,0x00,0x00,0x00
9313177,0x44C,false,0,8,0x01,0x00,0x01,0x00,0x00,0x00,0x00,0x00
9313313,0x3E8,false,0,8,0x02,0x00,0x00,0x00,0x00,0x00,0x54,0x00
9313448,0x3E8,false,0,8,0x03,0x00,0x4C,0x00,0x9F,0x04,0x00,0x00
9313571,0x3E8,false,0,8,0x04,0x00,0x00,0x00,0x90,0x01,0x9A,0x04
9313707,0x3E8,false,0,8,0x05,0x00,0x00,0x00,0x00,0x00,0x00,0x00
9313831,0x3E8,false,0,8,0x06,0x00,0x00,0x00,0x00,0x00,0x00,0x00
9313967,0x3E8,false,0,8,0x07,0x00,0x00,0x00,0x00,0x00,0x07,0x00
9314103,0x3E8,false,0,8,0x08,0x00,0x4F,0x00,0x07,0x00,0x00,0x00
9314238,0x3E8,false,0,8,0x09,0x00,0x00,0x00,0x00,0x00,0x00,0x00
9314373,0x3E8,false,0,8,0x0A,0x00,0x00,0x00,0x00,0x00,0x00,0x00
9314509,0x3E8,false,0,8,0x0B,0x00,0x00,0x00,0x00,0x00,0x00,0x00
9314651,0x3E8,false,0,8,0x0C,0x00,0x00,0x00,0x00,0x00,0x00,0x00
9314788,0x3E8,false,0,8,0x0D,0x00,0x00,0x00,0x05,0x00,0x10,0x00
9362672,0x3E8,false,0,8,0x00,0x00,0x00,0x00,0x66,0x00,0x65,0x00
9362913,0x44C,false,0,8,0x00,0x00,0x19,0x00,0x1A,0x00,0x00,0x00
9363047,0x3E8,false,0,8,0x01,0x00,0xF2,0x03,0x02,0x00,0x00,0x00
9363184,0x44C,false,0,8,0x01,0x00,0x01,0x00,0x00,0x00,0x00,0x00
9363320,0x3E8,false,0,8,0x02,0x00,0x00,0x00,0x00,0x00,0x54,0x00
9363465,0x3E8,false,0,8,0x03,0x00,0x4C,0x00,0x9F,0x04,0x00,0x00
9363590,0x3E8,false,0,8,0x04,0x00,0x00,0x00,0x90,0x01,0x9A,0x04
9363714,0x3E8,false,0,8,0x05,0x00,0x00,0x00,0x00,0x00,0x00,0x00
9366645,0x3E8,false,0,8,0x06,0x00,0x00,0x00,0x00,0x00,0x00,0x00
9366769,0x3E8,false,0,8,0x07,0x00,0x00,0x00,0x00,0x00,0x07,0x00
9366894,0x3E8,false,0,8,0x08,0x00,0x4F,0x00,0x07,0x00,0x00,0x00
9367020,0x3E8,false,0,8,0x09,0x00,0x00,0x00,0x00,0x00,0x00,0x00
9367145,0x3E8,false,0,8,0x0A,0x00,0x00,0x00,0x00,0x00,0x00,0x00
9367270,0x3E8,false,0,8,0x0B,0x00,0x00,0x00,0x00,0x00,0x00,0x00
9367394,0x3E8,false,0,8,0x0C,0x00,0x00,0x00,0x00,0x00,0x00,0x00
9367520,0x3E8,false,0,8,0x0D,0x00,0x00,0x00,0x05,0x00,0x10,0x00
9414670,0x3E8,false,0,8,0x00,0x00,0x00,0x00,0x66,0x00,0x65,0x00
9414922,0x44C,false,0,8,0x00,0x00,0x19,0x00,0x1A,0x00,0x00,0x00
9415057,0x3E8,false,0,8,0x01,0x00,0xF2,0x03,0x02,0x00,0x00,0x00
9415193,0x44C,false,0,8,0x01,0x00,0x01,0x00,0x00,0x00,0x00,0x00
9415331,0x3E8,false,0,8,0x02,0x00,0x00,0x00,0x00,0x00,0x54,0x00
9415455,0x3E8,false,0,8,0x03,0x00,0x4C,0x00,0x9F,0x04,0x00,0x00
9415578,0x3E8,false,0,8,0x04,0x00,0x00,0x00,0x90,0x01,0x9A,0x04
9415705,0x3E8,false,0,8,0x05,0x00,0x00,0x00,0x00,0x00,0x00,0x00
9415829,0x3E8,false,0,8,0x06,0x00,0x00,0x00,0x00,0x00,0x00,0x00
9415953,0x3E8,false,0,8,0x07,0x00,0x00,0x00,0x00,0x00,0x07,0x00
9416077,0x3E8,false,0,8,0x08,0x00,0x4F,0x00,0x07,0x00,0x00,0x00
9425389,0x3E8,false,0,8,0x09,0x00,0x00,0x00,0x00,0x00,0x00,0x00
9425513,0x3E8,false,0,8,0x0A,0x00,0x00,0x00,0x00,0x00,0x00,0x00
9425643,0x3E8,false,0,8,0x0B,0x00,0x00,0x00,0x00,0x00,0x00,0x00
9425767,0x3E8,false,0,8,0x0C,0x00,0x00,0x00,0x00,0x00,0x00,0x00
9425891,0x3E8,false,0,8,0x0D,0x00,0x00,0x00,0x05,0x00,0x10,0x00
9464663,0x3E8,false,0,8,0x00,0x00,0x00,0x00,0x66,0x00,0x65,0x00
9464908,0x44C,false,0,8,0x00,0x00,0x19,0x00,0x1A,0x00,0x00,0x00
9465042,0x3E8,false,0,8,0x01,0x00,0xF2,0x03,0x02,0x00,0x00,0x00
9465177,0x44C,false,0,8,0x01,0x00,0x01,0x00,0x00,0x00,0x00,0x00
9465310,0x3E8,false,0,8,0x02,0x00,0x00,0x00,0x00,0x00,0x54,0x00
9465434,0x3E8,false,0,8,0x03,0x00,0x4C,0x00,0x9F,0x04,0x00,0x00
9465557,0x3E8,false,0,8,0x04,0x00,0x00,0x00,0x90,0x01,0x9A,0x04
9465684,0x3E8,false,0,8,0x05,0x00,0x00,0x00,0x00,0x00,0x00,0x00
9465808,0x3E8,false,0,8,0x06,0x00,0x00,0x00,0x00,0x00,0x00,0x00
9465932,0x3E8,false,0,8,0x07,0x00,0x00,0x00,0x00,0x00,0x07,0x00
9466056,0x3E8,false,0,8,0x08,0x00,0x4F,0x00,0x07,0x00,0x00,0x00
9466179,0x3E8,false,0,8,0x09,0x00,0x00,0x00,0x00,0x00,0x00,0x00
9466303,0x3E8,false,0,8,0x0A,0x00,0x00,0x00,0x00,0x00,0x00,0x00
9466427,0x3E8,false,0,8,0x0B,0x00,0x00,0x00,0x00,0x00,0x00,0x00
9466551,0x3E8,false,0,8,0x0C,0x00,0x00,0x00,0x00,0x00,0x00,0x00
9466679,0x3E8,false,0,8,0x0D,0x00,0x00,0x00,0x05,0x00,0x10,0x00
9514660,0x3E8,false,0,8,0x00,0x00,0x00,0x00,0x66,0x00,0x65,0x00
9514897,0x44C,false,0,8,0x00,0x00,0x19,0x00,0x1A,0x00,0x00,0x00
9515031,0x3E8,false,0,8,0x01,0x00,0xF2,0x03,0x02,0x00,0x00,0x00
9515166,0x44C,false,0,8,0x01,0x00,0x01,0x00,0x00,0x00,0x00,0x00
9515302,0x3E8,false,0,8,0x02,0x00,0x00,0x00,0x00,0x00,0x54,0x00
9515436,0x3E8,false,0,8,0x03,0x00,0x4C,0x00,0x9F,0x04,0x00,0x00
9515571,0x3E8,false,0,8,0x04,0x00,0x00,0x00,0x90,0x01,0x9A,0x04
9515695,0x3E8,false,0,8,0x05,0x00,0x00,0x00,0x00,0x00,0x00,0x00
9515818,0x3E8,false,0,8,0x06,0x00,0x00,0x00,0x00,0x00,0x00,0x00
9515943,0x3E8,false,0,8,0x07,0x00,0x00,0x00,0x00,0x00,0x07,0x00
9516067,0x3E8,false,0,8,0x08,0x00,0x4F,0x00,0x07,0x00,0x00,0x00
9516190,0x3E8,false,0,8,0x09,0x00,0x00,0x00,0x00,0x00,0x00,0x00
9516314,0x3E8,false,0,8,0x0A,0x00,0x00,0x00,0x00,0x00,0x00,0x00
9516439,0x3E8,false,0,8,0x0B,0x00,0x00,0x00,0x00,0x00,0x00,0x00
9516563,0x3E8,false,0,8,0x0C,0x00,0x00,0x00,0x00,0x00,0x00,0x00
9516692,0x3E8,false,0,8,0x0D,0x00,0x00,0x00,0x05,0x00,0x10,0x00
9564659,0x3E8,false,0,8,0x00,0x00,0x00,0x00,0x66,0x00,0x65,0x00
9564865,0x44C,false,0,8,0x00,0x00,0x19,0x00,0x1A,0x00,0x00,0x00
9564988,0x3E8,false,0,8,0x01,0x00,0xF2,0x03,0x02,0x00,0x00,0x00
9565112,0x44C,false,0,8,0x01,0x00,0x01,0x00,0x00,0x00,0x00,0x00
9565236,0x3E8,false,0,8,0x02,0x00,0x00,0x00,0x00,0x00,0x54,0x00
9565373,0x3E8,false,0,8,0x03,0x00,0x4C,0x00,0x9F,0x04,0x00,0x00
9565508,0x3E8,false,0,8,0x04,0x00,0x00,0x00,0x90,0x01,0x9A,0x04
9565643,0x3E8,false,0,8,0x05,0x00,0x00,0x00,0x00,0x00,0x00,0x00
9565779,0x3E8,false,0,8,0x06,0x00,0x00,0x00,0x00,0x00,0x00,0x00
9565916,0x3E8,false,0,8,0x07,0x00,0x00,0x00,0x00,0x00,0x07,0x00
9566051,0x3E8,false,0,8,0x08,0x00,0x4F,0x00,0x07,0x00,0x00,0x00
9566186,0x3E8,false,0,8,0x09,0x00,0x00,0x00,0x00,0x00,0x00,0x00
9566325,0x3E8,false,0,8,0x0A,0x00,0x00,0x00,0x00,0x00,0x00,0x00
9566450,0x3E8,false,0,8,0x0B,0x00,0x00,0x00,0x00,0x00,0x00,0x00
9566574,0x3E8,false,0,8,0x0C,0x00,0x00,0x00,0x00,0x00,0x00,0x00
9566702,0x3E8,false,0,8,0x0D,0x00,0x00,0x00,0x05,0x00,0x10,0x00
9614669,0x3E8,false,0,8,0x00,0x00,0x00,0x00,0x66,0x00,0x65,0x00
9614914,0x44C,false,0,8,0x00,0x00,0x19,0x00,0x1A,0x00,0x00,0x00
9615038,0x3E8,false,0,8,0x01,0x00,0xF2,0x03,0x02,0x00,0x00,0x00
9615161,0x44C,false,0,8,0x01,0x00,0x01,0x00,0x00,0x00,0x00,0x00
9615301,0x3E8,false,0,8,0x02,0x00,0x00,0x00,0x00,0x00,0x54,0x00
9615437,0x3E8,false,0,8,0x03,0x00,0x4C,0x00,0x9F,0x04,0x00,0x00
9615573,0x3E8,false,0,8,0x04,0x00,0x00,0x00,0x90,0x01,0x9A,0x04
9615709,0x3E8,false,0,8,0x05,0x00,0x00,0x00,0x00,0x00,0x00,0x00
9615847,0x3E8,false,0,8,0x06,0x00,0x00,0x00,0x00,0x00,0x00,0x00
9615983,0x3E8,false,0,8,0x07,0x00,0x00,0x00,0x00,0x00,0x07,0x00
9616120,0x3E8,false,0,8,0x08,0x00,0x4F,0x00,0x07,0x00,0x00,0x00
9616243,0x3E8,false,0,8,0x09,0x00,0x00,0x00,0x00,0x00,0x00,0x00
9644415,0x3E8,false,0,8,0x0A,0x00,0x00,0x00,0x00,0x00,0x00,0x00
9644544,0x3E8,false,0,8,0x0B,0x00,0x00,0x00,0x00,0x00,0x00,0x00
9644673,0x3E8,false,0,8,0x0C,0x00,0x00,0x00,0x00,0x00,0x00,0x00
9644797,0x3E8,false,0,8,0x0D,0x00,0x00,0x00,0x05,0x00,0x10,0x00
9664664,0x3E8,false,0,8,0x00,0x00,0x00,0x00,0x66,0x00,0x65,0x00
9664930,0x44C,false,0,8,0x00,0x00,0x19,0x00,0x1A,0x00,0x00,0x00
9665064,0x3E8,false,0,8,0x01,0x00,0xF2,0x03,0x02,0x00,0x00,0x00
9665205,0x44C,false,0,8,0x01,0x00,0x01,0x00,0x00,0x00,0x00,0x00
9665345,0x3E8,false,0,8,0x02,0x00,0x00,0x00,0x00,0x00,0x54,0x00
9665485,0x3E8,false,0,8,0x03,0x00,0x4C,0x00,0x9F,0x04,0x00,0x00
9665623,0x3E8,false,0,8,0x04,0x00,0x00,0x00,0x90,0x01,0x9A,0x04
9665760,0x3E8,false,0,8,0x05,0x00,0x00,0x00,0x00,0x00,0x00,0x00
9665898,0x3E8,false,0,8,0x06,0x00,0x00,0x00,0x00,0x00,0x00,0x00
9666033,0x3E8,false,0,8,0x07,0x00,0x00,0x00,0x00,0x00,0x07,0x00
9666169,0x3E8,false,0,8,0x08,0x00,0x4F,0x00,0x07,0x00,0x00,0x00
9666292,0x3E8,false,0,8,0x09,0x00,0x00,0x00,0x00,0x00,0x00,0x00
9666416,0x3E8,false,0,8,0x0A,0x00,0x00,0x00,0x00,0x00,0x00,0x00
9666540,0x3E8,false,0,8,0x0B,0x00,0x00,0x00,0x00,0x00,0x00,0x00
9666668,0x3E8,false,0,8,0x0C,0x00,0x00,0x00,0x00,0x00,0x00,0x00
9666792,0x3E8,false,0,8,0x0D,0x00,0x00,0x00,0x05,0x00,0x10,0x00
9714672,0x3E8,false,0,8,0x00,0x00,0x00,0x00,0x66,0x00,0x65,0x00
9714927,0x44C,false,0,8,0x00,0x00,0x19,0x00,0x1A,0x00,0x00,0x00
9715068,0x3E8,false,0,8,0x01,0x00,0xF2,0x03,0x41,0x00,0x00,0x00
9715192,0x44C,false,0,8,0x01,0x00,0x01,0x00,0x00,0x00,0x00,0x00
9715331,0x3E8,false,0,8,0x02,0x00,0x00,0x00,0x00,0x00,0x54,0x00
9715455,0x3E8,false,0,8,0x03,0x00,0x4C,0x00,0x9F,0x04,0x00,0x00
9715594,0x3E8,false,0,8,0x04,0x00,0x00,0x00,0x90,0x01,0x9A,0x04
9715730,0x3E8,false,0,8,0x05,0x00,0x00,0x00,0x00,0x00,0x00,0x00
9715865,0x3E8,false,0,8,0x06,0x00,0x00,0x00,0x00,0x00,0x00,0x00
9716000,0x3E8,false,0,8,0x07,0x00,0x00,0x00,0x00,0x00,0x07,0x00
9716146,0x3E8,false,0,8,0x08,0x00,0x4F,0x00,0x07,0x00,0x00,0x00
9716280,0x3E8,false,0,8,0x09,0x00,0x00,0x00,0x00,0x00,0x00,0x00
9716416,0x3E8,false,0,8,0x0A,0x00,0x00,0x00,0x00,0x00,0x00,0x00
9716540,0x3E8,false,0,8,0x0B,0x00,0x00,0x00,0x00,0x00,0x00,0x00
9716669,0x3E8,false,0,8,0x0C,0x00,0x00,0x00,0x00,0x00,0x00,0x00
9716793,0x3E8,false,0,8,0x0D,0x00,0x00,0x00,0x05,0x00,0x10,0x00
9764651,0x3E8,false,0,8,0x00,0x00,0x00,0x00,0x66,0x00,0x65,0x00
9764832,0x44C,false,0,8,0x00,0x00,0x19,0x00,0x1A,0x00,0x00,0x00
9764965,0x3E8,false,0,8,0x01,0x00,0xF2,0x03,0xFE,0x00,0x00,0x00
9765104,0x44C,false,0,8,0x01,0x00,0x01,0x00,0x00,0x00,0x00,0x00
9765228,0x3E8,false,0,8,0x02,0x00,0x00,0x00,0x00,0x00,0x54,0x00
9765352,0x3E8,false,0,8,0x03,0x00,0x4C,0x00,0x9F,0x04,0x00,0x00
9765476,0x3E8,false,0,8,0x04,0x00,0x00,0x00,0x90,0x01,0x9A,0x04
9765602,0x3E8,false,0,8,0x05,0x00,0x00,0x00,0x00,0x00,0x00,0x00
9768644,0x3E8,false,0,8,0x06,0x00,0x00,0x00,0x00,0x00,0x00,0x00
9768769,0x3E8,false,0,8,0x07,0x00,0x00,0x00,0x00,0x00,0x07,0x00
9768893,0x3E8,false,0,8,0x08,0x00,0x4F,0x00,0x07,0x00,0x00,0x00
9769017,0x3E8,false,0,8,0x09,0x00,0x00,0x00,0x00,0x00,0x00,0x00
9769141,0x3E8,false,0,8,0x0A,0x00,0x00,0x00,0x00,0x00,0x00,0x00
9769265,0x3E8,false,0,8,0x0B,0x00,0x00,0x00,0x00,0x00,0x00,0x00
9769389,0x3E8,false,0,8,0x0C,0x00,0x00,0x00,0x00,0x00,0x00,0x00
9769513,0x3E8,false,0,8,0x0D,0x00,0x00,0x00,0x05,0x00,0x10,0x00
9814681,0x3E8,false,0,8,0x00,0x00,0x00,0x00,0x66,0x00,0x65,0x00
9814929,0x44C,false,0,8,0x00,0x00,0x19,0x00,0x1A,0x00,0x00,0x00
9815072,0x3E8,false,0,8,0x01,0x00,0xF2,0x03,0xAD,0x01,0x00,0x00
9815207,0x44C,false,0,8,0x01,0x00,0x01,0x00,0x00,0x00,0x00,0x00
9815351,0x3E8,false,0,8,0x02,0x00,0x00,0x00,0x00,0x00,0x54,0x00
9815487,0x3E8,false,0,8,0x03,0x00,0x4C,0x00,0x9F,0x04,0x00,0x00
9815624,0x3E8,false,0,8,0x04,0x00,0x00,0x00,0x90,0x01,0x9A,0x04
9815748,0x3E8,false,0,8,0x05,0x00,0x00,0x00,0x00,0x00,0x00,0x00
9815884,0x3E8,false,0,8,0x06,0x00,0x00,0x00,0x00,0x00,0x00,0x00
9816170,0x3E8,false,0,8,0x07,0x00,0x00,0x00,0x00,0x00,0x07,0x00
9816313,0x3E8,false,0,8,0x08,0x00,0x4F,0x00,0x07,0x00,0x00,0x00
9816448,0x3E8,false,0,8,0x09,0x00,0x00,0x00,0x00,0x00,0x00,0x00
9830221,0x3E8,false,0,8,0x0A,0x00,0x00,0x00,0x00,0x00,0x00,0x00
9830352,0x3E8,false,0,8,0x0B,0x00,0x00,0x00,0x00,0x00,0x00,0x00
9830475,0x3E8,false,0,8,0x0C,0x00,0x00,0x00,0x00,0x00,0x00,0x00
9830604,0x3E8,false,0,8,0x0D,0x00,0x00,0x00,0x05,0x00,0x10,0x00
9865039,0x3E8,false,0,8,0x00,0x00,0x00,0x00,0x66,0x00,0x65,0x00
9865299,0x44C,false,0,8,0x00,0x00,0x19,0x00,0x1A,0x00,0x00,0x00
9865433,0x3E8,false,0,8,0x01,0x00,0xF2,0x03,0x4A,0x02,0x00,0x00
9865569,0x44C,false,0,8,0x01,0x00,0x01,0x00,0x00,0x00,0x00,0x00
9865708,0x3E8,false,0,8,0x02,0x00,0x00,0x00,0x00,0x00,0x54,0x00
9865835,0x3E8,false,0,8,0x03,0x00,0x4C,0x00,0x9F,0x04,0x00,0x00
9865972,0x3E8,false,0,8,0x04,0x00,0x00,0x00,0x90,0x01,0x9A,0x04
9866107,0x3E8,false,0,8,0x05,0x00,0x00,0x00,0x00,0x00,0x00,0x00
9866243,0x3E8,false,0,8,0x06,0x00,0x00,0x00,0x00,0x00,0x00,0x00
9866382,0x3E8,false,0,8,0x07,0x00,0x00,0x00,0x00,0x00,0x07,0x00
9866517,0x3E8,false,0,8,0x08,0x00,0x4F,0x00,0x07,0x00,0x00,0x00
9866657,0x3E8,false,0,8,0x09,0x00,0x00,0x00,0x00,0x00,0x00,0x00
9866792,0x3E8,false,0,8,0x0A,0x00,0x00,0x00,0x00,0x00,0x00,0x00
9866926,0x3E8,false,0,8,0x0B,0x00,0x00,0x00,0x00,0x00,0x00,0x00
9867050,0x3E8,false,0,8,0x0C,0x00,0x00,0x00,0x00,0x00,0x00,0x00
9867174,0x3E8,false,0,8,0x0D,0x00,0x00,0x00,0x05,0x00,0x10,0x00
9916669,0x3E8,false,0,8,0x00,0x00,0x00,0x00,0x66,0x00,0x65,0x00
9916905,0x44C,false,0,8,0x00,0x00,0x19,0x00,0x1A,0x00,0x00,0x00
9917043,0x3E8,false,0,8,0x01,0x00,0xF2,0x03,0xEC,0x02,0x00,0x00
9917178,0x44C,false,0,8,0x01,0x00,0x01,0x00,0x00,0x00,0x00,0x00
9917302,0x3E8,false,0,8,0x02,0x00,0x00,0x00,0x00,0x00,0x54,0x00
9917426,0x3E8,false,0,8,0x03,0x00,0x4C,0x00,0x9F,0x04,0x00,0x00
9917549,0x3E8,false,0,8,0x04,0x00,0x00,0x00,0x90,0x01,0x9A,0x04
9917674,0x3E8,false,0,8,0x05,0x00,0x00,0x00,0x00,0x00,0x00,0x00
9917798,0x3E8,false,0,8,0x06,0x00,0x00,0x00,0x00,0x00,0x00,0x00
9917922,0x3E8,false,0,8,0x07,0x00,0x00,0x00,0x00,0x00,0x07,0x00
9918046,0x3E8,false,0,8,0x08,0x00,0x4F,0x00,0x07,0x00,0x00,0x00
9918170,0x3E8,false,0,8,0x09,0x00,0x00,0x00,0x00,0x00,0x00,0x00
9918294,0x3E8,false,0,8,0x0A,0x00,0x00,0x00,0x00,0x00,0x00,0x00
9918418,0x3E8,false,0,8,0x0B,0x00,0x00,0x00,0x00,0x00,0x00,0x00
9918542,0x3E8,false,0,8,0x0C,0x00,0x00,0x00,0x00,0x00,0x00,0x00
9918671,0x3E8,false,0,8,0x0D,0x00,0x00,0x00,0x05,0x00,0x10,0x00
9966662,0x3E8,false,0,8,0x00,0x00,0x00,0x00,0x66,0x00,0x65,0x00
9966895,0x44C,false,0,8,0x00,0x00,0x19,0x00,0x1A,0x00,0x00,0x00
9967019,0x3E8,false,0,8,0x01,0x00,0xF2,0x03,0x5C,0x03,0x00,0x00
9967153,0x44C,false,0,8,0x01,0x00,0x01,0x00,0x00,0x00,0x00,0x00
9967287,0x3E8,false,0,8,0x02,0x00,0x00,0x00,0x00,0x00,0x54,0x00
9967426,0x3E8,false,0,8,0x03,0x00,0x4C,0x00,0x9F,0x04,0x00,0x00
9967563,0x3E8,false,0,8,0x04,0x00,0x00,0x00,0x90,0x01,0x9A,0x04
9967700,0x3E8,false,0,8,0x05,0x00,0x00,0x00,0x00,0x00,0x00,0x00
9967837,0x3E8,false,0,8,0x06,0x00,0x00,0x00,0x00,0x00,0x00,0x00
9967974,0x3E8,false,0,8,0x07,0x00,0x00,0x00,0x00,0x00,0x07,0x00
9968098,0x3E8,false,0,8,0x08,0x00,0x4F,0x00,0x07,0x00,0x00,0x00
9968221,0x3E8,false,0,8,0x09,0x00,0x00,0x00,0x00,0x00,0x00,0x00
9968345,0x3E8,false,0,8,0x0A,0x00,0x00,0x00,0x00,0x00,0x00,0x00
9968470,0x3E8,false,0,8,0x0B,0x00,0x00,0x00,0x00,0x00,0x00,0x00
9968598,0x3E8,false,0,8,0x0C,0x00,0x00,0x00,0x00,0x00,0x00,0x00
9968722,0x3E8,false,0,8,0x0D,0x00,0x00,0x00,0x05,0x00,0x10,0x00
10016671,0x3E8,false,0,8,0x00,0x00,0x00,0x00,0x66,0x00,0x65,0x00
10016915,0x44C,false,0,8,0x00,0x00,0x19,0x00,0x1A,0x00,0x00,0x00
10017050,0x3E8,false,0,8,0x01,0x00,0xF2,0x03,0x8F,0x03,0x00,0x00
10017185,0x44C,false,0,8,0x01,0x00,0x01,0x00,0x00,0x00,0x00,0x00
10017321,0x3E8,false,0,8,0x02,0x00,0x00,0x00,0x00,0x00,0x54,0x00
10017456,0x3E8,false,0,8,0x03,0x00,0x4C,0x00,0x9F,0x04,0x00,0x00
10017594,0x3E8,false,0,8,0x04,0x00,0x00,0x00,0x90,0x01,0x9A,0x04
10017730,0x3E8,false,0,8,0x05,0x00,0x00,0x00,0x00,0x00,0x00,0x00
10017855,0x3E8,false,0,8,0x06,0x00,0x00,0x00,0x00,0x00,0x00,0x00
10017980,0x3E8,false,0,8,0x07,0x00,0x00,0x00,0x00,0x00,0x07,0x00
10018104,0x3E8,false,0,8,0x08,0x00,0x4F,0x00,0x07,0x00,0x00,0x00
10029936,0x3E8,false,0,8,0x09,0x00,0x00,0x00,0x00,0x00,0x00,0x00
10030070,0x3E8,false,0,8,0x0A,0x00,0x00,0x00,0x00,0x00,0x00,0x00
10030194,0x3E8,false,0,8,0x0B,0x00,0x00,0x00,0x00,0x00,0x00,0x00
10030319,0x3E8,false,0,8,0x0C,0x00,0x00,0x00,0x00,0x00,0x00,0x00
10030443,0x3E8,false,0,8,0x0D,0x00,0x00,0x00,0x05,0x00,0x10,0x00
10066666,0x3E8,false,0,8,0x00,0x00,0x00,0x00,0x66,0x00,0x65,0x00
10066910,0x44C,false,0,8,0x00,0x00,0x19,0x00,0x1A,0x00,0x00,0x00
10067048,0x3E8,false,0,8,0x01,0x00,0xF2,0x03,0xBF,0x03,0x00,0x00
10067184,0x44C,false,0,8,0x01,0x00,0x01,0x00,0x00,0x00,0x00,0x00
10067320,0x3E8,false,0,8,0x02,0x00,0x00,0x00,0x00,0x00,0x54,0x00
10067454,0x3E8,false,0,8,0x03,0x00,0x4C,0x00,0x9F,0x04,0x00,0x00
10067588,0x3E8,false,0,8,0x04,0x00,0x00,0x00,0x90,0x01,0x9A,0x04
10067713,0x3E8,false,0,8,0x05,0x00,0x00,0x00,0x00,0x00,0x00,0x00
10067848,0x3E8,false,0,8,0x06,0x00,0x00,0x00,0x00,0x00,0x00,0x00
10067973,0x3E8,false,0,8,0x07,0x00,0x00,0x00,0x00,0x00,0x07,0x00
10068097,0x3E8,false,0,8,0x08,0x00,0x4F,0x00,0x07,0x00,0x00,0x00
10068222,0x3E8,false,0,8,0x09,0x00,0x00,0x00,0x00,0x00,0x00,0x00
10068346,0x3E8,false,0,8,0x0A,0x00,0x00,0x00,0x00,0x00,0x00,0x00
10068471,0x3E8,false,0,8,0x0B,0x00,0x00,0x00,0x00,0x00,0x00,0x00
10068601,0x3E8,false,0,8,0x0C,0x00,0x00,0x00,0x00,0x00,0x00,0x00
10068728,0x3E8,false,0,8,0x0D,0x00,0x00,0x00,0x05,0x00,0x10,0x00
10116668,0x3E8,false,0,8,0x00,0x00,0x00,0x00,0x66,0x00,0x65,0x00
10116885,0x44C,false,0,8,0x00,0x00,0x19,0x00,0x1A,0x00,0x00,0x00
10117009,0x3E8,false,0,8,0x01,0x00,0xF2,0x03,0xDF,0x03,0x00,0x00
10117144,0x44C,false,0,8,0x01,0x00,0x01,0x00,0x00,0x00,0x00,0x00
10117278,0x3E8,false,0,8,0x02,0x00,0x00,0x00,0x00,0x00,0x54,0x00
10117403,0x3E8,false,0,8,0x03,0x00,0x4C,0x00,0x9F,0x04,0x00,0x00
10117550,0x3E8,false,0,8,0x04,0x00,0x00,0x00,0x90,0x01,0x9A,0x04
10117685,0x3E8,false,0,8,0x05,0x00,0x00,0x00,0x00,0x00,0x00,0x00
10117821,0x3E8,false,0,8,0x06,0x00,0x00,0x00,0x00,0x00,0x00,0x00
10117957,0x3E8,false,0,8,0x07,0x00,0x00,0x00,0x00,0x00,0x07,0x00
10118082,0x3E8,false,0,8,0x08,0x00,0x4F,0x00,0x07,0x00,0x00,0x00
10118206,0x3E8,false,0,8,0x09,0x00,0x00,0x00,0x00,0x00,0x00,0x00
10118331,0x3E8,false,0,8,0x0A,0x00,0x00,0x00,0x00,0x00,0x00,0x00
10118455,0x3E8,false,0,8,0x0B,0x00,0x00,0x00,0x00,0x00,0x00,0x00
10118580,0x3E8,false,0,8,0x0C,0x00,0x00,0x00,0x00,0x00,0x00,0x00
10118708,0x3E8,false,0,8,0x0D,0x00,0x00,0x00,0x05,0x00,0x10,0x00
10166664,0x3E8,false,0,8,0x00,0x00,0x00,0x00,0x66,0x00,0x65,0x00
10166898,0x44C,false,0,8,0x00,0x00,0x19,0x00,0x1A,0x00,0x00,0x00
10167023,0x3E8,false,0,8,0x01,0x00,0xF2,0x03,0xE6,0x03,0x00,0x00
10167147,0x44C,false,0,8,0x01,0x00,0x01,0x00,0x00,0x00,0x00,0x00
10167272,0x3E8,false,0,8,0x02,0x00,0x00,0x00,0x00,0x00,0x54,0x00
10167397,0x3E8,false,0,8,0x03,0x00,0x4C,0x00,0x9F,0x04,0x00,0x00
10167521,0x3E8,false,0,8,0x04,0x00,0x00,0x00,0x90,0x01,0x9A,0x04
10167646,0x3E8,false,0,8,0x05,0x00,0x00,0x00,0x00,0x00,0x00,0x00
10167783,0x3E8,false,0,8,0x06,0x00,0x00,0x00,0x00,0x00,0x00,0x00
10167920,0x3E8,false,0,8,0x07,0x00,0x00,0x00,0x00,0x00,0x07,0x00
10168057,0x3E8,false,0,8,0x08,0x00,0x4F,0x00,0x07,0x00,0x00,0x00
10168194,0x3E8,false,0,8,0x09,0x00,0x00,0x00,0x00,0x00,0x00,0x00
10168329,0x3E8,false,0,8,0x0A,0x00,0x00,0x00,0x00,0x00,0x00,0x00
10168465,0x3E8,false,0,8,0x0B,0x00,0x00,0x00,0x00,0x00,0x00,0x00
10168609,0x3E8,false,0,8,0x0C,0x00,0x00,0x00,0x00,0x00,0x00,0x00
10168900,0x3E8,false,0,8,0x0D,0x00,0x00,0x00,0x05,0x00,0x10,0x00
10216667,0x3E8,false,0,8,0x00,0x00,0x00,0x00,0x66,0x00,0x65,0x00
10216880,0x44C,false,0,8,0x00,0x00,0x19,0x00,0x1A,0x00,0x00,0x00
10217017,0x3E8,false,0,8,0x01,0x00,0xF2,0x03,0xE6,0x03,0x00,0x00
10217154,0x44C,false,0,8,0x01,0x00,0x01,0x00,0x00,0x00,0x00,0x00
10217290,0x3E8,false,0,8,0x02,0x00,0x00,0x00,0x00,0x00,0x54,0x00
10217424,0x3E8,false,0,8,0x03,0x00,0x4C,0x00,0x9F,0x04,0x00,0x00
10217548,0x3E8,false,0,8,0x04,0x00,0x00,0x00,0x90,0x01,0x9A,0x04
10217674,0x3E8,false,0,8,0x05,0x00,0x00,0x00,0x00,0x00,0x00,0x00
10217813,0x3E8,false,0,8,0x06,0x00,0x00,0x00,0x00,0x00,0x00,0x00
10217948,0x3E8,false,0,8,0x07,0x00,0x00,0x00,0x00,0x00,0x07,0x00
10229667,0x3E8,false,0,8,0x08,0x00,0x4F,0x00,0x07,0x00,0x00,0x00
10229792,0x3E8,false,0,8,0x09,0x00,0x00,0x00,0x00,0x00,0x00,0x00
10229917,0x3E8,false,0,8,0x0A,0x00,0x00,0x00,0x00,0x00,0x00,0x00
10230041,0x3E8,false,0,8,0x0B,0x00,0x00,0x00,0x00,0x00,0x00,0x00
10230166,0x3E8,false,0,8,0x0C,0x00,0x00,0x00,0x00,0x00,0x00,0x00
10230290,0x3E8,false,0,8,0x0D,0x00,0x00,0x00,0x05,0x00,0x10,0x00
10266679,0x44C,false,0,8,0x00,0x00,0x19,0x00,0x1A,0x00,0x00,0x00
10266928,0x3E8,false,0,8,0x00,0x00,0x00,0x00,0x66,0x00,0x65,0x00
10267066,0x44C,false,0,8,0x01,0x00,0x01,0x00,0x00,0x00,0x00,0x00
10267206,0x3E8,false,0,8,0x01,0x00,0xF2,0x03,0xE8,0x03,0x00,0x00
10267346,0x3E8,false,0,8,0x02,0x00,0x00,0x00,0x00,0x00,0x54,0x00
10267472,0x3E8,false,0,8,0x03,0x00,0x4C,0x00,0x9F,0x04,0x00,0x00
10267613,0x3E8,false,0,8,0x04,0x00,0x00,0x00,0x90,0x01,0x9A,0x04
10267750,0x3E8,false,0,8,0x05,0x00,0x00,0x00,0x00,0x00,0x00,0x00
10267887,0x3E8,false,0,8,0x06,0x00,0x00,0x00,0x00,0x00,0x00,0x00
10268026,0x3E8,false,0,8,0x07,0x00,0x00,0x00,0x00,0x00,0x07,0x00
10268164,0x3E8,false,0,8,0x08,0x00,0x4F,0x00,0x07,0x00,0x00,0x00
10268300,0x3E8,false,0,8,0x09,0x00,0x00,0x00,0x00,0x00,0x00,0x00
10268437,0x3E8,false,0,8,0x0A,0x00,0x00,0x00,0x00,0x00,0x00,0x00
10268575,0x3E8,false,0,8,0x0B,0x00,0x00,0x00,0x00,0x00,0x00,0x00
10268706,0x3E8,false,0,8,0x0C,0x00,0x00,0x00,0x00,0x00,0x00,0x00
10268832,0x3E8,false,0,8,0x0D,0x00,0x00,0x00,0x05,0x00,0x10,0x00
10316657,0x3E8,false,0,8,0x00,0x00,0x00,0x00,0x66,0x00,0x65,0x00
10316873,0x44C,false,0,8,0x00,0x00,0x19,0x00,0x1A,0x00,0x00,0x00
10317009,0x3E8,false,0,8,0x01,0x00,0xF2,0x03,0xE8,0x03,0x00,0x00
10317144,0x44C,false,0,8,0x01,0x00,0x01,0x00,0x00,0x00,0x00,0x00
10317279,0x3E8,false,0,8,0x02,0x00,0x00,0x00,0x00,0x00,0x54,0x00
10317420,0x3E8,false,0,8,0x03,0x00,0x4C,0x00,0x9F,0x04,0x00,0x00
10317544,0x3E8,false,0,8,0x04,0x00,0x00,0x00,0x90,0x01,0x9A,0x04
10317681,0x3E8,false,0,8,0x05,0x00,0x00,0x00,0x00,0x00,0x00,0x00
10320653,0x3E8,false,0,8,0x06,0x00,0x00,0x00,0x00,0x00,0x00,0x00
10320792,0x3E8,false,0,8,0x07,0x00,0x00,0x00,0x00,0x00,0x07,0x00
10320917,0x3E8,false,0,8,0x08,0x00,0x4F,0x00,0x07,0x00,0x00,0x00
10321041,0x3E8,false,0,8,0x09,0x00,0x00,0x00,0x00,0x00,0x00,0x00
10321166,0x3E8,false,0,8,0x0A,0x00,0x00,0x00,0x00,0x00,0x00,0x00
10321290,0x3E8,false,0,8,0x0B,0x00,0x00,0x00,0x00,0x00,0x00,0x00
10321415,0x3E8,false,0,8,0x0C,0x00,0x00,0x00,0x00,0x00,0x00,0x00
10321539,0x3E8,false,0,8,0x0D,0x00,0x00,0x00,0x05,0x00,0x10,0x00
10366659,0x3E8,false,0,8,0x00,0x00,0x00,0x00,0x66,0x00,0x65,0x00
10366900,0x44C,false,0,8,0x00,0x00,0x19,0x00,0x1A,0x00,0x00,0x00
10367037,0x3E8,false,0,8,0x01,0x00,0xF2,0x03,0xE6,0x03,0x00,0x00
10367174,0x44C,false,0,8,0x01,0x00,0x01,0x00,0x00,0x00,0x00,0x00
10367311,0x3E8,false,0,8,0x02,0x00,0x00,0x00,0x00,0x00,0x54,0x00
10367448,0x3E8,false,0,8,0x03,0x00,0x4C,0x00,0x9F,0x04,0x00,0x00
10367584,0x3E8,false,0,8,0x04,0x00,0x00,0x00,0x90,0x01,0x9A,0x04
10367709,0x3E8,false,0,8,0x05,0x00,0x00,0x00,0x00,0x00,0x00,0x00
10370644,0x3E8,false,0,8,0x06,0x00,0x00,0x00,0x00,0x00,0x00,0x00
10370769,0x3E8,false,0,8,0x07,0x00,0x00,0x00,0x00,0x00,0x07,0x00
10370894,0x3E8,false,0,8,0x08,0x00,0x4F,0x00,0x07,0x00,0x00,0x00
10371019,0x3E8,false,0,8,0x09,0x00,0x00,0x00,0x00,0x00,0x00,0x00
10371144,0x3E8,false,0,8,0x0A,0x00,0x00,0x00,0x00,0x00,0x00,0x00
10371268,0x3E8,false,0,8,0x0B,0x00,0x00,0x00,0x00,0x00,0x00,0x00
10371393,0x3E8,false,0,8,0x0C,0x00,0x00,0x00,0x00,0x00,0x00,0x00
10371518,0x3E8,false,0,8,0x0D,0x00,0x00,0x00,0x05,0x00,0x10,0x00
10418655,0x3E8,false,0,8,0x00,0x00,0x00,0x00,0x66,0x00,0x65,0x00
10418793,0x44C,false,0,8,0x00,0x00,0x19,0x00,0x1A,0x00,0x00,0x00
10418933,0x3E8,false,0,8,0x01,0x00,0xF2,0x03,0xDB,0x03,0x00,0x00
10419070,0x44C,false,0,8,0x01,0x00,0x01,0x00,0x00,0x00,0x00,0x00
10419207,0x3E8,false,0,8,0x02,0x00,0x00,0x00,0x00,0x00,0x54,0x00
10419346,0x3E8,false,0,8,0x03,0x00,0x4C,0x00,0x9F,0x04,0x00,0x00
10419470,0x3E8,false,0,8,0x04,0x00,0x00,0x00,0x90,0x01,0x9A,0x04
10419594,0x3E8,false,0,8,0x05,0x00,0x00,0x00,0x00,0x00,0x00,0x00
10419720,0x3E8,false,0,8,0x06,0x00,0x00,0x00,0x00,0x00,0x00,0x00
10432764,0x3E8,false,0,8,0x07,0x00,0x00,0x00,0x00,0x00,0x07,0x00
10432895,0x3E8,false,0,8,0x08,0x00,0x4F,0x00,0x07,0x00,0x00,0x00
10433019,0x3E8,false,0,8,0x09,0x00,0x00,0x00,0x00,0x00,0x00,0x00
10433144,0x3E8,false,0,8,0x0A,0x00,0x00,0x00,0x00,0x00,0x00,0x00
10433268,0x3E8,false,0,8,0x0B,0x00,0x00,0x00,0x00,0x00,0x00,0x00
10433393,0x3E8,false,0,8,0x0C,0x00,0x00,0x00,0x00,0x00,0x00,0x00
10433518,0x3E8,false,0,8,0x0D,0x00,0x00,0x00,0x05,0x00,0x10,0x00
10468657,0x3E8,false,0,8,0x00,0x00,0x00,0x00,0x66,0x00,0x65,0x00
10468814,0x44C,false,0,8,0x00,0x00,0x19,0x00,0x1A,0x00,0x00,0x00
10468952,0x3E8,false,0,8,0x01,0x00,0xF2,0x03,0xA1,0x03,0x00,0x00
10469088,0x44C,false,0,8,0x01,0x00,0x01,0x00,0x00,0x00,0x00,0x00
10469223,0x3E8,false,0,8,0x02,0x00,0x00,0x00,0x00,0x00,0x54,0x00
10469360,0x3E8,false,0,8,0x03,0x00,0x4C,0x00,0x9F,0x04,0x00,0x00
10469484,0x3E8,false,0,8,0x04,0x00,0x00,0x00,0x90,0x01,0x9A,0x04
10469609,0x3E8,false,0,8,0x05,0x00,0x00,0x00,0x00,0x00,0x00,0x00
10469734,0x3E8,false,0,8,0x06,0x00,0x00,0x00,0x00,0x00,0x00,0x00
10469858,0x3E8,false,0,8,0x07,0x00,0x00,0x00,0x00,0x00,0x07,0x00
10469983,0x3E8,false,0,8,0x08,0x00,0x4F,0x00,0x07,0x00,0x00,0x00
10470107,0x3E8,false,0,8,0x09,0x00,0x00,0x00,0x00,0x00,0x00,0x00
10470232,0x3E8,false,0,8,0x0A,0x00,0x00,0x00,0x00,0x00,0x00,0x00
10470356,0x3E8,false,0,8,0x0B,0x00,0x00,0x00,0x00,0x00,0x00,0x00
10470481,0x3E8,false,0,8,0x0C,0x00,0x00,0x00,0x00,0x00,0x00,0x00
10470610,0x3E8,false,0,8,0x0D,0x00,0x00,0x00,0x05,0x00,0x10,0x00
10518720,0x3E8,false,0,8,0x00,0x00,0x00,0x00,0x66,0x00,0x65,0x00
10519004,0x44C,false,0,8,0x00,0x00,0x19,0x00,0x1A,0x00,0x00,0x00
10519149,0x3E8,false,0,8,0x01,0x00,0xF2,0x03,0x47,0x03,0x00,0x00
10519298,0x44C,false,0,8,0x01,0x00,0x01,0x00,0x00,0x00,0x00,0x00
10519443,0x3E8,false,0,8,0x02,0x00,0x00,0x00,0x00,0x00,0x54,0x00
10519591,0x3E8,false,0,8,0x03,0x00,0x4C,0x00,0x9F,0x04,0x00,0x00
10519726,0x3E8,false,0,8,0x04,0x00,0x00,0x00,0x90,0x01,0x9A,0x04
10519859,0x3E8,false,0,8,0x05,0x00,0x00,0x00,0x00,0x00,0x00,0x00
10520014,0x3E8,false,0,8,0x06,0x00,0x00,0x00,0x00,0x00,0x00,0x00
10520164,0x3E8,false,0,8,0x07,0x00,0x00,0x00,0x00,0x00,0x07,0x00
10520300,0x3E8,false,0,8,0x08,0x00,0x4F,0x00,0x07,0x00,0x00,0x00
10520438,0x3E8,false,0,8,0x09,0x00,0x00,0x00,0x00,0x00,0x00,0x00
10520565,0x3E8,false,0,8,0x0A,0x00,0x00,0x00,0x00,0x00,0x00,0x00
10520695,0x3E8,false,0,8,0x0B,0x00,0x00,0x00,0x00,0x00,0x00,0x00
10520820,0x3E8,false,0,8,0x0C,0x00,0x00,0x00,0x00,0x00,0x00,0x00
10520946,0x3E8,false,0,8,0x0D,0x00,0x00,0x00,0x05,0x00,0x10,0x00
10568688,0x3E8,false,0,8,0x00,0x00,0x00,0x00,0x66,0x00,0x65,0x00
10568987,0x44C,false,0,8,0x00,0x00,0x19,0x00,0x1A,0x00,0x00,0x00
10569119,0x3E8,false,0,8,0x01,0x00,0xF2,0x03,0xD8,0x02,0x00,0x00
10569244,0x44C,false,0,8,0x01,0x00,0x01,0x00,0x00,0x00,0x00,0x00
10569382,0x3E8,false,0,8,0x02,0x00,0x00,0x00,0x00,0x00,0x54,0x00
10569520,0x3E8,false,0,8,0x03,0x00,0x4C,0x00,0x9F,0x04,0x00,0x00
10569656,0x3E8,false,0,8,0x04,0x00,0x00,0x00,0x90,0x01,0x9A,0x04
10569794,0x3E8,false,0,8,0x05,0x00,0x00,0x00,0x00,0x00,0x00,0x00
10569931,0x3E8,false,0,8,0x06,0x00,0x00,0x00,0x00,0x00,0x00,0x00
10570067,0x3E8,false,0,8,0x07,0x00,0x00,0x00,0x00,0x00,0x07,0x00
10570205,0x3E8,false,0,8,0x08,0x00,0x4F,0x00,0x07,0x00,0x00,0x00
10570343,0x3E8,false,0,8,0x09,0x00,0x00,0x00,0x00,0x00,0x00,0x00
10570468,0x3E8,false,0,8,0x0A,0x00,0x00,0x00,0x00,0x00,0x00,0x00
10570593,0x3E8,false,0,8,0x0B,0x00,0x00,0x00,0x00,0x00,0x00,0x00
10570722,0x3E8,false,0,8,0x0C,0x00,0x00,0x00,0x00,0x00,0x00,0x00
10570847,0x3E8,false,0,8,0x0D,0x00,0x00,0x00,0x05,0x00,0x10,0x00
10618665,0x3E8,false,0,8,0x00,0x00,0x00,0x00,0x66,0x00,0x65,0x00
10618873,0x44C,false,0,8,0x00,0x00,0x19,0x00,0x1A,0x00,0x00,0x00
10618997,0x3E8,false,0,8,0x01,0x00,0xF2,0x03,0x5C,0x02,0x00,0x00
10619131,0x44C,false,0,8,0x01,0x00,0x01,0x00,0x00,0x00,0x00,0x00
10619256,0x3E8,false,0,8,0x02,0x00,0x00,0x00,0x00,0x00,0x54,0x00
10619392,0x3E8,false,0,8,0x03,0x00,0x4C,0x00,0x9F,0x04,0x00,0x00
10619533,0x3E8,false,0,8,0x04,0x00,0x00,0x00,0x90,0x01,0x9A,0x04
10619670,0x3E8,false,0,8,0x05,0x00,0x00,0x00,0x00,0x00,0x00,0x00
10633402,0x3E8,false,0,8,0x06,0x00,0x00,0x00,0x00,0x00,0x00,0x00
10633528,0x3E8,false,0,8,0x07,0x00,0x00,0x00,0x00,0x00,0x07,0x00
10633654,0x3E8,false,0,8,0x08,0x00,0x4F,0x00,0x07,0x00,0x00,0x00
10633778,0x3E8,false,0,8,0x09,0x00,0x00,0x00,0x00,0x00,0x00,0x00
10633903,0x3E8,false,0,8,0x0A,0x00,0x00,0x00,0x00,0x00,0x00,0x00
10634027,0x3E8,false,0,8,0x0B,0x00,0x00,0x00,0x00,0x00,0x00,0x00
10634152,0x3E8,false,0,8,0x0C,0x00,0x00,0x00,0x00,0x00,0x00,0x00
10634277,0x3E8,false,0,8,0x0D,0x00,0x00,0x00,0x05,0x00,0x10,0x00
10668651,0x3E8,false,0,8,0x00,0x00,0x00,0x00,0x66,0x00,0x65,0x00
10668794,0x44C,false,0,8,0x00,0x00,0x19,0x00,0x1A,0x00,0x00,0x00
10668932,0x3E8,false,0,8,0x01,0x00,0xF2,0x03,0xDF,0x01,0x00,0x00
10669056,0x44C,false,0,8,0x01,0x00,0x01,0x00,0x00,0x00,0x00,0x00
10669194,0x3E8,false,0,8,0x02,0x00,0x00,0x00,0x00,0x00,0x54,0x00
10669329,0x3E8,false,0,8,0x03,0x00,0x4C,0x00,0x9F,0x04,0x00,0x00
10669465,0x3E8,false,0,8,0x04,0x00,0x00,0x00,0x90,0x01,0x9A,0x04
10669602,0x3E8,false,0,8,0x05,0x00,0x00,0x00,0x00,0x00,0x00,0x00
10669740,0x3E8,false,0,8,0x06,0x00,0x00,0x00,0x00,0x00,0x00,0x00
10669876,0x3E8,false,0,8,0x07,0x00,0x00,0x00,0x00,0x00,0x07,0x00
10670013,0x3E8,false,0,8,0x08,0x00,0x4F,0x00,0x07,0x00,0x00,0x00
10670149,0x3E8,false,0,8,0x09,0x00,0x00,0x00,0x00,0x00,0x00,0x00
10670274,0x3E8,false,0,8,0x0A,0x00,0x00,0x00,0x00,0x00,0x00,0x00
10670398,0x3E8,false,0,8,0x0B,0x00,0x00,0x00,0x00,0x00,0x00,0x00
10670523,0x3E8,false,0,8,0x0C,0x00,0x00,0x00,0x00,0x00,0x00,0x00
10670652,0x3E8,false,0,8,0x0D,0x00,0x00,0x00,0x05,0x00,0x10,0x00
10718695,0x3E8,false,0,8,0x00,0x00,0x00,0x00,0x66,0x00,0x65,0x00
10718997,0x44C,false,0,8,0x00,0x00,0x19,0x00,0x1A,0x00,0x00,0x00
10719130,0x3E8,false,0,8,0x01,0x00,0xF2,0x03,0x6C,0x01,0x00,0x00
10719272,0x44C,false,0,8,0x01,0x00,0x01,0x00,0x00,0x00,0x00,0x00
10719404,0x3E8,false,0,8,0x02,0x00,0x00,0x00,0x00,0x00,0x54,0x00
10719545,0x3E8,false,0,8,0x03,0x00,0x4C,0x00,0x9F,0x04,0x00,0x00
10719687,0x3E8,false,0,8,0x04,0x00,0x00,0x00,0x90,0x01,0x9A,0x04
10719830,0x3E8,false,0,8,0x05,0x00,0x00,0x00,0x00,0x00,0x00,0x00
10719972,0x3E8,false,0,8,0x06,0x00,0x00,0x00,0x00,0x00,0x00,0x00
10720115,0x3E8,false,0,8,0x07,0x00,0x00,0x00,0x00,0x00,0x07,0x00
10720256,0x3E8,false,0,8,0x08,0x00,0x4F,0x00,0x07,0x00,0x00,0x00
10720398,0x3E8,false,0,8,0x09,0x00,0x00,0x00,0x00,0x00,0x00,0x00
10720530,0x3E8,false,0,8,0x0A,0x00,0x00,0x00,0x00,0x00,0x00,0x00
10720669,0x3E8,false,0,8,0x0B,0x00,0x00,0x00,0x00,0x00,0x00,0x00
10720801,0x3E8,false,0,8,0x0C,0x00,0x00,0x00,0x00,0x00,0x00,0x00
10720935,0x3E8,false,0,8,0x0D,0x00,0x00,0x00,0x05,0x00,0x10,0x00
10768665,0x3E8,false,0,8,0x00,0x00,0x00,0x00,0x66,0x00,0x65,0x00
10768928,0x44C,false,0,8,0x00,0x00,0x19,0x00,0x1A,0x00,0x00,0x00
10769070,0x3E8,false,0,8,0x01,0x00,0xF2,0x03,0xFA,0x00,0x00,0x00
10769211,0x44C,false,0,8,0x01,0x00,0x01,0x00,0x00,0x00,0x00,0x00
10769344,0x3E8,false,0,8,0x02,0x00,0x00,0x00,0x00,0x00,0x54,0x00
10769476,0x3E8,false,0,8,0x03,0x00,0x4C,0x00,0x9F,0x04,0x00,0x00
10769608,0x3E8,false,0,8,0x04,0x00,0x00,0x00,0x90,0x01,0x9A,0x04
10769740,0x3E8,false,0,8,0x05,0x00,0x00,0x00,0x00,0x00,0x00,0x00
10772646,0x3E8,false,0,8,0x06,0x00,0x00,0x00,0x00,0x00,0x00,0x00
10772781,0x3E8,false,0,8,0x07,0x00,0x00,0x00,0x00,0x00,0x07,0x00
10772913,0x3E8,false,0,8,0x08,0x00,0x4F,0x00,0x07,0x00,0x00,0x00
10773045,0x3E8,false,0,8,0x09,0x00,0x00,0x00,0x00,0x00,0x00,0x00
10773179,0x3E8,false,0,8,0x0A,0x00,0x00,0x00,0x00,0x00,0x00,0x00
10773311,0x3E8,false,0,8,0x0B,0x00,0x00,0x00,0x00,0x00,0x00,0x00
10773444,0x3E8,false,0,8,0x0C,0x00,0x00,0x00,0x00,0x00,0x00,0x00
10773578,0x3E8,false,0,8,0x0D,0x00,0x00,0x00,0x05,0x00,0x10,0x00
10818660,0x3E8,false,0,8,0x00,0x00,0x00,0x00,0x66,0x00,0x65,0x00
10818820,0x44C,false,0,8,0x00,0x00,0x19,0x00,0x1A,0x00,0x00,0x00
10818961,0x3E8,false,0,8,0x01,0x00,0xF2,0x03,0x81,0x00,0x00,0x00
10819106,0x44C,false,0,8,0x01,0x00,0x01,0x00,0x00,0x00,0x00,0x00
10819249,0x3E8,false,0,8,0x02,0x00,0x00,0x00,0x00,0x00,0x54,0x00
10819389,0x3E8,false,0,8,0x03,0x00,0x4C,0x00,0x9F,0x04,0x00,0x00
10819534,0x3E8,false,0,8,0x04,0x00,0x00,0x00,0x90,0x01,0x9A,0x04
10831742,0x3E8,false,0,8,0x05,0x00,0x00,0x00,0x00,0x00,0x00,0x00
10831876,0x3E8,false,0,8,0x06,0x00,0x00,0x00,0x00,0x00,0x00,0x00
10832002,0x3E8,false,0,8,0x07,0x00,0x00,0x00,0x00,0x00,0x07,0x00
10832129,0x3E8,false,0,8,0x08,0x00,0x4F,0x00,0x07,0x00,0x00,0x00
10832255,0x3E8,false,0,8,0x09,0x00,0x00,0x00,0x00,0x00,0x00,0x00
10832381,0x3E8,false,0,8,0x0A,0x00,0x00,0x00,0x00,0x00,0x00,0x00
10832511,0x3E8,false,0,8,0x0B,0x00,0x00,0x00,0x00,0x00,0x00,0x00
10832642,0x3E8,false,0,8,0x0C,0x00,0x00,0x00,0x00,0x00,0x00,0x00
10832769,0x3E8,false,0,8,0x0D,0x00,0x00,0x00,0x05,0x00,0x10,0x00
10870671,0x44C,false,0,8,0x00,0x00,0x19,0x00,0x1A,0x00,0x00,0x00
10870925,0x3E8,false,0,8,0x00,0x00,0x00,0x00,0x66,0x00,0x65,0x00
10871063,0x44C,false,0,8,0x01,0x00,0x01,0x00,0x00,0x00,0x00,0x00
10871189,0x3E8,false,0,8,0x01,0x00,0xF2,0x03,0x0E,0x00,0x00,0x00
10871315,0x3E8,false,0,8,0x02,0x00,0x00,0x00,0x00,0x00,0x54,0x00
10871441,0x3E8,false,0,8,0x03,0x00,0x4C,0x00,0x9F,0x04,0x00,0x00
10871567,0x3E8,false,0,8,0x04,0x00,0x00,0x00,0x90,0x01,0x9A,0x04
10871692,0x3E8,false,0,8,0x05,0x00,0x00,0x00,0x00,0x00,0x00,0x00
10871819,0x3E8,false,0,8,0x06,0x00,0x00,0x00,0x00,0x00,0x00,0x00
10871945,0x3E8,false,0,8,0x07,0x00,0x00,0x00,0x00,0x00,0x07,0x00
10872071,0x3E8,false,0,8,0x08,0x00,0x4F,0x00,0x07,0x00,0x00,0x00
10872197,0x3E8,false,0,8,0x09,0x00,0x00,0x00,0x00,0x00,0x00,0x00
10872324,0x3E8,false,0,8,0x0A,0x00,0x00,0x00,0x00,0x00,0x00,0x00
10872450,0x3E8,false,0,8,0x0B,0x00,0x00,0x00,0x00,0x00,0x00,0x00
10872576,0x3E8,false,0,8,0x0C,0x00,0x00,0x00,0x00,0x00,0x00,0x00
10872707,0x3E8,false,0,8,0x0D,0x00,0x00,0x00,0x05,0x00,0x10,0x00
10920666,0x3E8,false,0,8,0x00,0x00,0x00,0x00,0x66,0x00,0x65,0x00
10920882,0x44C,false,0,8,0x00,0x00,0x19,0x00,0x1A,0x00,0x00,0x00
10921019,0x3E8,false,0,8,0x01,0x00,0xF2,0x03,0x06,0x00,0x00,0x00
10921155,0x44C,false,0,8,0x01,0x00,0x01,0x00,0x00,0x00,0x00,0x00
10921280,0x3E8,false,0,8,0x02,0x00,0x00,0x00,0x00,0x00,0x54,0x00
10921404,0x3E8,false,0,8,0x03,0x00,0x4C,0x00,0x9F,0x04,0x00,0x00
10921529,0x3E8,false,0,8,0x04,0x00,0x00,0x00,0x90,0x01,0x9A,0x04
10921654,0x3E8,false,0,8,0x05,0x00,0x00,0x00,0x00,0x00,0x00,0x00
10921779,0x3E8,false,0,8,0x06,0x00,0x00,0x00,0x00,0x00,0x00,0x00
10921904,0x3E8,false,0,8,0x07,0x00,0x00,0x00,0x00,0x00,0x07,0x00
10922029,0x3E8,false,0,8,0x08,0x00,0x4F,0x00,0x07,0x00,0x00,0x00
10922153,0x3E8,false,0,8,0x09,0x00,0x00,0x00,0x00,0x00,0x00,0x00
10922278,0x3E8,false,0,8,0x0A,0x00,0x00,0x00,0x00,0x00,0x00,0x00
10922403,0x3E8,false,0,8,0x0B,0x00,0x00,0x00,0x00,0x00,0x00,0x00
10922528,0x3E8,false,0,8,0x0C,0x00,0x00,0x00,0x00,0x00,0x00,0x00
10922657,0x3E8,false,0,8,0x0D,0x00,0x00,0x00,0x05,0x00,0x10,0x00
10970660,0x3E8,false,0,8,0x00,0x00,0x00,0x00,0x66,0x00,0x65,0x00
10970892,0x44C,false,0,8,0x00,0x00,0x19,0x00,0x1A,0x00,0x00,0x00
10971016,0x3E8,false,0,8,0x01,0x00,0xF2,0x03,0x05,0x00,0x00,0x00
10971152,0x44C,false,0,8,0x01,0x00,0x01,0x00,0x00,0x00,0x00,0x00
10971287,0x3E8,false,0,8,0x02,0x00,0x00,0x00,0x00,0x00,0x54,0x00
10971422,0x3E8,false,0,8,0x03,0x00,0x4C,0x00,0x9F,0x04,0x00,0x00
10971558,0x3E8,false,0,8,0x04,0x00,0x00,0x00,0x90,0x01,0x9A,0x04
10971695,0x3E8,false,0,8,0x05,0x00,0x00,0x00,0x00,0x00,0x00,0x00
10971833,0x3E8,false,0,8,0x06,0x00,0x00,0x00,0x00,0x00,0x00,0x00
10971958,0x3E8,false,0,8,0x07,0x00,0x00,0x00,0x00,0x00,0x07,0x00
10972097,0x3E8,false,0,8,0x08,0x00,0x4F,0x00,0x07,0x00,0x00,0x00
10972222,0x3E8,false,0,8,0x09,0x00,0x00,0x00,0x00,0x00,0x00,0x00
10972347,0x3E8,false,0,8,0x0A,0x00,0x00,0x00,0x00,0x00,0x00,0x00
10972471,0x3E8,false,0,8,0x0B,0x00,0x00,0x00,0x00,0x00,0x00,0x00
10972601,0x3E8,false,0,8,0x0C,0x00,0x00,0x00,0x00,0x00,0x00,0x00
10984181,0x3E8,false,0,8,0x0D,0x00,0x00,0x00,0x05,0x00,0x10,0x00
11020671,0x3E8,false,0,8,0x00,0x00,0x00,0x00,0x66,0x00,0x65,0x00
11020906,0x44C,false,0,8,0x00,0x00,0x19,0x00,0x1A,0x00,0x00,0x00
11021042,0x3E8,false,0,8,0x01,0x00,0xF2,0x03,0x05,0x00,0x00,0x00
11021168,0x44C,false,0,8,0x01,0x00,0x01,0x00,0x00,0x00,0x00,0x00
11021317,0x3E8,false,0,8,0x02,0x00,0x00,0x00,0x00,0x00,0x54,0x00
11021452,0x3E8,false,0,8,0x03,0x00,0x4C,0x00,0x9F,0x04,0x00,0x00
11021591,0x3E8,false,0,8,0x04,0x00,0x00,0x00,0x90,0x01,0x9A,0x04
11021733,0x3E8,false,0,8,0x05,0x00,0x00,0x00,0x00,0x00,0x00,0x00
11021870,0x3E8,false,0,8,0x06,0x00,0x00,0x00,0x00,0x00,0x00,0x00
11022027,0x3E8,false,0,8,0x07,0x00,0x00,0x00,0x00,0x00,0x07,0x00
11022161,0x3E8,false,0,8,0x08,0x00,0x4F,0x00,0x07,0x00,0x00,0x00
11022292,0x3E8,false,0,8,0x09,0x00,0x00,0x00,0x00,0x00,0x00,0x00
11022432,0x3E8,false,0,8,0x0A,0x00,0x00,0x00,0x00,0x00,0x00,0x00
11022563,0x3E8,false,0,8,0x0B,0x00,0x00,0x00,0x00,0x00,0x00,0x00
11022696,0x3E8,false,0,8,0x0C,0x00,0x00,0x00,0x00,0x00,0x00,0x00
11022821,0x3E8,false,0,8,0x0D,0x00,0x00,0x00,0x05,0x00,0x10,0x00
11070662,0x3E8,false,0,8,0x00,0x00,0x00,0x00,0x66,0x00,0x65,0x00
11070887,0x44C,false,0,8,0x00,0x00,0x19,0x00,0x1A,0x00,0x00,0x00
11071024,0x3E8,false,0,8,0x01,0x00,0xF2,0x03,0x05,0x00,0x00,0x00
11071160,0x44C,false,0,8,0x01,0x00,0x01,0x00,0x00,0x00,0x00,0x00
11071296,0x3E8,false,0,8,0x02,0x00,0x00,0x00,0x00,0x00,0x54,0x00
11071431,0x3E8,false,0,8,0x03,0x00,0x4C,0x00,0x9F,0x04,0x00,0x00
11071578,0x3E8,false,0,8,0x04,0x00,0x00,0x00,0x90,0x01,0x9A,0x04
11071716,0x3E8,false,0,8,0x05,0x00,0x00,0x00,0x00,0x00,0x00,0x00
11071842,0x3E8,false,0,8,0x06,0x00,0x00,0x00,0x00,0x00,0x00,0x00
11071967,0x3E8,false,0,8,0x07,0x00,0x00,0x00,0x00,0x00,0x07,0x00
11072091,0x3E8,false,0,8,0x08,0x00,0x4F,0x00,0x07,0x00,0x00,0x00
11072216,0x3E8,false,0,8,0x09,0x00,0x00,0x00,0x00,0x00,0x00,0x00
11072340,0x3E8,false,0,8,0x0A,0x00,0x00,0x00,0x00,0x00,0x00,0x00
11072465,0x3E8,false,0,8,0x0B,0x00,0x00,0x00,0x00,0x00,0x00,0x00
11072590,0x3E8,false,0,8,0x0C,0x00,0x00,0x00,0x00,0x00,0x00,0x00
11072719,0x3E8,false,0,8,0x0D,0x00,0x00,0x00,0x05,0x00,0x10,0x00
11120652,0x3E8,false,0,8,0x00,0x00,0x00,0x00,0x66,0x00,0x65,0x00
11120803,0x44C,false,0,8,0x00,0x00,0x19,0x00,0x1A,0x00,0x00,0x00
11120939,0x3E8,false,0,8,0x01,0x00,0xF2,0x03,0x05,0x00,0x00,0x00
11121063,0x44C,false,0,8,0x01,0x00,0x01,0x00,0x00,0x00,0x00,0x00
11121199,0x3E8,false,0,8,0x02,0x00,0x00,0x00,0x00,0x00,0x54,0x00
11121340,0x3E8,false,0,8,0x03,0x00,0x4C,0x00,0x9F,0x04,0x00,0x00
11121476,0x3E8,false,0,8,0x04,0x00,0x00,0x00,0x90,0x01,0x9A,0x04
11121612,0x3E8,false,0,8,0x05,0x00,0x00,0x00,0x00,0x00,0x00,0x00
11121751,0x3E8,false,0,8,0x06,0x00,0x00,0x00,0x00,0x00,0x00,0x00
11121888,0x3E8,false,0,8,0x07,0x00,0x00,0x00,0x00,0x00,0x07,0x00
11122023,0x3E8,false,0,8,0x08,0x00,0x4F,0x00,0x07,0x00,0x00,0x00
11122148,0x3E8,false,0,8,0x09,0x00,0x00,0x00,0x00,0x00,0x00,0x00
11122273,0x3E8,false,0,8,0x0A,0x00,0x00,0x00,0x00,0x00,0x00,0x00
11122398,0x3E8,false,0,8,0x0B,0x00,0x00,0x00,0x00,0x00,0x00,0x00
11122523,0x3E8,false,0,8,0x0C,0x00,0x00,0x00,0x00,0x00,0x00,0x00
11122653,0x3E8,false,0,8,0x0D,0x00,0x00,0x00,0x05,0x00,0x10,0x00
11170675,0x3E8,false,0,8,0x00,0x00,0x00,0x00,0x66,0x00,0x65,0x00
11170907,0x44C,false,0,8,0x00,0x00,0x19,0x00,0x1A,0x00,0x00,0x00
11171032,0x3E8,false,0,8,0x01,0x00,0xF2,0x03,0x05,0x00,0x00,0x00
11171157,0x44C,false,0,8,0x01,0x00,0x01,0x00,0x00,0x00,0x00,0x00
11171283,0x3E8,false,0,8,0x02,0x00,0x00,0x00,0x00,0x00,0x54,0x00
11171409,0x3E8,false,0,8,0x03,0x00,0x4C,0x00,0x9F,0x04,0x00,0x00
11171535,0x3E8,false,0,8,0x04,0x00,0x00,0x00,0x90,0x01,0x9A,0x04
11171660,0x3E8,false,0,8,0x05,0x00,0x00,0x00,0x00,0x00,0x00,0x00
11171796,0x3E8,false,0,8,0x06,0x00,0x00,0x00,0x00,0x00,0x00,0x00
11171933,0x3E8,false,0,8,0x07,0x00,0x00,0x00,0x00,0x00,0x07,0x00
11172069,0x3E8,false,0,8,0x08,0x00,0x4F,0x00,0x07,0x00,0x00,0x00
11172207,0x3E8,false,0,8,0x09,0x00,0x00,0x00,0x00,0x00,0x00,0x00
11172345,0x3E8,false,0,8,0x0A,0x00,0x00,0x00,0x00,0x00,0x00,0x00
11172483,0x3E8,false,0,8,0x0B,0x00,0x00,0x00,0x00,0x00,0x00,0x00
11172627,0x3E8,false,0,8,0x0C,0x00,0x00,0x00,0x00,0x00,0x00,0x00
11200956,0x3E8,false,0,8,0x0D,0x00,0x00,0x00,0x05,0x00,0x10,0x00
11220665,0x3E8,false,0,8,0x00,0x00,0x00,0x00,0x66,0x00,0x65,0x00
11220858,0x44C,false,0,8,0x00,0x00,0x19,0x00,0x1A,0x00,0x00,0x00
11220994,0x3E8,false,0,8,0x01,0x00,0xF2,0x03,0x05,0x00,0x00,0x00
11221131,0x44C,false,0,8,0x01,0x00,0x01,0x00,0x00,0x00,0x00,0x00
11221266,0x3E8,false,0,8,0x02,0x00,0x00,0x00,0x00,0x00,0x54,0x00
11221390,0x3E8,false,0,8,0x03,0x00,0x4C,0x00,0x9F,0x04,0x00,0x00
11221524,0x3E8,false,0,8,0x04,0x00,0x00,0x00,0x90,0x01,0x9A,0x04
11221650,0x3E8,false,0,8,0x05,0x00,0x00,0x00,0x00,0x00,0x00,0x00
11221785,0x3E8,false,0,8,0x06,0x00,0x00,0x00,0x00,0x00,0x00,0x00
11221924,0x3E8,false,0,8,0x07,0x00,0x00,0x00,0x00,0x00,0x07,0x00
11222059,0x3E8,false,0,8,0x08,0x00,0x4F,0x00,0x07,0x00,0x00,0x00
11222194,0x3E8,false,0,8,0x09,0x00,0x00,0x00,0x00,0x00,0x00,0x00
11222331,0x3E8,false,0,8,0x0A,0x00,0x00,0x00,0x00,0x00,0x00,0x00
11222468,0x3E8,false,0,8,0x0B,0x00,0x00,0x00,0x00,0x00,0x00,0x00
11222609,0x3E8,false,0,8,0x0C,0x00,0x00,0x00,0x00,0x00,0x00,0x00
11222733,0x3E8,false,0,8,0x0D,0x00,0x00,0x00,0x05,0x00,0x10,0x00
11270663,0x44C,false,0,8,0x00,0x00,0x19,0x00,0x1A,0x00,0x00,0x00
11270899,0x3E8,false,0,8,0x00,0x00,0x00,0x00,0x66,0x00,0x65,0x00
11271034,0x44C,false,0,8,0x01,0x00,0x01,0x00,0x00,0x00,0x00,0x00
11271171,0x3E8,false,0,8,0x01,0x00,0xF2,0x03,0x05,0x00,0x00,0x00
11271314,0x3E8,false,0,8,0x02,0x00,0x00,0x00,0x00,0x00,0x54,0x00
11279563,0x3E8,false,0,8,0x03,0x00,0x4C,0x00,0x9F,0x04,0x00,0x00
11279949,0x3E8,false,0,8,0x04,0x00,0x00,0x00,0x90,0x01,0x9A,0x04
11280074,0x3E8,false,0,8,0x05,0x00,0x00,0x00,0x00,0x00,0x00,0x00
11280201,0x3E8,false,0,8,0x06,0x00,0x00,0x00,0x00,0x00,0x00,0x00
11280327,0x3E8,false,0,8,0x07,0x00,0x00,0x00,0x00,0x00,0x07,0x00
11280453,0x3E8,false,0,8,0x09,0x00,0x00,0x00,0x00,0x00,0x00,0x00
11280580,0x3E8,false,0,8,0x0A,0x00,0x00,0x00,0x00,0x00,0x00,0x00
11280710,0x3E8,false,0,8,0x0B,0x00,0x00,0x00,0x00,0x00,0x00,0x00
11280843,0x3E8,false,0,8,0x0C,0x00,0x00,0x00,0x00,0x00,0x00,0x00
11280977,0x3E8,false,0,8,0x0D,0x00,0x00,0x00,0x05,0x00,0x10,0x00
11320663,0x3E8,false,0,8,0x00,0x00,0x00,0x00,0x66,0x00,0x65,0x00
11320917,0x44C,false,0,8,0x00,0x00,0x19,0x00,0x1A,0x00,0x00,0x00
11321054,0x3E8,false,0,8,0x01,0x00,0xF2,0x03,0x05,0x00,0x00,0x00
11321189,0x44C,false,0,8,0x01,0x00,0x01,0x00,0x00,0x00,0x00,0x00
11321327,0x3E8,false,0,8,0x02,0x00,0x00,0x00,0x00,0x00,0x54,0x00
11321464,0x3E8,false,0,8,0x03,0x00,0x4C,0x00,0x9F,0x04,0x00,0x00
11321589,0x3E8,false,0,8,0x04,0x00,0x00,0x00,0x90,0x01,0x9A,0x04
11321726,0x3E8,false,0,8,0x05,0x00,0x00,0x00,0x00,0x00,0x00,0x00
11321850,0x3E8,false,0,8,0x06,0x00,0x00,0x00,0x00,0x00,0x00,0x00
11321986,0x3E8,false,0,8,0x07,0x00,0x00,0x00,0x00,0x00,0x07,0x00
11322124,0x3E8,false,0,8,0x08,0x00,0x4F,0x00,0x07,0x00,0x00,0x00
11322259,0x3E8,false,0,8,0x09,0x00,0x00,0x00,0x00,0x00,0x00,0x00
11322395,0x3E8,false,0,8,0x0A,0x00,0x00,0x00,0x00,0x00,0x00,0x00
11322532,0x3E8,false,0,8,0x0B,0x00,0x00,0x00,0x00,0x00,0x00,0x00
11322675,0x3E8,false,0,8,0x0C,0x00,0x00,0x00,0x00,0x00,0x00,0x00
11322814,0x3E8,false,0,8,0x0D,0x00,0x00,0x00,0x05,0x00,0x10,0x00
11370660,0x3E8,false,0,8,0x00,0x00,0x00,0x00,0x66,0x00,0x65,0x00
11370912,0x44C,false,0,8,0x00,0x00,0x19,0x00,0x1A,0x00,0x00,0x00
11371050,0x3E8,false,0,8,0x01,0x00,0xF2,0x03,0x05,0x00,0x00,0x00
11371188,0x44C,false,0,8,0x01,0x00,0x01,0x00,0x00,0x00,0x00,0x00
11371326,0x3E8,false,0,8,0x02,0x00,0x00,0x00,0x00,0x00,0x54,0x00
11371462,0x3E8,false,0,8,0x03,0x00,0x4C,0x00,0x9F,0x04,0x00,0x00
11371603,0x3E8,false,0,8,0x04,0x00,0x00,0x00,0x90,0x01,0x9A,0x04
11371730,0x3E8,false,0,8,0x05,0x00,0x00,0x00,0x00,0x00,0x00,0x00
11374662,0x3E8,false,0,8,0x06,0x00,0x00,0x00,0x00,0x00,0x00,0x00
11374834,0x3E8,false,0,8,0x07,0x00,0x00,0x00,0x00,0x00,0x07,0x00
11374959,0x3E8,false,0,8,0x08,0x00,0x4F,0x00,0x07,0x00,0x00,0x00
11375084,0x3E8,false,0,8,0x09,0x00,0x00,0x00,0x00,0x00,0x00,0x00
11375209,0x3E8,false,0,8,0x0A,0x00,0x00,0x00,0x00,0x00,0x00,0x00
11375333,0x3E8,false,0,8,0x0B,0x00,0x00,0x00,0x00,0x00,0x00,0x00
11375458,0x3E8,false,0,8,0x0C,0x00,0x00,0x00,0x00,0x00,0x00,0x00
11387388,0x3E8,false,0,8,0x0D,0x00,0x00,0x00,0x05,0x00,0x10,0x00
11422658,0x3E8,false,0,8,0x00,0x00,0x00,0x00,0x66,0x00,0x65,0x00
11422821,0x44C,false,0,8,0x00,0x00,0x19,0x00,0x1A,0x00,0x00,0x00
11422958,0x3E8,false,0,8,0x01,0x00,0xF2,0x03,0x05,0x00,0x00,0x00
11423093,0x44C,false,0,8,0x01,0x00,0x01,0x00,0x00,0x00,0x00,0x00
11423234,0x3E8,false,0,8,0x02,0x00,0x00,0x00,0x00,0x00,0x54,0x00
11423371,0x3E8,false,0,8,0x03,0x00,0x4C,0x00,0x9F,0x04,0x00,0x00
11423495,0x3E8,false,0,8,0x04,0x00,0x00,0x00,0x90,0x01,0x9A,0x04
11423620,0x3E8,false,0,8,0x05,0x00,0x00,0x00,0x00,0x00,0x00,0x00
11423745,0x3E8,false,0,8,0x06,0x00,0x00,0x00,0x00,0x00,0x00,0x00
11423869,0x3E8,false,0,8,0x07,0x00,0x00,0x00,0x00,0x00,0x07,0x00
11423994,0x3E8,false,0,8,0x08,0x00,0x4F,0x00,0x07,0x00,0x00,0x00
11424118,0x3E8,false,0,8,0x09,0x00,0x00,0x00,0x00,0x00,0x00,0x00
11424243,0x3E8,false,0,8,0x0A,0x00,0x00,0x00,0x00,0x00,0x00,0x00
11424367,0x3E8,false,0,8,0x0B,0x00,0x00,0x00,0x00,0x00,0x00,0x00
11424492,0x3E8,false,0,8,0x0C,0x00,0x00,0x00,0x00,0x00,0x00,0x00
11424621,0x3E8,false,0,8,0x0D,0x00,0x00,0x00,0x05,0x00,0x10,0x00
11472652,0x3E8,false,0,8,0x00,0x00,0x00,0x00,0x66,0x00,0x65,0x00
11472792,0x44C,false,0,8,0x00,0x00,0x19,0x00,0x1A,0x00,0x00,0x00
11472929,0x3E8,false,0,8,0x01,0x00,0xF2,0x03,0x05,0x00,0x00,0x00
11473064,0x44C,false,0,8,0x01,0x00,0x01,0x00,0x00,0x00,0x00,0x00
11473199,0x3E8,false,0,8,0x02,0x00,0x00,0x00,0x00,0x00,0x54,0x00
11473333,0x3E8,false,0,8,0x03,0x00,0x4C,0x00,0x9F,0x04,0x00,0x00
11473459,0x3E8,false,0,8,0x04,0x00,0x00,0x00,0x90,0x01,0x9A,0x04
11473583,0x3E8,false,0,8,0x05,0x00,0x00,0x00,0x00,0x00,0x00,0x00
11473707,0x3E8,false,0,8,0x06,0x00,0x00,0x00,0x00,0x00,0x00,0x00
11473832,0x3E8,false,0,8,0x07,0x00,0x00,0x00,0x00,0x00,0x07,0x00
11473957,0x3E8,false,0,8,0x08,0x00,0x4F,0x00,0x07,0x00,0x00,0x00
11474081,0x3E8,false,0,8,0x09,0x00,0x00,0x00,0x00,0x00,0x00,0x00
11474205,0x3E8,false,0,8,0x0A,0x00,0x00,0x00,0x00,0x00,0x00,0x00
11474330,0x3E8,false,0,8,0x0B,0x00,0x00,0x00,0x00,0x00,0x00,0x00
11474455,0x3E8,false,0,8,0x0C,0x00,0x00,0x00,0x00,0x00,0x00,0x00
11474579,0x3E8,false,0,8,0x0D,0x00,0x00,0x00,0x05,0x00,0x10,0x00
11522671,0x3E8,false,0,8,0x00,0x00,0x00,0x00,0x66,0x00,0x65,0x00
11522921,0x44C,false,0,8,0x00,0x00,0x19,0x00,0x1A,0x00,0x00,0x00
11523061,0x3E8,false,0,8,0x01,0x00,0xF2,0x03,0x05,0x00,0x00,0x00
11523199,0x44C,false,0,8,0x01,0x00,0x01,0x00,0x00,0x00,0x00,0x00
11523335,0x3E8,false,0,8,0x02,0x00,0x00,0x00,0x00,0x00,0x54,0x00
11523476,0x3E8,false,0,8,0x03,0x00,0x4C,0x00,0x9F,0x04,0x00,0x00
11523613,0x3E8,false,0,8,0x04,0x00,0x00,0x00,0x90,0x01,0x9A,0x04
11523739,0x3E8,false,0,8,0x05,0x00,0x00,0x00,0x00,0x00,0x00,0x00
11523864,0x3E8,false,0,8,0x06,0x00,0x00,0x00,0x00,0x00,0x00,0x00
11523990,0x3E8,false,0,8,0x07,0x00,0x00,0x00,0x00,0x00,0x07,0x00
11524115,0x3E8,false,0,8,0x08,0x00,0x4F,0x00,0x07,0x00,0x00,0x00
11524241,0x3E8,false,0,8,0x09,0x00,0x00,0x00,0x00,0x00,0x00,0x00
11524366,0x3E8,false,0,8,0x0A,0x00,0x00,0x00,0x00,0x00,0x00,0x00
11524492,0x3E8,false,0,8,0x0B,0x00,0x00,0x00,0x00,0x00,0x00,0x00
11524622,0x3E8,false,0,8,0x0C,0x00,0x00,0x00,0x00,0x00,0x00,0x00
11524748,0x3E8,false,0,8,0x0D,0x00,0x00,0x00,0x05,0x00,0x10,0x00
11572686,0x3E8,false,0,8,0x00,0x00,0x00,0x00,0x66,0x00,0x65,0x00
11572949,0x44C,false,0,8,0x00,0x00,0x19,0x00,0x1A,0x00,0x00,0x00
11573082,0x3E8,false,0,8,0x01,0x00,0xF2,0x03,0x2A,0x00,0x00,0x00
11573217,0x44C,false,0,8,0x01,0x00,0x01,0x00,0x00,0x00,0x00,0x00
11573363,0x3E8,false,0,8,0x02,0x00,0x00,0x00,0x00,0x00,0x54,0x00
11573509,0x3E8,false,0,8,0x03,0x00,0x4C,0x00,0x9F,0x04,0x00,0x00
11573645,0x3E8,false,0,8,0x04,0x00,0x00,0x00,0x90,0x01,0x9A,0x04
11573784,0x3E8,false,0,8,0x05,0x00,0x00,0x00,0x00,0x00,0x00,0x00
11573921,0x3E8,false,0,8,0x06,0x00,0x00,0x00,0x00,0x00,0x00,0x00
11574057,0x3E8,false,0,8,0x07,0x00,0x00,0x00,0x00,0x00,0x07,0x00
11574199,0x3E8,false,0,8,0x08,0x00,0x4F,0x00,0x07,0x00,0x00,0x00
11574323,0x3E8,false,0,8,0x09,0x00,0x00,0x00,0x00,0x00,0x00,0x00
11574448,0x3E8,false,0,8,0x0A,0x00,0x00,0x00,0x00,0x00,0x00,0x00
11574583,0x3E8,false,0,8,0x0B,0x00,0x00,0x00,0x00,0x00,0x00,0x00
11586397,0x3E8,false,0,8,0x0C,0x00,0x00,0x00,0x00,0x00,0x00,0x00
11586549,0x3E8,false,0,8,0x0D,0x00,0x00,0x00,0x05,0x00,0x10,0x00
11622669,0x3E8,false,0,8,0x00,0x00,0x00,0x00,0x66,0x00,0x65,0x00
11622900,0x44C,false,0,8,0x00,0x00,0x19,0x00,0x1A,0x00,0x00,0x00
11623024,0x3E8,false,0,8,0x01,0x00,0xF2,0x03,0x92,0x00,0x00,0x00
11623160,0x44C,false,0,8,0x01,0x00,0x01,0x00,0x00,0x00,0x00,0x00
11623285,0x3E8,false,0,8,0x02,0x00,0x00,0x00,0x00,0x00,0x54,0x00
11623421,0x3E8,false,0,8,0x03,0x00,0x4C,0x00,0x9F,0x04,0x00,0x00
11623562,0x3E8,false,0,8,0x04,0x00,0x00,0x00,0x90,0x01,0x9A,0x04
11623700,0x3E8,false,0,8,0x05,0x00,0x00,0x00,0x00,0x00,0x00,0x00
11623837,0x3E8,false,0,8,0x06,0x00,0x00,0x00,0x00,0x00,0x00,0x00
11623973,0x3E8,false,0,8,0x07,0x00,0x00,0x00,0x00,0x00,0x07,0x00
11624111,0x3E8,false,0,8,0x08,0x00,0x4F,0x00,0x07,0x00,0x00,0x00
11624248,0x3E8,false,0,8,0x09,0x00,0x00,0x00,0x00,0x00,0x00,0x00
11624372,0x3E8,false,0,8,0x0A,0x00,0x00,0x00,0x00,0x00,0x00,0x00
11624497,0x3E8,false,0,8,0x0B,0x00,0x00,0x00,0x00,0x00,0x00,0x00
11624626,0x3E8,false,0,8,0x0C,0x00,0x00,0x00,0x00,0x00,0x00,0x00
11624751,0x3E8,false,0,8,0x0D,0x00,0x00,0x00,0x05,0x00,0x10,0x00
11672654,0x3E8,false,0,8,0x00,0x00,0x00,0x00,0x66,0x00,0x65,0x00
11672791,0x44C,false,0,8,0x00,0x00,0x19,0x00,0x1A,0x00,0x00,0x00
11672932,0x3E8,false,0,8,0x01,0x00,0xF2,0x03,0x13,0x01,0x00,0x00
11673056,0x44C,false,0,8,0x01,0x00,0x01,0x00,0x00,0x00,0x00,0x00
11673191,0x3E8,false,0,8,0x02,0x00,0x00,0x00,0x00,0x00,0x54,0x00
11673327,0x3E8,false,0,8,0x03,0x00,0x4C,0x00,0x9F,0x04,0x00,0x00
11673462,0x3E8,false,0,8,0x04,0x00,0x00,0x00,0x90,0x01,0x9A,0x04
11673597,0x3E8,false,0,8,0x05,0x00,0x00,0x00,0x00,0x00,0x00,0x00
11673731,0x3E8,false,0,8,0x06,0x00,0x00,0x00,0x00,0x00,0x00,0x00
11673856,0x3E8,false,0,8,0x07,0x00,0x00,0x00,0x00,0x00,0x07,0x00
11673994,0x3E8,false,0,8,0x08,0x00,0x4F,0x00,0x07,0x00,0x00,0x00
11674129,0x3E8,false,0,8,0x09,0x00,0x00,0x00,0x00,0x00,0x00,0x00
11674266,0x3E8,false,0,8,0x0A,0x00,0x00,0x00,0x00,0x00,0x00,0x00
11674390,0x3E8,false,0,8,0x0B,0x00,0x00,0x00,0x00,0x00,0x00,0x00
11674515,0x3E8,false,0,8,0x0C,0x00,0x00,0x00,0x00,0x00,0x00,0x00
11674644,0x3E8,false,0,8,0x0D,0x00,0x00,0x00,0x05,0x00,0x10,0x00
11722655,0x3E8,false,0,8,0x00,0x00,0x00,0x00,0x66,0x00,0x65,0x00
11722798,0x44C,false,0,8,0x00,0x00,0x19,0x00,0x1A,0x00,0x00,0x00
11722939,0x3E8,false,0,8,0x01,0x00,0xF2,0x03,0x98,0x01,0x00,0x00
11723075,0x44C,false,0,8,0x01,0x00,0x01,0x00,0x00,0x00,0x00,0x00
11723200,0x3E8,false,0,8,0x02,0x00,0x00,0x00,0x00,0x00,0x54,0x00
11723336,0x3E8,false,0,8,0x03,0x00,0x4C,0x00,0x9F,0x04,0x00,0x00
11723460,0x3E8,false,0,8,0x04,0x00,0x00,0x00,0x90,0x01,0x9A,0x04
11723598,0x3E8,false,0,8,0x05,0x00,0x00,0x00,0x00,0x00,0x00,0x00
11723736,0x3E8,false,0,8,0x06,0x00,0x00,0x00,0x00,0x00,0x00,0x00
11723872,0x3E8,false,0,8,0x07,0x00,0x00,0x00,0x00,0x00,0x07,0x00
11724009,0x3E8,false,0,8,0x08,0x00,0x4F,0x00,0x07,0x00,0x00,0x00
11724146,0x3E8,false,0,8,0x09,0x00,0x00,0x00,0x00,0x00,0x00,0x00
11724283,0x3E8,false,0,8,0x0A,0x00,0x00,0x00,0x00,0x00,0x00,0x00
11724420,0x3E8,false,0,8,0x0B,0x00,0x00,0x00,0x00,0x00,0x00,0x00
11724544,0x3E8,false,0,8,0x0C,0x00,0x00,0x00,0x00,0x00,0x00,0x00
11724673,0x3E8,false,0,8,0x0D,0x00,0x00,0x00,0x05,0x00,0x10,0x00
11772663,0x3E8,false,0,8,0x00,0x00,0x00,0x00,0x66,0x00,0x65,0x00
11772910,0x44C,false,0,8,0x00,0x00,0x19,0x00,0x1A,0x00,0x00,0x00
11773047,0x3E8,false,0,8,0x01,0x00,0xF2,0x03,0x0B,0x02,0x00,0x00
11773186,0x44C,false,0,8,0x01,0x00,0x01,0x00,0x00,0x00,0x00,0x00
11773324,0x3E8,false,0,8,0x02,0x00,0x00,0x00,0x00,0x00,0x54,0x00
11773449,0x3E8,false,0,8,0x03,0x00,0x4C,0x00,0x9F,0x04,0x00,0x00
11773575,0x3E8,false,0,8,0x04,0x00,0x00,0x00,0x90,0x01,0x9A,0x04
11773700,0x3E8,false,0,8,0x05,0x00,0x00,0x00,0x00,0x00,0x00,0x00
11773826,0x3E8,false,0,8,0x06,0x00,0x00,0x00,0x00,0x00,0x00,0x00
11776667,0x3E8,false,0,8,0x07,0x00,0x00,0x00,0x00,0x00,0x07,0x00
11776824,0x3E8,false,0,8,0x08,0x00,0x4F,0x00,0x07,0x00,0x00,0x00
11776948,0x3E8,false,0,8,0x09,0x00,0x00,0x00,0x00,0x00,0x00,0x00
11777073,0x3E8,false,0,8,0x0A,0x00,0x00,0x00,0x00,0x00,0x00,0x00
11790270,0x3E8,false,0,8,0x0B,0x00,0x00,0x00,0x00,0x00,0x00,0x00
11790403,0x3E8,false,0,8,0x0C,0x00,0x00,0x00,0x00,0x00,0x00,0x00
11790527,0x3E8,false,0,8,0x0D,0x00,0x00,0x00,0x05,0x00,0x10,0x00
11822949,0x3E8,false,0,8,0x00,0x00,0x00,0x00,0x66,0x00,0x65,0x00
11823108,0x44C,false,0,8,0x00,0x00,0x19,0x00,0x1A,0x00,0x00,0x00
11823242,0x3E8,false,0,8,0x01,0x00,0xF2,0x03,0x6F,0x02,0x00,0x00
11823378,0x44C,false,0,8,0x01,0x00,0x01,0x00,0x00,0x00,0x00,0x00
11823513,0x3E8,false,0,8,0x02,0x00,0x00,0x00,0x00,0x00,0x54,0x00
11823650,0x3E8,false,0,8,0x03,0x00,0x4C,0x00,0x9F,0x04,0x00,0x00
11823784,0x3E8,false,0,8,0x04,0x00,0x00,0x00,0x90,0x01,0x9A,0x04
11823908,0x3E8,false,0,8,0x05,0x00,0x00,0x00,0x00,0x00,0x00,0x00
11824045,0x3E8,false,0,8,0x06,0x00,0x00,0x00,0x00,0x00,0x00,0x00
11824276,0x3E8,false,0,8,0x07,0x00,0x00,0x00,0x00,0x00,0x07,0x00
11824414,0x3E8,false,0,8,0x08,0x00,0x4F,0x00,0x07,0x00,0x00,0x00
11824552,0x3E8,false,0,8,0x09,0x00,0x00,0x00,0x00,0x00,0x00,0x00
11824694,0x3E8,false,0,8,0x0A,0x00,0x00,0x00,0x00,0x00,0x00,0x00
11824830,0x3E8,false,0,8,0x0B,0x00,0x00,0x00,0x00,0x00,0x00,0x00
11824974,0x3E8,false,0,8,0x0C,0x00,0x00,0x00,0x00,0x00,0x00,0x00
11825111,0x3E8,false,0,8,0x0D,0x00,0x00,0x00,0x05,0x00,0x10,0x00
11874660,0x3E8,false,0,8,0x00,0x00,0x00,0x00,0x66,0x00,0x65,0x00
11874910,0x44C,false,0,8,0x00,0x00,0x19,0x00,0x1A,0x00,0x00,0x00
11875047,0x3E8,false,0,8,0x01,0x00,0xF2,0x03,0xD2,0x02,0x00,0x00
11875171,0x44C,false,0,8,0x01,0x00,0x01,0x00,0x00,0x00,0x00,0x00
11875300,0x3E8,false,0,8,0x02,0x00,0x00,0x00,0x00,0x00,0x54,0x00
11875431,0x3E8,false,0,8,0x03,0x00,0x4C,0x00,0x9F,0x04,0x00,0x00
11875555,0x3E8,false,0,8,0x04,0x00,0x00,0x00,0x90,0x01,0x9A,0x04
11875680,0x3E8,false,0,8,0x05,0x00,0x00,0x00,0x00,0x00,0x00,0x00
11875805,0x3E8,false,0,8,0x06,0x00,0x00,0x00,0x00,0x00,0x00,0x00
11875930,0x3E8,false,0,8,0x07,0x00,0x00,0x00,0x00,0x00,0x07,0x00
11876054,0x3E8,false,0,8,0x08,0x00,0x4F,0x00,0x07,0x00,0x00,0x00
11876181,0x3E8,false,0,8,0x09,0x00,0x00,0x00,0x00,0x00,0x00,0x00
11876313,0x3E8,false,0,8,0x0A,0x00,0x00,0x00,0x00,0x00,0x00,0x00
11876450,0x3E8,false,0,8,0x0B,0x00,0x00,0x00,0x00,0x00,0x00,0x00
11876592,0x3E8,false,0,8,0x0C,0x00,0x00,0x00,0x00,0x00,0x00,0x00
11876736,0x3E8,false,0,8,0x0D,0x00,0x00,0x00,0x05,0x00,0x10,0x00
11924668,0x44C,false,0,8,0x00,0x00,0x19,0x00,0x1A,0x00,0x00,0x00
11924908,0x3E8,false,0,8,0x00,0x00,0x00,0x00,0x66,0x00,0x65,0x00
11925045,0x44C,false,0,8,0x01,0x00,0x01,0x00,0x00,0x00,0x00,0x00
11925182,0x3E8,false,0,8,0x01,0x00,0xF2,0x03,0x2C,0x03,0x00,0x00
11925319,0x3E8,false,0,8,0x03,0x00,0x4C,0x00,0x9F,0x04,0x00,0x00
11925443,0x3E8,false,0,8,0x03,0x00,0x4C,0x00,0x9F,0x04,0x00,0x00
11925568,0x3E8,false,0,8,0x04,0x00,0x00,0x00,0x90,0x01,0x9A,0x04
11925695,0x3E8,false,0,8,0x05,0x00,0x00,0x00,0x00,0x00,0x00,0x00
11925819,0x3E8,false,0,8,0x06,0x00,0x00,0x00,0x00,0x00,0x00,0x00
11925944,0x3E8,false,0,8,0x07,0x00,0x00,0x00,0x00,0x00,0x07,0x00
11926069,0x3E8,false,0,8,0x08,0x00,0x4F,0x00,0x07,0x00,0x00,0x00
11926194,0x3E8,false,0,8,0x09,0x00,0x00,0x00,0x00,0x00,0x00,0x00
11926319,0x3E8,false,0,8,0x0A,0x00,0x00,0x00,0x00,0x00,0x00,0x00
11926444,0x3E8,false,0,8,0x0B,0x00,0x00,0x00,0x00,0x00,0x00,0x00
11926568,0x3E8,false,0,8,0x0C,0x00,0x00,0x00,0x00,0x00,0x00,0x00
11926698,0x3E8,false,0,8,0x0D,0x00,0x00,0x00,0x05,0x00,0x10,0x00
11974662,0x3E8,false,0,8,0x00,0x00,0x00,0x00,0x66,0x00,0x65,0x00
11974894,0x44C,false,0,8,0x00,0x00,0x19,0x00,0x1A,0x00,0x00,0x00
11975031,0x3E8,false,0,8,0x01,0x00,0xF2,0x03,0x5E,0x03,0x00,0x00
11975170,0x44C,false,0,8,0x01,0x00,0x01,0x00,0x00,0x00,0x00,0x00
11975309,0x3E8,false,0,8,0x02,0x00,0x00,0x00,0x00,0x00,0x54,0x00
11975447,0x3E8,false,0,8,0x03,0x00,0x4C,0x00,0x9F,0x04,0x00,0x00
11975582,0x3E8,false,0,8,0x04,0x00,0x00,0x00,0x90,0x01,0x9A,0x04
11975720,0x3E8,false,0,8,0x05,0x00,0x00,0x00,0x00,0x00,0x00,0x00
11975857,0x3E8,false,0,8,0x06,0x00,0x00,0x00,0x00,0x00,0x00,0x00
11975984,0x3E8,false,0,8,0x07,0x00,0x00,0x00,0x00,0x00,0x07,0x00
11976110,0x3E8,false,0,8,0x08,0x00,0x4F,0x00,0x07,0x00,0x00,0x00
11976248,0x3E8,false,0,8,0x09,0x00,0x00,0x00,0x00,0x00,0x00,0x00
11990149,0x3E8,false,0,8,0x0A,0x00,0x00,0x00,0x00,0x00,0x00,0x00
11990279,0x3E8,false,0,8,0x0B,0x00,0x00,0x00,0x00,0x00,0x00,0x00
11990403,0x3E8,false,0,8,0x0C,0x00,0x00,0x00,0x00,0x00,0x00,0x00
11990529,0x3E8,false,0,8,0x0D,0x00,0x00,0x00,0x05,0x00,0x10,0x00
12024661,0x3E8,false,0,8,0x00,0x00,0x00,0x00,0x66,0x00,0x65,0x00
12024887,0x44C,false,0,8,0x00,0x00,0x19,0x00,0x1A,0x00,0x00,0x00
12025024,0x3E8,false,0,8,0x01,0x00,0xF2,0x03,0x65,0x03,0x00,0x00
12025164,0x44C,false,0,8,0x01,0x00,0x01,0x00,0x00,0x00,0x00,0x00
12025300,0x3E8,false,0,8,0x02,0x00,0x00,0x00,0x00,0x00,0x54,0x00
12025437,0x3E8,false,0,8,0x03,0x00,0x4C,0x00,0x9F,0x04,0x00,0x00
12025575,0x3E8,false,0,8,0x04,0x00,0x00,0x00,0x90,0x01,0x9A,0x04
12025716,0x3E8,false,0,8,0x05,0x00,0x00,0x00,0x00,0x00,0x00,0x00
12025853,0x3E8,false,0,8,0x06,0x00,0x00,0x00,0x00,0x00,0x00,0x00
12025977,0x3E8,false,0,8,0x07,0x00,0x00,0x00,0x00,0x00,0x07,0x00
12026102,0x3E8,false,0,8,0x08,0x00,0x4F,0x00,0x07,0x00,0x00,0x00
12026226,0x3E8,false,0,8,0x09,0x00,0x00,0x00,0x00,0x00,0x00,0x00
12026351,0x3E8,false,0,8,0x0A,0x00,0x00,0x00,0x00,0x00,0x00,0x00
12026475,0x3E8,false,0,8,0x0B,0x00,0x00,0x00,0x00,0x00,0x00,0x00
12026605,0x3E8,false,0,8,0x0C,0x00,0x00,0x00,0x00,0x00,0x00,0x00
12026729,0x3E8,false,0,8,0x0D,0x00,0x00,0x00,0x05,0x00,0x10,0x00
12074649,0x3E8,false,0,8,0x00,0x00,0x00,0x00,0x66,0x00,0x65,0x00
12074794,0x44C,false,0,8,0x00,0x00,0x19,0x00,0x1A,0x00,0x00,0x00
12074918,0x3E8,false,0,8,0x01,0x00,0xF2,0x03,0x5A,0x03,0x00,0x00
12075052,0x44C,false,0,8,0x01,0x00,0x01,0x00,0x00,0x00,0x00,0x00
12075188,0x3E8,false,0,8,0x02,0x00,0x00,0x00,0x00,0x00,0x54,0x00
12075327,0x3E8,false,0,8,0x03,0x00,0x4C,0x00,0x9F,0x04,0x00,0x00
12075463,0x3E8,false,0,8,0x04,0x00,0x00,0x00,0x90,0x01,0x9A,0x04
12075598,0x3E8,false,0,8,0x05,0x00,0x00,0x00,0x00,0x00,0x00,0x00
12075734,0x3E8,false,0,8,0x06,0x00,0x00,0x00,0x00,0x00,0x00,0x00
12075871,0x3E8,false,0,8,0x07,0x00,0x00,0x00,0x00,0x00,0x07,0x00
12075996,0x3E8,false,0,8,0x08,0x00,0x4F,0x00,0x07,0x00,0x00,0x00
12076120,0x3E8,false,0,8,0x09,0x00,0x00,0x00,0x00,0x00,0x00,0x00
12076245,0x3E8,false,0,8,0x0A,0x00,0x00,0x00,0x00,0x00,0x00,0x00
12076369,0x3E8,false,0,8,0x0B,0x00,0x00,0x00,0x00,0x00,0x00,0x00
12076494,0x3E8,false,0,8,0x0C,0x00,0x00,0x00,0x00,0x00,0x00,0x00
12076623,0x3E8,false,0,8,0x0D,0x00,0x00,0x00,0x05,0x00,0x10,0x00
12124713,0x3E8,false,0,8,0x00,0x00,0x00,0x00,0x66,0x00,0x65,0x00
12124990,0x44C,false,0,8,0x00,0x00,0x19,0x00,0x1A,0x00,0x00,0x00
12125123,0x3E8,false,0,8,0x01,0x00,0xF2,0x03,0x14,0x03,0x00,0x00
12125247,0x44C,false,0,8,0x01,0x00,0x01,0x00,0x00,0x00,0x00,0x00
12125383,0x3E8,false,0,8,0x02,0x00,0x00,0x00,0x00,0x00,0x54,0x00
12125519,0x3E8,false,0,8,0x03,0x00,0x4C,0x00,0x9F,0x04,0x00,0x00
12125655,0x3E8,false,0,8,0x04,0x00,0x00,0x00,0x90,0x01,0x9A,0x04
12125791,0x3E8,false,0,8,0x05,0x00,0x00,0x00,0x00,0x00,0x00,0x00
12125927,0x3E8,false,0,8,0x06,0x00,0x00,0x00,0x00,0x00,0x00,0x00
12126062,0x3E8,false,0,8,0x07,0x00,0x00,0x00,0x00,0x00,0x07,0x00
12126199,0x3E8,false,0,8,0x08,0x00,0x4F,0x00,0x07,0x00,0x00,0x00
12126324,0x3E8,false,0,8,0x09,0x00,0x00,0x00,0x00,0x00,0x00,0x00
12126449,0x3E8,false,0,8,0x0A,0x00,0x00,0x00,0x00,0x00,0x00,0x00
12126574,0x3E8,false,0,8,0x0B,0x00,0x00,0x00,0x00,0x00,0x00,0x00
12126703,0x3E8,false,0,8,0x0C,0x00,0x00,0x00,0x00,0x00,0x00,0x00
12126828,0x3E8,false,0,8,0x0D,0x00,0x00,0x00,0x05,0x00,0x10,0x00
12174707,0x3E8,false,0,8,0x00,0x00,0x00,0x00,0x66,0x00,0x65,0x00
12174960,0x44C,false,0,8,0x00,0x00,0x19,0x00,0x1A,0x00,0x00,0x00
12175086,0x3E8,false,0,8,0x01,0x00,0xF2,0x03,0xAE,0x02,0x00,0x00
12175211,0x44C,false,0,8,0x01,0x00,0x01,0x00,0x00,0x00,0x00,0x00
12175337,0x3E8,false,0,8,0x02,0x00,0x00,0x00,0x00,0x00,0x54,0x00
12175463,0x3E8,false,0,8,0x03,0x00,0x4C,0x00,0x9F,0x04,0x00,0x00
12175588,0x3E8,false,0,8,0x04,0x00,0x00,0x00,0x90,0x01,0x9A,0x04
12175713,0x3E8,false,0,8,0x05,0x00,0x00,0x00,0x00,0x00,0x00,0x00
12175854,0x3E8,false,0,8,0x06,0x00,0x00,0x00,0x00,0x00,0x00,0x00
12175992,0x3E8,false,0,8,0x07,0x00,0x00,0x00,0x00,0x00,0x07,0x00
12176128,0x3E8,false,0,8,0x08,0x00,0x4F,0x00,0x07,0x00,0x00,0x00
12188820,0x3E8,false,0,8,0x09,0x00,0x00,0x00,0x00,0x00,0x00,0x00
12188952,0x3E8,false,0,8,0x0A,0x00,0x00,0x00,0x00,0x00,0x00,0x00
12189078,0x3E8,false,0,8,0x0B,0x00,0x00,0x00,0x00,0x00,0x00,0x00
12189204,0x3E8,false,0,8,0x0C,0x00,0x00,0x00,0x00,0x00,0x00,0x00
12189330,0x3E8,false,0,8,0x0D,0x00,0x00,0x00,0x05,0x00,0x10,0x00
12224670,0x3E8,false,0,8,0x00,0x00,0x00,0x00,0x66,0x00,0x65,0x00
12224914,0x44C,false,0,8,0x00,0x00,0x19,0x00,0x1A,0x00,0x00,0x00
12225052,0x3E8,false,0,8,0x01,0x00,0xF2,0x03,0x28,0x02,0x00,0x00
12225192,0x44C,false,0,8,0x01,0x00,0x01,0x00,0x00,0x00,0x00,0x00
12225328,0x3E8,false,0,8,0x02,0x00,0x00,0x00,0x00,0x00,0x54,0x00
12225452,0x3E8,false,0,8,0x03,0x00,0x4C,0x00,0x9F,0x04,0x00,0x00
12225586,0x3E8,false,0,8,0x04,0x00,0x00,0x00,0x90,0x01,0x9A,0x04
12225710,0x3E8,false,0,8,0x05,0x00,0x00,0x00,0x00,0x00,0x00,0x00
12225847,0x3E8,false,0,8,0x06,0x00,0x00,0x00,0x00,0x00,0x00,0x00
12225984,0x3E8,false,0,8,0x07,0x00,0x00,0x00,0x00,0x00,0x07,0x00
12226123,0x3E8,false,0,8,0x08,0x00,0x4F,0x00,0x07,0x00,0x00,0x00
12226259,0x3E8,false,0,8,0x09,0x00,0x00,0x00,0x00,0x00,0x00,0x00
12226396,0x3E8,false,0,8,0x0A,0x00,0x00,0x00,0x00,0x00,0x00,0x00
12226533,0x3E8,false,0,8,0x0B,0x00,0x00,0x00,0x00,0x00,0x00,0x00
12226674,0x3E8,false,0,8,0x0C,0x00,0x00,0x00,0x00,0x00,0x00,0x00
12226798,0x3E8,false,0,8,0x0D,0x00,0x00,0x00,0x05,0x00,0x10,0x00
12274646,0x3E8,false,0,8,0x00,0x00,0x00,0x00,0x66,0x00,0x65,0x00
12274786,0x44C,false,0,8,0x00,0x00,0x19,0x00,0x1A,0x00,0x00,0x00
12274921,0x3E8,false,0,8,0x01,0x00,0xF2,0x03,0x80,0x01,0x00,0x00
12275059,0x44C,false,0,8,0x01,0x00,0x01,0x00,0x00,0x00,0x00,0x00
12275196,0x3E8,false,0,8,0x02,0x00,0x00,0x00,0x00,0x00,0x54,0x00
12275333,0x3E8,false,0,8,0x03,0x00,0x4C,0x00,0x9F,0x04,0x00,0x00
12275470,0x3E8,false,0,8,0x04,0x00,0x00,0x00,0x90,0x01,0x9A,0x04
12275594,0x3E8,false,0,8,0x05,0x00,0x00,0x00,0x00,0x00,0x00,0x00
12275731,0x3E8,false,0,8,0x06,0x00,0x00,0x00,0x00,0x00,0x00,0x00
12275867,0x3E8,false,0,8,0x07,0x00,0x00,0x00,0x00,0x00,0x07,0x00
12276006,0x3E8,false,0,8,0x08,0x00,0x4F,0x00,0x07,0x00,0x00,0x00
12276141,0x3E8,false,0,8,0x09,0x00,0x00,0x00,0x00,0x00,0x00,0x00
12276278,0x3E8,false,0,8,0x0A,0x00,0x00,0x00,0x00,0x00,0x00,0x00
12276415,0x3E8,false,0,8,0x0B,0x00,0x00,0x00,0x00,0x00,0x00,0x00
12276552,0x3E8,false,0,8,0x0C,0x00,0x00,0x00,0x00,0x00,0x00,0x00
12276693,0x3E8,false,0,8,0x0D,0x00,0x00,0x00,0x05,0x00,0x10,0x00
12324666,0x3E8,false,0,8,0x00,0x00,0x00,0x00,0x66,0x00,0x65,0x00
12324915,0x44C,false,0,8,0x00,0x00,0x19,0x00,0x1A,0x00,0x00,0x00
12325052,0x3E8,false,0,8,0x01,0x00,0xF2,0x03,0xC7,0x00,0x00,0x00
12325190,0x44C,false,0,8,0x01,0x00,0x01,0x00,0x00,0x00,0x00,0x00
12325328,0x3E8,false,0,8,0x02,0x00,0x00,0x00,0x00,0x00,0x54,0x00
12325464,0x3E8,false,0,8,0x03,0x00,0x4C,0x00,0x9F,0x04,0x00,0x00
12325600,0x3E8,false,0,8,0x04,0x00,0x00,0x00,0x90,0x01,0x9A,0x04
12325724,0x3E8,false,0,8,0x05,0x00,0x00,0x00,0x00,0x00,0x00,0x00
12325859,0x3E8,false,0,8,0x06,0x00,0x00,0x00,0x00,0x00,0x00,0x00
12326166,0x3E8,false,0,8,0x07,0x00,0x00,0x00,0x00,0x00,0x07,0x00
12326301,0x3E8,false,0,8,0x08,0x00,0x4F,0x00,0x07,0x00,0x00,0x00
12326439,0x3E8,false,0,8,0x09,0x00,0x00,0x00,0x00,0x00,0x00,0x00
12326577,0x3E8,false,0,8,0x0A,0x00,0x00,0x00,0x00,0x00,0x00,0x00
12326717,0x3E8,false,0,8,0x0B,0x00,0x00,0x00,0x00,0x00,0x00,0x00
12326852,0x3E8,false,0,8,0x0C,0x00,0x00,0x00,0x00,0x00,0x00,0x00
12326979,0x3E8,false,0,8,0x0D,0x00,0x00,0x00,0x05,0x00,0x10,0x00
12376676,0x44C,false,0,8,0x00,0x00,0x19,0x00,0x1A,0x00,0x00,0x00
12376959,0x3E8,false,0,8,0x00,0x00,0x00,0x00,0x66,0x00,0x65,0x00
12377097,0x44C,false,0,8,0x01,0x00,0x01,0x00,0x00,0x00,0x00,0x00
12377235,0x3E8,false,0,8,0x01,0x00,0xF2,0x03,0x15,0x00,0x00,0x00
12377373,0x3E8,false,0,8,0x02,0x00,0x00,0x00,0x00,0x00,0x54,0x00
12377511,0x3E8,false,0,8,0x03,0x00,0x4C,0x00,0x9F,0x04,0x00,0x00
12377637,0x3E8,false,0,8,0x04,0x00,0x00,0x00,0x90,0x01,0x9A,0x04
12377762,0x3E8,false,0,8,0x05,0x00,0x00,0x00,0x00,0x00,0x00,0x00
12377901,0x3E8,false,0,8,0x06,0x00,0x00,0x00,0x00,0x00,0x00,0x00
12378029,0x3E8,false,0,8,0x07,0x00,0x00,0x00,0x00,0x00,0x07,0x00
12389984,0x3E8,false,0,8,0x08,0x00,0x4F,0x00,0x07,0x00,0x00,0x00
12390113,0x3E8,false,0,8,0x09,0x00,0x00,0x00,0x00,0x00,0x00,0x00
12390237,0x3E8,false,0,8,0x0A,0x00,0x00,0x00,0x00,0x00,0x00,0x00
12390362,0x3E8,false,0,8,0x0B,0x00,0x00,0x00,0x00,0x00,0x00,0x00
12390487,0x3E8,false,0,8,0x0C,0x00,0x00,0x00,0x00,0x00,0x00,0x00
12390620,0x3E8,false,0,8,0x0D,0x00,0x00,0x00,0x05,0x00,0x10,0x00
12426660,0x3E8,false,0,8,0x00,0x00,0x00,0x00,0x66,0x00,0x65,0x00
12426902,0x44C,false,0,8,0x00,0x00,0x19,0x00,0x1A,0x00,0x00,0x00
12427039,0x3E8,false,0,8,0x01,0x00,0xF2,0x03,0x06,0x00,0x00,0x00
12427175,0x44C,false,0,8,0x01,0x00,0x01,0x00,0x00,0x00,0x00,0x00
12427312,0x3E8,false,0,8,0x02,0x00,0x00,0x00,0x00,0x00,0x54,0x00
12427451,0x3E8,false,0,8,0x03,0x00,0x4C,0x00,0x9F,0x04,0x00,0x00
12427575,0x3E8,false,0,8,0x04,0x00,0x00,0x00,0x90,0x01,0x9A,0x04
12427701,0x3E8,false,0,8,0x05,0x00,0x00,0x00,0x00,0x00,0x00,0x00
12427825,0x3E8,false,0,8,0x06,0x00,0x00,0x00,0x00,0x00,0x00,0x00
12427950,0x3E8,false,0,8,0x07,0x00,0x00,0x00,0x00,0x00,0x07,0x00
12428075,0x3E8,false,0,8,0x08,0x00,0x4F,0x00,0x07,0x00,0x00,0x00
12428199,0x3E8,false,0,8,0x09,0x00,0x00,0x00,0x00,0x00,0x00,0x00
12428323,0x3E8,false,0,8,0x0A,0x00,0x00,0x00,0x00,0x00,0x00,0x00
12428448,0x3E8,false,0,8,0x0B,0x00,0x00,0x00,0x00,0x00,0x00,0x00
12428573,0x3E8,false,0,8,0x0C,0x00,0x00,0x00,0x00,0x00,0x00,0x00
12428702,0x3E8,false,0,8,0x0D,0x00,0x00,0x00,0x05,0x00,0x10,0x00
12476664,0x3E8,false,0,8,0x00,0x00,0x00,0x00,0x66,0x00,0x65,0x00
12476899,0x44C,false,0,8,0x00,0x00,0x19,0x00,0x1A,0x00,0x00,0x00
12477035,0x3E8,false,0,8,0x01,0x00,0xF2,0x03,0x05,0x00,0x00,0x00
12477170,0x44C,false,0,8,0x01,0x00,0x01,0x00,0x00,0x00,0x00,0x00
12477307,0x3E8,false,0,8,0x02,0x00,0x00,0x00,0x00,0x00,0x54,0x00
12477442,0x3E8,false,0,8,0x03,0x00,0x4C,0x00,0x9F,0x04,0x00,0x00
12477566,0x3E8,false,0,8,0x04,0x00,0x00,0x00,0x90,0x01,0x9A,0x04
12477690,0x3E8,false,0,8,0x05,0x00,0x00,0x00,0x00,0x00,0x00,0x00
12477815,0x3E8,false,0,8,0x06,0x00,0x00,0x00,0x00,0x00,0x00,0x00
12477940,0x3E8,false,0,8,0x07,0x00,0x00,0x00,0x00,0x00,0x07,0x00
12478064,0x3E8,false,0,8,0x08,0x00,0x4F,0x00,0x07,0x00,0x00,0x00
12478189,0x3E8,false,0,8,0x09,0x00,0x00,0x00,0x00,0x00,0x00,0x00
12478313,0x3E8,false,0,8,0x0A,0x00,0x00,0x00,0x00,0x00,0x00,0x00
12478438,0x3E8,false,0,8,0x0B,0x00,0x00,0x00,0x00,0x00,0x00,0x00
12478563,0x3E8,false,0,8,0x0C,0x00,0x00,0x00,0x00,0x00,0x00,0x00
12478692,0x3E8,false,0,8,0x0D,0x00,0x00,0x00,0x05,0x00,0x10,0x00
12526646,0x3E8,false,0,8,0x00,0x00,0x00,0x00,0x66,0x00,0x65,0x00
12526775,0x44C,false,0,8,0x00,0x00,0x19,0x00,0x1A,0x00,0x00,0x00
12526911,0x3E8,false,0,8,0x01,0x00,0xF2,0x03,0x05,0x00,0x00,0x00
12527048,0x44C,false,0,8,0x01,0x00,0x01,0x00,0x00,0x00,0x00,0x00
12527186,0x3E8,false,0,8,0x02,0x00,0x00,0x00,0x00,0x00,0x54,0x00
12527321,0x3E8,false,0,8,0x03,0x00,0x4C,0x00,0x9F,0x04,0x00,0x00
12527457,0x3E8,false,0,8,0x04,0x00,0x00,0x00,0x90,0x01,0x9A,0x04
12527594,0x3E8,false,0,8,0x05,0x00,0x00,0x00,0x00,0x00,0x00,0x00
12527732,0x3E8,false,0,8,0x06,0x00,0x00,0x00,0x00,0x00,0x00,0x00
12527857,0x3E8,false,0,8,0x07,0x00,0x00,0x00,0x00,0x00,0x07,0x00
12527981,0x3E8,false,0,8,0x08,0x00,0x4F,0x00,0x07,0x00,0x00,0x00
12528106,0x3E8,false,0,8,0x09,0x00,0x00,0x00,0x00,0x00,0x00,0x00
12528230,0x3E8,false,0,8,0x0A,0x00,0x00,0x00,0x00,0x00,0x00,0x00
12528355,0x3E8,false,0,8,0x0B,0x00,0x00,0x00,0x00,0x00,0x00,0x00
12528479,0x3E8,false,0,8,0x0C,0x00,0x00,0x00,0x00,0x00,0x00,0x00
12528608,0x3E8,false,0,8,0x0D,0x00,0x00,0x00,0x05,0x00,0x10,0x00
12576660,0x3E8,false,0,8,0x00,0x00,0x00,0x00,0x66,0x00,0x65,0x00
12576864,0x44C,false,0,8,0x00,0x00,0x19,0x00,0x1A,0x00,0x00,0x00
12576990,0x3E8,false,0,8,0x01,0x00,0xF2,0x03,0x05,0x00,0x00,0x00
12577120,0x44C,false,0,8,0x01,0x00,0x01,0x00,0x00,0x00,0x00,0x00
12589514,0x3E8,false,0,8,0x02,0x00,0x00,0x00,0x00,0x00,0x54,0x00
12589725,0x3E8,false,0,8,0x03,0x00,0x4C,0x00,0x9F,0x04,0x00,0x00
12589850,0x3E8,false,0,8,0x04,0x00,0x00,0x00,0x90,0x01,0x9A,0x04
12589975,0x3E8,false,0,8,0x05,0x00,0x00,0x00,0x00,0x00,0x00,0x00
12590101,0x3E8,false,0,8,0x06,0x00,0x00,0x00,0x00,0x00,0x00,0x00
12590226,0x3E8,false,0,8,0x07,0x00,0x00,0x00,0x00,0x00,0x07,0x00
12590352,0x3E8,false,0,8,0x08,0x00,0x4F,0x00,0x07,0x00,0x00,0x00
12590477,0x3E8,false,0,8,0x09,0x00,0x00,0x00,0x00,0x00,0x00,0x00
12590608,0x3E8,false,0,8,0x0A,0x00,0x00,0x00,0x00,0x00,0x00,0x00
12590734,0x3E8,false,0,8,0x0B,0x00,0x00,0x00,0x00,0x00,0x00,0x00
12590859,0x3E8,false,0,8,0x0C,0x00,0x00,0x00,0x00,0x00,0x00,0x00
12590985,0x3E8,false,0,8,0x0D,0x00,0x00,0x00,0x05,0x00,0x10,0x00
12626673,0x3E8,false,0,8,0x00,0x00,0x00,0x00,0x66,0x00,0x65,0x00
12626924,0x44C,false,0,8,0x00,0x00,0x19,0x00,0x1A,0x00,0x00,0x00
12627048,0x3E8,false,0,8,0x01,0x00,0xF2,0x03,0x05,0x00,0x00,0x00
12627184,0x44C,false,0,8,0x01,0x00,0x01,0x00,0x00,0x00,0x00,0x00
12627309,0x3E8,false,0,8,0x02,0x00,0x00,0x00,0x00,0x00,0x54,0x00
12627448,0x3E8,false,0,8,0x03,0x00,0x4C,0x00,0x9F,0x04,0x00,0x00
12627584,0x3E8,false,0,8,0x04,0x00,0x00,0x00,0x90,0x01,0x9A,0x04
12627721,0x3E8,false,0,8,0x05,0x00,0x00,0x00,0x00,0x00,0x00,0x00
12627858,0x3E8,false,0,8,0x06,0x00,0x00,0x00,0x00,0x00,0x00,0x00
12627996,0x3E8,false,0,8,0x07,0x00,0x00,0x00,0x00,0x00,0x07,0x00
12628133,0x3E8,false,0,8,0x08,0x00,0x4F,0x00,0x07,0x00,0x00,0x00
12628269,0x3E8,false,0,8,0x09,0x00,0x00,0x00,0x00,0x00,0x00,0x00
12628395,0x3E8,false,0,8,0x0A,0x00,0x00,0x00,0x00,0x00,0x00,0x00
12628520,0x3E8,false,0,8,0x0B,0x00,0x00,0x00,0x00,0x00,0x00,0x00
12628649,0x3E8,false,0,8,0x0C,0x00,0x00,0x00,0x00,0x00,0x00,0x00
12628774,0x3E8,false,0,8,0x0D,0x00,0x00,0x00,0x05,0x00,0x10,0x00
12676657,0x3E8,false,0,8,0x00,0x00,0x00,0x00,0x66,0x00,0x65,0x00
12676846,0x44C,false,0,8,0x00,0x00,0x19,0x00,0x1A,0x00,0x00,0x00
12676993,0x3E8,false,0,8,0x01,0x00,0xF2,0x03,0x05,0x00,0x00,0x00
12677119,0x44C,false,0,8,0x01,0x00,0x01,0x00,0x00,0x00,0x00,0x00
12677253,0x3E8,false,0,8,0x02,0x00,0x00,0x00,0x00,0x00,0x54,0x00
12677378,0x3E8,false,0,8,0x03,0x00,0x4C,0x00,0x9F,0x04,0x00,0x00
12677514,0x3E8,false,0,8,0x04,0x00,0x00,0x00,0x90,0x01,0x9A,0x04
12677650,0x3E8,false,0,8,0x05,0x00,0x00,0x00,0x00,0x00,0x00,0x00
12677785,0x3E8,false,0,8,0x06,0x00,0x00,0x00,0x00,0x00,0x00,0x00
12677922,0x3E8,false,0,8,0x07,0x00,0x00,0x00,0x00,0x00,0x07,0x00
12678064,0x3E8,false,0,8,0x08,0x00,0x4F,0x00,0x07,0x00,0x00,0x00
12678207,0x3E8,false,0,8,0x09,0x00,0x00,0x00,0x00,0x00,0x00,0x00
12678351,0x3E8,false,0,8,0x0A,0x00,0x00,0x00,0x00,0x00,0x00,0x00
12678992,0x3E8,false,0,8,0x0B,0x00,0x00,0x00,0x00,0x00,0x00,0x00
12679151,0x3E8,false,0,8,0x0C,0x00,0x00,0x00,0x00,0x00,0x00,0x00
12679276,0x3E8,false,0,8,0x0D,0x00,0x00,0x00,0x05,0x00,0x10,0x00
12726661,0x3E8,false,0,8,0x00,0x00,0x00,0x00,0x66,0x00,0x65,0x00
12726897,0x44C,false,0,8,0x00,0x00,0x19,0x00,0x1A,0x00,0x00,0x00
12727034,0x3E8,false,0,8,0x01,0x00,0xF2,0x03,0x05,0x00,0x00,0x00
12727171,0x44C,false,0,8,0x01,0x00,0x01,0x00,0x00,0x00,0x00,0x00
12727296,0x3E8,false,0,8,0x02,0x00,0x00,0x00,0x00,0x00,0x54,0x00
12727434,0x3E8,false,0,8,0x03,0x00,0x4C,0x00,0x9F,0x04,0x00,0x00
12727558,0x3E8,false,0,8,0x04,0x00,0x00,0x00,0x90,0x01,0x9A,0x04
12727697,0x3E8,false,0,8,0x05,0x00,0x00,0x00,0x00,0x00,0x00,0x00
12727834,0x3E8,false,0,8,0x06,0x00,0x00,0x00,0x00,0x00,0x00,0x00
12727971,0x3E8,false,0,8,0x07,0x00,0x00,0x00,0x00,0x00,0x07,0x00
12728108,0x3E8,false,0,8,0x08,0x00,0x4F,0x00,0x07,0x00,0x00,0x00
12728244,0x3E8,false,0,8,0x09,0x00,0x00,0x00,0x00,0x00,0x00,0x00
12728381,0x3E8,false,0,8,0x0A,0x00,0x00,0x00,0x00,0x00,0x00,0x00
12728518,0x3E8,false,0,8,0x0B,0x00,0x00,0x00,0x00,0x00,0x00,0x00
12728647,0x3E8,false,0,8,0x0C,0x00,0x00,0x00,0x00,0x00,0x00,0x00
12728772,0x3E8,false,0,8,0x0D,0x00,0x00,0x00,0x05,0x00,0x10,0x00
12776669,0x3E8,false,0,8,0x00,0x00,0x00,0x00,0x66,0x00,0x65,0x00
12776908,0x44C,false,0,8,0x00,0x00,0x19,0x00,0x1A,0x00,0x00,0x00
12777044,0x3E8,false,0,8,0x01,0x00,0xF2,0x03,0x05,0x00,0x00,0x00
12777181,0x44C,false,0,8,0x01,0x00,0x01,0x00,0x00,0x00,0x00,0x00
12803465,0x3E8,false,0,8,0x02,0x00,0x00,0x00,0x00,0x00,0x54,0x00
12803608,0x3E8,false,0,8,0x03,0x00,0x4C,0x00,0x9F,0x04,0x00,0x00
12803743,0x3E8,false,0,8,0x04,0x00,0x00,0x00,0x90,0x01,0x9A,0x04
12803874,0x3E8,false,0,8,0x05,0x00,0x00,0x00,0x00,0x00,0x00,0x00
12804028,0x3E8,false,0,8,0x06,0x00,0x00,0x00,0x00,0x00,0x00,0x00
12804179,0x3E8,false,0,8,0x07,0x00,0x00,0x00,0x00,0x00,0x07,0x00
12804310,0x3E8,false,0,8,0x08,0x00,0x4F,0x00,0x07,0x00,0x00,0x00
12804444,0x3E8,false,0,8,0x09,0x00,0x00,0x00,0x00,0x00,0x00,0x00
12804602,0x3E8,false,0,8,0x0A,0x00,0x00,0x00,0x00,0x00,0x00,0x00
12804729,0x3E8,false,0,8,0x0B,0x00,0x00,0x00,0x00,0x00,0x00,0x00
12804856,0x3E8,false,0,8,0x0C,0x00,0x00,0x00,0x00,0x00,0x00,0x00
12804988,0x3E8,false,0,8,0x0D,0x00,0x00,0x00,0x05,0x00,0x10,0x00
12828669,0x3E8,false,0,8,0x00,0x00,0x00,0x00,0x66,0x00,0x65,0x00
12828932,0x44C,false,0,8,0x00,0x00,0x19,0x00,0x1A,0x00,0x00,0x00
12829069,0x3E8,false,0,8,0x01,0x00,0xF2,0x03,0x05,0x00,0x00,0x00
12829193,0x44C,false,0,8,0x01,0x00,0x01,0x00,0x00,0x00,0x00,0x00
12829318,0x3E8,false,0,8,0x02,0x00,0x00,0x00,0x00,0x00,0x54,0x00
12829442,0x3E8,false,0,8,0x03,0x00,0x4C,0x00,0x9F,0x04,0x00,0x00
12829567,0x3E8,false,0,8,0x04,0x00,0x00,0x00,0x90,0x01,0x9A,0x04
12829696,0x3E8,false,0,8,0x05,0x00,0x00,0x00,0x00,0x00,0x00,0x00
12829822,0x3E8,false,0,8,0x06,0x00,0x00,0x00,0x00,0x00,0x00,0x00
12829948,0x3E8,false,0,8,0x07,0x00,0x00,0x00,0x00,0x00,0x07,0x00
12830073,0x3E8,false,0,8,0x08,0x00,0x4F,0x00,0x07,0x00,0x00,0x00
12830198,0x3E8,false,0,8,0x09,0x00,0x00,0x00,0x00,0x00,0x00,0x00
12830322,0x3E8,false,0,8,0x0A,0x00,0x00,0x00,0x00,0x00,0x00,0x00
12830447,0x3E8,false,0,8,0x0B,0x00,0x00,0x00,0x00,0x00,0x00,0x00
12830572,0x3E8,false,0,8,0x0C,0x00,0x00,0x00,0x00,0x00,0x00,0x00
12830701,0x3E8,false,0,8,0x0D,0x00,0x00,0x00,0x05,0x00,0x10,0x00
12878663,0x3E8,false,0,8,0x00,0x00,0x00,0x00,0x66,0x00,0x65,0x00
12878904,0x44C,false,0,8,0x00,0x00,0x19,0x00,0x1A,0x00,0x00,0x00
12879039,0x3E8,false,0,8,0x01,0x00,0xF2,0x03,0x05,0x00,0x00,0x00
12879164,0x44C,false,0,8,0x01,0x00,0x01,0x00,0x00,0x00,0x00,0x00
12879289,0x3E8,false,0,8,0x02,0x00,0x00,0x00,0x00,0x00,0x54,0x00
12879413,0x3E8,false,0,8,0x03,0x00,0x4C,0x00,0x9F,0x04,0x00,0x00
12879538,0x3E8,false,0,8,0x04,0x00,0x00,0x00,0x90,0x01,0x9A,0x04
12879664,0x3E8,false,0,8,0x05,0x00,0x00,0x00,0x00,0x00,0x00,0x00
12879789,0x3E8,false,0,8,0x06,0x00,0x00,0x00,0x00,0x00,0x00,0x00
12879914,0x3E8,false,0,8,0x07,0x00,0x00,0x00,0x00,0x00,0x07,0x00
12880039,0x3E8,false,0,8,0x08,0x00,0x4F,0x00,0x07,0x00,0x00,0x00
12880164,0x3E8,false,0,8,0x09,0x00,0x00,0x00,0x00,0x00,0x00,0x00
12880289,0x3E8,false,0,8,0x0A,0x00,0x00,0x00,0x00,0x00,0x00,0x00
12880414,0x3E8,false,0,8,0x0B,0x00,0x00,0x00,0x00,0x00,0x00,0x00
12880539,0x3E8,false,0,8,0x0C,0x00,0x00,0x00,0x00,0x00,0x00,0x00
12880668,0x3E8,false,0,8,0x0D,0x00,0x00,0x00,0x05,0x00,0x10,0x00
12928665,0x3E8,false,0,8,0x00,0x00,0x00,0x00,0x66,0x00,0x65,0x00
12928946,0x44C,false,0,8,0x00,0x00,0x19,0x00,0x1A,0x00,0x00,0x00
12929088,0x3E8,false,0,8,0x01,0x00,0xF2,0x03,0x05,0x00,0x00,0x00
12929232,0x44C,false,0,8,0x01,0x00,0x01,0x00,0x00,0x00,0x00,0x00
12929372,0x3E8,false,0,8,0x02,0x00,0x00,0x00,0x00,0x00,0x54,0x00
12929504,0x3E8,false,0,8,0x03,0x00,0x4C,0x00,0x9F,0x04,0x00,0x00
12929637,0x3E8,false,0,8,0x04,0x00,0x00,0x00,0x90,0x01,0x9A,0x04
12929769,0x3E8,false,0,8,0x05,0x00,0x00,0x00,0x00,0x00,0x00,0x00
12929902,0x3E8,false,0,8,0x06,0x00,0x00,0x00,0x00,0x00,0x00,0x00
12930034,0x3E8,false,0,8,0x07,0x00,0x00,0x00,0x00,0x00,0x07,0x00
12930166,0x3E8,false,0,8,0x08,0x00,0x4F,0x00,0x07,0x00,0x00,0x00
12930298,0x3E8,false,0,8,0x09,0x00,0x00,0x00,0x00,0x00,0x00,0x00
12930431,0x3E8,false,0,8,0x0A,0x00,0x00,0x00,0x00,0x00,0x00,0x00
12930564,0x3E8,false,0,8,0x0B,0x00,0x00,0x00,0x00,0x00,0x00,0x00
12930701,0x3E8,false,0,8,0x0C,0x00,0x00,0x00,0x00,0x00,0x00,0x00
12930836,0x3E8,false,0,8,0x0D,0x00,0x00,0x00,0x05,0x00,0x10,0x00
12978660,0x3E8,false,0,8,0x00,0x00,0x00,0x00,0x66,0x00,0x65,0x00
12978881,0x44C,false,0,8,0x00,0x00,0x19,0x00,0x1A,0x00,0x00,0x00
12979023,0x3E8,false,0,8,0x01,0x00,0xF2,0x03,0x05,0x00,0x00,0x00
12992352,0x44C,false,0,8,0x01,0x00,0x01,0x00,0x00,0x00,0x00,0x00
12992486,0x3E8,false,0,8,0x02,0x00,0x00,0x00,0x00,0x00,0x54,0x00
12992621,0x3E8,false,0,8,0x03,0x00,0x4C,0x00,0x9F,0x04,0x00,0x00
12992755,0x3E8,false,0,8,0x04,0x00,0x00,0x00,0x90,0x01,0xE8,0x03
12992887,0x3E8,false,0,8,0x05,0x00,0x00,0x00,0x00,0x00,0x00,0x00
12993018,0x3E8,false,0,8,0x06,0x00,0x00,0x00,0x00,0x00,0x00,0x00
12993150,0x3E8,false,0,8,0x07,0x00,0x00,0x00,0x00,0x00,0x07,0x00
12993281,0x3E8,false,0,8,0x08,0x00,0x4F,0x00,0x07,0x00,0x00,0x00
12993412,0x3E8,false,0,8,0x09,0x00,0x00,0x00,0x00,0x00,0x00,0x00
12993543,0x3E8,false,0,8,0x0A,0x00,0x00,0x00,0x00,0x00,0x00,0x00
12993673,0x3E8,false,0,8,0x0B,0x00,0x00,0x00,0x00,0x00,0x00,0x00
12993804,0x3E8,false,0,8,0x0C,0x00,0x00,0x00,0x00,0x00,0x00,0x00
12993935,0x3E8,false,0,8,0x0D,0x00,0x00,0x00,0x05,0x00,0x10,0x00
13028662,0x3E8,false,0,8,0x00,0x00,0x00,0x00,0x66,0x00,0x65,0x00
13028901,0x44C,false,0,8,0x00,0x00,0x19,0x00,0x1A,0x00,0x00,0x00
13029036,0x3E8,false,0,8,0x01,0x00,0xF2,0x03,0x05,0x00,0x00,0x00
13029161,0x44C,false,0,8,0x01,0x00,0x01,0x00,0x00,0x00,0x00,0x00
13029298,0x3E8,false,0,8,0x02,0x00,0x00,0x00,0x00,0x00,0x54,0x00
13029446,0x3E8,false,0,8,0x03,0x00,0x4C,0x00,0x9F,0x04,0x00,0x00
13029570,0x3E8,false,0,8,0x04,0x00,0x00,0x00,0x90,0x01,0x9A,0x04
13029714,0x3E8,false,0,8,0x05,0x00,0x00,0x00,0x00,0x00,0x00,0x00
13029839,0x3E8,false,0,8,0x06,0x00,0x00,0x00,0x00,0x00,0x00,0x00
13029977,0x3E8,false,0,8,0x07,0x00,0x00,0x00,0x00,0x00,0x07,0x00
13030102,0x3E8,false,0,8,0x08,0x00,0x4F,0x00,0x07,0x00,0x00,0x00
13030226,0x3E8,false,0,8,0x09,0x00,0x00,0x00,0x00,0x00,0x00,0x00
13030351,0x3E8,false,0,8,0x0A,0x00,0x00,0x00,0x00,0x00,0x00,0x00
13030477,0x3E8,false,0,8,0x0B,0x00,0x00,0x00,0x00,0x00,0x00,0x00
13030606,0x3E8,false,0,8,0x0C,0x00,0x00,0x00,0x00,0x00,0x00,0x00
13030731,0x3E8,false,0,8,0x0D,0x00,0x00,0x00,0x05,0x00,0x10,0x00
13078678,0x3E8,false,0,8,0x00,0x00,0x00,0x00,0x66,0x00,0x65,0x00
13078924,0x44C,false,0,8,0x00,0x00,0x19,0x00,0x1A,0x00,0x00,0x00
13079061,0x3E8,false,0,8,0x01,0x00,0xF2,0x03,0x05,0x00,0x00,0x00
13079199,0x44C,false,0,8,0x01,0x00,0x01,0x00,0x00,0x00,0x00,0x00
13079336,0x3E8,false,0,8,0x02,0x00,0x00,0x00,0x00,0x00,0x54,0x00
13079474,0x3E8,false,0,8,0x03,0x00,0x4C,0x00,0x9F,0x04,0x00,0x00
13079612,0x3E8,false,0,8,0x04,0x00,0x00,0x00,0x90,0x01,0x9A,0x04
13079748,0x3E8,false,0,8,0x05,0x00,0x00,0x00,0x00,0x00,0x00,0x00
13079888,0x3E8,false,0,8,0x06,0x00,0x00,0x00,0x00,0x00,0x00,0x00
13080014,0x3E8,false,0,8,0x07,0x00,0x00,0x00,0x00,0x00,0x07,0x00
13080141,0x3E8,false,0,8,0x08,0x00,0x4F,0x00,0x07,0x00,0x00,0x00
13080267,0x3E8,false,0,8,0x09,0x00,0x00,0x00,0x00,0x00,0x00,0x00
13080393,0x3E8,false,0,8,0x0A,0x00,0x00,0x00,0x00,0x00,0x00,0x00
13080519,0x3E8,false,0,8,0x0B,0x00,0x00,0x00,0x00,0x00,0x00,0x00
13080649,0x3E8,false,0,8,0x0C,0x00,0x00,0x00,0x00,0x00,0x00,0x00
13080775,0x3E8,false,0,8,0x0D,0x00,0x00,0x00,0x05,0x00,0x10,0x00
13128662,0x3E8,false,0,8,0x00,0x00,0x00,0x00,0x66,0x00,0x65,0x00
13128900,0x44C,false,0,8,0x00,0x00,0x19,0x00,0x1A,0x00,0x00,0x00
13129034,0x3E8,false,0,8,0x01,0x00,0xF2,0x03,0x05,0x00,0x00,0x00
13129159,0x44C,false,0,8,0x01,0x00,0x01,0x00,0x00,0x00,0x00,0x00
13129296,0x3E8,false,0,8,0x02,0x00,0x00,0x00,0x00,0x00,0x54,0x00
13129433,0x3E8,false,0,8,0x03,0x00,0x4C,0x00,0x9F,0x04,0x00,0x00
13129572,0x3E8,false,0,8,0x04,0x00,0x00,0x00,0x90,0x01,0x9A,0x04
13129706,0x3E8,false,0,8,0x05,0x00,0x00,0x00,0x00,0x00,0x00,0x00
13129844,0x3E8,false,0,8,0x06,0x00,0x00,0x00,0x00,0x00,0x00,0x00
13129981,0x3E8,false,0,8,0x07,0x00,0x00,0x00,0x00,0x00,0x07,0x00
13130118,0x3E8,false,0,8,0x08,0x00,0x4F,0x00,0x07,0x00,0x00,0x00
13130243,0x3E8,false,0,8,0x09,0x00,0x00,0x00,0x00,0x00,0x00,0x00
13130368,0x3E8,false,0,8,0x0A,0x00,0x00,0x00,0x00,0x00,0x00,0x00
13130492,0x3E8,false,0,8,0x0B,0x00,0x00,0x00,0x00,0x00,0x00,0x00
13130622,0x3E8,false,0,8,0x0C,0x00,0x00,0x00,0x00,0x00,0x00,0x00
13130747,0x3E8,false,0,8,0x0D,0x00,0x00,0x00,0x05,0x00,0x10,0x00
13178663,0x3E8,false,0,8,0x00,0x00,0x00,0x00,0x66,0x00,0x65,0x00
13178913,0x44C,false,0,8,0x00,0x00,0x19,0x00,0x1A,0x00,0x00,0x00
13192309,0x3E8,false,0,8,0x01,0x00,0xF2,0x03,0x05,0x00,0x00,0x00
13192456,0x44C,false,0,8,0x01,0x00,0x01,0x00,0x00,0x00,0x00,0x00
13192589,0x3E8,false,0,8,0x02,0x00,0x00,0x00,0x00,0x00,0x54,0x00
13192734,0x3E8,false,0,8,0x03,0x00,0x4C,0x00,0x9F,0x04,0x00,0x00
13192871,0x3E8,false,0,8,0x04,0x00,0x00,0x00,0x90,0x01,0x9A,0x04
13193003,0x3E8,false,0,8,0x05,0x00,0x00,0x00,0x00,0x00,0x00,0x00
13193131,0x3E8,false,0,8,0x06,0x00,0x00,0x00,0x00,0x00,0x00,0x00
13193267,0x3E8,false,0,8,0x07,0x00,0x00,0x00,0x00,0x00,0x07,0x00
13193392,0x3E8,false,0,8,0x08,0x00,0x4F,0x00,0x07,0x00,0x00,0x00
13193516,0x3E8,false,0,8,0x09,0x00,0x00,0x00,0x00,0x00,0x00,0x00
13193644,0x3E8,false,0,8,0x0A,0x00,0x00,0x00,0x00,0x00,0x00,0x00
13193768,0x3E8,false,0,8,0x0B,0x00,0x00,0x00,0x00,0x00,0x00,0x00
13193893,0x3E8,false,0,8,0x0C,0x00,0x00,0x00,0x00,0x00,0x00,0x00
13194017,0x3E8,false,0,8,0x0D,0x00,0x00,0x00,0x05,0x00,0x10,0x00
13228661,0x3E8,false,0,8,0x00,0x00,0x00,0x00,0x66,0x00,0x65,0x00
13228857,0x44C,false,0,8,0x00,0x00,0x19,0x00,0x1A,0x00,0x00,0x00
13228996,0x3E8,false,0,8,0x01,0x00,0xF2,0x03,0x05,0x00,0x00,0x00
13229132,0x44C,false,0,8,0x01,0x00,0x01,0x00,0x00,0x00,0x00,0x00
13229268,0x3E8,false,0,8,0x02,0x00,0x00,0x00,0x00,0x00,0x54,0x00
13229406,0x3E8,false,0,8,0x03,0x00,0x4C,0x00,0x9F,0x04,0x00,0x00
13229530,0x3E8,false,0,8,0x04,0x00,0x00,0x00,0x90,0x01,0x9A,0x04
13229666,0x3E8,false,0,8,0x05,0x00,0x00,0x00,0x00,0x00,0x00,0x00
13229791,0x3E8,false,0,8,0x06,0x00,0x00,0x00,0x00,0x00,0x00,0x00
13229929,0x3E8,false,0,8,0x07,0x00,0x00,0x00,0x00,0x00,0x07,0x00
13230066,0x3E8,false,0,8,0x08,0x00,0x4F,0x00,0x07,0x00,0x00,0x00
13230203,0x3E8,false,0,8,0x09,0x00,0x00,0x00,0x00,0x00,0x00,0x00
13230339,0x3E8,false,0,8,0x0A,0x00,0x00,0x00,0x00,0x00,0x00,0x00
13230477,0x3E8,false,0,8,0x0B,0x00,0x00,0x00,0x00,0x00,0x00,0x00
13230619,0x3E8,false,0,8,0x0C,0x00,0x00,0x00,0x00,0x00,0x00,0x00
13230756,0x3E8,false,0,8,0x0D,0x00,0x00,0x00,0x05,0x00,0x10,0x00
13278656,0x44C,false,0,8,0x00,0x00,0x19,0x00,0x1A,0x00,0x00,0x00
13278794,0x3E8,false,0,8,0x00,0x00,0x00,0x00,0x66,0x00,0x65,0x00
13278931,0x44C,false,0,8,0x01,0x00,0x01,0x00,0x00,0x00,0x00,0x00
13279070,0x3E8,false,0,8,0x01,0x00,0xF2,0x03,0x05,0x00,0x00,0x00
13279206,0x3E8,false,0,8,0x02,0x00,0x00,0x00,0x00,0x00,0x54,0x00
13279343,0x3E8,false,0,8,0x03,0x00,0x4C,0x00,0x9F,0x04,0x00,0x00
13279479,0x3E8,false,0,8,0x04,0x00,0x00,0x00,0x90,0x01,0x9A,0x04
13279604,0x3E8,false,0,8,0x05,0x00,0x00,0x00,0x00,0x00,0x00,0x00
13279742,0x3E8,false,0,8,0x06,0x00,0x00,0x00,0x00,0x00,0x00,0x00
13279877,0x3E8,false,0,8,0x07,0x00,0x00,0x00,0x00,0x00,0x07,0x00
13280016,0x3E8,false,0,8,0x08,0x00,0x4F,0x00,0x07,0x00,0x00,0x00
13280151,0x3E8,false,0,8,0x09,0x00,0x00,0x00,0x00,0x00,0x00,0x00
13280287,0x3E8,false,0,8,0x0A,0x00,0x00,0x00,0x00,0x00,0x00,0x00
13280423,0x3E8,false,0,8,0x0B,0x00,0x00,0x00,0x00,0x00,0x00,0x00
13280671,0x3E8,false,0,8,0x0C,0x00,0x00,0x00,0x00,0x00,0x00,0x00
13280810,0x3E8,false,0,8,0x0D,0x00,0x00,0x00,0x05,0x00,0x10,0x00
13328669,0x3E8,false,0,8,0x00,0x00,0x00,0x00,0x66,0x00,0x65,0x00
13328968,0x44C,false,0,8,0x00,0x00,0x19,0x00,0x1A,0x00,0x00,0x00
13329114,0x3E8,false,0,8,0x01,0x00,0xF2,0x03,0x05,0x00,0x00,0x00
13329264,0x44C,false,0,8,0x01,0x00,0x01,0x00,0x00,0x00,0x00,0x00
13329401,0x3E8,false,0,8,0x02,0x00,0x00,0x00,0x00,0x00,0x54,0x00
13329542,0x3E8,false,0,8,0x03,0x00,0x4C,0x00,0x9F,0x04,0x00,0x00
13329667,0x3E8,false,0,8,0x04,0x00,0x00,0x00,0x90,0x01,0x9A,0x04
13329806,0x3E8,false,0,8,0x05,0x00,0x00,0x00,0x00,0x00,0x00,0x00
13329932,0x3E8,false,0,8,0x06,0x00,0x00,0x00,0x00,0x00,0x00,0x00
13330070,0x3E8,false,0,8,0x07,0x00,0x00,0x00,0x00,0x00,0x07,0x00
13330207,0x3E8,false,0,8,0x08,0x00,0x4F,0x00,0x07,0x00,0x00,0x00
13334671,0x3E8,false,0,8,0x09,0x00,0x00,0x00,0x00,0x00,0x00,0x00
13335092,0x3E8,false,0,8,0x0A,0x00,0x00,0x00,0x00,0x00,0x00,0x00
13335219,0x3E8,false,0,8,0x0B,0x00,0x00,0x00,0x00,0x00,0x00,0x00
13335347,0x3E8,false,0,8,0x0C,0x00,0x00,0x00,0x00,0x00,0x00,0x00
13335472,0x3E8,false,0,8,0x0D,0x00,0x00,0x00,0x05,0x00,0x10,0x00
13380663,0x3E8,false,0,8,0x00,0x00,0x00,0x00,0x66,0x00,0x65,0x00
13394529,0x44C,false,0,8,0x00,0x00,0x19,0x00,0x1A,0x00,0x00,0x00
13394657,0x3E8,false,0,8,0x01,0x00,0xF2,0x03,0x05,0x00,0x00,0x00
13394781,0x44C,false,0,8,0x01,0x00,0x01,0x00,0x00,0x00,0x00,0x00
13394906,0x3E8,false,0,8,0x02,0x00,0x00,0x00,0x00,0x00,0x54,0x00
13395030,0x3E8,false,0,8,0x03,0x00,0x4C,0x00,0x9F,0x04,0x00,0x00
13395154,0x3E8,false,0,8,0x04,0x00,0x00,0x00,0x90,0x01,0x9A,0x04
13395278,0x3E8,false,0,8,0x05,0x00,0x00,0x00,0x00,0x00,0x00,0x00
13395403,0x3E8,false,0,8,0x06,0x00,0x00,0x00,0x00,0x00,0x00,0x00
13395527,0x3E8,false,0,8,0x07,0x00,0x00,0x00,0x00,0x00,0x07,0x00
13395654,0x3E8,false,0,8,0x08,0x00,0x4F,0x00,0x07,0x00,0x00,0x00
13395778,0x3E8,false,0,8,0x09,0x00,0x00,0x00,0x00,0x00,0x00,0x00
13395903,0x3E8,false,0,8,0x0A,0x00,0x00,0x00,0x00,0x00,0x00,0x00
13396027,0x3E8,false,0,8,0x0B,0x00,0x00,0x00,0x00,0x00,0x00,0x00
13396152,0x3E8,false,0,8,0x0C,0x00,0x00,0x00,0x00,0x00,0x00,0x00
13396277,0x3E8,false,0,8,0x0D,0x00,0x00,0x00,0x05,0x00,0x10,0x00
13430674,0x3E8,false,0,8,0x00,0x00,0x00,0x00,0x66,0x00,0x65,0x00
13430919,0x44C,false,0,8,0x00,0x00,0x19,0x00,0x1A,0x00,0x00,0x00
13431056,0x3E8,false,0,8,0x01,0x00,0xF2,0x03,0x05,0x00,0x00,0x00
13431193,0x44C,false,0,8,0x01,0x00,0x01,0x00,0x00,0x00,0x00,0x00
13431331,0x3E8,false,0,8,0x02,0x00,0x00,0x00,0x00,0x00,0x54,0x00
13431468,0x3E8,false,0,8,0x03,0x00,0x4C,0x00,0x9F,0x04,0x00,0x00
13431603,0x3E8,false,0,8,0x04,0x00,0x00,0x00,0x90,0x01,0x9A,0x04
13431728,0x3E8,false,0,8,0x05,0x00,0x00,0x00,0x00,0x00,0x00,0x00
13431853,0x3E8,false,0,8,0x06,0x00,0x00,0x00,0x00,0x00,0x00,0x00
13431979,0x3E8,false,0,8,0x07,0x00,0x00,0x00,0x00,0x00,0x07,0x00
13432105,0x3E8,false,0,8,0x08,0x00,0x4F,0x00,0x07,0x00,0x00,0x00
13432231,0x3E8,false,0,8,0x09,0x00,0x00,0x00,0x00,0x00,0x00,0x00
13432357,0x3E8,false,0,8,0x0A,0x00,0x00,0x00,0x00,0x00,0x00,0x00
13432482,0x3E8,false,0,8,0x0B,0x00,0x00,0x00,0x00,0x00,0x00,0x00
13432613,0x3E8,false,0,8,0x0C,0x00,0x00,0x00,0x00,0x00,0x00,0x00
13432739,0x3E8,false,0,8,0x0D,0x00,0x00,0x00,0x05,0x00,0x10,0x00
13480673,0x3E8,false,0,8,0x00,0x00,0x00,0x00,0x66,0x00,0x65,0x00
13480913,0x44C,false,0,8,0x00,0x00,0x19,0x00,0x1A,0x00,0x00,0x00
13481051,0x3E8,false,0,8,0x01,0x00,0xF2,0x03,0x05,0x00,0x00,0x00
13481187,0x44C,false,0,8,0x01,0x00,0x01,0x00,0x00,0x00,0x00,0x00
13481323,0x3E8,false,0,8,0x02,0x00,0x00,0x00,0x00,0x00,0x54,0x00
13481460,0x3E8,false,0,8,0x03,0x00,0x4C,0x00,0x9F,0x04,0x00,0x00
13481596,0x3E8,false,0,8,0x04,0x00,0x00,0x00,0x90,0x01,0x9A,0x04
13481724,0x3E8,false,0,8,0x05,0x00,0x00,0x00,0x00,0x00,0x00,0x00
13481849,0x3E8,false,0,8,0x06,0x00,0x00,0x00,0x00,0x00,0x00,0x00
13481974,0x3E8,false,0,8,0x07,0x00,0x00,0x00,0x00,0x00,0x07,0x00
13482098,0x3E8,false,0,8,0x08,0x00,0x4F,0x00,0x07,0x00,0x00,0x00
13482224,0x3E8,false,0,8,0x09,0x00,0x00,0x00,0x00,0x00,0x00,0x00
13482348,0x3E8,false,0,8,0x0A,0x00,0x00,0x00,0x00,0x00,0x00,0x00
13482473,0x3E8,false,0,8,0x0B,0x00,0x00,0x00,0x00,0x00,0x00,0x00
13482603,0x3E8,false,0,8,0x0C,0x00,0x00,0x00,0x00,0x00,0x00,0x00
13482728,0x3E8,false,0,8,0x0D,0x00,0x00,0x00,0x05,0x00,0x10,0x00
13531094,0x3E8,false,0,8,0x00,0x00,0x00,0x00,0x66,0x00,0x65,0x00
13531341,0x44C,false,0,8,0x00,0x00,0x19,0x00,0x1A,0x00,0x00,0x00
13531477,0x3E8,false,0,8,0x01,0x00,0xF2,0x03,0x05,0x00,0x00,0x00
13531616,0x44C,false,0,8,0x01,0x00,0x01,0x00,0x00,0x00,0x00,0x00
13531751,0x3E8,false,0,8,0x02,0x00,0x00,0x00,0x00,0x00,0x54,0x00
13531876,0x3E8,false,0,8,0x03,0x00,0x4C,0x00,0x9F,0x04,0x00,0x00
13532000,0x3E8,false,0,8,0x04,0x00,0x00,0x00,0x90,0x01,0x9A,0x04
13532124,0x3E8,false,0,8,0x05,0x00,0x00,0x00,0x00,0x00,0x00,0x00
13532249,0x3E8,false,0,8,0x06,0x00,0x00,0x00,0x00,0x00,0x00,0x00
13532374,0x3E8,false,0,8,0x07,0x00,0x00,0x00,0x00,0x00,0x07,0x00
13532499,0x3E8,false,0,8,0x08,0x00,0x4F,0x00,0x07,0x00,0x00,0x00
13532628,0x3E8,false,0,8,0x09,0x00,0x00,0x00,0x00,0x00,0x00,0x00
13532753,0x3E8,false,0,8,0x0A,0x00,0x00,0x00,0x00,0x00,0x00,0x00
13532878,0x3E8,false,0,8,0x0B,0x00,0x00,0x00,0x00,0x00,0x00,0x00
13533003,0x3E8,false,0,8,0x0C,0x00,0x00,0x00,0x00,0x00,0x00,0x00
13533128,0x3E8,false,0,8,0x0D,0x00,0x00,0x00,0x05,0x00,0x10,0x00
13580659,0x3E8,false,0,8,0x00,0x00,0x00,0x00,0x66,0x00,0x65,0x00
13580855,0x44C,false,0,8,0x00,0x00,0x19,0x00,0x1A,0x00,0x00,0x00
13580979,0x3E8,false,0,8,0x01,0x00,0xF2,0x03,0x05,0x00,0x00,0x00
13581104,0x44C,false,0,8,0x01,0x00,0x01,0x00,0x00,0x00,0x00,0x00
13581228,0x3E8,false,0,8,0x02,0x00,0x00,0x00,0x00,0x00,0x54,0x00
13581352,0x3E8,false,0,8,0x03,0x00,0x4C,0x00,0x9F,0x04,0x00,0x00
13581487,0x3E8,false,0,8,0x04,0x00,0x00,0x00,0x90,0x01,0x9A,0x04
13581627,0x3E8,false,0,8,0x05,0x00,0x00,0x00,0x00,0x00,0x00,0x00
13581761,0x3E8,false,0,8,0x06,0x00,0x00,0x00,0x00,0x00,0x00,0x00
13581886,0x3E8,false,0,8,0x07,0x00,0x00,0x00,0x00,0x00,0x07,0x00
13582024,0x3E8,false,0,8,0x08,0x00,0x4F,0x00,0x07,0x00,0x00,0x00
13582164,0x3E8,false,0,8,0x09,0x00,0x00,0x00,0x00,0x00,0x00,0x00
13582304,0x3E8,false,0,8,0x0A,0x00,0x00,0x00,0x00,0x00,0x00,0x00
13582650,0x3E8,false,0,8,0x0B,0x00,0x00,0x00,0x00,0x00,0x00,0x00
13582789,0x3E8,false,0,8,0x0C,0x00,0x00,0x00,0x00,0x00,0x00,0x00
13582928,0x3E8,false,0,8,0x0D,0x00,0x00,0x00,0x05,0x00,0x10,0x00
13630673,0x3E8,false,0,8,0x00,0x00,0x00,0x00,0x66,0x00,0x65,0x00
13630914,0x44C,false,0,8,0x00,0x00,0x19,0x00,0x1A,0x00,0x00,0x00
13631048,0x3E8,false,0,8,0x01,0x00,0xF2,0x03,0x05,0x00,0x00,0x00
13631172,0x44C,false,0,8,0x01,0x00,0x01,0x00,0x00,0x00,0x00,0x00
13631310,0x3E8,false,0,8,0x02,0x00,0x00,0x00,0x00,0x00,0x54,0x00
13631438,0x3E8,false,0,8,0x03,0x00,0x4C,0x00,0x9F,0x04,0x00,0x00
13631577,0x3E8,false,0,8,0x04,0x00,0x00,0x00,0x90,0x01,0x9A,0x04
13631711,0x3E8,false,0,8,0x05,0x00,0x00,0x00,0x00,0x00,0x00,0x00
13631848,0x3E8,false,0,8,0x06,0x00,0x00,0x00,0x00,0x00,0x00,0x00
13631983,0x3E8,false,0,8,0x07,0x00,0x00,0x00,0x00,0x00,0x07,0x00
13632122,0x3E8,false,0,8,0x08,0x00,0x4F,0x00,0x07,0x00,0x00,0x00
13632259,0x3E8,false,0,8,0x09,0x00,0x00,0x00,0x00,0x00,0x00,0x00
13632394,0x3E8,false,0,8,0x0A,0x00,0x00,0x00,0x00,0x00,0x00,0x00
13632519,0x3E8,false,0,8,0x0B,0x00,0x00,0x00,0x00,0x00,0x00,0x00
13632648,0x3E8,false,0,8,0x0C,0x00,0x00,0x00,0x00,0x00,0x00,0x00
13632773,0x3E8,false,0,8,0x0D,0x00,0x00,0x00,0x05,0x00,0x10,0x00
13680672,0x3E8,false,0,8,0x00,0x00,0x00,0x00,0x66,0x00,0x65,0x00
13680921,0x44C,false,0,8,0x00,0x00,0x19,0x00,0x1A,0x00,0x00,0x00
13681056,0x3E8,false,0,8,0x01,0x00,0xF2,0x03,0x05,0x00,0x00,0x00
13681182,0x44C,false,0,8,0x01,0x00,0x01,0x00,0x00,0x00,0x00,0x00
13681317,0x3E8,false,0,8,0x02,0x00,0x00,0x00,0x00,0x00,0x54,0x00
13681452,0x3E8,false,0,8,0x03,0x00,0x4C,0x00,0x9F,0x04,0x00,0x00
13681589,0x3E8,false,0,8,0x04,0x00,0x00,0x00,0x90,0x01,0x9A,0x04
13681723,0x3E8,false,0,8,0x05,0x00,0x00,0x00,0x00,0x00,0x00,0x00
13681848,0x3E8,false,0,8,0x06,0x00,0x00,0x00,0x00,0x00,0x00,0x00
13681983,0x3E8,false,0,8,0x07,0x00,0x00,0x00,0x00,0x00,0x07,0x00
13682120,0x3E8,false,0,8,0x08,0x00,0x4F,0x00,0x07,0x00,0x00,0x00
13682257,0x3E8,false,0,8,0x09,0x00,0x00,0x00,0x00,0x00,0x00,0x00
13682393,0x3E8,false,0,8,0x0A,0x00,0x00,0x00,0x00,0x00,0x00,0x00
13682518,0x3E8,false,0,8,0x0B,0x00,0x00,0x00,0x00,0x00,0x00,0x00
13682647,0x3E8,false,0,8,0x0C,0x00,0x00,0x00,0x00,0x00,0x00,0x00
13682772,0x3E8,false,0,8,0x0D,0x00,0x00,0x00,0x05,0x00,0x10,0x00
13730658,0x3E8,false,0,8,0x00,0x00,0x00,0x00,0x66,0x00,0x65,0x00
13730795,0x44C,false,0,8,0x00,0x00,0x19,0x00,0x1A,0x00,0x00,0x00
13730935,0x3E8,false,0,8,0x01,0x00,0xF2,0x03,0x05,0x00,0x00,0x00
13731071,0x44C,false,0,8,0x01,0x00,0x01,0x00,0x00,0x00,0x00,0x00
13731209,0x3E8,false,0,8,0x02,0x00,0x00,0x00,0x00,0x00,0x54,0x00
13731334,0x3E8,false,0,8,0x03,0x00,0x4C,0x00,0x9F,0x04,0x00,0x00
13731470,0x3E8,false,0,8,0x04,0x00,0x00,0x00,0x90,0x01,0x9A,0x04
13731594,0x3E8,false,0,8,0x05,0x00,0x00,0x00,0x00,0x00,0x00,0x00
13731733,0x3E8,false,0,8,0x06,0x00,0x00,0x00,0x00,0x00,0x00,0x00
13731870,0x3E8,false,0,8,0x07,0x00,0x00,0x00,0x00,0x00,0x07,0x00
13732009,0x3E8,false,0,8,0x08,0x00,0x4F,0x00,0x07,0x00,0x00,0x00
13732144,0x3E8,false,0,8,0x09,0x00,0x00,0x00,0x00,0x00,0x00,0x00
13732282,0x3E8,false,0,8,0x0A,0x00,0x00,0x00,0x00,0x00,0x00,0x00
13732418,0x3E8,false,0,8,0x0B,0x00,0x00,0x00,0x00,0x00,0x00,0x00
13732555,0x3E8,false,0,8,0x0C,0x00,0x00,0x00,0x00,0x00,0x00,0x00
13744533,0x3E8,false,0,8,0x0D,0x00,0x00,0x00,0x05,0x00,0x10,0x00
13780674,0x3E8,false,0,8,0x00,0x00,0x00,0x00,0x66,0x00,0x65,0x00
13780922,0x44C,false,0,8,0x00,0x00,0x19,0x00,0x1A,0x00,0x00,0x00
13781058,0x3E8,false,0,8,0x01,0x00,0xF2,0x03,0x05,0x00,0x00,0x00
13781199,0x44C,false,0,8,0x01,0x00,0x01,0x00,0x00,0x00,0x00,0x00
13781335,0x3E8,false,0,8,0x02,0x00,0x00,0x00,0x00,0x00,0x54,0x00
13781459,0x3E8,false,0,8,0x03,0x00,0x4C,0x00,0x9F,0x04,0x00,0x00
13781583,0x3E8,false,0,8,0x04,0x00,0x00,0x00,0x90,0x01,0x9A,0x04
13781707,0x3E8,false,0,8,0x05,0x00,0x00,0x00,0x00,0x00,0x00,0x00
13784647,0x3E8,false,0,8,0x06,0x00,0x00,0x00,0x00,0x00,0x00,0x00
13784772,0x3E8,false,0,8,0x07,0x00,0x00,0x00,0x00,0x00,0x07,0x00
13784897,0x3E8,false,0,8,0x08,0x00,0x4F,0x00,0x07,0x00,0x00,0x00
13785021,0x3E8,false,0,8,0x09,0x00,0x00,0x00,0x00,0x00,0x00,0x00
13785146,0x3E8,false,0,8,0x0A,0x00,0x00,0x00,0x00,0x00,0x00,0x00
13785270,0x3E8,false,0,8,0x0B,0x00,0x00,0x00,0x00,0x00,0x00,0x00
13785395,0x3E8,false,0,8,0x0C,0x00,0x00,0x00,0x00,0x00,0x00,0x00
13785519,0x3E8,false,0,8,0x0D,0x00,0x00,0x00,0x05,0x00,0x10,0x00
13832675,0x3E8,false,0,8,0x00,0x00,0x00,0x00,0x66,0x00,0x65,0x00
13832911,0x44C,false,0,8,0x00,0x00,0x19,0x00,0x1A,0x00,0x00,0x00
13833051,0x3E8,false,0,8,0x01,0x00,0xF2,0x03,0x05,0x00,0x00,0x00
13833188,0x44C,false,0,8,0x01,0x00,0x01,0x00,0x00,0x00,0x00,0x00
13833312,0x3E8,false,0,8,0x02,0x00,0x00,0x00,0x00,0x00,0x54,0x00
13833437,0x3E8,false,0,8,0x03,0x00,0x4C,0x00,0x9F,0x04,0x00,0x00
13833561,0x3E8,false,0,8,0x04,0x00,0x00,0x00,0x90,0x01,0x9A,0x04
13833685,0x3E8,false,0,8,0x05,0x00,0x00,0x00,0x00,0x00,0x00,0x00
13833809,0x3E8,false,0,8,0x06,0x00,0x00,0x00,0x00,0x00,0x00,0x00
13833934,0x3E8,false,0,8,0x07,0x00,0x00,0x00,0x00,0x00,0x07,0x00
13834059,0x3E8,false,0,8,0x08,0x00,0x4F,0x00,0x07,0x00,0x00,0x00
13834183,0x3E8,false,0,8,0x09,0x00,0x00,0x00,0x00,0x00,0x00,0x00
13834308,0x3E8,false,0,8,0x0A,0x00,0x00,0x00,0x00,0x00,0x00,0x00
13834433,0x3E8,false,0,8,0x0B,0x00,0x00,0x00,0x00,0x00,0x00,0x00
13834557,0x3E8,false,0,8,0x0C,0x00,0x00,0x00,0x00,0x00,0x00,0x00
13834688,0x3E8,false,0,8,0x0D,0x00,0x00,0x00,0x05,0x00,0x10,0x00
13882659,0x3E8,false,0,8,0x00,0x00,0x00,0x00,0x66,0x00,0x65,0x00
13882881,0x44C,false,0,8,0x00,0x00,0x19,0x00,0x1A,0x00,0x00,0x00
13883016,0x3E8,false,0,8,0x01,0x00,0xF2,0x03,0x05,0x00,0x00,0x00
13883154,0x44C,false,0,8,0x01,0x00,0x01,0x00,0x00,0x00,0x00,0x00
13883279,0x3E8,false,0,8,0x02,0x00,0x00,0x00,0x00,0x00,0x54,0x00
13883404,0x3E8,false,0,8,0x03,0x00,0x4C,0x00,0x9F,0x04,0x00,0x00
13883528,0x3E8,false,0,8,0x04,0x00,0x00,0x00,0x90,0x01,0x9A,0x04
13883654,0x3E8,false,0,8,0x05,0x00,0x00,0x00,0x00,0x00,0x00,0x00
13883779,0x3E8,false,0,8,0x06,0x00,0x00,0x00,0x00,0x00,0x00,0x00
13883904,0x3E8,false,0,8,0x07,0x00,0x00,0x00,0x00,0x00,0x07,0x00
13884028,0x3E8,false,0,8,0x08,0x00,0x4F,0x00,0x07,0x00,0x00,0x00
13884153,0x3E8,false,0,8,0x09,0x00,0x00,0x00,0x00,0x00,0x00,0x00
13884278,0x3E8,false,0,8,0x0A,0x00,0x00,0x00,0x00,0x00,0x00,0x00
13884403,0x3E8,false,0,8,0x0B,0x00,0x00,0x00,0x00,0x00,0x00,0x00
13884529,0x3E8,false,0,8,0x0C,0x00,0x00,0x00,0x00,0x00,0x00,0x00
13884658,0x3E8,false,0,8,0x0D,0x00,0x00,0x00,0x05,0x00,0x10,0x00
13932672,0x3E8,false,0,8,0x00,0x00,0x00,0x00,0x66,0x00,0x65,0x00
13932899,0x44C,false,0,8,0x00,0x00,0x19,0x00,0x1A,0x00,0x00,0x00
13933034,0x3E8,false,0,8,0x01,0x00,0xF2,0x03,0x05,0x00,0x00,0x00
13933171,0x44C,false,0,8,0x01,0x00,0x01,0x00,0x00,0x00,0x00,0x00
13933308,0x3E8,false,0,8,0x02,0x00,0x00,0x00,0x00,0x00,0x54,0x00
13933446,0x3E8,false,0,8,0x03,0x00,0x4C,0x00,0x9F,0x04,0x00,0x00
13933570,0x3E8,false,0,8,0x04,0x00,0x00,0x00,0x90,0x01,0x9A,0x04
13933695,0x3E8,false,0,8,0x05,0x00,0x00,0x00,0x00,0x00,0x00,0x00
13933820,0x3E8,false,0,8,0x06,0x00,0x00,0x00,0x00,0x00,0x00,0x00
13933944,0x3E8,false,0,8,0x07,0x00,0x00,0x00,0x00,0x00,0x07,0x00
13934070,0x3E8,false,0,8,0x08,0x00,0x4F,0x00,0x07,0x00,0x00,0x00
13934201,0x3E8,false,0,8,0x09,0x00,0x00,0x00,0x00,0x00,0x00,0x00
13934336,0x3E8,false,0,8,0x0A,0x00,0x00,0x00,0x00,0x00,0x00,0x00
13934467,0x3E8,false,0,8,0x0B,0x00,0x00,0x00,0x00,0x00,0x00,0x00
13946271,0x3E8,false,0,8,0x0C,0x00,0x00,0x00,0x00,0x00,0x00,0x00
13946402,0x3E8,false,0,8,0x0D,0x00,0x00,0x00,0x05,0x00,0x10,0x00
13982662,0x3E8,false,0,8,0x00,0x00,0x00,0x00,0x66,0x00,0x65,0x00
13982882,0x44C,false,0,8,0x00,0x00,0x19,0x00,0x1A,0x00,0x00,0x00
13983008,0x3E8,false,0,8,0x01,0x00,0xF2,0x03,0x05,0x00,0x00,0x00
13983146,0x44C,false,0,8,0x01,0x00,0x01,0x00,0x00,0x00,0x00,0x00
13983286,0x3E8,false,0,8,0x02,0x00,0x00,0x00,0x00,0x00,0x54,0x00
13983426,0x3E8,false,0,8,0x03,0x00,0x4C,0x00,0x9F,0x04,0x00,0x00
13983563,0x3E8,false,0,8,0x04,0x00,0x00,0x00,0x90,0x01,0x9A,0x04
13983704,0x3E8,false,0,8,0x05,0x00,0x00,0x00,0x00,0x00,0x00,0x00
13983846,0x3E8,false,0,8,0x06,0x00,0x00,0x00,0x00,0x00,0x00,0x00
13983985,0x3E8,false,0,8,0x07,0x00,0x00,0x00,0x00,0x00,0x07,0x00
13984121,0x3E8,false,0,8,0x08,0x00,0x4F,0x00,0x07,0x00,0x00,0x00
13984246,0x3E8,false,0,8,0x09,0x00,0x00,0x00,0x00,0x00,0x00,0x00
13984370,0x3E8,false,0,8,0x0A,0x00,0x00,0x00,0x00,0x00,0x00,0x00
13984495,0x3E8,false,0,8,0x0B,0x00,0x00,0x00,0x00,0x00,0x00,0x00
13984623,0x3E8,false,0,8,0x0C,0x00,0x00,0x00,0x00,0x00,0x00,0x00
13984748,0x3E8,false,0,8,0x0D,0x00,0x00,0x00,0x05,0x00,0x10,0x00
14032663,0x3E8,false,0,8,0x00,0x00,0x00,0x00,0x66,0x00,0x65,0x00
14032898,0x44C,false,0,8,0x00,0x00,0x19,0x00,0x1A,0x00,0x00,0x00
14033022,0x3E8,false,0,8,0x01,0x00,0xF2,0x03,0x05,0x00,0x00,0x00
14033158,0x44C,false,0,8,0x01,0x00,0x01,0x00,0x00,0x00,0x00,0x00
14033294,0x3E8,false,0,8,0x02,0x00,0x00,0x00,0x00,0x00,0x54,0x00
14033431,0x3E8,false,0,8,0x03,0x00,0x4C,0x00,0x9F,0x04,0x00,0x00
14033567,0x3E8,false,0,8,0x04,0x00,0x00,0x00,0x90,0x01,0x9A,0x04
14033705,0x3E8,false,0,8,0x05,0x00,0x00,0x00,0x00,0x00,0x00,0x00
14033842,0x3E8,false,0,8,0x06,0x00,0x00,0x00,0x00,0x00,0x00,0x00
14033978,0x3E8,false,0,8,0x07,0x00,0x00,0x00,0x00,0x00,0x07,0x00
14034103,0x3E8,false,0,8,0x08,0x00,0x4F,0x00,0x07,0x00,0x00,0x00
14034227,0x3E8,false,0,8,0x09,0x00,0x00,0x00,0x00,0x00,0x00,0x00
14034352,0x3E8,false,0,8,0x0A,0x00,0x00,0x00,0x00,0x00,0x00,0x00
14034477,0x3E8,false,0,8,0x0B,0x00,0x00,0x00,0x00,0x00,0x00,0x00
14034606,0x3E8,false,0,8,0x0C,0x00,0x00,0x00,0x00,0x00,0x00,0x00
14034730,0x3E8,false,0,8,0x0D,0x00,0x00,0x00,0x05,0x00,0x10,0x00
14082650,0x3E8,false,0,8,0x00,0x00,0x00,0x00,0x66,0x00,0x65,0x00
14082789,0x44C,false,0,8,0x00,0x00,0x19,0x00,0x1A,0x00,0x00,0x00
14082923,0x3E8,false,0,8,0x01,0x00,0xF2,0x03,0x05,0x00,0x00,0x00
14083057,0x44C,false,0,8,0x01,0x00,0x01,0x00,0x00,0x00,0x00,0x00
14083182,0x3E8,false,0,8,0x02,0x00,0x00,0x00,0x00,0x00,0x54,0x00
14083318,0x3E8,false,0,8,0x03,0x00,0x4C,0x00,0x9F,0x04,0x00,0x00
14083453,0x3E8,false,0,8,0x04,0x00,0x00,0x00,0x90,0x01,0x9A,0x04
14083590,0x3E8,false,0,8,0x05,0x00,0x00,0x00,0x00,0x00,0x00,0x00
14083727,0x3E8,false,0,8,0x06,0x00,0x00,0x00,0x00,0x00,0x00,0x00
14083869,0x3E8,false,0,8,0x07,0x00,0x00,0x00,0x00,0x00,0x07,0x00
14084006,0x3E8,false,0,8,0x08,0x00,0x4F,0x00,0x07,0x00,0x00,0x00
14084131,0x3E8,false,0,8,0x09,0x00,0x00,0x00,0x00,0x00,0x00,0x00
14084255,0x3E8,false,0,8,0x0A,0x00,0x00,0x00,0x00,0x00,0x00,0x00
14084381,0x3E8,false,0,8,0x0B,0x00,0x00,0x00,0x00,0x00,0x00,0x00
14084506,0x3E8,false,0,8,0x0C,0x00,0x00,0x00,0x00,0x00,0x00,0x00
14084635,0x3E8,false,0,8,0x0D,0x00,0x00,0x00,0x05,0x00,0x10,0x00
14132673,0x3E8,false,0,8,0x00,0x00,0x00,0x00,0x66,0x00,0x65,0x00
14132906,0x44C,false,0,8,0x00,0x00,0x19,0x00,0x1A,0x00,0x00,0x00
14133043,0x3E8,false,0,8,0x01,0x00,0xF2,0x03,0x05,0x00,0x00,0x00
14133168,0x44C,false,0,8,0x01,0x00,0x01,0x00,0x00,0x00,0x00,0x00
14133307,0x3E8,false,0,8,0x02,0x00,0x00,0x00,0x00,0x00,0x54,0x00
14133432,0x3E8,false,0,8,0x03,0x00,0x4C,0x00,0x9F,0x04,0x00,0x00
14133569,0x3E8,false,0,8,0x04,0x00,0x00,0x00,0x90,0x01,0x9A,0x04
14133714,0x3E8,false,0,8,0x05,0x00,0x00,0x00,0x00,0x00,0x00,0x00
14147450,0x3E8,false,0,8,0x06,0x00,0x00,0x00,0x00,0x00,0x00,0x00
14147627,0x3E8,false,0,8,0x07,0x00,0x00,0x00,0x00,0x00,0x07,0x00
14147751,0x3E8,false,0,8,0x08,0x00,0x4F,0x00,0x07,0x00,0x00,0x00
14147876,0x3E8,false,0,8,0x09,0x00,0x00,0x00,0x00,0x00,0x00,0x00
14148000,0x3E8,false,0,8,0x0A,0x00,0x00,0x00,0x00,0x00,0x00,0x00
14148125,0x3E8,false,0,8,0x0B,0x00,0x00,0x00,0x00,0x00,0x00,0x00
14148249,0x3E8,false,0,8,0x0C,0x00,0x00,0x00,0x00,0x00,0x00,0x00
14148374,0x3E8,false,0,8,0x0D,0x00,0x00,0x00,0x05,0x00,0x10,0x00
14182703,0x44C,false,0,8,0x00,0x00,0x19,0x00,0x1A,0x00,0x00,0x00
14182996,0x3E8,false,0,8,0x00,0x00,0x00,0x00,0x66,0x00,0x65,0x00
14183133,0x44C,false,0,8,0x01,0x00,0x01,0x00,0x00,0x00,0x00,0x00
14183266,0x3E8,false,0,8,0x01,0x00,0xF2,0x03,0x05,0x00,0x00,0x00
14183408,0x3E8,false,0,8,0x02,0x00,0x00,0x00,0x00,0x00,0x54,0x00
14183549,0x3E8,false,0,8,0x03,0x00,0x4C,0x00,0x9F,0x04,0x00,0x00
14183684,0x3E8,false,0,8,0x04,0x00,0x00,0x00,0x90,0x01,0x9A,0x04
14183823,0x3E8,false,0,8,0x05,0x00,0x00,0x00,0x00,0x00,0x00,0x00
14183966,0x3E8,false,0,8,0x06,0x00,0x00,0x00,0x00,0x00,0x00,0x00
14184110,0x3E8,false,0,8,0x07,0x00,0x00,0x00,0x00,0x00,0x07,0x00
14184250,0x3E8,false,0,8,0x08,0x00,0x4F,0x00,0x07,0x00,0x00,0x00
14184391,0x3E8,false,0,8,0x09,0x00,0x00,0x00,0x00,0x00,0x00,0x00
14184531,0x3E8,false,0,8,0x0A,0x00,0x00,0x00,0x00,0x00,0x00,0x00
14184675,0x3E8,false,0,8,0x0B,0x00,0x00,0x00,0x00,0x00,0x00,0x00
14184812,0x3E8,false,0,8,0x0C,0x00,0x00,0x00,0x00,0x00,0x00,0x00
14185103,0x3E8,false,0,8,0x0D,0x00,0x00,0x00,0x05,0x00,0x10,0x00
14232663,0x3E8,false,0,8,0x00,0x00,0x00,0x00,0x66,0x00,0x65,0x00
14232911,0x44C,false,0,8,0x00,0x00,0x19,0x00,0x1A,0x00,0x00,0x00
14233047,0x3E8,false,0,8,0x01,0x00,0xF2,0x03,0x05,0x00,0x00,0x00
14233184,0x44C,false,0,8,0x01,0x00,0x01,0x00,0x00,0x00,0x00,0x00
14233322,0x3E8,false,0,8,0x02,0x00,0x00,0x00,0x00,0x00,0x54,0x00
14233457,0x3E8,false,0,8,0x03,0x00,0x4C,0x00,0x9F,0x04,0x00,0x00
14233592,0x3E8,false,0,8,0x04,0x00,0x00,0x00,0x90,0x01,0x9A,0x04
14233717,0x3E8,false,0,8,0x05,0x00,0x00,0x00,0x00,0x00,0x00,0x00
14233853,0x3E8,false,0,8,0x06,0x00,0x00,0x00,0x00,0x00,0x00,0x00
14233993,0x3E8,false,0,8,0x07,0x00,0x00,0x00,0x00,0x00,0x07,0x00
14234130,0x3E8,false,0,8,0x08,0x00,0x4F,0x00,0x07,0x00,0x00,0x00
14234266,0x3E8,false,0,8,0x09,0x00,0x00,0x00,0x00,0x00,0x00,0x00
14234401,0x3E8,false,0,8,0x0A,0x00,0x00,0x00,0x00,0x00,0x00,0x00
14234536,0x3E8,false,0,8,0x0B,0x00,0x00,0x00,0x00,0x00,0x00,0x00
14234674,0x3E8,false,0,8,0x0C,0x00,0x00,0x00,0x00,0x00,0x00,0x00
14234799,0x3E8,false,0,8,0x0D,0x00,0x00,0x00,0x05,0x00,0x10,0x00
14282648,0x3E8,false,0,8,0x00,0x00,0x00,0x00,0x66,0x00,0x65,0x00
14282793,0x44C,false,0,8,0x00,0x00,0x19,0x00,0x1A,0x00,0x00,0x00
14282929,0x3E8,false,0,8,0x01,0x00,0xF2,0x03,0x05,0x00,0x00,0x00
14283065,0x44C,false,0,8,0x01,0x00,0x01,0x00,0x00,0x00,0x00,0x00
14283202,0x3E8,false,0,8,0x02,0x00,0x00,0x00,0x00,0x00,0x54,0x00
14283338,0x3E8,false,0,8,0x03,0x00,0x4C,0x00,0x9F,0x04,0x00,0x00
14283475,0x3E8,false,0,8,0x04,0x00,0x00,0x00,0x90,0x01,0x9A,0x04
14283612,0x3E8,false,0,8,0x05,0x00,0x00,0x00,0x00,0x00,0x00,0x00
14283837,0x3E8,false,0,8,0x06,0x00,0x00,0x00,0x00,0x00,0x00,0x00
14283973,0x3E8,false,0,8,0x07,0x00,0x00,0x00,0x00,0x00,0x07,0x00
14284111,0x3E8,false,0,8,0x08,0x00,0x4F,0x00,0x07,0x00,0x00,0x00
14284248,0x3E8,false,0,8,0x09,0x00,0x00,0x00,0x00,0x00,0x00,0x00
14284383,0x3E8,false,0,8,0x0A,0x00,0x00,0x00,0x00,0x00,0x00,0x00
14284520,0x3E8,false,0,8,0x0B,0x00,0x00,0x00,0x00,0x00,0x00,0x00
14284659,0x3E8,false,0,8,0x0C,0x00,0x00,0x00,0x00,0x00,0x00,0x00
14284796,0x3E8,false,0,8,0x0D,0x00,0x00,0x00,0x05,0x00,0x10,0x00
14334654,0x3E8,false,0,8,0x00,0x00,0x00,0x00,0x66,0x00,0x65,0x00
14334834,0x44C,false,0,8,0x00,0x00,0x19,0x00,0x1A,0x00,0x00,0x00
14334958,0x3E8,false,0,8,0x01,0x00,0xF2,0x03,0x05,0x00,0x00,0x00
14335096,0x44C,false,0,8,0x01,0x00,0x01,0x00,0x00,0x00,0x00,0x00
14335220,0x3E8,false,0,8,0x02,0x00,0x00,0x00,0x00,0x00,0x54,0x00
14335345,0x3E8,false,0,8,0x03,0x00,0x4C,0x00,0x9F,0x04,0x00,0x00
14335469,0x3E8,false,0,8,0x04,0x00,0x00,0x00,0x90,0x01,0x9A,0x04
14335593,0x3E8,false,0,8,0x05,0x00,0x00,0x00,0x00,0x00,0x00,0x00
14361767,0x3E8,false,0,8,0x06,0x00,0x00,0x00,0x00,0x00,0x00,0x00
14361897,0x3E8,false,0,8,0x07,0x00,0x00,0x00,0x00,0x00,0x07,0x00
14362022,0x3E8,false,0,8,0x08,0x00,0x4F,0x00,0x07,0x00,0x00,0x00
14362146,0x3E8,false,0,8,0x09,0x00,0x00,0x00,0x00,0x00,0x00,0x00
14362270,0x3E8,false,0,8,0x0A,0x00,0x00,0x00,0x00,0x00,0x00,0x00
14362395,0x3E8,false,0,8,0x0B,0x00,0x00,0x00,0x00,0x00,0x00,0x00
14362520,0x3E8,false,0,8,0x0C,0x00,0x00,0x00,0x00,0x00,0x00,0x00
14362649,0x3E8,false,0,8,0x0D,0x00,0x00,0x00,0x05,0x00,0x10,0x00
14384663,0x3E8,false,0,8,0x00,0x00,0x00,0x00,0x66,0x00,0x65,0x00
14384918,0x44C,false,0,8,0x00,0x00,0x19,0x00,0x1A,0x00,0x00,0x00
14385057,0x3E8,false,0,8,0x01,0x00,0xF2,0x03,0x05,0x00,0x00,0x00
14385194,0x44C,false,0,8,0x01,0x00,0x01,0x00,0x00,0x00,0x00,0x00
14385332,0x3E8,false,0,8,0x02,0x00,0x00,0x00,0x00,0x00,0x54,0x00
14385471,0x3E8,false,0,8,0x03,0x00,0x4C,0x00,0x9F,0x04,0x00,0x00
14385607,0x3E8,false,0,8,0x04,0x00,0x00,0x00,0x90,0x01,0x9A,0x04
14385733,0x3E8,false,0,8,0x05,0x00,0x00,0x00,0x00,0x00,0x00,0x00
14385869,0x3E8,false,0,8,0x06,0x00,0x00,0x00,0x00,0x00,0x00,0x00
14385996,0x3E8,false,0,8,0x07,0x00,0x00,0x00,0x00,0x00,0x07,0x00
14386123,0x3E8,false,0,8,0x08,0x00,0x4F,0x00,0x07,0x00,0x00,0x00
14386249,0x3E8,false,0,8,0x09,0x00,0x00,0x00,0x00,0x00,0x00,0x00
14386375,0x3E8,false,0,8,0x0A,0x00,0x00,0x00,0x00,0x00,0x00,0x00
14386501,0x3E8,false,0,8,0x0B,0x00,0x00,0x00,0x00,0x00,0x00,0x00
14386632,0x3E8,false,0,8,0x0C,0x00,0x00,0x00,0x00,0x00,0x00,0x00
14386758,0x3E8,false,0,8,0x0D,0x00,0x00,0x00,0x05,0x00,0x10,0x00
14434685,0x3E8,false,0,8,0x00,0x00,0x00,0x00,0x66,0x00,0x65,0x00
14434964,0x44C,false,0,8,0x00,0x00,0x19,0x00,0x1A,0x00,0x00,0x00
14435105,0x3E8,false,0,8,0x01,0x00,0xF2,0x03,0x05,0x00,0x00,0x00
14435244,0x44C,false,0,8,0x01,0x00,0x01,0x00,0x00,0x00,0x00,0x00
14435382,0x3E8,false,0,8,0x02,0x00,0x00,0x00,0x00,0x00,0x54,0x00
14435524,0x3E8,false,0,8,0x03,0x00,0x4C,0x00,0x9F,0x04,0x00,0x00
14435660,0x3E8,false,0,8,0x04,0x00,0x00,0x00,0x90,0x01,0x9A,0x04
14435784,0x3E8,false,0,8,0x05,0x00,0x00,0x00,0x00,0x00,0x00,0x00
14435909,0x3E8,false,0,8,0x06,0x00,0x00,0x00,0x00,0x00,0x00,0x00
14436034,0x3E8,false,0,8,0x07,0x00,0x00,0x00,0x00,0x00,0x07,0x00
14436159,0x3E8,false,0,8,0x08,0x00,0x4F,0x00,0x07,0x00,0x00,0x00
14436284,0x3E8,false,0,8,0x09,0x00,0x00,0x00,0x00,0x00,0x00,0x00
14436409,0x3E8,false,0,8,0x0A,0x00,0x00,0x00,0x00,0x00,0x00,0x00
14436534,0x3E8,false,0,8,0x0B,0x00,0x00,0x00,0x00,0x00,0x00,0x00
14436663,0x3E8,false,0,8,0x0C,0x00,0x00,0x00,0x00,0x00,0x00,0x00
14436788,0x3E8,false,0,8,0x0D,0x00,0x00,0x00,0x05,0x00,0x10,0x00
14484663,0x3E8,false,0,8,0x00,0x00,0x00,0x00,0x66,0x00,0x65,0x00
14484902,0x44C,false,0,8,0x00,0x00,0x19,0x00,0x1A,0x00,0x00,0x00
14485039,0x3E8,false,0,8,0x01,0x00,0xF2,0x03,0x05,0x00,0x00,0x00
14485176,0x44C,false,0,8,0x01,0x00,0x01,0x00,0x00,0x00,0x00,0x00
14485311,0x3E8,false,0,8,0x02,0x00,0x00,0x00,0x00,0x00,0x54,0x00
14485450,0x3E8,false,0,8,0x03,0x00,0x4C,0x00,0x9F,0x04,0x00,0x00
14485586,0x3E8,false,0,8,0x04,0x00,0x00,0x00,0x90,0x01,0x9A,0x04
14485711,0x3E8,false,0,8,0x05,0x00,0x00,0x00,0x00,0x00,0x00,0x00
14485836,0x3E8,false,0,8,0x06,0x00,0x00,0x00,0x00,0x00,0x00,0x00
14485960,0x3E8,false,0,8,0x07,0x00,0x00,0x00,0x00,0x00,0x07,0x00
14486085,0x3E8,false,0,8,0x08,0x00,0x4F,0x00,0x07,0x00,0x00,0x00
14486210,0x3E8,false,0,8,0x09,0x00,0x00,0x00,0x00,0x00,0x00,0x00
14486335,0x3E8,false,0,8,0x0A,0x00,0x00,0x00,0x00,0x00,0x00,0x00
14486460,0x3E8,false,0,8,0x0B,0x00,0x00,0x00,0x00,0x00,0x00,0x00
14486585,0x3E8,false,0,8,0x0C,0x00,0x00,0x00,0x00,0x00,0x00,0x00
14486714,0x3E8,false,0,8,0x0D,0x00,0x00,0x00,0x05,0x00,0x10,0x00
14534670,0x3E8,false,0,8,0x00,0x00,0x00,0x00,0x66,0x00,0x65,0x00
14534863,0x44C,false,0,8,0x00,0x00,0x19,0x00,0x1A,0x00,0x00,0x00
14534999,0x3E8,false,0,8,0x01,0x00,0xF2,0x03,0x05,0x00,0x00,0x00
14535138,0x44C,false,0,8,0x01,0x00,0x01,0x00,0x00,0x00,0x00,0x00
14535273,0x3E8,false,0,8,0x02,0x00,0x00,0x00,0x00,0x00,0x54,0x00
14535408,0x3E8,false,0,8,0x03,0x00,0x4C,0x00,0x9F,0x04,0x00,0x00
14535544,0x3E8,false,0,8,0x04,0x00,0x00,0x00,0x90,0x01,0x9A,0x04
14548858,0x3E8,false,0,8,0x05,0x00,0x00,0x00,0x00,0x00,0x00,0x00
14548989,0x3E8,false,0,8,0x06,0x00,0x00,0x00,0x00,0x00,0x00,0x00
14549115,0x3E8,false,0,8,0x07,0x00,0x00,0x00,0x00,0x00,0x07,0x00
14549240,0x3E8,false,0,8,0x08,0x00,0x4F,0x00,0x07,0x00,0x00,0x00
14549366,0x3E8,false,0,8,0x09,0x00,0x00,0x00,0x00,0x00,0x00,0x00
14549492,0x3E8,false,0,8,0x0A,0x00,0x00,0x00,0x00,0x00,0x00,0x00
14549617,0x3E8,false,0,8,0x0B,0x00,0x00,0x00,0x00,0x00,0x00,0x00
14549743,0x3E8,false,0,8,0x0C,0x00,0x00,0x00,0x00,0x00,0x00,0x00
14549869,0x3E8,false,0,8,0x0D,0x00,0x00,0x00,0x05,0x00,0x10,0x00
14584664,0x3E8,false,0,8,0x00,0x00,0x00,0x00,0x66,0x00,0x65,0x00
14584889,0x44C,false,0,8,0x00,0x00,0x19,0x00,0x1A,0x00,0x00,0x00
14585013,0x3E8,false,0,8,0x01,0x00,0xF2,0x03,0x05,0x00,0x00,0x00
14585138,0x44C,false,0,8,0x01,0x00,0x01,0x00,0x00,0x00,0x00,0x00
14585262,0x3E8,false,0,8,0x02,0x00,0x00,0x00,0x00,0x00,0x54,0x00
14585387,0x3E8,false,0,8,0x03,0x00,0x4C,0x00,0x9F,0x04,0x00,0x00
14585520,0x3E8,false,0,8,0x04,0x00,0x00,0x00,0x90,0x01,0x9A,0x04
14585650,0x3E8,false,0,8,0x05,0x00,0x00,0x00,0x00,0x00,0x00,0x00
14585786,0x3E8,false,0,8,0x06,0x00,0x00,0x00,0x00,0x00,0x00,0x00
14585922,0x3E8,false,0,8,0x07,0x00,0x00,0x00,0x00,0x00,0x07,0x00
14586059,0x3E8,false,0,8,0x08,0x00,0x4F,0x00,0x07,0x00,0x00,0x00
14586194,0x3E8,false,0,8,0x09,0x00,0x00,0x00,0x00,0x00,0x00,0x00
14586331,0x3E8,false,0,8,0x0A,0x00,0x00,0x00,0x00,0x00,0x00,0x00
14586467,0x3E8,false,0,8,0x0B,0x00,0x00,0x00,0x00,0x00,0x00,0x00
14586592,0x3E8,false,0,8,0x0C,0x00,0x00,0x00,0x00,0x00,0x00,0x00
14586735,0x3E8,false,0,8,0x0D,0x00,0x00,0x00,0x05,0x00,0x10,0x00
14634667,0x3E8,false,0,8,0x00,0x00,0x00,0x00,0x66,0x00,0x65,0x00
14634916,0x44C,false,0,8,0x00,0x00,0x19,0x00,0x1A,0x00,0x00,0x00
14635054,0x3E8,false,0,8,0x01,0x00,0xF2,0x03,0x05,0x00,0x00,0x00
14635178,0x44C,false,0,8,0x01,0x00,0x01,0x00,0x00,0x00,0x00,0x00
14635316,0x3E8,false,0,8,0x02,0x00,0x00,0x00,0x00,0x00,0x54,0x00
14635441,0x3E8,false,0,8,0x03,0x00,0x4C,0x00,0x9F,0x04,0x00,0x00
14635578,0x3E8,false,0,8,0x04,0x00,0x00,0x00,0x90,0x01,0x9A,0x04
14635717,0x3E8,false,0,8,0x05,0x00,0x00,0x00,0x00,0x00,0x00,0x00
14635854,0x3E8,false,0,8,0x06,0x00,0x00,0x00,0x00,0x00,0x00,0x00
14635991,0x3E8,false,0,8,0x07,0x00,0x00,0x00,0x00,0x00,0x07,0x00
14636132,0x3E8,false,0,8,0x08,0x00,0x4F,0x00,0x07,0x00,0x00,0x00
14636274,0x3E8,false,0,8,0x09,0x00,0x00,0x00,0x00,0x00,0x00,0x00
14636418,0x3E8,false,0,8,0x0A,0x00,0x00,0x00,0x00,0x00,0x00,0x00
14638660,0x3E8,false,0,8,0x0B,0x00,0x00,0x00,0x00,0x00,0x00,0x00
14638816,0x3E8,false,0,8,0x0C,0x00,0x00,0x00,0x00,0x00,0x00,0x00
14638941,0x3E8,false,0,8,0x0D,0x00,0x00,0x00,0x05,0x00,0x10,0x00
14684661,0x3E8,false,0,8,0x00,0x00,0x00,0x00,0x66,0x00,0x65,0x00
14684897,0x44C,false,0,8,0x00,0x00,0x19,0x00,0x1A,0x00,0x00,0x00
14685035,0x3E8,false,0,8,0x01,0x00,0xF2,0x03,0x05,0x00,0x00,0x00
14685174,0x44C,false,0,8,0x01,0x00,0x01,0x00,0x00,0x00,0x00,0x00
14685311,0x3E8,false,0,8,0x02,0x00,0x00,0x00,0x00,0x00,0x54,0x00
14685436,0x3E8,false,0,8,0x03,0x00,0x4C,0x00,0x9F,0x04,0x00,0x00
14685573,0x3E8,false,0,8,0x04,0x00,0x00,0x00,0x90,0x01,0x9A,0x04
14685709,0x3E8,false,0,8,0x05,0x00,0x00,0x00,0x00,0x00,0x00,0x00
14685847,0x3E8,false,0,8,0x06,0x00,0x00,0x00,0x00,0x00,0x00,0x00
14685983,0x3E8,false,0,8,0x07,0x00,0x00,0x00,0x00,0x00,0x07,0x00
14686119,0x3E8,false,0,8,0x08,0x00,0x4F,0x00,0x07,0x00,0x00,0x00
14686254,0x3E8,false,0,8,0x09,0x00,0x00,0x00,0x00,0x00,0x00,0x00
14686393,0x3E8,false,0,8,0x0A,0x00,0x00,0x00,0x00,0x00,0x00,0x00
14686517,0x3E8,false,0,8,0x0B,0x00,0x00,0x00,0x00,0x00,0x00,0x00
14686647,0x3E8,false,0,8,0x0C,0x00,0x00,0x00,0x00,0x00,0x00,0x00
14686772,0x3E8,false,0,8,0x0D,0x00,0x00,0x00,0x05,0x00,0x10,0x00
14734663,0x3E8,false,0,8,0x00,0x00,0x00,0x00,0x66,0x00,0x65,0x00
14734902,0x44C,false,0,8,0x00,0x00,0x19,0x00,0x1A,0x00,0x00,0x00
14735036,0x3E8,false,0,8,0x01,0x00,0xF2,0x03,0x05,0x00,0x00,0x00
14735175,0x44C,false,0,8,0x01,0x00,0x01,0x00,0x00,0x00,0x00,0x00
14735312,0x3E8,false,0,8,0x02,0x00,0x00,0x00,0x00,0x00,0x54,0x00
14735436,0x3E8,false,0,8,0x03,0x00,0x4C,0x00,0x9F,0x04,0x00,0x00
14749124,0x3E8,false,0,8,0x04,0x00,0x00,0x00,0x90,0x01,0x9A,0x04
14749252,0x3E8,false,0,8,0x05,0x00,0x00,0x00,0x00,0x00,0x00,0x00
14749376,0x3E8,false,0,8,0x06,0x00,0x00,0x00,0x00,0x00,0x00,0x00
14749503,0x3E8,false,0,8,0x07,0x00,0x00,0x00,0x00,0x00,0x07,0x00
14749630,0x3E8,false,0,8,0x08,0x00,0x4F,0x00,0x07,0x00,0x00,0x00
14749754,0x3E8,false,0,8,0x09,0x00,0x00,0x00,0x00,0x00,0x00,0x00
14749879,0x3E8,false,0,8,0x0A,0x00,0x00,0x00,0x00,0x00,0x00,0x00
14750003,0x3E8,false,0,8,0x0B,0x00,0x00,0x00,0x00,0x00,0x00,0x00
14750128,0x3E8,false,0,8,0x0C,0x00,0x00,0x00,0x00,0x00,0x00,0x00
14750252,0x3E8,false,0,8,0x0D,0x00,0x00,0x00,0x05,0x00,0x10,0x00
14784662,0x3E8,false,0,8,0x00,0x00,0x00,0x00,0x66,0x00,0x65,0x00
14784880,0x44C,false,0,8,0x00,0x00,0x19,0x00,0x1A,0x00,0x00,0x00
14785015,0x3E8,false,0,8,0x01,0x00,0xF2,0x03,0x05,0x00,0x00,0x00
14785153,0x44C,false,0,8,0x01,0x00,0x01,0x00,0x00,0x00,0x00,0x00
14785289,0x3E8,false,0,8,0x02,0x00,0x00,0x00,0x00,0x00,0x54,0x00
14785425,0x3E8,false,0,8,0x03,0x00,0x4C,0x00,0x9F,0x04,0x00,0x00
14785549,0x3E8,false,0,8,0x04,0x00,0x00,0x00,0x90,0x01,0x9A,0x04
14785674,0x3E8,false,0,8,0x05,0x00,0x00,0x00,0x00,0x00,0x00,0x00
14788661,0x3E8,false,0,8,0x06,0x00,0x00,0x00,0x00,0x00,0x00,0x00
14788816,0x3E8,false,0,8,0x07,0x00,0x00,0x00,0x00,0x00,0x07,0x00
14788941,0x3E8,false,0,8,0x08,0x00,0x4F,0x00,0x07,0x00,0x00,0x00
14789065,0x3E8,false,0,8,0x09,0x00,0x00,0x00,0x00,0x00,0x00,0x00
14789190,0x3E8,false,0,8,0x0A,0x00,0x00,0x00,0x00,0x00,0x00,0x00
14789318,0x3E8,false,0,8,0x0B,0x00,0x00,0x00,0x00,0x00,0x00,0x00
14789453,0x3E8,false,0,8,0x0C,0x00,0x00,0x00,0x00,0x00,0x00,0x00
14789592,0x3E8,false,0,8,0x0D,0x00,0x00,0x00,0x05,0x00,0x10,0x00
14836674,0x3E8,false,0,8,0x00,0x00,0x00,0x00,0x66,0x00,0x65,0x00
14836923,0x44C,false,0,8,0x00,0x00,0x19,0x00,0x1A,0x00,0x00,0x00
14837059,0x3E8,false,0,8,0x01,0x00,0xF2,0x03,0x05,0x00,0x00,0x00
14837196,0x44C,false,0,8,0x01,0x00,0x01,0x00,0x00,0x00,0x00,0x00
14837321,0x3E8,false,0,8,0x02,0x00,0x00,0x00,0x00,0x00,0x54,0x00
14837446,0x3E8,false,0,8,0x03,0x00,0x4C,0x00,0x9F,0x04,0x00,0x00
14837570,0x3E8,false,0,8,0x04,0x00,0x00,0x00,0x90,0x01,0x9A,0x04
14837695,0x3E8,false,0,8,0x05,0x00,0x00,0x00,0x00,0x00,0x00,0x00
14837820,0x3E8,false,0,8,0x06,0x00,0x00,0x00,0x00,0x00,0x00,0x00
14837944,0x3E8,false,0,8,0x07,0x00,0x00,0x00,0x00,0x00,0x07,0x00
14838070,0x3E8,false,0,8,0x08,0x00,0x4F,0x00,0x07,0x00,0x00,0x00
14838194,0x3E8,false,0,8,0x09,0x00,0x00,0x00,0x00,0x00,0x00,0x00
14838319,0x3E8,false,0,8,0x0A,0x00,0x00,0x00,0x00,0x00,0x00,0x00
14838444,0x3E8,false,0,8,0x0B,0x00,0x00,0x00,0x00,0x00,0x00,0x00
14838569,0x3E8,false,0,8,0x0C,0x00,0x00,0x00,0x00,0x00,0x00,0x00
14838699,0x3E8,false,0,8,0x0D,0x00,0x00,0x00,0x05,0x00,0x10,0x00
14886655,0x3E8,false,0,8,0x00,0x00,0x00,0x00,0x66,0x00,0x65,0x00
14886798,0x44C,false,0,8,0x00,0x00,0x19,0x00,0x1A,0x00,0x00,0x00
14886935,0x3E8,false,0,8,0x01,0x00,0xF2,0x03,0x05,0x00,0x00,0x00
14887072,0x44C,false,0,8,0x01,0x00,0x01,0x00,0x00,0x00,0x00,0x00
14887207,0x3E8,false,0,8,0x02,0x00,0x00,0x00,0x00,0x00,0x54,0x00
14887332,0x3E8,false,0,8,0x03,0x00,0x4C,0x00,0x9F,0x04,0x00,0x00
14887457,0x3E8,false,0,8,0x04,0x00,0x00,0x00,0x90,0x01,0x9A,0x04
14887581,0x3E8,false,0,8,0x05,0x00,0x00,0x00,0x00,0x00,0x00,0x00
14887706,0x3E8,false,0,8,0x06,0x00,0x00,0x00,0x00,0x00,0x00,0x00
14887831,0x3E8,false,0,8,0x07,0x00,0x00,0x00,0x00,0x00,0x07,0x00
14887956,0x3E8,false,0,8,0x08,0x00,0x4F,0x00,0x07,0x00,0x00,0x00
14888081,0x3E8,false,0,8,0x09,0x00,0x00,0x00,0x00,0x00,0x00,0x00
14888205,0x3E8,false,0,8,0x0A,0x00,0x00,0x00,0x00,0x00,0x00,0x00
14888330,0x3E8,false,0,8,0x0B,0x00,0x00,0x00,0x00,0x00,0x00,0x00
14888455,0x3E8,false,0,8,0x0C,0x00,0x00,0x00,0x00,0x00,0x00,0x00
14888580,0x3E8,false,0,8,0x0D,0x00,0x00,0x00,0x05,0x00,0x10,0x00
14936671,0x3E8,false,0,8,0x00,0x00,0x00,0x00,0x66,0x00,0x65,0x00
14936913,0x44C,false,0,8,0x00,0x00,0x19,0x00,0x1A,0x00,0x00,0x00
14937049,0x3E8,false,0,8,0x01,0x00,0xF2,0x03,0x05,0x00,0x00,0x00
14937186,0x44C,false,0,8,0x01,0x00,0x01,0x00,0x00,0x00,0x00,0x00
14937323,0x3E8,false,0,8,0x02,0x00,0x00,0x00,0x00,0x00,0x54,0x00
14951192,0x3E8,false,0,8,0x03,0x00,0x4C,0x00,0x9F,0x04,0x00,0x00
14951322,0x3E8,false,0,8,0x04,0x00,0x00,0x00,0x90,0x01,0x9A,0x04
14951447,0x3E8,false,0,8,0x05,0x00,0x00,0x00,0x00,0x00,0x00,0x00
14951573,0x3E8,false,0,8,0x06,0x00,0x00,0x00,0x00,0x00,0x00,0x00
14951703,0x3E8,false,0,8,0x07,0x00,0x00,0x00,0x00,0x00,0x07,0x00
14951829,0x3E8,false,0,8,0x08,0x00,0x4F,0x00,0x07,0x00,0x00,0x00
14951955,0x3E8,false,0,8,0x09,0x00,0x00,0x00,0x00,0x00,0x00,0x00
14952080,0x3E8,false,0,8,0x0A,0x00,0x00,0x00,0x00,0x00,0x00,0x00
14952206,0x3E8,false,0,8,0x0B,0x00,0x00,0x00,0x00,0x00,0x00,0x00
14952332,0x3E8,false,0,8,0x0C,0x00,0x00,0x00,0x00,0x00,0x00,0x00
14952458,0x3E8,false,0,8,0x0D,0x00,0x00,0x00,0x05,0x00,0x10,0x00
14986665,0x3E8,false,0,8,0x00,0x00,0x00,0x00,0x66,0x00,0x65,0x00
14986892,0x44C,false,0,8,0x00,0x00,0x19,0x00,0x1A,0x00,0x00,0x00
14987016,0x3E8,false,0,8,0x01,0x00,0xF2,0x03,0x05,0x00,0x00,0x00
14987152,0x44C,false,0,8,0x01,0x00,0x01,0x00,0x00,0x00,0x00,0x00
14987289,0x3E8,false,0,8,0x02,0x00,0x00,0x00,0x00,0x00,0x54,0x00
14987427,0x3E8,false,0,8,0x03,0x00,0x4C,0x00,0x9F,0x04,0x00,0x00
14987563,0x3E8,false,0,8,0x04,0x00,0x00,0x00,0x90,0x01,0x9A,0x04
14987702,0x3E8,false,0,8,0x05,0x00,0x00,0x00,0x00,0x00,0x00,0x00
14987837,0x3E8,false,0,8,0x06,0x00,0x00,0x00,0x00,0x00,0x00,0x00
14987975,0x3E8,false,0,8,0x07,0x00,0x00,0x00,0x00,0x00,0x07,0x00
14988101,0x3E8,false,0,8,0x08,0x00,0x4F,0x00,0x07,0x00,0x00,0x00
14988225,0x3E8,false,0,8,0x09,0x00,0x00,0x00,0x00,0x00,0x00,0x00
14988364,0x3E8,false,0,8,0x0A,0x00,0x00,0x00,0x00,0x00,0x00,0x00
14988489,0x3E8,false,0,8,0x0B,0x00,0x00,0x00,0x00,0x00,0x00,0x00
14988618,0x3E8,false,0,8,0x0C,0x00,0x00,0x00,0x00,0x00,0x00,0x00
14988743,0x3E8,false,0,8,0x0D,0x00,0x00,0x00,0x05,0x00,0x10,0x00
15036651,0x44C,false,0,8,0x00,0x00,0x19,0x00,0x1A,0x00,0x00,0x00
15036790,0x3E8,false,0,8,0x00,0x00,0x00,0x00,0x66,0x00,0x65,0x00
15036929,0x44C,false,0,8,0x01,0x00,0x01,0x00,0x00,0x00,0x00,0x00
15037054,0x3E8,false,0,8,0x01,0x00,0xF2,0x03,0x05,0x00,0x00,0x00
15037193,0x3E8,false,0,8,0x02,0x00,0x00,0x00,0x00,0x00,0x54,0x00
15037330,0x3E8,false,0,8,0x03,0x00,0x4C,0x00,0x9F,0x04,0x00,0x00
15037467,0x3E8,false,0,8,0x04,0x00,0x00,0x00,0x90,0x01,0x9A,0x04
15037604,0x3E8,false,0,8,0x05,0x00,0x00,0x00,0x00,0x00,0x00,0x00
15037742,0x3E8,false,0,8,0x06,0x00,0x00,0x00,0x00,0x00,0x00,0x00
15037879,0x3E8,false,0,8,0x07,0x00,0x00,0x00,0x00,0x00,0x07,0x00
15038016,0x3E8,false,0,8,0x08,0x00,0x4F,0x00,0x07,0x00,0x00,0x00
15038141,0x3E8,false,0,8,0x09,0x00,0x00,0x00,0x00,0x00,0x00,0x00
15038266,0x3E8,false,0,8,0x0A,0x00,0x00,0x00,0x00,0x00,0x00,0x00
15038391,0x3E8,false,0,8,0x0B,0x00,0x00,0x00,0x00,0x00,0x00,0x00
15038516,0x3E8,false,0,8,0x0C,0x00,0x00,0x00,0x00,0x00,0x00,0x00
15038646,0x3E8,false,0,8,0x0D,0x00,0x00,0x00,0x05,0x00,0x10,0x00
15086673,0x3E8,false,0,8,0x00,0x00,0x00,0x00,0x66,0x00,0x65,0x00
15086895,0x44C,false,0,8,0x00,0x00,0x19,0x00,0x1A,0x00,0x00,0x00
15087032,0x3E8,false,0,8,0x01,0x00,0xF2,0x03,0x05,0x00,0x00,0x00
15087169,0x44C,false,0,8,0x01,0x00,0x01,0x00,0x00,0x00,0x00,0x00
15087307,0x3E8,false,0,8,0x02,0x00,0x00,0x00,0x00,0x00,0x54,0x00
15087442,0x3E8,false,0,8,0x03,0x00,0x4C,0x00,0x9F,0x04,0x00,0x00
15087579,0x3E8,false,0,8,0x04,0x00,0x00,0x00,0x90,0x01,0x9A,0x04
15087718,0x3E8,false,0,8,0x05,0x00,0x00,0x00,0x00,0x00,0x00,0x00
15087860,0x3E8,false,0,8,0x06,0x00,0x00,0x00,0x00,0x00,0x00,0x00
15087998,0x3E8,false,0,8,0x07,0x00,0x00,0x00,0x00,0x00,0x07,0x00
15088134,0x3E8,false,0,8,0x08,0x00,0x4F,0x00,0x07,0x00,0x00,0x00
15088276,0x3E8,false,0,8,0x09,0x00,0x00,0x00,0x00,0x00,0x00,0x00
15088412,0x3E8,false,0,8,0x0A,0x00,0x00,0x00,0x00,0x00,0x00,0x00
15088548,0x3E8,false,0,8,0x0B,0x00,0x00,0x00,0x00,0x00,0x00,0x00
15088694,0x3E8,false,0,8,0x0C,0x00,0x00,0x00,0x00,0x00,0x00,0x00
15088828,0x3E8,false,0,8,0x0D,0x00,0x00,0x00,0x05,0x00,0x10,0x00
15136667,0x3E8,false,0,8,0x00,0x00,0x00,0x00,0x66,0x00,0x65,0x00
15136941,0x44C,false,0,8,0x00,0x00,0x19,0x00,0x1A,0x00,0x00,0x00
15137083,0x3E8,false,0,8,0x01,0x00,0xF2,0x03,0x05,0x00,0x00,0x00
15137216,0x44C,false,0,8,0x01,0x00,0x01,0x00,0x00,0x00,0x00,0x00
15149250,0x3E8,false,0,8,0x02,0x00,0x00,0x00,0x00,0x00,0x54,0x00
15149393,0x3E8,false,0,8,0x03,0x00,0x4C,0x00,0x9F,0x04,0x00,0x00
15149524,0x3E8,false,0,8,0x04,0x00,0x00,0x00,0x90,0x01,0x9A,0x04
15149659,0x3E8,false,0,8,0x05,0x00,0x00,0x00,0x00,0x00,0x00,0x00
15149791,0x3E8,false,0,8,0x06,0x00,0x00,0x00,0x00,0x00,0x00,0x00
15149923,0x3E8,false,0,8,0x07,0x00,0x00,0x00,0x00,0x00,0x07,0x00
15150056,0x3E8,false,0,8,0x08,0x00,0x4F,0x00,0x07,0x00,0x00,0x00
15150194,0x3E8,false,0,8,0x09,0x00,0x00,0x00,0x00,0x00,0x00,0x00
15150327,0x3E8,false,0,8,0x0A,0x00,0x00,0x00,0x00,0x00,0x00,0x00
15150460,0x3E8,false,0,8,0x0B,0x00,0x00,0x00,0x00,0x00,0x00,0x00
15150593,0x3E8,false,0,8,0x0C,0x00,0x00,0x00,0x00,0x00,0x00,0x00
15150729,0x3E8,false,0,8,0x0D,0x00,0x00,0x00,0x05,0x00,0x10,0x00
15186675,0x3E8,false,0,8,0x00,0x00,0x00,0x00,0x66,0x00,0x65,0x00
15186931,0x44C,false,0,8,0x00,0x00,0x19,0x00,0x1A,0x00,0x00,0x00
15187062,0x3E8,false,0,8,0x01,0x00,0xF2,0x03,0x05,0x00,0x00,0x00
15187194,0x44C,false,0,8,0x01,0x00,0x01,0x00,0x00,0x00,0x00,0x00
15187325,0x3E8,false,0,8,0x02,0x00,0x00,0x00,0x00,0x00,0x54,0x00
15187456,0x3E8,false,0,8,0x03,0x00,0x4C,0x00,0x9F,0x04,0x00,0x00
15187588,0x3E8,false,0,8,0x04,0x00,0x00,0x00,0x90,0x01,0x9A,0x04
15187718,0x3E8,false,0,8,0x05,0x00,0x00,0x00,0x00,0x00,0x00,0x00
15188085,0x3E8,false,0,8,0x06,0x00,0x00,0x00,0x00,0x00,0x00,0x00
15188227,0x3E8,false,0,8,0x07,0x00,0x00,0x00,0x00,0x00,0x07,0x00
15188370,0x3E8,false,0,8,0x08,0x00,0x4F,0x00,0x07,0x00,0x00,0x00
15188513,0x3E8,false,0,8,0x09,0x00,0x00,0x00,0x00,0x00,0x00,0x00
15188663,0x3E8,false,0,8,0x0A,0x00,0x00,0x00,0x00,0x00,0x00,0x00
15188808,0x3E8,false,0,8,0x0B,0x00,0x00,0x00,0x00,0x00,0x00,0x00
15188940,0x3E8,false,0,8,0x0C,0x00,0x00,0x00,0x00,0x00,0x00,0x00
15189164,0x3E8,false,0,8,0x0D,0x00,0x00,0x00,0x05,0x00,0x10,0x00
15236665,0x3E8,false,0,8,0x00,0x00,0x00,0x00,0x66,0x00,0x65,0x00
15236910,0x44C,false,0,8,0x00,0x00,0x19,0x00,0x1A,0x00,0x00,0x00
15237047,0x3E8,false,0,8,0x01,0x00,0xF2,0x03,0x05,0x00,0x00,0x00
15237187,0x44C,false,0,8,0x01,0x00,0x01,0x00,0x00,0x00,0x00,0x00
15241629,0x3E8,false,0,8,0x02,0x00,0x00,0x00,0x00,0x00,0x54,0x00
15242016,0x3E8,false,0,8,0x03,0x00,0x4C,0x00,0x9F,0x04,0x00,0x00
15242142,0x3E8,false,0,8,0x04,0x00,0x00,0x00,0x90,0x01,0x9A,0x04
15242269,0x3E8,false,0,8,0x05,0x00,0x00,0x00,0x00,0x00,0x00,0x00
15242397,0x3E8,false,0,8,0x06,0x00,0x00,0x00,0x00,0x00,0x00,0x00
15242523,0x3E8,false,0,8,0x0A,0x00,0x00,0x00,0x00,0x00,0x00,0x00
15242655,0x3E8,false,0,8,0x0B,0x00,0x00,0x00,0x00,0x00,0x00,0x00
15242780,0x3E8,false,0,8,0x0C,0x00,0x00,0x00,0x00,0x00,0x00,0x00
15242913,0x3E8,false,0,8,0x0D,0x00,0x00,0x00,0x05,0x00,0x10,0x00
15286663,0x3E8,false,0,8,0x00,0x00,0x00,0x00,0x66,0x00,0x65,0x00
15286912,0x44C,false,0,8,0x00,0x00,0x19,0x00,0x1A,0x00,0x00,0x00
15287051,0x3E8,false,0,8,0x01,0x00,0xF2,0x03,0x05,0x00,0x00,0x00
15287188,0x44C,false,0,8,0x01,0x00,0x01,0x00,0x00,0x00,0x00,0x00
15287323,0x3E8,false,0,8,0x02,0x00,0x00,0x00,0x00,0x00,0x54,0x00
15287461,0x3E8,false,0,8,0x03,0x00,0x4C,0x00,0x9F,0x04,0x00,0x00
15287598,0x3E8,false,0,8,0x04,0x00,0x00,0x00,0x90,0x01,0x9A,0x04
15287724,0x3E8,false,0,8,0x05,0x00,0x00,0x00,0x00,0x00,0x00,0x00
15287860,0x3E8,false,0,8,0x06,0x00,0x00,0x00,0x00,0x00,0x00,0x00
15287997,0x3E8,false,0,8,0x07,0x00,0x00,0x00,0x00,0x00,0x07,0x00
15288134,0x3E8,false,0,8,0x08,0x00,0x4F,0x00,0x07,0x00,0x00,0x00
15288271,0x3E8,false,0,8,0x09,0x00,0x00,0x00,0x00,0x00,0x00,0x00
15288410,0x3E8,false,0,8,0x0A,0x00,0x00,0x00,0x00,0x00,0x00,0x00
15290695,0x3E8,false,0,8,0x0B,0x00,0x00,0x00,0x00,0x00,0x00,0x00
15290939,0x3E8,false,0,8,0x0C,0x00,0x00,0x00,0x00,0x00,0x00,0x00
15291073,0x3E8,false,0,8,0x0D,0x00,0x00,0x00,0x05,0x00,0x10,0x00
15338661,0x3E8,false,0,8,0x00,0x00,0x00,0x00,0x66,0x00,0x65,0x00
15338904,0x44C,false,0,8,0x00,0x00,0x19,0x00,0x1A,0x00,0x00,0x00
15339040,0x3E8,false,0,8,0x01,0x00,0xF2,0x03,0x05,0x00,0x00,0x00
15339165,0x44C,false,0,8,0x01,0x00,0x01,0x00,0x00,0x00,0x00,0x00
15339290,0x3E8,false,0,8,0x02,0x00,0x00,0x00,0x00,0x00,0x54,0x00
15339414,0x3E8,false,0,8,0x03,0x00,0x4C,0x00,0x9F,0x04,0x00,0x00
15351310,0x3E8,false,0,8,0x04,0x00,0x00,0x00,0x90,0x01,0x9A,0x04
15351440,0x3E8,false,0,8,0x05,0x00,0x00,0x00,0x00,0x00,0x00,0x00
15351565,0x3E8,false,0,8,0x06,0x00,0x00,0x00,0x00,0x00,0x00,0x00
15351698,0x3E8,false,0,8,0x07,0x00,0x00,0x00,0x00,0x00,0x07,0x00
15351828,0x3E8,false,0,8,0x08,0x00,0x4F,0x00,0x07,0x00,0x00,0x00
15351960,0x3E8,false,0,8,0x09,0x00,0x00,0x00,0x00,0x00,0x00,0x00
15352095,0x3E8,false,0,8,0x0A,0x00,0x00,0x00,0x00,0x00,0x00,0x00
15352247,0x3E8,false,0,8,0x0B,0x00,0x00,0x00,0x00,0x00,0x00,0x00
15352391,0x3E8,false,0,8,0x0C,0x00,0x00,0x00,0x00,0x00,0x00,0x00
15352541,0x3E8,false,0,8,0x0D,0x00,0x00,0x00,0x05,0x00,0x10,0x00
15388660,0x3E8,false,0,8,0x00,0x00,0x00,0x00,0x66,0x00,0x65,0x00
15388924,0x44C,false,0,8,0x00,0x00,0x19,0x00,0x1A,0x00,0x00,0x00
15389060,0x3E8,false,0,8,0x01,0x00,0xF2,0x03,0x05,0x00,0x00,0x00
15389197,0x44C,false,0,8,0x01,0x00,0x01,0x00,0x00,0x00,0x00,0x00
15389336,0x3E8,false,0,8,0x02,0x00,0x00,0x00,0x00,0x00,0x54,0x00
15389473,0x3E8,false,0,8,0x03,0x00,0x4C,0x00,0x9F,0x04,0x00,0x00
15389610,0x3E8,false,0,8,0x04,0x00,0x00,0x00,0x90,0x01,0x9A,0x04
15389734,0x3E8,false,0,8,0x05,0x00,0x00,0x00,0x00,0x00,0x00,0x00
15389859,0x3E8,false,0,8,0x06,0x00,0x00,0x00,0x00,0x00,0x00,0x00
15389994,0x3E8,false,0,8,0x07,0x00,0x00,0x00,0x00,0x00,0x07,0x00
15390119,0x3E8,false,0,8,0x08,0x00,0x4F,0x00,0x07,0x00,0x00,0x00
15390244,0x3E8,false,0,8,0x09,0x00,0x00,0x00,0x00,0x00,0x00,0x00
15390369,0x3E8,false,0,8,0x0A,0x00,0x00,0x00,0x00,0x00,0x00,0x00
15390494,0x3E8,false,0,8,0x0B,0x00,0x00,0x00,0x00,0x00,0x00,0x00
15390623,0x3E8,false,0,8,0x0C,0x00,0x00,0x00,0x00,0x00,0x00,0x00
15390748,0x3E8,false,0,8,0x0D,0x00,0x00,0x00,0x05,0x00,0x10,0x00
15438654,0x3E8,false,0,8,0x00,0x00,0x00,0x00,0x66,0x00,0x65,0x00
15438806,0x44C,false,0,8,0x00,0x00,0x19,0x00,0x1A,0x00,0x00,0x00
15438952,0x3E8,false,0,8,0x01,0x00,0xF2,0x03,0x05,0x00,0x00,0x00
15439102,0x44C,false,0,8,0x01,0x00,0x01,0x00,0x00,0x00,0x00,0x00
15439240,0x3E8,false,0,8,0x02,0x00,0x00,0x00,0x00,0x00,0x54,0x00
15439379,0x3E8,false,0,8,0x03,0x00,0x4C,0x00,0x9F,0x04,0x00,0x00
15439520,0x3E8,false,0,8,0x04,0x00,0x00,0x00,0x90,0x01,0x9A,0x04
15439656,0x3E8,false,0,8,0x05,0x00,0x00,0x00,0x00,0x00,0x00,0x00
15439781,0x3E8,false,0,8,0x06,0x00,0x00,0x00,0x00,0x00,0x00,0x00
15439906,0x3E8,false,0,8,0x07,0x00,0x00,0x00,0x00,0x00,0x07,0x00
15440031,0x3E8,false,0,8,0x08,0x00,0x4F,0x00,0x07,0x00,0x00,0x00
15440155,0x3E8,false,0,8,0x09,0x00,0x00,0x00,0x00,0x00,0x00,0x00
15440280,0x3E8,false,0,8,0x0A,0x00,0x00,0x00,0x00,0x00,0x00,0x00
15440405,0x3E8,false,0,8,0x0B,0x00,0x00,0x00,0x00,0x00,0x00,0x00
15440530,0x3E8,false,0,8,0x0C,0x00,0x00,0x00,0x00,0x00,0x00,0x00
15440660,0x3E8,false,0,8,0x0D,0x00,0x00,0x00,0x05,0x00,0x10,0x00
15488660,0x3E8,false,0,8,0x00,0x00,0x00,0x00,0x66,0x00,0x65,0x00
15488910,0x44C,false,0,8,0x00,0x00,0x19,0x00,0x1A,0x00,0x00,0x00
15489052,0x3E8,false,0,8,0x01,0x00,0xF2,0x03,0x05,0x00,0x00,0x00
15489189,0x44C,false,0,8,0x01,0x00,0x01,0x00,0x00,0x00,0x00,0x00
15489325,0x3E8,false,0,8,0x02,0x00,0x00,0x00,0x00,0x00,0x54,0x00
15489463,0x3E8,false,0,8,0x03,0x00,0x4C,0x00,0x9F,0x04,0x00,0x00
15489599,0x3E8,false,0,8,0x04,0x00,0x00,0x00,0x90,0x01,0x9A,0x04
15489724,0x3E8,false,0,8,0x05,0x00,0x00,0x00,0x00,0x00,0x00,0x00
15489849,0x3E8,false,0,8,0x06,0x00,0x00,0x00,0x00,0x00,0x00,0x00
15489974,0x3E8,false,0,8,0x07,0x00,0x00,0x00,0x00,0x00,0x07,0x00
15490099,0x3E8,false,0,8,0x08,0x00,0x4F,0x00,0x07,0x00,0x00,0x00
15490223,0x3E8,false,0,8,0x09,0x00,0x00,0x00,0x00,0x00,0x00,0x00
15490348,0x3E8,false,0,8,0x0A,0x00,0x00,0x00,0x00,0x00,0x00,0x00
15490473,0x3E8,false,0,8,0x0B,0x00,0x00,0x00,0x00,0x00,0x00,0x00
15490603,0x3E8,false,0,8,0x0C,0x00,0x00,0x00,0x00,0x00,0x00,0x00
15490727,0x3E8,false,0,8,0x0D,0x00,0x00,0x00,0x05,0x00,0x10,0x00
15538649,0x3E8,false,0,8,0x00,0x00,0x00,0x00,0x66,0x00,0x65,0x00
15538799,0x44C,false,0,8,0x00,0x00,0x19,0x00,0x1A,0x00,0x00,0x00
15538923,0x3E8,false,0,8,0x01,0x00,0xF2,0x03,0x05,0x00,0x00,0x00
15539061,0x44C,false,0,8,0x01,0x00,0x01,0x00,0x00,0x00,0x00,0x00
15539200,0x3E8,false,0,8,0x02,0x00,0x00,0x00,0x00,0x00,0x54,0x00
15553207,0x3E8,false,0,8,0x03,0x00,0x4C,0x00,0x9F,0x04,0x00,0x00
15553337,0x3E8,false,0,8,0x04,0x00,0x00,0x00,0x90,0x01,0x9A,0x04
15553461,0x3E8,false,0,8,0x05,0x00,0x00,0x00,0x00,0x00,0x00,0x00
15553586,0x3E8,false,0,8,0x06,0x00,0x00,0x00,0x00,0x00,0x00,0x00
15553710,0x3E8,false,0,8,0x07,0x00,0x00,0x00,0x00,0x00,0x07,0x00
15553835,0x3E8,false,0,8,0x08,0x00,0x4F,0x00,0x07,0x00,0x00,0x00
15553959,0x3E8,false,0,8,0x09,0x00,0x00,0x00,0x00,0x00,0x00,0x00
15554084,0x3E8,false,0,8,0x0A,0x00,0x00,0x00,0x00,0x00,0x00,0x00
15554208,0x3E8,false,0,8,0x0B,0x00,0x00,0x00,0x00,0x00,0x00,0x00
15554333,0x3E8,false,0,8,0x0C,0x00,0x00,0x00,0x00,0x00,0x00,0x00
15554457,0x3E8,false,0,8,0x0D,0x00,0x00,0x00,0x05,0x00,0x10,0x00
15588659,0x3E8,false,0,8,0x00,0x00,0x00,0x00,0x66,0x00,0x65,0x00
15588880,0x44C,false,0,8,0x00,0x00,0x19,0x00,0x1A,0x00,0x00,0x00
15589004,0x3E8,false,0,8,0x01,0x00,0xF2,0x03,0x05,0x00,0x00,0x00
15589128,0x44C,false,0,8,0x01,0x00,0x01,0x00,0x00,0x00,0x00,0x00
15589253,0x3E8,false,0,8,0x02,0x00,0x00,0x00,0x00,0x00,0x54,0x00
15589377,0x3E8,false,0,8,0x03,0x00,0x4C,0x00,0x9F,0x04,0x00,0x00
15589501,0x3E8,false,0,8,0x04,0x00,0x00,0x00,0x90,0x01,0x9A,0x04
15589640,0x3E8,false,0,8,0x05,0x00,0x00,0x00,0x00,0x00,0x00,0x00
15589779,0x3E8,false,0,8,0x06,0x00,0x00,0x00,0x00,0x00,0x00,0x00
15589915,0x3E8,false,0,8,0x07,0x00,0x00,0x00,0x00,0x00,0x07,0x00
15590052,0x3E8,false,0,8,0x08,0x00,0x4F,0x00,0x07,0x00,0x00,0x00
15590191,0x3E8,false,0,8,0x09,0x00,0x00,0x00,0x00,0x00,0x00,0x00
15590328,0x3E8,false,0,8,0x0A,0x00,0x00,0x00,0x00,0x00,0x00,0x00
15590465,0x3E8,false,0,8,0x0B,0x00,0x00,0x00,0x00,0x00,0x00,0x00
15590606,0x3E8,false,0,8,0x0C,0x00,0x00,0x00,0x00,0x00,0x00,0x00
15590730,0x3E8,false,0,8,0x0D,0x00,0x00,0x00,0x05,0x00,0x10,0x00
15638677,0x3E8,false,0,8,0x00,0x00,0x00,0x00,0x66,0x00,0x65,0x00
15638927,0x44C,false,0,8,0x00,0x00,0x19,0x00,0x1A,0x00,0x00,0x00
15639064,0x3E8,false,0,8,0x01,0x00,0xF2,0x03,0x05,0x00,0x00,0x00
15639188,0x44C,false,0,8,0x01,0x00,0x01,0x00,0x00,0x00,0x00,0x00
15639326,0x3E8,false,0,8,0x02,0x00,0x00,0x00,0x00,0x00,0x54,0x00
15639451,0x3E8,false,0,8,0x03,0x00,0x4C,0x00,0x9F,0x04,0x00,0x00
15639587,0x3E8,false,0,8,0x04,0x00,0x00,0x00,0x90,0x01,0x9A,0x04
15639723,0x3E8,false,0,8,0x05,0x00,0x00,0x00,0x00,0x00,0x00,0x00
15639860,0x3E8,false,0,8,0x06,0x00,0x00,0x00,0x00,0x00,0x00,0x00
15639996,0x3E8,false,0,8,0x07,0x00,0x00,0x00,0x00,0x00,0x07,0x00
15640136,0x3E8,false,0,8,0x08,0x00,0x4F,0x00,0x07,0x00,0x00,0x00
15640276,0x3E8,false,0,8,0x09,0x00,0x00,0x00,0x00,0x00,0x00,0x00
15640417,0x3E8,false,0,8,0x0A,0x00,0x00,0x00,0x00,0x00,0x00,0x00
15640542,0x3E8,false,0,8,0x0B,0x00,0x00,0x00,0x00,0x00,0x00,0x00
15640672,0x3E8,false,0,8,0x0C,0x00,0x00,0x00,0x00,0x00,0x00,0x00
15640796,0x3E8,false,0,8,0x0D,0x00,0x00,0x00,0x05,0x00,0x10,0x00
15688679,0x3E8,false,0,8,0x00,0x00,0x00,0x00,0x66,0x00,0x65,0x00
15688933,0x44C,false,0,8,0x00,0x00,0x19,0x00,0x1A,0x00,0x00,0x00
15689070,0x3E8,false,0,8,0x01,0x00,0xF2,0x03,0x05,0x00,0x00,0x00
15689207,0x44C,false,0,8,0x01,0x00,0x01,0x00,0x00,0x00,0x00,0x00
15689332,0x3E8,false,0,8,0x02,0x00,0x00,0x00,0x00,0x00,0x54,0x00
15689469,0x3E8,false,0,8,0x03,0x00,0x4C,0x00,0x9F,0x04,0x00,0x00
15689609,0x3E8,false,0,8,0x04,0x00,0x00,0x00,0x90,0x01,0x9A,0x04
15689747,0x3E8,false,0,8,0x05,0x00,0x00,0x00,0x00,0x00,0x00,0x00
15689883,0x3E8,false,0,8,0x06,0x00,0x00,0x00,0x00,0x00,0x00,0x00
15690019,0x3E8,false,0,8,0x07,0x00,0x00,0x00,0x00,0x00,0x07,0x00
15690156,0x3E8,false,0,8,0x08,0x00,0x4F,0x00,0x07,0x00,0x00,0x00
15690293,0x3E8,false,0,8,0x09,0x00,0x00,0x00,0x00,0x00,0x00,0x00
15690432,0x3E8,false,0,8,0x0A,0x00,0x00,0x00,0x00,0x00,0x00,0x00
15690557,0x3E8,false,0,8,0x0B,0x00,0x00,0x00,0x00,0x00,0x00,0x00
15690687,0x3E8,false,0,8,0x0C,0x00,0x00,0x00,0x00,0x00,0x00,0x00
15703806,0x3E8,false,0,8,0x0D,0x00,0x00,0x00,0x05,0x00,0x10,0x00
15738669,0x3E8,false,0,8,0x00,0x00,0x00,0x00,0x66,0x00,0x65,0x00
15738916,0x44C,false,0,8,0x00,0x00,0x19,0x00,0x1A,0x00,0x00,0x00
15739053,0x3E8,false,0,8,0x01,0x00,0xF2,0x03,0x05,0x00,0x00,0x00
15739192,0x44C,false,0,8,0x01,0x00,0x01,0x00,0x00,0x00,0x00,0x00
15739332,0x3E8,false,0,8,0x02,0x00,0x00,0x00,0x00,0x00,0x54,0x00
15739465,0x3E8,false,0,8,0x03,0x00,0x4C,0x00,0x9F,0x04,0x00,0x00
15739608,0x3E8,false,0,8,0x04,0x00,0x00,0x00,0x90,0x01,0x9A,0x04
15739747,0x3E8,false,0,8,0x05,0x00,0x00,0x00,0x00,0x00,0x00,0x00
15739894,0x3E8,false,0,8,0x06,0x00,0x00,0x00,0x00,0x00,0x00,0x00
15740045,0x3E8,false,0,8,0x07,0x00,0x00,0x00,0x00,0x00,0x07,0x00
15740201,0x3E8,false,0,8,0x08,0x00,0x4F,0x00,0x07,0x00,0x00,0x00
15740353,0x3E8,false,0,8,0x09,0x00,0x00,0x00,0x00,0x00,0x00,0x00
15740500,0x3E8,false,0,8,0x0A,0x00,0x00,0x00,0x00,0x00,0x00,0x00
15740644,0x3E8,false,0,8,0x0B,0x00,0x00,0x00,0x00,0x00,0x00,0x00
15740777,0x3E8,false,0,8,0x0C,0x00,0x00,0x00,0x00,0x00,0x00,0x00
15740920,0x3E8,false,0,8,0x0D,0x00,0x00,0x00,0x05,0x00,0x10,0x00
15788660,0x3E8,false,0,8,0x00,0x00,0x00,0x00,0x66,0x00,0x65,0x00
15788908,0x44C,false,0,8,0x00,0x00,0x19,0x00,0x1A,0x00,0x00,0x00
15789046,0x3E8,false,0,8,0x01,0x00,0xF2,0x03,0x05,0x00,0x00,0x00
15789182,0x44C,false,0,8,0x01,0x00,0x01,0x00,0x00,0x00,0x00,0x00
15789320,0x3E8,false,0,8,0x02,0x00,0x00,0x00,0x00,0x00,0x54,0x00
15789456,0x3E8,false,0,8,0x03,0x00,0x4C,0x00,0x9F,0x04,0x00,0x00
15789580,0x3E8,false,0,8,0x04,0x00,0x00,0x00,0x90,0x01,0x9A,0x04
15789705,0x3E8,false,0,8,0x05,0x00,0x00,0x00,0x00,0x00,0x00,0x00
15792645,0x3E8,false,0,8,0x06,0x00,0x00,0x00,0x00,0x00,0x00,0x00
15792771,0x3E8,false,0,8,0x07,0x00,0x00,0x00,0x00,0x00,0x07,0x00
15792896,0x3E8,false,0,8,0x08,0x00,0x4F,0x00,0x07,0x00,0x00,0x00
15793020,0x3E8,false,0,8,0x09,0x00,0x00,0x00,0x00,0x00,0x00,0x00
15793146,0x3E8,false,0,8,0x0A,0x00,0x00,0x00,0x00,0x00,0x00,0x00
15793270,0x3E8,false,0,8,0x0B,0x00,0x00,0x00,0x00,0x00,0x00,0x00
15793395,0x3E8,false,0,8,0x0C,0x00,0x00,0x00,0x00,0x00,0x00,0x00
15793520,0x3E8,false,0,8,0x0D,0x00,0x00,0x00,0x05,0x00,0x10,0x00
15840664,0x3E8,false,0,8,0x00,0x00,0x00,0x00,0x66,0x00,0x65,0x00
15840844,0x44C,false,0,8,0x00,0x00,0x19,0x00,0x1A,0x00,0x00,0x00
15840981,0x3E8,false,0,8,0x01,0x00,0xF2,0x03,0x05,0x00,0x00,0x00
15841119,0x44C,false,0,8,0x01,0x00,0x01,0x00,0x00,0x00,0x00,0x00
15841259,0x3E8,false,0,8,0x02,0x00,0x00,0x00,0x00,0x00,0x54,0x00
15841383,0x3E8,false,0,8,0x03,0x00,0x4C,0x00,0x9F,0x04,0x00,0x00
15841507,0x3E8,false,0,8,0x04,0x00,0x00,0x00,0x90,0x01,0x9A,0x04
15841636,0x3E8,false,0,8,0x05,0x00,0x00,0x00,0x00,0x00,0x00,0x00
15841761,0x3E8,false,0,8,0x06,0x00,0x00,0x00,0x00,0x00,0x00,0x00
15841886,0x3E8,false,0,8,0x07,0x00,0x00,0x00,0x00,0x00,0x07,0x00
15842011,0x3E8,false,0,8,0x08,0x00,0x4F,0x00,0x07,0x00,0x00,0x00
15842136,0x3E8,false,0,8,0x09,0x00,0x00,0x00,0x00,0x00,0x00,0x00
15842260,0x3E8,false,0,8,0x0A,0x00,0x00,0x00,0x00,0x00,0x00,0x00
15842386,0x3E8,false,0,8,0x0B,0x00,0x00,0x00,0x00,0x00,0x00,0x00
15842511,0x3E8,false,0,8,0x0C,0x00,0x00,0x00,0x00,0x00,0x00,0x00
15842640,0x3E8,false,0,8,0x0D,0x00,0x00,0x00,0x05,0x00,0x10,0x00
15890655,0x3E8,false,0,8,0x00,0x00,0x00,0x00,0x66,0x00,0x65,0x00
15890800,0x44C,false,0,8,0x00,0x00,0x19,0x00,0x1A,0x00,0x00,0x00
15890935,0x3E8,false,0,8,0x01,0x00,0xF2,0x03,0x05,0x00,0x00,0x00
15891072,0x44C,false,0,8,0x01,0x00,0x01,0x00,0x00,0x00,0x00,0x00
15891207,0x3E8,false,0,8,0x02,0x00,0x00,0x00,0x00,0x00,0x54,0x00
15891331,0x3E8,false,0,8,0x03,0x00,0x4C,0x00,0x9F,0x04,0x00,0x00
15891455,0x3E8,false,0,8,0x04,0x00,0x00,0x00,0x90,0x01,0x9A,0x04
15891580,0x3E8,false,0,8,0x05,0x00,0x00,0x00,0x00,0x00,0x00,0x00
15891706,0x3E8,false,0,8,0x06,0x00,0x00,0x00,0x00,0x00,0x00,0x00
15891831,0x3E8,false,0,8,0x07,0x00,0x00,0x00,0x00,0x00,0x07,0x00
15891956,0x3E8,false,0,8,0x08,0x00,0x4F,0x00,0x07,0x00,0x00,0x00
15892080,0x3E8,false,0,8,0x09,0x00,0x00,0x00,0x00,0x00,0x00,0x00
15892205,0x3E8,false,0,8,0x0A,0x00,0x00,0x00,0x00,0x00,0x00,0x00
15892330,0x3E8,false,0,8,0x0B,0x00,0x00,0x00,0x00,0x00,0x00,0x00
15892455,0x3E8,false,0,8,0x0C,0x00,0x00,0x00,0x00,0x00,0x00,0x00
15919460,0x3E8,false,0,8,0x0D,0x00,0x00,0x00,0x05,0x00,0x10,0x00
15940667,0x3E8,false,0,8,0x00,0x00,0x00,0x00,0x66,0x00,0x65,0x00
15940917,0x44C,false,0,8,0x00,0x00,0x19,0x00,0x1A,0x00,0x00,0x00
15941057,0x3E8,false,0,8,0x01,0x00,0xF2,0x03,0x05,0x00,0x00,0x00
15941194,0x44C,false,0,8,0x01,0x00,0x01,0x00,0x00,0x00,0x00,0x00
15941332,0x3E8,false,0,8,0x02,0x00,0x00,0x00,0x00,0x00,0x54,0x00
15941469,0x3E8,false,0,8,0x03,0x00,0x4C,0x00,0x9F,0x04,0x00,0x00
15941599,0x3E8,false,0,8,0x04,0x00,0x00,0x00,0x90,0x01,0x9A,0x04
15941732,0x3E8,false,0,8,0x05,0x00,0x00,0x00,0x00,0x00,0x00,0x00
15941859,0x3E8,false,0,8,0x06,0x00,0x00,0x00,0x00,0x00,0x00,0x00
15941987,0x3E8,false,0,8,0x07,0x00,0x00,0x00,0x00,0x00,0x07,0x00
15942112,0x3E8,false,0,8,0x08,0x00,0x4F,0x00,0x07,0x00,0x00,0x00
15942238,0x3E8,false,0,8,0x09,0x00,0x00,0x00,0x00,0x00,0x00,0x00
15942363,0x3E8,false,0,8,0x0A,0x00,0x00,0x00,0x00,0x00,0x00,0x00
15942489,0x3E8,false,0,8,0x0B,0x00,0x00,0x00,0x00,0x00,0x00,0x00
15942620,0x3E8,false,0,8,0x0C,0x00,0x00,0x00,0x00,0x00,0x00,0x00
15942754,0x3E8,false,0,8,0x0D,0x00,0x00,0x00,0x05,0x00,0x10,0x00
15990671,0x3E8,false,0,8,0x00,0x00,0x00,0x00,0x66,0x00,0x65,0x00
15990908,0x44C,false,0,8,0x00,0x00,0x19,0x00,0x1A,0x00,0x00,0x00
15991032,0x3E8,false,0,8,0x01,0x00,0xF2,0x03,0x05,0x00,0x00,0x00
15991156,0x44C,false,0,8,0x01,0x00,0x01,0x00,0x00,0x00,0x00,0x00
15991291,0x3E8,false,0,8,0x02,0x00,0x00,0x00,0x00,0x00,0x54,0x00
15991427,0x3E8,false,0,8,0x03,0x00,0x4C,0x00,0x9F,0x04,0x00,0x00
15991563,0x3E8,false,0,8,0x04,0x00,0x00,0x00,0x90,0x01,0x9A,0x04
15991702,0x3E8,false,0,8,0x05,0x00,0x00,0x00,0x00,0x00,0x00,0x00
15991840,0x3E8,false,0,8,0x06,0x00,0x00,0x00,0x00,0x00,0x00,0x00
15991977,0x3E8,false,0,8,0x07,0x00,0x00,0x00,0x00,0x00,0x07,0x00
15992114,0x3E8,false,0,8,0x08,0x00,0x4F,0x00,0x07,0x00,0x00,0x00
15992238,0x3E8,false,0,8,0x09,0x00,0x00,0x00,0x00,0x00,0x00,0x00
15992376,0x3E8,false,0,8,0x0A,0x00,0x00,0x00,0x00,0x00,0x00,0x00
15992501,0x3E8,false,0,8,0x0B,0x00,0x00,0x00,0x00,0x00,0x00,0x00
15992631,0x3E8,false,0,8,0x0C,0x00,0x00,0x00,0x00,0x00,0x00,0x00
15992761,0x3E8,false,0,8,0x0D,0x00,0x00,0x00,0x05,0x00,0x10,0x00
16040669,0x3E8,false,0,8,0x00,0x00,0x00,0x00,0x66,0x00,0x65,0x00
16040896,0x44C,false,0,8,0x00,0x00,0x19,0x00,0x1A,0x00,0x00,0x00
16041033,0x3E8,false,0,8,0x01,0x00,0xF2,0x03,0x05,0x00,0x00,0x00
16041158,0x44C,false,0,8,0x01,0x00,0x01,0x00,0x00,0x00,0x00,0x00
16041297,0x3E8,false,0,8,0x02,0x00,0x00,0x00,0x00,0x00,0x54,0x00
16041433,0x3E8,false,0,8,0x03,0x00,0x4C,0x00,0x9F,0x04,0x00,0x00
16041570,0x3E8,false,0,8,0x04,0x00,0x00,0x00,0x90,0x01,0x9A,0x04
16041710,0x3E8,false,0,8,0x05,0x00,0x00,0x00,0x00,0x00,0x00,0x00
16041849,0x3E8,false,0,8,0x06,0x00,0x00,0x00,0x00,0x00,0x00,0x00
16041986,0x3E8,false,0,8,0x07,0x00,0x00,0x00,0x00,0x00,0x07,0x00
16042123,0x3E8,false,0,8,0x08,0x00,0x4F,0x00,0x07,0x00,0x00,0x00
16042248,0x3E8,false,0,8,0x09,0x00,0x00,0x00,0x00,0x00,0x00,0x00
16042373,0x3E8,false,0,8,0x0A,0x00,0x00,0x00,0x00,0x00,0x00,0x00
16042497,0x3E8,false,0,8,0x0B,0x00,0x00,0x00,0x00,0x00,0x00,0x00
16042632,0x3E8,false,0,8,0x0C,0x00,0x00,0x00,0x00,0x00,0x00,0x00
16042766,0x3E8,false,0,8,0x0D,0x00,0x00,0x00,0x05,0x00,0x10,0x00
16090657,0x3E8,false,0,8,0x00,0x00,0x00,0x00,0x66,0x00,0x65,0x00
16090811,0x44C,false,0,8,0x00,0x00,0x19,0x00,0x1A,0x00,0x00,0x00
16090948,0x3E8,false,0,8,0x01,0x00,0xF2,0x03,0x05,0x00,0x00,0x00
16091072,0x44C,false,0,8,0x01,0x00,0x01,0x00,0x00,0x00,0x00,0x00
16091209,0x3E8,false,0,8,0x02,0x00,0x00,0x00,0x00,0x00,0x54,0x00
16091346,0x3E8,false,0,8,0x03,0x00,0x4C,0x00,0x9F,0x04,0x00,0x00
16091483,0x3E8,false,0,8,0x04,0x00,0x00,0x00,0x90,0x01,0x9A,0x04
16091619,0x3E8,false,0,8,0x05,0x00,0x00,0x00,0x00,0x00,0x00,0x00
16091760,0x3E8,false,0,8,0x06,0x00,0x00,0x00,0x00,0x00,0x00,0x00
16091895,0x3E8,false,0,8,0x07,0x00,0x00,0x00,0x00,0x00,0x07,0x00
16092031,0x3E8,false,0,8,0x08,0x00,0x4F,0x00,0x07,0x00,0x00,0x00
16092157,0x3E8,false,0,8,0x09,0x00,0x00,0x00,0x00,0x00,0x00,0x00
16092282,0x3E8,false,0,8,0x0A,0x00,0x00,0x00,0x00,0x00,0x00,0x00
16092407,0x3E8,false,0,8,0x0B,0x00,0x00,0x00,0x00,0x00,0x00,0x00
16106600,0x3E8,false,0,8,0x0C,0x00,0x00,0x00,0x00,0x00,0x00,0x00
16106729,0x3E8,false,0,8,0x0D,0x00,0x00,0x00,0x05,0x00,0x10,0x00
16140661,0x3E8,false,0,8,0x00,0x00,0x00,0x00,0x66,0x00,0x65,0x00
16140812,0x44C,false,0,8,0x00,0x00,0x19,0x00,0x1A,0x00,0x00,0x00
16140949,0x3E8,false,0,8,0x01,0x00,0xF2,0x03,0x05,0x00,0x00,0x00
16141073,0x44C,false,0,8,0x01,0x00,0x01,0x00,0x00,0x00,0x00,0x00
16141210,0x3E8,false,0,8,0x02,0x00,0x00,0x00,0x00,0x00,0x54,0x00
16141334,0x3E8,false,0,8,0x03,0x00,0x4C,0x00,0x9F,0x04,0x00,0x00
16141470,0x3E8,false,0,8,0x04,0x00,0x00,0x00,0x90,0x01,0x9A,0x04
16141612,0x3E8,false,0,8,0x05,0x00,0x00,0x00,0x00,0x00,0x00,0x00
16141754,0x3E8,false,0,8,0x06,0x00,0x00,0x00,0x00,0x00,0x00,0x00
16141892,0x3E8,false,0,8,0x07,0x00,0x00,0x00,0x00,0x00,0x07,0x00
16142027,0x3E8,false,0,8,0x08,0x00,0x4F,0x00,0x07,0x00,0x00,0x00
16142163,0x3E8,false,0,8,0x09,0x00,0x00,0x00,0x00,0x00,0x00,0x00
16142300,0x3E8,false,0,8,0x0A,0x00,0x00,0x00,0x00,0x00,0x00,0x00
16142424,0x3E8,false,0,8,0x0B,0x00,0x00,0x00,0x00,0x00,0x00,0x00
16142549,0x3E8,false,0,8,0x0C,0x00,0x00,0x00,0x00,0x00,0x00,0x00
16142683,0x3E8,false,0,8,0x0D,0x00,0x00,0x00,0x05,0x00,0x10,0x00
16190667,0x3E8,false,0,8,0x00,0x00,0x00,0x00,0x66,0x00,0x65,0x00
16190929,0x44C,false,0,8,0x00,0x00,0x19,0x00,0x1A,0x00,0x00,0x00
16191067,0x3E8,false,0,8,0x01,0x00,0xF2,0x03,0x05,0x00,0x00,0x00
16191204,0x44C,false,0,8,0x01,0x00,0x01,0x00,0x00,0x00,0x00,0x00
16191329,0x3E8,false,0,8,0x02,0x00,0x00,0x00,0x00,0x00,0x54,0x00
16191458,0x3E8,false,0,8,0x03,0x00,0x4C,0x00,0x9F,0x04,0x00,0x00
16191583,0x3E8,false,0,8,0x04,0x00,0x00,0x00,0x90,0x01,0x9A,0x04
16191708,0x3E8,false,0,8,0x05,0x00,0x00,0x00,0x00,0x00,0x00,0x00
16191834,0x3E8,false,0,8,0x06,0x00,0x00,0x00,0x00,0x00,0x00,0x00
16197404,0x3E8,false,0,8,0x07,0x00,0x00,0x00,0x00,0x00,0x07,0x00
16197786,0x3E8,false,0,8,0x08,0x00,0x4F,0x00,0x07,0x00,0x00,0x00
16197915,0x3E8,false,0,8,0x09,0x00,0x00,0x00,0x00,0x00,0x00,0x00
16198042,0x3E8,false,0,8,0x0A,0x00,0x00,0x00,0x00,0x00,0x00,0x00
16198168,0x3E8,false,0,8,0x0B,0x00,0x00,0x00,0x00,0x00,0x00,0x00
16198295,0x3E8,false,0,8,0x0C,0x00,0x00,0x00,0x00,0x00,0x00,0x00
16198422,0x3E8,false,0,8,0x0D,0x00,0x00,0x00,0x05,0x00,0x10,0x00
16240655,0x3E8,false,0,8,0x00,0x00,0x00,0x00,0x66,0x00,0x65,0x00
16240852,0x44C,false,0,8,0x00,0x00,0x19,0x00,0x1A,0x00,0x00,0x00
16240986,0x3E8,false,0,8,0x01,0x00,0xF2,0x03,0x05,0x00,0x00,0x00
16241123,0x44C,false,0,8,0x01,0x00,0x01,0x00,0x00,0x00,0x00,0x00
16241261,0x3E8,false,0,8,0x02,0x00,0x00,0x00,0x00,0x00,0x54,0x00
16241396,0x3E8,false,0,8,0x03,0x00,0x4C,0x00,0x9F,0x04,0x00,0x00
16241530,0x3E8,false,0,8,0x04,0x00,0x00,0x00,0x90,0x01,0x9A,0x04
16241663,0x3E8,false,0,8,0x05,0x00,0x00,0x00,0x00,0x00,0x00,0x00
16241800,0x3E8,false,0,8,0x06,0x00,0x00,0x00,0x00,0x00,0x00,0x00
16242078,0x3E8,false,0,8,0x07,0x00,0x00,0x00,0x00,0x00,0x07,0x00
16242216,0x3E8,false,0,8,0x08,0x00,0x4F,0x00,0x07,0x00,0x00,0x00
16242351,0x3E8,false,0,8,0x09,0x00,0x00,0x00,0x00,0x00,0x00,0x00
16242490,0x3E8,false,0,8,0x0A,0x00,0x00,0x00,0x00,0x00,0x00,0x00
16242633,0x3E8,false,0,8,0x0B,0x00,0x00,0x00,0x00,0x00,0x00,0x00
16242770,0x3E8,false,0,8,0x0C,0x00,0x00,0x00,0x00,0x00,0x00,0x00
16242909,0x3E8,false,0,8,0x0D,0x00,0x00,0x00,0x05,0x00,0x10,0x00
16292677,0x44C,false,0,8,0x00,0x00,0x19,0x00,0x1A,0x00,0x00,0x00
16292922,0x3E8,false,0,8,0x00,0x00,0x00,0x00,0x66,0x00,0x65,0x00
16293046,0x44C,false,0,8,0x01,0x00,0x01,0x00,0x00,0x00,0x00,0x00
16293171,0x3E8,false,0,8,0x01,0x00,0xF2,0x03,0x05,0x00,0x00,0x00
16293296,0x3E8,false,0,8,0x02,0x00,0x00,0x00,0x00,0x00,0x54,0x00
16293421,0x3E8,false,0,8,0x03,0x00,0x4C,0x00,0x9F,0x04,0x00,0x00
16293545,0x3E8,false,0,8,0x04,0x00,0x00,0x00,0x90,0x01,0x9A,0x04
16293670,0x3E8,false,0,8,0x05,0x00,0x00,0x00,0x00,0x00,0x00,0x00
16293795,0x3E8,false,0,8,0x06,0x00,0x00,0x00,0x00,0x00,0x00,0x00
16293930,0x3E8,false,0,8,0x07,0x00,0x00,0x00,0x00,0x00,0x07,0x00
16294055,0x3E8,false,0,8,0x08,0x00,0x4F,0x00,0x07,0x00,0x00,0x00
16294179,0x3E8,false,0,8,0x09,0x00,0x00,0x00,0x00,0x00,0x00,0x00
16294304,0x3E8,false,0,8,0x0A,0x00,0x00,0x00,0x00,0x00,0x00,0x00
16308471,0x3E8,false,0,8,0x0B,0x00,0x00,0x00,0x00,0x00,0x00,0x00
16308601,0x3E8,false,0,8,0x0C,0x00,0x00,0x00,0x00,0x00,0x00,0x00
16308725,0x3E8,false,0,8,0x0D,0x00,0x00,0x00,0x05,0x00,0x10,0x00
16342674,0x3E8,false,0,8,0x00,0x00,0x00,0x00,0x66,0x00,0x65,0x00
16342869,0x44C,false,0,8,0x00,0x00,0x19,0x00,0x1A,0x00,0x00,0x00
16343006,0x3E8,false,0,8,0x01,0x00,0xF2,0x03,0x05,0x00,0x00,0x00
16343143,0x44C,false,0,8,0x01,0x00,0x01,0x00,0x00,0x00,0x00,0x00
16343268,0x3E8,false,0,8,0x02,0x00,0x00,0x00,0x00,0x00,0x54,0x00
16343392,0x3E8,false,0,8,0x03,0x00,0x4C,0x00,0x9F,0x04,0x00,0x00
16343516,0x3E8,false,0,8,0x04,0x00,0x00,0x00,0x90,0x01,0x9A,0x04
16343643,0x3E8,false,0,8,0x05,0x00,0x00,0x00,0x00,0x00,0x00,0x00
16343768,0x3E8,false,0,8,0x06,0x00,0x00,0x00,0x00,0x00,0x00,0x00
16343899,0x3E8,false,0,8,0x07,0x00,0x00,0x00,0x00,0x00,0x07,0x00
16344034,0x3E8,false,0,8,0x08,0x00,0x4F,0x00,0x07,0x00,0x00,0x00
16344169,0x3E8,false,0,8,0x09,0x00,0x00,0x00,0x00,0x00,0x00,0x00
16344297,0x3E8,false,0,8,0x0A,0x00,0x00,0x00,0x00,0x00,0x00,0x00
16344422,0x3E8,false,0,8,0x0B,0x00,0x00,0x00,0x00,0x00,0x00,0x00
16344551,0x3E8,false,0,8,0x0C,0x00,0x00,0x00,0x00,0x00,0x00,0x00
16344681,0x3E8,false,0,8,0x0D,0x00,0x00,0x00,0x05,0x00,0x10,0x00
16392667,0x3E8,false,0,8,0x00,0x00,0x00,0x00,0x66,0x00,0x65,0x00
16392888,0x44C,false,0,8,0x00,0x00,0x19,0x00,0x1A,0x00,0x00,0x00
16393022,0x3E8,false,0,8,0x01,0x00,0xF2,0x03,0x05,0x00,0x00,0x00
16393160,0x44C,false,0,8,0x01,0x00,0x01,0x00,0x00,0x00,0x00,0x00
16393296,0x3E8,false,0,8,0x02,0x00,0x00,0x00,0x00,0x00,0x54,0x00
16393432,0x3E8,false,0,8,0x03,0x00,0x4C,0x00,0x9F,0x04,0x00,0x00
16393569,0x3E8,false,0,8,0x04,0x00,0x00,0x00,0x90,0x01,0x9A,0x04
16393710,0x3E8,false,0,8,0x05,0x00,0x00,0x00,0x00,0x00,0x00,0x00
16393847,0x3E8,false,0,8,0x06,0x00,0x00,0x00,0x00,0x00,0x00,0x00
16393971,0x3E8,false,0,8,0x07,0x00,0x00,0x00,0x00,0x00,0x07,0x00
16394096,0x3E8,false,0,8,0x08,0x00,0x4F,0x00,0x07,0x00,0x00,0x00
16394220,0x3E8,false,0,8,0x09,0x00,0x00,0x00,0x00,0x00,0x00,0x00
16394345,0x3E8,false,0,8,0x0A,0x00,0x00,0x00,0x00,0x00,0x00,0x00
16394469,0x3E8,false,0,8,0x0B,0x00,0x00,0x00,0x00,0x00,0x00,0x00
16394598,0x3E8,false,0,8,0x0C,0x00,0x00,0x00,0x00,0x00,0x00,0x00
16394723,0x3E8,false,0,8,0x0D,0x00,0x00,0x00,0x05,0x00,0x10,0x00
16442658,0x3E8,false,0,8,0x00,0x00,0x00,0x00,0x66,0x00,0x65,0x00
16442873,0x44C,false,0,8,0x00,0x00,0x19,0x00,0x1A,0x00,0x00,0x00
16443010,0x3E8,false,0,8,0x01,0x00,0xF2,0x03,0x05,0x00,0x00,0x00
16443145,0x44C,false,0,8,0x01,0x00,0x01,0x00,0x00,0x00,0x00,0x00
16443281,0x3E8,false,0,8,0x02,0x00,0x00,0x00,0x00,0x00,0x54,0x00
16443417,0x3E8,false,0,8,0x03,0x00,0x4C,0x00,0x9F,0x04,0x00,0x00
16443554,0x3E8,false,0,8,0x04,0x00,0x00,0x00,0x90,0x01,0x9A,0x04
16443696,0x3E8,false,0,8,0x05,0x00,0x00,0x00,0x00,0x00,0x00,0x00
16443820,0x3E8,false,0,8,0x06,0x00,0x00,0x00,0x00,0x00,0x00,0x00
16443945,0x3E8,false,0,8,0x07,0x00,0x00,0x00,0x00,0x00,0x07,0x00
16444069,0x3E8,false,0,8,0x08,0x00,0x4F,0x00,0x07,0x00,0x00,0x00
16444194,0x3E8,false,0,8,0x09,0x00,0x00,0x00,0x00,0x00,0x00,0x00
16444318,0x3E8,false,0,8,0x0A,0x00,0x00,0x00,0x00,0x00,0x00,0x00
16444443,0x3E8,false,0,8,0x0B,0x00,0x00,0x00,0x00,0x00,0x00,0x00
16444567,0x3E8,false,0,8,0x0C,0x00,0x00,0x00,0x00,0x00,0x00,0x00
16444697,0x3E8,false,0,8,0x0D,0x00,0x00,0x00,0x05,0x00,0x10,0x00
16492669,0x3E8,false,0,8,0x00,0x00,0x00,0x00,0x66,0x00,0x65,0x00
16492923,0x44C,false,0,8,0x00,0x00,0x19,0x00,0x1A,0x00,0x00,0x00
16493059,0x3E8,false,0,8,0x01,0x00,0xF2,0x03,0x05,0x00,0x00,0x00
16493196,0x44C,false,0,8,0x01,0x00,0x01,0x00,0x00,0x00,0x00,0x00
16493333,0x3E8,false,0,8,0x02,0x00,0x00,0x00,0x00,0x00,0x54,0x00
16493467,0x3E8,false,0,8,0x03,0x00,0x4C,0x00,0x9F,0x04,0x00,0x00
16493603,0x3E8,false,0,8,0x04,0x00,0x00,0x00,0x90,0x01,0x9A,0x04
16493741,0x3E8,false,0,8,0x05,0x00,0x00,0x00,0x00,0x00,0x00,0x00
16493866,0x3E8,false,0,8,0x06,0x00,0x00,0x00,0x00,0x00,0x00,0x00
16493991,0x3E8,false,0,8,0x07,0x00,0x00,0x00,0x00,0x00,0x07,0x00
16494116,0x3E8,false,0,8,0x08,0x00,0x4F,0x00,0x07,0x00,0x00,0x00
16494241,0x3E8,false,0,8,0x09,0x00,0x00,0x00,0x00,0x00,0x00,0x00
16506759,0x3E8,false,0,8,0x0A,0x00,0x00,0x00,0x00,0x00,0x00,0x00
16506884,0x3E8,false,0,8,0x0B,0x00,0x00,0x00,0x00,0x00,0x00,0x00
16507008,0x3E8,false,0,8,0x0C,0x00,0x00,0x00,0x00,0x00,0x00,0x00
16507133,0x3E8,false,0,8,0x0D,0x00,0x00,0x00,0x05,0x00,0x10,0x00
16542661,0x3E8,false,0,8,0x00,0x00,0x00,0x00,0x66,0x00,0x65,0x00
16542870,0x44C,false,0,8,0x00,0x00,0x19,0x00,0x1A,0x00,0x00,0x00
16542994,0x3E8,false,0,8,0x01,0x00,0xF2,0x03,0x05,0x00,0x00,0x00
16543130,0x44C,false,0,8,0x01,0x00,0x01,0x00,0x00,0x00,0x00,0x00
16543267,0x3E8,false,0,8,0x02,0x00,0x00,0x00,0x00,0x00,0x54,0x00
16543402,0x3E8,false,0,8,0x03,0x00,0x4C,0x00,0x9F,0x04,0x00,0x00
16543539,0x3E8,false,0,8,0x04,0x00,0x00,0x00,0x90,0x01,0x9A,0x04
16543674,0x3E8,false,0,8,0x05,0x00,0x00,0x00,0x00,0x00,0x00,0x00
16543809,0x3E8,false,0,8,0x06,0x00,0x00,0x00,0x00,0x00,0x00,0x00
16543946,0x3E8,false,0,8,0x07,0x00,0x00,0x00,0x00,0x00,0x07,0x00
16544070,0x3E8,false,0,8,0x08,0x00,0x4F,0x00,0x07,0x00,0x00,0x00
16544195,0x3E8,false,0,8,0x09,0x00,0x00,0x00,0x00,0x00,0x00,0x00
16544319,0x3E8,false,0,8,0x0A,0x00,0x00,0x00,0x00,0x00,0x00,0x00
16544444,0x3E8,false,0,8,0x0B,0x00,0x00,0x00,0x00,0x00,0x00,0x00
16544575,0x3E8,false,0,8,0x0C,0x00,0x00,0x00,0x00,0x00,0x00,0x00
16544704,0x3E8,false,0,8,0x0D,0x00,0x00,0x00,0x05,0x00,0x10,0x00
16592682,0x3E8,false,0,8,0x00,0x00,0x00,0x00,0x66,0x00,0x65,0x00
16592909,0x44C,false,0,8,0x00,0x00,0x19,0x00,0x1A,0x00,0x00,0x00
16593033,0x3E8,false,0,8,0x01,0x00,0xF2,0x03,0x05,0x00,0x00,0x00
16593157,0x44C,false,0,8,0x01,0x00,0x01,0x00,0x00,0x00,0x00,0x00
16593282,0x3E8,false,0,8,0x02,0x00,0x00,0x00,0x00,0x00,0x54,0x00
16593406,0x3E8,false,0,8,0x03,0x00,0x4C,0x00,0x9F,0x04,0x00,0x00
16593530,0x3E8,false,0,8,0x04,0x00,0x00,0x00,0x90,0x01,0x9A,0x04
16593668,0x3E8,false,0,8,0x05,0x00,0x00,0x00,0x00,0x00,0x00,0x00
16593804,0x3E8,false,0,8,0x06,0x00,0x00,0x00,0x00,0x00,0x00,0x00
16593943,0x3E8,false,0,8,0x07,0x00,0x00,0x00,0x00,0x00,0x07,0x00
16594078,0x3E8,false,0,8,0x08,0x00,0x4F,0x00,0x07,0x00,0x00,0x00
16594214,0x3E8,false,0,8,0x09,0x00,0x00,0x00,0x00,0x00,0x00,0x00
16594351,0x3E8,false,0,8,0x0A,0x00,0x00,0x00,0x00,0x00,0x00,0x00
16594487,0x3E8,false,0,8,0x0B,0x00,0x00,0x00,0x00,0x00,0x00,0x00
16594628,0x3E8,false,0,8,0x0C,0x00,0x00,0x00,0x00,0x00,0x00,0x00
16594753,0x3E8,false,0,8,0x0D,0x00,0x00,0x00,0x05,0x00,0x10,0x00
16642670,0x3E8,false,0,8,0x00,0x00,0x00,0x00,0x66,0x00,0x65,0x00
16642921,0x44C,false,0,8,0x00,0x00,0x19,0x00,0x1A,0x00,0x00,0x00
16643057,0x3E8,false,0,8,0x01,0x00,0xF2,0x03,0x05,0x00,0x00,0x00
16643196,0x44C,false,0,8,0x01,0x00,0x01,0x00,0x00,0x00,0x00,0x00
16643321,0x3E8,false,0,8,0x02,0x00,0x00,0x00,0x00,0x00,0x54,0x00
16643458,0x3E8,false,0,8,0x03,0x00,0x4C,0x00,0x9F,0x04,0x00,0x00
16643582,0x3E8,false,0,8,0x04,0x00,0x00,0x00,0x90,0x01,0x9A,0x04
16643718,0x3E8,false,0,8,0x05,0x00,0x00,0x00,0x00,0x00,0x00,0x00
16643854,0x3E8,false,0,8,0x06,0x00,0x00,0x00,0x00,0x00,0x00,0x00
16643991,0x3E8,false,0,8,0x07,0x00,0x00,0x00,0x00,0x00,0x07,0x00
16644127,0x3E8,false,0,8,0x08,0x00,0x4F,0x00,0x07,0x00,0x00,0x00
16644264,0x3E8,false,0,8,0x09,0x00,0x00,0x00,0x00,0x00,0x00,0x00
16644402,0x3E8,false,0,8,0x0A,0x00,0x00,0x00,0x00,0x00,0x00,0x00
16644539,0x3E8,false,0,8,0x0B,0x00,0x00,0x00,0x00,0x00,0x00,0x00
16644668,0x3E8,false,0,8,0x0C,0x00,0x00,0x00,0x00,0x00,0x00,0x00
16644793,0x3E8,false,0,8,0x0D,0x00,0x00,0x00,0x05,0x00,0x10,0x00
16692651,0x3E8,false,0,8,0x00,0x00,0x00,0x00,0x66,0x00,0x65,0x00
16692818,0x44C,false,0,8,0x00,0x00,0x19,0x00,0x1A,0x00,0x00,0x00
16692953,0x3E8,false,0,8,0x01,0x00,0xF2,0x03,0x05,0x00,0x00,0x00
16693090,0x44C,false,0,8,0x01,0x00,0x01,0x00,0x00,0x00,0x00,0x00
16693227,0x3E8,false,0,8,0x02,0x00,0x00,0x00,0x00,0x00,0x54,0x00
16693352,0x3E8,false,0,8,0x03,0x00,0x4C,0x00,0x9F,0x04,0x00,0x00
16693486,0x3E8,false,0,8,0x04,0x00,0x00,0x00,0x90,0x01,0x9A,0x04
16693626,0x3E8,false,0,8,0x05,0x00,0x00,0x00,0x00,0x00,0x00,0x00
16693762,0x3E8,false,0,8,0x06,0x00,0x00,0x00,0x00,0x00,0x00,0x00
16693898,0x3E8,false,0,8,0x07,0x00,0x00,0x00,0x00,0x00,0x07,0x00
16694023,0x3E8,false,0,8,0x08,0x00,0x4F,0x00,0x07,0x00,0x00,0x00
16706291,0x3E8,false,0,8,0x09,0x00,0x00,0x00,0x00,0x00,0x00,0x00
16706445,0x3E8,false,0,8,0x0A,0x00,0x00,0x00,0x00,0x00,0x00,0x00
16706582,0x3E8,false,0,8,0x0B,0x00,0x00,0x00,0x00,0x00,0x00,0x00
16706725,0x3E8,false,0,8,0x0C,0x00,0x00,0x00,0x00,0x00,0x00,0x00
16706870,0x3E8,false,0,8,0x0D,0x00,0x00,0x00,0x05,0x00,0x10,0x00
16742683,0x3E8,false,0,8,0x00,0x00,0x00,0x00,0x66,0x00,0x65,0x00
16742939,0x44C,false,0,8,0x00,0x00,0x19,0x00,0x1A,0x00,0x00,0x00
16743074,0x3E8,false,0,8,0x01,0x00,0xF2,0x03,0x05,0x00,0x00,0x00
16743214,0x44C,false,0,8,0x01,0x00,0x01,0x00,0x00,0x00,0x00,0x00
16743350,0x3E8,false,0,8,0x02,0x00,0x00,0x00,0x00,0x00,0x54,0x00
16743476,0x3E8,false,0,8,0x03,0x00,0x4C,0x00,0x9F,0x04,0x00,0x00
16743613,0x3E8,false,0,8,0x04,0x00,0x00,0x00,0x90,0x01,0x9A,0x04
16743739,0x3E8,false,0,8,0x05,0x00,0x00,0x00,0x00,0x00,0x00,0x00
16743875,0x3E8,false,0,8,0x06,0x00,0x00,0x00,0x00,0x00,0x00,0x00
16744011,0x3E8,false,0,8,0x07,0x00,0x00,0x00,0x00,0x00,0x07,0x00
16744148,0x3E8,false,0,8,0x08,0x00,0x4F,0x00,0x07,0x00,0x00,0x00
16744284,0x3E8,false,0,8,0x09,0x00,0x00,0x00,0x00,0x00,0x00,0x00
16744424,0x3E8,false,0,8,0x0A,0x00,0x00,0x00,0x00,0x00,0x00,0x00
16744561,0x3E8,false,0,8,0x0B,0x00,0x00,0x00,0x00,0x00,0x00,0x00
16744701,0x3E8,false,0,8,0x0C,0x00,0x00,0x00,0x00,0x00,0x00,0x00
16744827,0x3E8,false,0,8,0x0D,0x00,0x00,0x00,0x05,0x00,0x10,0x00
16792678,0x3E8,false,0,8,0x00,0x00,0x00,0x00,0x66,0x00,0x65,0x00
16792924,0x44C,false,0,8,0x00,0x00,0x19,0x00,0x1A,0x00,0x00,0x00
16793060,0x3E8,false,0,8,0x01,0x00,0xF2,0x03,0x05,0x00,0x00,0x00
16793196,0x44C,false,0,8,0x01,0x00,0x01,0x00,0x00,0x00,0x00,0x00
16793333,0x3E8,false,0,8,0x02,0x00,0x00,0x00,0x00,0x00,0x54,0x00
16793469,0x3E8,false,0,8,0x03,0x00,0x4C,0x00,0x9F,0x04,0x00,0x00
16793609,0x3E8,false,0,8,0x04,0x00,0x00,0x00,0x90,0x01,0x9A,0x04
16793733,0x3E8,false,0,8,0x05,0x00,0x00,0x00,0x00,0x00,0x00,0x00
16793858,0x3E8,false,0,8,0x06,0x00,0x00,0x00,0x00,0x00,0x00,0x00
16796644,0x3E8,false,0,8,0x07,0x00,0x00,0x00,0x00,0x00,0x07,0x00
16796769,0x3E8,false,0,8,0x08,0x00,0x4F,0x00,0x07,0x00,0x00,0x00
16796894,0x3E8,false,0,8,0x09,0x00,0x00,0x00,0x00,0x00,0x00,0x00
16797019,0x3E8,false,0,8,0x0A,0x00,0x00,0x00,0x00,0x00,0x00,0x00
16797144,0x3E8,false,0,8,0x0B,0x00,0x00,0x00,0x00,0x00,0x00,0x00
16797268,0x3E8,false,0,8,0x0C,0x00,0x00,0x00,0x00,0x00,0x00,0x00
16797394,0x3E8,false,0,8,0x0D,0x00,0x00,0x00,0x05,0x00,0x10,0x00
16844659,0x3E8,false,0,8,0x00,0x00,0x00,0x00,0x66,0x00,0x65,0x00
16844867,0x44C,false,0,8,0x00,0x00,0x19,0x00,0x1A,0x00,0x00,0x00
16845002,0x3E8,false,0,8,0x01,0x00,0xF2,0x03,0x05,0x00,0x00,0x00
16845138,0x44C,false,0,8,0x01,0x00,0x01,0x00,0x00,0x00,0x00,0x00
16845274,0x3E8,false,0,8,0x02,0x00,0x00,0x00,0x00,0x00,0x54,0x00
16845399,0x3E8,false,0,8,0x03,0x00,0x4C,0x00,0x9F,0x04,0x00,0x00
16845523,0x3E8,false,0,8,0x04,0x00,0x00,0x00,0x90,0x01,0x9A,0x04
16845650,0x3E8,false,0,8,0x05,0x00,0x00,0x00,0x00,0x00,0x00,0x00
16845775,0x3E8,false,0,8,0x06,0x00,0x00,0x00,0x00,0x00,0x00,0x00
16845900,0x3E8,false,0,8,0x07,0x00,0x00,0x00,0x00,0x00,0x07,0x00
16846025,0x3E8,false,0,8,0x08,0x00,0x4F,0x00,0x07,0x00,0x00,0x00
16846149,0x3E8,false,0,8,0x09,0x00,0x00,0x00,0x00,0x00,0x00,0x00
16846275,0x3E8,false,0,8,0x0A,0x00,0x00,0x00,0x00,0x00,0x00,0x00
16846399,0x3E8,false,0,8,0x0B,0x00,0x00,0x00,0x00,0x00,0x00,0x00
16846524,0x3E8,false,0,8,0x0C,0x00,0x00,0x00,0x00,0x00,0x00,0x00
16846653,0x3E8,false,0,8,0x0D,0x00,0x00,0x00,0x05,0x00,0x10,0x00
16894645,0x3E8,false,0,8,0x00,0x00,0x00,0x00,0x66,0x00,0x65,0x00
16894790,0x44C,false,0,8,0x00,0x00,0x19,0x00,0x1A,0x00,0x00,0x00
16894927,0x3E8,false,0,8,0x01,0x00,0xF2,0x03,0x05,0x00,0x00,0x00
16895064,0x44C,false,0,8,0x01,0x00,0x01,0x00,0x00,0x00,0x00,0x00
16895206,0x3E8,false,0,8,0x02,0x00,0x00,0x00,0x00,0x00,0x54,0x00
16895342,0x3E8,false,0,8,0x03,0x00,0x4C,0x00,0x9F,0x04,0x00,0x00
16895467,0x3E8,false,0,8,0x04,0x00,0x00,0x00,0x90,0x01,0x9A,0x04
16895593,0x3E8,false,0,8,0x05,0x00,0x00,0x00,0x00,0x00,0x00,0x00
16895718,0x3E8,false,0,8,0x06,0x00,0x00,0x00,0x00,0x00,0x00,0x00
16895843,0x3E8,false,0,8,0x07,0x00,0x00,0x00,0x00,0x00,0x07,0x00
16909728,0x3E8,false,0,8,0x08,0x00,0x4F,0x00,0x07,0x00,0x00,0x00
16909853,0x3E8,false,0,8,0x09,0x00,0x00,0x00,0x00,0x00,0x00,0x00
16909977,0x3E8,false,0,8,0x0A,0x00,0x00,0x00,0x00,0x00,0x00,0x00
16910102,0x3E8,false,0,8,0x0B,0x00,0x00,0x00,0x00,0x00,0x00,0x00
16910227,0x3E8,false,0,8,0x0C,0x00,0x00,0x00,0x00,0x00,0x00,0x00
16910351,0x3E8,false,0,8,0x0D,0x00,0x00,0x00,0x05,0x00,0x10,0x00
16944646,0x3E8,false,0,8,0x00,0x00,0x00,0x00,0x66,0x00,0x65,0x00
16944790,0x44C,false,0,8,0x00,0x00,0x19,0x00,0x1A,0x00,0x00,0x00
16944926,0x3E8,false,0,8,0x01,0x00,0xF2,0x03,0x05,0x00,0x00,0x00
16945066,0x44C,false,0,8,0x01,0x00,0x01,0x00,0x00,0x00,0x00,0x00
16945202,0x3E8,false,0,8,0x02,0x00,0x00,0x00,0x00,0x00,0x54,0x00
16945338,0x3E8,false,0,8,0x03,0x00,0x4C,0x00,0x9F,0x04,0x00,0x00
16945474,0x3E8,false,0,8,0x04,0x00,0x00,0x00,0x90,0x01,0x9A,0x04
16945612,0x3E8,false,0,8,0x05,0x00,0x00,0x00,0x00,0x00,0x00,0x00
16945737,0x3E8,false,0,8,0x06,0x00,0x00,0x00,0x00,0x00,0x00,0x00
16945861,0x3E8,false,0,8,0x07,0x00,0x00,0x00,0x00,0x00,0x07,0x00
16945986,0x3E8,false,0,8,0x08,0x00,0x4F,0x00,0x07,0x00,0x00,0x00
16946110,0x3E8,false,0,8,0x09,0x00,0x00,0x00,0x00,0x00,0x00,0x00
16946235,0x3E8,false,0,8,0x0A,0x00,0x00,0x00,0x00,0x00,0x00,0x00
16946359,0x3E8,false,0,8,0x0B,0x00,0x00,0x00,0x00,0x00,0x00,0x00
16946484,0x3E8,false,0,8,0x0C,0x00,0x00,0x00,0x00,0x00,0x00,0x00
16946613,0x3E8,false,0,8,0x0D,0x00,0x00,0x00,0x05,0x00,0x10,0x00
16994670,0x3E8,false,0,8,0x00,0x00,0x00,0x00,0x66,0x00,0x65,0x00
16994912,0x44C,false,0,8,0x00,0x00,0x19,0x00,0x1A,0x00,0x00,0x00
16995038,0x3E8,false,0,8,0x01,0x00,0xF2,0x03,0x05,0x00,0x00,0x00
16995163,0x44C,false,0,8,0x01,0x00,0x01,0x00,0x00,0x00,0x00,0x00
16995298,0x3E8,false,0,8,0x02,0x00,0x00,0x00,0x00,0x00,0x54,0x00
16995424,0x3E8,false,0,8,0x03,0x00,0x4C,0x00,0x9F,0x04,0x00,0x00
16995560,0x3E8,false,0,8,0x04,0x00,0x00,0x00,0x90,0x01,0x9A,0x04
16995696,0x3E8,false,0,8,0x05,0x00,0x00,0x00,0x00,0x00,0x00,0x00
16995832,0x3E8,false,0,8,0x06,0x00,0x00,0x00,0x00,0x00,0x00,0x00
16995969,0x3E8,false,0,8,0x07,0x00,0x00,0x00,0x00,0x00,0x07,0x00
16996107,0x3E8,false,0,8,0x08,0x00,0x4F,0x00,0x07,0x00,0x00,0x00
16996246,0x3E8,false,0,8,0x09,0x00,0x00,0x00,0x00,0x00,0x00,0x00
16996372,0x3E8,false,0,8,0x0A,0x00,0x00,0x00,0x00,0x00,0x00,0x00
16996509,0x3E8,false,0,8,0x0B,0x00,0x00,0x00,0x00,0x00,0x00,0x00
16996640,0x3E8,false,0,8,0x0C,0x00,0x00,0x00,0x00,0x00,0x00,0x00
16996766,0x3E8,false,0,8,0x0D,0x00,0x00,0x00,0x05,0x00,0x10,0x00
17044668,0x3E8,false,0,8,0x00,0x00,0x00,0x00,0x66,0x00,0x65,0x00
17044909,0x44C,false,0,8,0x00,0x00,0x19,0x00,0x1A,0x00,0x00,0x00
17045045,0x3E8,false,0,8,0x01,0x00,0xF2,0x03,0x05,0x00,0x00,0x00
17045170,0x44C,false,0,8,0x01,0x00,0x01,0x00,0x00,0x00,0x00,0x00
17045308,0x3E8,false,0,8,0x02,0x00,0x00,0x00,0x00,0x00,0x54,0x00
17045442,0x3E8,false,0,8,0x03,0x00,0x4C,0x00,0x9F,0x04,0x00,0x00
17045578,0x3E8,false,0,8,0x04,0x00,0x00,0x00,0x90,0x01,0x9A,0x04
17045717,0x3E8,false,0,8,0x05,0x00,0x00,0x00,0x00,0x00,0x00,0x00
17045851,0x3E8,false,0,8,0x06,0x00,0x00,0x00,0x00,0x00,0x00,0x00
17045990,0x3E8,false,0,8,0x07,0x00,0x00,0x00,0x00,0x00,0x07,0x00
17046128,0x3E8,false,0,8,0x08,0x00,0x4F,0x00,0x07,0x00,0x00,0x00
17046256,0x3E8,false,0,8,0x09,0x00,0x00,0x00,0x00,0x00,0x00,0x00
17046380,0x3E8,false,0,8,0x0A,0x00,0x00,0x00,0x00,0x00,0x00,0x00
17046505,0x3E8,false,0,8,0x0B,0x00,0x00,0x00,0x00,0x00,0x00,0x00
17046635,0x3E8,false,0,8,0x0C,0x00,0x00,0x00,0x00,0x00,0x00,0x00
17046760,0x3E8,false,0,8,0x0D,0x00,0x00,0x00,0x05,0x00,0x10,0x00
17094672,0x3E8,false,0,8,0x00,0x00,0x00,0x00,0x66,0x00,0x65,0x00
17094913,0x44C,false,0,8,0x00,0x00,0x19,0x00,0x1A,0x00,0x00,0x00
17095038,0x3E8,false,0,8,0x01,0x00,0xF2,0x03,0x05,0x00,0x00,0x00
17095177,0x44C,false,0,8,0x01,0x00,0x01,0x00,0x00,0x00,0x00,0x00
17095313,0x3E8,false,0,8,0x02,0x00,0x00,0x00,0x00,0x00,0x54,0x00
17095449,0x3E8,false,0,8,0x03,0x00,0x4C,0x00,0x9F,0x04,0x00,0x00
17095586,0x3E8,false,0,8,0x04,0x00,0x00,0x00,0x90,0x01,0x9A,0x04
17095727,0x3E8,false,0,8,0x05,0x00,0x00,0x00,0x00,0x00,0x00,0x00
17095865,0x3E8,false,0,8,0x06,0x00,0x00,0x00,0x00,0x00,0x00,0x00
17108319,0x3E8,false,0,8,0x07,0x00,0x00,0x00,0x00,0x00,0x07,0x00
17108450,0x3E8,false,0,8,0x08,0x00,0x4F,0x00,0x07,0x00,0x00,0x00
17108574,0x3E8,false,0,8,0x09,0x00,0x00,0x00,0x00,0x00,0x00,0x00
17108703,0x3E8,false,0,8,0x0A,0x00,0x00,0x00,0x00,0x00,0x00,0x00
17108827,0x3E8,false,0,8,0x0B,0x00,0x00,0x00,0x00,0x00,0x00,0x00
17108952,0x3E8,false,0,8,0x0C,0x00,0x00,0x00,0x00,0x00,0x00,0x00
17109077,0x3E8,false,0,8,0x0D,0x00,0x00,0x00,0x05,0x00,0x10,0x00
17144661,0x3E8,false,0,8,0x00,0x00,0x00,0x00,0x66,0x00,0x65,0x00
17144909,0x44C,false,0,8,0x00,0x00,0x19,0x00,0x1A,0x00,0x00,0x00
17145046,0x3E8,false,0,8,0x01,0x00,0xF2,0x03,0x05,0x00,0x00,0x00
17145171,0x44C,false,0,8,0x01,0x00,0x01,0x00,0x00,0x00,0x00,0x00
17145308,0x3E8,false,0,8,0x02,0x00,0x00,0x00,0x00,0x00,0x54,0x00
17145433,0x3E8,false,0,8,0x03,0x00,0x4C,0x00,0x9F,0x04,0x00,0x00
17145570,0x3E8,false,0,8,0x04,0x00,0x00,0x00,0x90,0x01,0x9A,0x04
17145707,0x3E8,false,0,8,0x05,0x00,0x00,0x00,0x00,0x00,0x00,0x00
17145846,0x3E8,false,0,8,0x06,0x00,0x00,0x00,0x00,0x00,0x00,0x00
17145983,0x3E8,false,0,8,0x07,0x00,0x00,0x00,0x00,0x00,0x07,0x00
17146119,0x3E8,false,0,8,0x08,0x00,0x4F,0x00,0x07,0x00,0x00,0x00
17146256,0x3E8,false,0,8,0x09,0x00,0x00,0x00,0x00,0x00,0x00,0x00
17146392,0x3E8,false,0,8,0x0A,0x00,0x00,0x00,0x00,0x00,0x00,0x00
17146518,0x3E8,false,0,8,0x0B,0x00,0x00,0x00,0x00,0x00,0x00,0x00
17146648,0x3E8,false,0,8,0x0C,0x00,0x00,0x00,0x00,0x00,0x00,0x00
17146774,0x3E8,false,0,8,0x0D,0x00,0x00,0x00,0x05,0x00,0x10,0x00
17194660,0x3E8,false,0,8,0x00,0x00,0x00,0x00,0x66,0x00,0x65,0x00
17194908,0x44C,false,0,8,0x00,0x00,0x19,0x00,0x1A,0x00,0x00,0x00
17195045,0x3E8,false,0,8,0x01,0x00,0xF2,0x03,0x05,0x00,0x00,0x00
17195181,0x44C,false,0,8,0x01,0x00,0x01,0x00,0x00,0x00,0x00,0x00
17195306,0x3E8,false,0,8,0x02,0x00,0x00,0x00,0x00,0x00,0x54,0x00
17195430,0x3E8,false,0,8,0x03,0x00,0x4C,0x00,0x9F,0x04,0x00,0x00
17195554,0x3E8,false,0,8,0x04,0x00,0x00,0x00,0x90,0x01,0x9A,0x04
17195681,0x3E8,false,0,8,0x05,0x00,0x00,0x00,0x00,0x00,0x00,0x00
17198644,0x3E8,false,0,8,0x06,0x00,0x00,0x00,0x00,0x00,0x00,0x00
17198769,0x3E8,false,0,8,0x07,0x00,0x00,0x00,0x00,0x00,0x07,0x00
17198894,0x3E8,false,0,8,0x08,0x00,0x4F,0x00,0x07,0x00,0x00,0x00
17199018,0x3E8,false,0,8,0x09,0x00,0x00,0x00,0x00,0x00,0x00,0x00
17199144,0x3E8,false,0,8,0x0A,0x00,0x00,0x00,0x00,0x00,0x00,0x00
17199268,0x3E8,false,0,8,0x0B,0x00,0x00,0x00,0x00,0x00,0x00,0x00
17199393,0x3E8,false,0,8,0x0C,0x00,0x00,0x00,0x00,0x00,0x00,0x00
17199519,0x3E8,false,0,8,0x0D,0x00,0x00,0x00,0x05,0x00,0x10,0x00
17246674,0x3E8,false,0,8,0x00,0x00,0x00,0x00,0x66,0x00,0x65,0x00
17246988,0x44C,false,0,8,0x00,0x00,0x19,0x00,0x1A,0x00,0x00,0x00
17247123,0x3E8,false,0,8,0x01,0x00,0xF2,0x03,0x05,0x00,0x00,0x00
17247261,0x44C,false,0,8,0x01,0x00,0x01,0x00,0x00,0x00,0x00,0x00
17247396,0x3E8,false,0,8,0x02,0x00,0x00,0x00,0x00,0x00,0x54,0x00
17247532,0x3E8,false,0,8,0x03,0x00,0x4C,0x00,0x9F,0x04,0x00,0x00
17247669,0x3E8,false,0,8,0x04,0x00,0x00,0x00,0x90,0x01,0x9A,0x04
17247803,0x3E8,false,0,8,0x05,0x00,0x00,0x00,0x00,0x00,0x00,0x00
17247938,0x3E8,false,0,8,0x06,0x00,0x00,0x00,0x00,0x00,0x00,0x00
17248063,0x3E8,false,0,8,0x07,0x00,0x00,0x00,0x00,0x00,0x07,0x00
17248191,0x3E8,false,0,8,0x08,0x00,0x4F,0x00,0x07,0x00,0x00,0x00
17248316,0x3E8,false,0,8,0x09,0x00,0x00,0x00,0x00,0x00,0x00,0x00
17248442,0x3E8,false,0,8,0x0A,0x00,0x00,0x00,0x00,0x00,0x00,0x00
17248576,0x3E8,false,0,8,0x0B,0x00,0x00,0x00,0x00,0x00,0x00,0x00
17248706,0x3E8,false,0,8,0x0C,0x00,0x00,0x00,0x00,0x00,0x00,0x00
17248831,0x3E8,false,0,8,0x0D,0x00,0x00,0x00,0x05,0x00,0x10,0x00
17296676,0x3E8,false,0,8,0x00,0x00,0x00,0x00,0x66,0x00,0x65,0x00
17296945,0x44C,false,0,8,0x00,0x00,0x19,0x00,0x1A,0x00,0x00,0x00
17297078,0x3E8,false,0,8,0x01,0x00,0xF2,0x03,0x05,0x00,0x00,0x00
17309859,0x44C,false,0,8,0x01,0x00,0x01,0x00,0x00,0x00,0x00,0x00
17310025,0x3E8,false,0,8,0x02,0x00,0x00,0x00,0x00,0x00,0x54,0x00
17310159,0x3E8,false,0,8,0x03,0x00,0x4C,0x00,0x9F,0x04,0x00,0x00
17310290,0x3E8,false,0,8,0x04,0x00,0x00,0x00,0x90,0x01,0x9A,0x04
17310424,0x3E8,false,0,8,0x05,0x00,0x00,0x00,0x00,0x00,0x00,0x00
17310556,0x3E8,false,0,8,0x06,0x00,0x00,0x00,0x00,0x00,0x00,0x00
17310693,0x3E8,false,0,8,0x07,0x00,0x00,0x00,0x00,0x00,0x07,0x00
17310825,0x3E8,false,0,8,0x08,0x00,0x4F,0x00,0x07,0x00,0x00,0x00
17310957,0x3E8,false,0,8,0x09,0x00,0x00,0x00,0x00,0x00,0x00,0x00
17311090,0x3E8,false,0,8,0x0A,0x00,0x00,0x00,0x00,0x00,0x00,0x00
17311222,0x3E8,false,0,8,0x0B,0x00,0x00,0x00,0x00,0x00,0x00,0x00
17311355,0x3E8,false,0,8,0x0C,0x00,0x00,0x00,0x00,0x00,0x00,0x00
17311487,0x3E8,false,0,8,0x0D,0x00,0x00,0x00,0x05,0x00,0x10,0x00
17345070,0x3E8,false,0,8,0x00,0x00,0x00,0x00,0x66,0x00,0x65,0x00
17345344,0x44C,false,0,8,0x00,0x00,0x19,0x00,0x1A,0x00,0x00,0x00
17345486,0x3E8,false,0,8,0x01,0x00,0xF2,0x03,0x05,0x00,0x00,0x00
17345628,0x44C,false,0,8,0x01,0x00,0x01,0x00,0x00,0x00,0x00,0x00
17345772,0x3E8,false,0,8,0x02,0x00,0x00,0x00,0x00,0x00,0x54,0x00
17345914,0x3E8,false,0,8,0x03,0x00,0x4C,0x00,0x9F,0x04,0x00,0x00
17346046,0x3E8,false,0,8,0x04,0x00,0x00,0x00,0x90,0x01,0x9A,0x04
17346188,0x3E8,false,0,8,0x05,0x00,0x00,0x00,0x00,0x00,0x00,0x00
17346320,0x3E8,false,0,8,0x06,0x00,0x00,0x00,0x00,0x00,0x00,0x00
17346462,0x3E8,false,0,8,0x07,0x00,0x00,0x00,0x00,0x00,0x07,0x00
17346617,0x3E8,false,0,8,0x08,0x00,0x4F,0x00,0x07,0x00,0x00,0x00
17346758,0x3E8,false,0,8,0x09,0x00,0x00,0x00,0x00,0x00,0x00,0x00
17346901,0x3E8,false,0,8,0x0A,0x00,0x00,0x00,0x00,0x00,0x00,0x00
17347046,0x3E8,false,0,8,0x0B,0x00,0x00,0x00,0x00,0x00,0x00,0x00
17347190,0x3E8,false,0,8,0x0C,0x00,0x00,0x00,0x00,0x00,0x00,0x00
17347323,0x3E8,false,0,8,0x0D,0x00,0x00,0x00,0x05,0x00,0x10,0x00
17396669,0x3E8,false,0,8,0x00,0x00,0x00,0x00,0x66,0x00,0x65,0x00
17396913,0x44C,false,0,8,0x00,0x00,0x19,0x00,0x1A,0x00,0x00,0x00
17397053,0x3E8,false,0,8,0x01,0x00,0xF2,0x03,0x05,0x00,0x00,0x00
17397192,0x44C,false,0,8,0x01,0x00,0x01,0x00,0x00,0x00,0x00,0x00
17397322,0x3E8,false,0,8,0x02,0x00,0x00,0x00,0x00,0x00,0x54,0x00
17397464,0x3E8,false,0,8,0x03,0x00,0x4C,0x00,0x9F,0x04,0x00,0x00
17397606,0x3E8,false,0,8,0x04,0x00,0x00,0x00,0x90,0x01,0x9A,0x04
17397748,0x3E8,false,0,8,0x05,0x00,0x00,0x00,0x00,0x00,0x00,0x00
17397889,0x3E8,false,0,8,0x06,0x00,0x00,0x00,0x00,0x00,0x00,0x00
17398030,0x3E8,false,0,8,0x07,0x00,0x00,0x00,0x00,0x00,0x07,0x00
17398162,0x3E8,false,0,8,0x08,0x00,0x4F,0x00,0x07,0x00,0x00,0x00
17398293,0x3E8,false,0,8,0x09,0x00,0x00,0x00,0x00,0x00,0x00,0x00
17398425,0x3E8,false,0,8,0x0A,0x00,0x00,0x00,0x00,0x00,0x00,0x00
17398557,0x3E8,false,0,8,0x0B,0x00,0x00,0x00,0x00,0x00,0x00,0x00
17398694,0x3E8,false,0,8,0x0C,0x00,0x00,0x00,0x00,0x00,0x00,0x00
17398826,0x3E8,false,0,8,0x0D,0x00,0x00,0x00,0x05,0x00,0x10,0x00
17446670,0x3E8,false,0,8,0x00,0x00,0x00,0x00,0x66,0x00,0x65,0x00
17446900,0x44C,false,0,8,0x00,0x00,0x19,0x00,0x1A,0x00,0x00,0x00
17447041,0x3E8,false,0,8,0x01,0x00,0xF2,0x03,0x05,0x00,0x00,0x00
17447178,0x44C,false,0,8,0x01,0x00,0x01,0x00,0x00,0x00,0x00,0x00
17447315,0x3E8,false,0,8,0x02,0x00,0x00,0x00,0x00,0x00,0x54,0x00
17447453,0x3E8,false,0,8,0x03,0x00,0x4C,0x00,0x9F,0x04,0x00,0x00
17447589,0x3E8,false,0,8,0x04,0x00,0x00,0x00,0x90,0x01,0x9A,0x04
17447726,0x3E8,false,0,8,0x05,0x00,0x00,0x00,0x00,0x00,0x00,0x00
17447866,0x3E8,false,0,8,0x06,0x00,0x00,0x00,0x00,0x00,0x00,0x00
17447991,0x3E8,false,0,8,0x07,0x00,0x00,0x00,0x00,0x00,0x07,0x00
17448116,0x3E8,false,0,8,0x08,0x00,0x4F,0x00,0x07,0x00,0x00,0x00
17448242,0x3E8,false,0,8,0x09,0x00,0x00,0x00,0x00,0x00,0x00,0x00
17448367,0x3E8,false,0,8,0x0A,0x00,0x00,0x00,0x00,0x00,0x00,0x00
17448492,0x3E8,false,0,8,0x0B,0x00,0x00,0x00,0x00,0x00,0x00,0x00
17448621,0x3E8,false,0,8,0x0C,0x00,0x00,0x00,0x00,0x00,0x00,0x00
17448746,0x3E8,false,0,8,0x0D,0x00,0x00,0x00,0x05,0x00,0x10,0x00
17496662,0x3E8,false,0,8,0x00,0x00,0x00,0x00,0x66,0x00,0x65,0x00
17496917,0x44C,false,0,8,0x00,0x00,0x19,0x00,0x1A,0x00,0x00,0x00
17497054,0x3E8,false,0,8,0x01,0x00,0xF2,0x03,0x05,0x00,0x00,0x00
17525749,0x44C,false,0,8,0x01,0x00,0x01,0x00,0x00,0x00,0x00,0x00
17525881,0x3E8,false,0,8,0x02,0x00,0x00,0x00,0x00,0x00,0x54,0x00
17526008,0x3E8,false,0,8,0x03,0x00,0x4C,0x00,0x9F,0x04,0x00,0x00
17526134,0x3E8,false,0,8,0x04,0x00,0x00,0x00,0x90,0x01,0x9A,0x04
17526263,0x3E8,false,0,8,0x05,0x00,0x00,0x00,0x00,0x00,0x00,0x00
17526392,0x3E8,false,0,8,0x06,0x00,0x00,0x00,0x00,0x00,0x00,0x00
17526520,0x3E8,false,0,8,0x07,0x00,0x00,0x00,0x00,0x00,0x07,0x00
17526668,0x3E8,false,0,8,0x08,0x00,0x4F,0x00,0x07,0x00,0x00,0x00
17526808,0x3E8,false,0,8,0x09,0x00,0x00,0x00,0x00,0x00,0x00,0x00
17526955,0x3E8,false,0,8,0x0A,0x00,0x00,0x00,0x00,0x00,0x00,0x00
17527104,0x3E8,false,0,8,0x0B,0x00,0x00,0x00,0x00,0x00,0x00,0x00
17527237,0x3E8,false,0,8,0x0C,0x00,0x00,0x00,0x00,0x00,0x00,0x00
17527374,0x3E8,false,0,8,0x0D,0x00,0x00,0x00,0x05,0x00,0x10,0x00
17546682,0x3E8,false,0,8,0x00,0x00,0x00,0x00,0x66,0x00,0x65,0x00
17546919,0x44C,false,0,8,0x00,0x00,0x19,0x00,0x1A,0x00,0x00,0x00
17547050,0x3E8,false,0,8,0x01,0x00,0xF2,0x03,0x05,0x00,0x00,0x00
17547188,0x44C,false,0,8,0x01,0x00,0x01,0x00,0x00,0x00,0x00,0x00
17547325,0x3E8,false,0,8,0x02,0x00,0x00,0x00,0x00,0x00,0x54,0x00
17547463,0x3E8,false,0,8,0x03,0x00,0x4C,0x00,0x9F,0x04,0x00,0x00
17547599,0x3E8,false,0,8,0x04,0x00,0x00,0x00,0x90,0x01,0x9A,0x04
17547736,0x3E8,false,0,8,0x05,0x00,0x00,0x00,0x00,0x00,0x00,0x00
17547873,0x3E8,false,0,8,0x06,0x00,0x00,0x00,0x00,0x00,0x00,0x00
17548010,0x3E8,false,0,8,0x07,0x00,0x00,0x00,0x00,0x00,0x07,0x00
17548134,0x3E8,false,0,8,0x08,0x00,0x4F,0x00,0x07,0x00,0x00,0x00
17548259,0x3E8,false,0,8,0x09,0x00,0x00,0x00,0x00,0x00,0x00,0x00
17548383,0x3E8,false,0,8,0x0A,0x00,0x00,0x00,0x00,0x00,0x00,0x00
17548508,0x3E8,false,0,8,0x0B,0x00,0x00,0x00,0x00,0x00,0x00,0x00
17548637,0x3E8,false,0,8,0x0C,0x00,0x00,0x00,0x00,0x00,0x00,0x00
17548761,0x3E8,false,0,8,0x0D,0x00,0x00,0x00,0x05,0x00,0x10,0x00
17596669,0x3E8,false,0,8,0x00,0x00,0x00,0x00,0x66,0x00,0x65,0x00
17596894,0x44C,false,0,8,0x00,0x00,0x19,0x00,0x1A,0x00,0x00,0x00
17597018,0x3E8,false,0,8,0x01,0x00,0xF2,0x03,0x05,0x00,0x00,0x00
17597142,0x44C,false,0,8,0x01,0x00,0x01,0x00,0x00,0x00,0x00,0x00
17597267,0x3E8,false,0,8,0x02,0x00,0x00,0x00,0x00,0x00,0x54,0x00
17597391,0x3E8,false,0,8,0x03,0x00,0x4C,0x00,0x9F,0x04,0x00,0x00
17597515,0x3E8,false,0,8,0x04,0x00,0x00,0x00,0x90,0x01,0x9A,0x04
17597643,0x3E8,false,0,8,0x05,0x00,0x00,0x00,0x00,0x00,0x00,0x00
17597781,0x3E8,false,0,8,0x06,0x00,0x00,0x00,0x00,0x00,0x00,0x00
17597917,0x3E8,false,0,8,0x07,0x00,0x00,0x00,0x00,0x00,0x07,0x00
17598054,0x3E8,false,0,8,0x08,0x00,0x4F,0x00,0x07,0x00,0x00,0x00
17598191,0x3E8,false,0,8,0x09,0x00,0x00,0x00,0x00,0x00,0x00,0x00
17598330,0x3E8,false,0,8,0x0A,0x00,0x00,0x00,0x00,0x00,0x00,0x00
17598466,0x3E8,false,0,8,0x0B,0x00,0x00,0x00,0x00,0x00,0x00,0x00
17598607,0x3E8,false,0,8,0x0C,0x00,0x00,0x00,0x00,0x00,0x00,0x00
17600644,0x3E8,false,0,8,0x0D,0x00,0x00,0x00,0x05,0x00,0x10,0x00
17646648,0x3E8,false,0,8,0x00,0x00,0x00,0x00,0x66,0x00,0x65,0x00
17646810,0x44C,false,0,8,0x00,0x00,0x19,0x00,0x1A,0x00,0x00,0x00
17646945,0x3E8,false,0,8,0x01,0x00,0xF2,0x03,0x05,0x00,0x00,0x00
17647083,0x44C,false,0,8,0x01,0x00,0x01,0x00,0x00,0x00,0x00,0x00
17647220,0x3E8,false,0,8,0x02,0x00,0x00,0x00,0x00,0x00,0x54,0x00
17647344,0x3E8,false,0,8,0x03,0x00,0x4C,0x00,0x9F,0x04,0x00,0x00
17647479,0x3E8,false,0,8,0x04,0x00,0x00,0x00,0x90,0x01,0x9A,0x04
17647609,0x3E8,false,0,8,0x05,0x00,0x00,0x00,0x00,0x00,0x00,0x00
17647744,0x3E8,false,0,8,0x06,0x00,0x00,0x00,0x00,0x00,0x00,0x00
17647878,0x3E8,false,0,8,0x07,0x00,0x00,0x00,0x00,0x00,0x07,0x00
17648003,0x3E8,false,0,8,0x08,0x00,0x4F,0x00,0x07,0x00,0x00,0x00
17648148,0x3E8,false,0,8,0x09,0x00,0x00,0x00,0x00,0x00,0x00,0x00
17648273,0x3E8,false,0,8,0x0A,0x00,0x00,0x00,0x00,0x00,0x00,0x00
17648419,0x3E8,false,0,8,0x0B,0x00,0x00,0x00,0x00,0x00,0x00,0x00
17648544,0x3E8,false,0,8,0x0C,0x00,0x00,0x00,0x00,0x00,0x00,0x00
17648688,0x3E8,false,0,8,0x0D,0x00,0x00,0x00,0x05,0x00,0x10,0x00
17696646,0x3E8,false,0,8,0x00,0x00,0x00,0x00,0x66,0x00,0x65,0x00
17696805,0x44C,false,0,8,0x00,0x00,0x19,0x00,0x1A,0x00,0x00,0x00
17711102,0x3E8,false,0,8,0x01,0x00,0xF2,0x03,0x05,0x00,0x00,0x00
17711226,0x44C,false,0,8,0x01,0x00,0x01,0x00,0x00,0x00,0x00,0x00
17711351,0x3E8,false,0,8,0x02,0x00,0x00,0x00,0x00,0x00,0x54,0x00
17711475,0x3E8,false,0,8,0x03,0x00,0x4C,0x00,0x9F,0x04,0x00,0x00
17711599,0x3E8,false,0,8,0x04,0x00,0x00,0x00,0x90,0x01,0x9A,0x04
17711723,0x3E8,false,0,8,0x05,0x00,0x00,0x00,0x00,0x00,0x00,0x00
17711848,0x3E8,false,0,8,0x06,0x00,0x00,0x00,0x00,0x00,0x00,0x00
17711972,0x3E8,false,0,8,0x07,0x00,0x00,0x00,0x00,0x00,0x07,0x00
17712097,0x3E8,false,0,8,0x08,0x00,0x4F,0x00,0x07,0x00,0x00,0x00
17712221,0x3E8,false,0,8,0x09,0x00,0x00,0x00,0x00,0x00,0x00,0x00
17712346,0x3E8,false,0,8,0x0A,0x00,0x00,0x00,0x00,0x00,0x00,0x00
17712470,0x3E8,false,0,8,0x0B,0x00,0x00,0x00,0x00,0x00,0x00,0x00
17712599,0x3E8,false,0,8,0x0C,0x00,0x00,0x00,0x00,0x00,0x00,0x00
17712724,0x3E8,false,0,8,0x0D,0x00,0x00,0x00,0x05,0x00,0x10,0x00
17748678,0x3E8,false,0,8,0x00,0x00,0x00,0x00,0x66,0x00,0x65,0x00
17748941,0x44C,false,0,8,0x00,0x00,0x19,0x00,0x1A,0x00,0x00,0x00
17749066,0x3E8,false,0,8,0x01,0x00,0xF2,0x03,0x05,0x00,0x00,0x00
17749192,0x44C,false,0,8,0x01,0x00,0x01,0x00,0x00,0x00,0x00,0x00
17749317,0x3E8,false,0,8,0x02,0x00,0x00,0x00,0x00,0x00,0x54,0x00
17749443,0x3E8,false,0,8,0x03,0x00,0x4C,0x00,0x9F,0x04,0x00,0x00
17749568,0x3E8,false,0,8,0x04,0x00,0x00,0x00,0x90,0x01,0x9A,0x04
17749693,0x3E8,false,0,8,0x05,0x00,0x00,0x00,0x00,0x00,0x00,0x00
17749819,0x3E8,false,0,8,0x06,0x00,0x00,0x00,0x00,0x00,0x00,0x00
17749945,0x3E8,false,0,8,0x07,0x00,0x00,0x00,0x00,0x00,0x07,0x00
17750071,0x3E8,false,0,8,0x08,0x00,0x4F,0x00,0x07,0x00,0x00,0x00
17750196,0x3E8,false,0,8,0x09,0x00,0x00,0x00,0x00,0x00,0x00,0x00
17750322,0x3E8,false,0,8,0x0A,0x00,0x00,0x00,0x00,0x00,0x00,0x00
17750448,0x3E8,false,0,8,0x0B,0x00,0x00,0x00,0x00,0x00,0x00,0x00
17750574,0x3E8,false,0,8,0x0C,0x00,0x00,0x00,0x00,0x00,0x00,0x00
17750704,0x3E8,false,0,8,0x0D,0x00,0x00,0x00,0x05,0x00,0x10,0x00
17796667,0x3E8,false,0,8,0x00,0x00,0x00,0x00,0x66,0x00,0x65,0x00
17796857,0x44C,false,0,8,0x00,0x00,0x19,0x00,0x1A,0x00,0x00,0x00
17796994,0x3E8,false,0,8,0x01,0x00,0xF2,0x03,0x05,0x00,0x00,0x00
17797129,0x44C,false,0,8,0x01,0x00,0x01,0x00,0x00,0x00,0x00,0x00
17797266,0x3E8,false,0,8,0x02,0x00,0x00,0x00,0x00,0x00,0x54,0x00
17797404,0x3E8,false,0,8,0x03,0x00,0x4C,0x00,0x9F,0x04,0x00,0x00
17797549,0x3E8,false,0,8,0x04,0x00,0x00,0x00,0x90,0x01,0x9A,0x04
17797674,0x3E8,false,0,8,0x05,0x00,0x00,0x00,0x00,0x00,0x00,0x00
17800661,0x3E8,false,0,8,0x06,0x00,0x00,0x00,0x00,0x00,0x00,0x00
17800823,0x3E8,false,0,8,0x07,0x00,0x00,0x00,0x00,0x00,0x07,0x00
17800948,0x3E8,false,0,8,0x08,0x00,0x4F,0x00,0x07,0x00,0x00,0x00
17801072,0x3E8,false,0,8,0x09,0x00,0x00,0x00,0x00,0x00,0x00,0x00
17801197,0x3E8,false,0,8,0x0A,0x00,0x00,0x00,0x00,0x00,0x00,0x00
17801322,0x3E8,false,0,8,0x0B,0x00,0x00,0x00,0x00,0x00,0x00,0x00
17801447,0x3E8,false,0,8,0x0C,0x00,0x00,0x00,0x00,0x00,0x00,0x00
17801572,0x3E8,false,0,8,0x0D,0x00,0x00,0x00,0x05,0x00,0x10,0x00
17848660,0x3E8,false,0,8,0x00,0x00,0x00,0x00,0x66,0x00,0x65,0x00
17848912,0x44C,false,0,8,0x00,0x00,0x19,0x00,0x1A,0x00,0x00,0x00
17849048,0x3E8,false,0,8,0x01,0x00,0xF2,0x03,0x05,0x00,0x00,0x00
17849186,0x44C,false,0,8,0x01,0x00,0x01,0x00,0x00,0x00,0x00,0x00
17849324,0x3E8,false,0,8,0x02,0x00,0x00,0x00,0x00,0x00,0x54,0x00
17849460,0x3E8,false,0,8,0x03,0x00,0x4C,0x00,0x9F,0x04,0x00,0x00
17849585,0x3E8,false,0,8,0x04,0x00,0x00,0x00,0x90,0x01,0x9A,0x04
17849710,0x3E8,false,0,8,0x05,0x00,0x00,0x00,0x00,0x00,0x00,0x00
17849839,0x3E8,false,0,8,0x06,0x00,0x00,0x00,0x00,0x00,0x00,0x00
17849975,0x3E8,false,0,8,0x07,0x00,0x00,0x00,0x00,0x00,0x07,0x00
17850116,0x3E8,false,0,8,0x08,0x00,0x4F,0x00,0x07,0x00,0x00,0x00
17850249,0x3E8,false,0,8,0x09,0x00,0x00,0x00,0x00,0x00,0x00,0x00
17850390,0x3E8,false,0,8,0x0A,0x00,0x00,0x00,0x00,0x00,0x00,0x00
17850532,0x3E8,false,0,8,0x0B,0x00,0x00,0x00,0x00,0x00,0x00,0x00
17850679,0x3E8,false,0,8,0x0C,0x00,0x00,0x00,0x00,0x00,0x00,0x00
17850822,0x3E8,false,0,8,0x0D,0x00,0x00,0x00,0x05,0x00,0x10,0x00
17898658,0x3E8,false,0,8,0x00,0x00,0x00,0x00,0x66,0x00,0x65,0x00
17911945,0x44C,false,0,8,0x00,0x00,0x19,0x00,0x1A,0x00,0x00,0x00
17912075,0x3E8,false,0,8,0x01,0x00,0xF2,0x03,0x05,0x00,0x00,0x00
17912200,0x44C,false,0,8,0x01,0x00,0x01,0x00,0x00,0x00,0x00,0x00
17912324,0x3E8,false,0,8,0x02,0x00,0x00,0x00,0x00,0x00,0x54,0x00
17912449,0x3E8,false,0,8,0x03,0x00,0x4C,0x00,0x9F,0x04,0x00,0x00
17912573,0x3E8,false,0,8,0x04,0x00,0x00,0x00,0x90,0x01,0x9A,0x04
17912701,0x3E8,false,0,8,0x05,0x00,0x00,0x00,0x00,0x00,0x00,0x00
17912826,0x3E8,false,0,8,0x06,0x00,0x00,0x00,0x00,0x00,0x00,0x00
17912950,0x3E8,false,0,8,0x07,0x00,0x00,0x00,0x00,0x00,0x07,0x00
17913075,0x3E8,false,0,8,0x08,0x00,0x4F,0x00,0x07,0x00,0x00,0x00
17913199,0x3E8,false,0,8,0x09,0x00,0x00,0x00,0x00,0x00,0x00,0x00
17913324,0x3E8,false,0,8,0x0A,0x00,0x00,0x00,0x00,0x00,0x00,0x00
17913448,0x3E8,false,0,8,0x0B,0x00,0x00,0x00,0x00,0x00,0x00,0x00
17913573,0x3E8,false,0,8,0x0C,0x00,0x00,0x00,0x00,0x00,0x00,0x00
17913699,0x3E8,false,0,8,0x0D,0x00,0x00,0x00,0x05,0x00,0x10,0x00
17948653,0x3E8,false,0,8,0x00,0x00,0x00,0x00,0x66,0x00,0x65,0x00
17948867,0x44C,false,0,8,0x00,0x00,0x19,0x00,0x1A,0x00,0x00,0x00
17949007,0x3E8,false,0,8,0x01,0x00,0xF2,0x03,0x05,0x00,0x00,0x00
17949144,0x44C,false,0,8,0x01,0x00,0x01,0x00,0x00,0x00,0x00,0x00
17949281,0x3E8,false,0,8,0x02,0x00,0x00,0x00,0x00,0x00,0x54,0x00
17949418,0x3E8,false,0,8,0x03,0x00,0x4C,0x00,0x9F,0x04,0x00,0x00
17949555,0x3E8,false,0,8,0x04,0x00,0x00,0x00,0x90,0x01,0x9A,0x04
17949697,0x3E8,false,0,8,0x05,0x00,0x00,0x00,0x00,0x00,0x00,0x00
17949822,0x3E8,false,0,8,0x06,0x00,0x00,0x00,0x00,0x00,0x00,0x00
17949946,0x3E8,false,0,8,0x07,0x00,0x00,0x00,0x00,0x00,0x07,0x00
17950071,0x3E8,false,0,8,0x08,0x00,0x4F,0x00,0x07,0x00,0x00,0x00
17950195,0x3E8,false,0,8,0x09,0x00,0x00,0x00,0x00,0x00,0x00,0x00
17950320,0x3E8,false,0,8,0x0A,0x00,0x00,0x00,0x00,0x00,0x00,0x00
17950444,0x3E8,false,0,8,0x0B,0x00,0x00,0x00,0x00,0x00,0x00,0x00
17950569,0x3E8,false,0,8,0x0C,0x00,0x00,0x00,0x00,0x00,0x00,0x00
17950698,0x3E8,false,0,8,0x0D,0x00,0x00,0x00,0x05,0x00,0x10,0x00
17998659,0x3E8,false,0,8,0x00,0x00,0x00,0x00,0x66,0x00,0x65,0x00
17998883,0x44C,false,0,8,0x00,0x00,0x19,0x00,0x1A,0x00,0x00,0x00
17999007,0x3E8,false,0,8,0x01,0x00,0xF2,0x03,0x05,0x00,0x00,0x00
17999132,0x44C,false,0,8,0x01,0x00,0x01,0x00,0x00,0x00,0x00,0x00
17999257,0x3E8,false,0,8,0x02,0x00,0x00,0x00,0x00,0x00,0x54,0x00
17999391,0x3E8,false,0,8,0x03,0x00,0x4C,0x00,0x9F,0x04,0x00,0x00
17999528,0x3E8,false,0,8,0x04,0x00,0x00,0x00,0x90,0x01,0x9A,0x04
17999664,0x3E8,false,0,8,0x05,0x00,0x00,0x00,0x00,0x00,0x00,0x00
17999789,0x3E8,false,0,8,0x06,0x00,0x00,0x00,0x00,0x00,0x00,0x00
17999927,0x3E8,false,0,8,0x07,0x00,0x00,0x00,0x00,0x00,0x07,0x00
18000066,0x3E8,false,0,8,0x08,0x00,0x4F,0x00,0x07,0x00,0x00,0x00
18000202,0x3E8,false,0,8,0x09,0x00,0x00,0x00,0x00,0x00,0x00,0x00
18000339,0x3E8,false,0,8,0x0A,0x00,0x00,0x00,0x00,0x00,0x00,0x00
18000464,0x3E8,false,0,8,0x0B,0x00,0x00,0x00,0x00,0x00,0x00,0x00
18000607,0x3E8,false,0,8,0x0C,0x00,0x00,0x00,0x00,0x00,0x00,0x00
18000734,0x3E8,false,0,8,0x0D,0x00,0x00,0x00,0x05,0x00,0x10,0x00
18048660,0x3E8,false,0,8,0x00,0x00,0x00,0x00,0x66,0x00,0x65,0x00
18048908,0x44C,false,0,8,0x00,0x00,0x19,0x00,0x1A,0x00,0x00,0x00
18049033,0x3E8,false,0,8,0x01,0x00,0xF2,0x03,0x05,0x00,0x00,0x00
18049171,0x44C,false,0,8,0x01,0x00,0x01,0x00,0x00,0x00,0x00,0x00
18049296,0x3E8,false,0,8,0x02,0x00,0x00,0x00,0x00,0x00,0x54,0x00
18049434,0x3E8,false,0,8,0x03,0x00,0x4C,0x00,0x9F,0x04,0x00,0x00
18049571,0x3E8,false,0,8,0x04,0x00,0x00,0x00,0x90,0x01,0x9A,0x04
18049708,0x3E8,false,0,8,0x05,0x00,0x00,0x00,0x00,0x00,0x00,0x00
18049845,0x3E8,false,0,8,0x06,0x00,0x00,0x00,0x00,0x00,0x00,0x00
18049993,0x3E8,false,0,8,0x07,0x00,0x00,0x00,0x00,0x00,0x07,0x00
18050131,0x3E8,false,0,8,0x08,0x00,0x4F,0x00,0x07,0x00,0x00,0x00
18050268,0x3E8,false,0,8,0x09,0x00,0x00,0x00,0x00,0x00,0x00,0x00
18050393,0x3E8,false,0,8,0x0A,0x00,0x00,0x00,0x00,0x00,0x00,0x00
18050518,0x3E8,false,0,8,0x0B,0x00,0x00,0x00,0x00,0x00,0x00,0x00
18050651,0x3E8,false,0,8,0x0C,0x00,0x00,0x00,0x00,0x00,0x00,0x00
18050776,0x3E8,false,0,8,0x0D,0x00,0x00,0x00,0x05,0x00,0x10,0x00
18098659,0x3E8,false,0,8,0x00,0x00,0x00,0x00,0x66,0x00,0x65,0x00
18098906,0x44C,false,0,8,0x00,0x00,0x19,0x00,0x1A,0x00,0x00,0x00
18099040,0x3E8,false,0,8,0x01,0x00,0xF2,0x03,0x05,0x00,0x00,0x00
18099165,0x44C,false,0,8,0x01,0x00,0x01,0x00,0x00,0x00,0x00,0x00
18099303,0x3E8,false,0,8,0x02,0x00,0x00,0x00,0x00,0x00,0x54,0x00
18099439,0x3E8,false,0,8,0x03,0x00,0x4C,0x00,0x9F,0x04,0x00,0x00
18099576,0x3E8,false,0,8,0x04,0x00,0x00,0x00,0x90,0x01,0x9A,0x04
18099713,0x3E8,false,0,8,0x05,0x00,0x00,0x00,0x00,0x00,0x00,0x00
18099849,0x3E8,false,0,8,0x06,0x00,0x00,0x00,0x00,0x00,0x00,0x00
18099985,0x3E8,false,0,8,0x07,0x00,0x00,0x00,0x00,0x00,0x07,0x00
18100122,0x3E8,false,0,8,0x08,0x00,0x4F,0x00,0x07,0x00,0x00,0x00
18100258,0x3E8,false,0,8,0x09,0x00,0x00,0x00,0x00,0x00,0x00,0x00
18100382,0x3E8,false,0,8,0x0A,0x00,0x00,0x00,0x00,0x00,0x00,0x00
18100507,0x3E8,false,0,8,0x0B,0x00,0x00,0x00,0x00,0x00,0x00,0x00
18100636,0x3E8,false,0,8,0x0C,0x00,0x00,0x00,0x00,0x00,0x00,0x00
18100761,0x3E8,false,0,8,0x0D,0x00,0x00,0x00,0x05,0x00,0x10,0x00
18148662,0x3E8,false,0,8,0x00,0x00,0x00,0x00,0x66,0x00,0x65,0x00
18148915,0x44C,false,0,8,0x00,0x00,0x19,0x00,0x1A,0x00,0x00,0x00
18149053,0x3E8,false,0,8,0x01,0x00,0xF2,0x03,0x05,0x00,0x00,0x00
18149189,0x44C,false,0,8,0x01,0x00,0x01,0x00,0x00,0x00,0x00,0x00
18149324,0x3E8,false,0,8,0x02,0x00,0x00,0x00,0x00,0x00,0x54,0x00
18149450,0x3E8,false,0,8,0x03,0x00,0x4C,0x00,0x9F,0x04,0x00,0x00
18149575,0x3E8,false,0,8,0x04,0x00,0x00,0x00,0x90,0x01,0x9A,0x04
18149711,0x3E8,false,0,8,0x05,0x00,0x00,0x00,0x00,0x00,0x00,0x00
18149849,0x3E8,false,0,8,0x06,0x00,0x00,0x00,0x00,0x00,0x00,0x00
18149987,0x3E8,false,0,8,0x07,0x00,0x00,0x00,0x00,0x00,0x07,0x00
18150122,0x3E8,false,0,8,0x08,0x00,0x4F,0x00,0x07,0x00,0x00,0x00
18150261,0x3E8,false,0,8,0x09,0x00,0x00,0x00,0x00,0x00,0x00,0x00
18150397,0x3E8,false,0,8,0x0A,0x00,0x00,0x00,0x00,0x00,0x00,0x00
18150533,0x3E8,false,0,8,0x0B,0x00,0x00,0x00,0x00,0x00,0x00,0x00
18150663,0x3E8,false,0,8,0x0C,0x00,0x00,0x00,0x00,0x00,0x00,0x00
18150789,0x3E8,false,0,8,0x0D,0x00,0x00,0x00,0x05,0x00,0x10,0x00
18198671,0x3E8,false,0,8,0x00,0x00,0x00,0x00,0x66,0x00,0x65,0x00
18198919,0x44C,false,0,8,0x00,0x00,0x19,0x00,0x1A,0x00,0x00,0x00
18199043,0x3E8,false,0,8,0x01,0x00,0xF2,0x03,0x05,0x00,0x00,0x00
18199194,0x44C,false,0,8,0x01,0x00,0x01,0x00,0x00,0x00,0x00,0x00
18199320,0x3E8,false,0,8,0x02,0x00,0x00,0x00,0x00,0x00,0x54,0x00
18199444,0x3E8,false,0,8,0x03,0x00,0x4C,0x00,0x9F,0x04,0x00,0x00
18199568,0x3E8,false,0,8,0x04,0x00,0x00,0x00,0x90,0x01,0x9A,0x04
18199694,0x3E8,false,0,8,0x05,0x00,0x00,0x00,0x00,0x00,0x00,0x00
18202650,0x3E8,false,0,8,0x06,0x00,0x00,0x00,0x00,0x00,0x00,0x00
18202775,0x3E8,false,0,8,0x07,0x00,0x00,0x00,0x00,0x00,0x07,0x00
18202900,0x3E8,false,0,8,0x08,0x00,0x4F,0x00,0x07,0x00,0x00,0x00
18203025,0x3E8,false,0,8,0x09,0x00,0x00,0x00,0x00,0x00,0x00,0x00
18203150,0x3E8,false,0,8,0x0A,0x00,0x00,0x00,0x00,0x00,0x00,0x00
18203275,0x3E8,false,0,8,0x0B,0x00,0x00,0x00,0x00,0x00,0x00,0x00
18203400,0x3E8,false,0,8,0x0C,0x00,0x00,0x00,0x00,0x00,0x00,0x00
18203525,0x3E8,false,0,8,0x0D,0x00,0x00,0x00,0x05,0x00,0x10,0x00
18250670,0x44C,false,0,8,0x00,0x00,0x19,0x00,0x1A,0x00,0x00,0x00
18250909,0x3E8,false,0,8,0x00,0x00,0x00,0x00,0x66,0x00,0x65,0x00
18251042,0x44C,false,0,8,0x01,0x00,0x01,0x00,0x00,0x00,0x00,0x00
18251168,0x3E8,false,0,8,0x01,0x00,0xF2,0x03,0x0D,0x00,0x00,0x00
18251292,0x3E8,false,0,8,0x02,0x00,0x00,0x00,0x00,0x00,0x54,0x00
18251417,0x3E8,false,0,8,0x03,0x00,0x4C,0x00,0x9F,0x04,0x00,0x00
18251541,0x3E8,false,0,8,0x04,0x00,0x00,0x00,0x90,0x01,0x9A,0x04
18251665,0x3E8,false,0,8,0x05,0x00,0x00,0x00,0x00,0x00,0x00,0x00
18251790,0x3E8,false,0,8,0x06,0x00,0x00,0x00,0x00,0x00,0x00,0x00
18251915,0x3E8,false,0,8,0x07,0x00,0x00,0x00,0x00,0x00,0x07,0x00
18252042,0x3E8,false,0,8,0x08,0x00,0x4F,0x00,0x07,0x00,0x00,0x00
18252169,0x3E8,false,0,8,0x09,0x00,0x00,0x00,0x00,0x00,0x00,0x00
18252303,0x3E8,false,0,8,0x0A,0x00,0x00,0x00,0x00,0x00,0x00,0x00
18252433,0x3E8,false,0,8,0x0B,0x00,0x00,0x00,0x00,0x00,0x00,0x00
18252562,0x3E8,false,0,8,0x0C,0x00,0x00,0x00,0x00,0x00,0x00,0x00
18266302,0x3E8,false,0,8,0x0D,0x00,0x00,0x00,0x05,0x00,0x10,0x00
18299070,0x3E8,false,0,8,0x00,0x00,0x00,0x00,0x66,0x00,0x65,0x00
18299322,0x44C,false,0,8,0x00,0x00,0x19,0x00,0x1A,0x00,0x00,0x00
18299461,0x3E8,false,0,8,0x01,0x00,0xF2,0x03,0x4C,0x00,0x00,0x00
18299598,0x44C,false,0,8,0x01,0x00,0x01,0x00,0x00,0x00,0x00,0x00
18299736,0x3E8,false,0,8,0x02,0x00,0x00,0x00,0x00,0x00,0x54,0x00
18299871,0x3E8,false,0,8,0x03,0x00,0x4C,0x00,0x9F,0x04,0x00,0x00
18300007,0x3E8,false,0,8,0x04,0x00,0x00,0x00,0x90,0x01,0x9A,0x04
18300131,0x3E8,false,0,8,0x05,0x00,0x00,0x00,0x00,0x00,0x00,0x00
18300270,0x3E8,false,0,8,0x06,0x00,0x00,0x00,0x00,0x00,0x00,0x00
18300405,0x3E8,false,0,8,0x07,0x00,0x00,0x00,0x00,0x00,0x07,0x00
18300545,0x3E8,false,0,8,0x08,0x00,0x4F,0x00,0x07,0x00,0x00,0x00
18300687,0x3E8,false,0,8,0x09,0x00,0x00,0x00,0x00,0x00,0x00,0x00
18300824,0x3E8,false,0,8,0x0A,0x00,0x00,0x00,0x00,0x00,0x00,0x00
18300961,0x3E8,false,0,8,0x0B,0x00,0x00,0x00,0x00,0x00,0x00,0x00
18301098,0x3E8,false,0,8,0x0C,0x00,0x00,0x00,0x00,0x00,0x00,0x00
18301222,0x3E8,false,0,8,0x0D,0x00,0x00,0x00,0x05,0x00,0x10,0x00
18350660,0x3E8,false,0,8,0x00,0x00,0x00,0x00,0x66,0x00,0x65,0x00
18350893,0x44C,false,0,8,0x00,0x00,0x19,0x00,0x1A,0x00,0x00,0x00
18351029,0x3E8,false,0,8,0x01,0x00,0xF2,0x03,0xCD,0x00,0x00,0x00
18351165,0x44C,false,0,8,0x01,0x00,0x01,0x00,0x00,0x00,0x00,0x00
18351301,0x3E8,false,0,8,0x02,0x00,0x00,0x00,0x00,0x00,0x54,0x00
18351426,0x3E8,false,0,8,0x03,0x00,0x4C,0x00,0x9F,0x04,0x00,0x00
18351550,0x3E8,false,0,8,0x04,0x00,0x00,0x00,0x90,0x01,0x9A,0x04
18351674,0x3E8,false,0,8,0x05,0x00,0x00,0x00,0x00,0x00,0x00,0x00
18351798,0x3E8,false,0,8,0x06,0x00,0x00,0x00,0x00,0x00,0x00,0x00
18351923,0x3E8,false,0,8,0x07,0x00,0x00,0x00,0x00,0x00,0x07,0x00
18352047,0x3E8,false,0,8,0x08,0x00,0x4F,0x00,0x07,0x00,0x00,0x00
18352172,0x3E8,false,0,8,0x09,0x00,0x00,0x00,0x00,0x00,0x00,0x00
18352296,0x3E8,false,0,8,0x0A,0x00,0x00,0x00,0x00,0x00,0x00,0x00
18352421,0x3E8,false,0,8,0x0B,0x00,0x00,0x00,0x00,0x00,0x00,0x00
18352545,0x3E8,false,0,8,0x0C,0x00,0x00,0x00,0x00,0x00,0x00,0x00
18352674,0x3E8,false,0,8,0x0D,0x00,0x00,0x00,0x05,0x00,0x10,0x00
18400660,0x3E8,false,0,8,0x00,0x00,0x00,0x00,0x66,0x00,0x65,0x00
18400889,0x44C,false,0,8,0x00,0x00,0x19,0x00,0x1A,0x00,0x00,0x00
18401014,0x3E8,false,0,8,0x01,0x00,0xF2,0x03,0x66,0x01,0x00,0x00
18401149,0x44C,false,0,8,0x01,0x00,0x01,0x00,0x00,0x00,0x00,0x00
18401286,0x3E8,false,0,8,0x02,0x00,0x00,0x00,0x00,0x00,0x54,0x00
18401423,0x3E8,false,0,8,0x03,0x00,0x4C,0x00,0x9F,0x04,0x00,0x00
18401559,0x3E8,false,0,8,0x04,0x00,0x00,0x00,0x90,0x01,0x9A,0x04
18401696,0x3E8,false,0,8,0x05,0x00,0x00,0x00,0x00,0x00,0x00,0x00
18401833,0x3E8,false,0,8,0x06,0x00,0x00,0x00,0x00,0x00,0x00,0x00
18401968,0x3E8,false,0,8,0x07,0x00,0x00,0x00,0x00,0x00,0x07,0x00
18402098,0x3E8,false,0,8,0x08,0x00,0x4F,0x00,0x07,0x00,0x00,0x00
18402222,0x3E8,false,0,8,0x09,0x00,0x00,0x00,0x00,0x00,0x00,0x00
18402348,0x3E8,false,0,8,0x0A,0x00,0x00,0x00,0x00,0x00,0x00,0x00
18402473,0x3E8,false,0,8,0x0B,0x00,0x00,0x00,0x00,0x00,0x00,0x00
18402602,0x3E8,false,0,8,0x0C,0x00,0x00,0x00,0x00,0x00,0x00,0x00
18402727,0x3E8,false,0,8,0x0D,0x00,0x00,0x00,0x05,0x00,0x10,0x00
18450660,0x3E8,false,0,8,0x00,0x00,0x00,0x00,0x66,0x00,0x65,0x00
18450886,0x44C,false,0,8,0x00,0x00,0x19,0x00,0x1A,0x00,0x00,0x00
18451011,0x3E8,false,0,8,0x01,0x00,0xF2,0x03,0xF8,0x01,0x00,0x00
18451147,0x44C,false,0,8,0x01,0x00,0x01,0x00,0x00,0x00,0x00,0x00
18451284,0x3E8,false,0,8,0x02,0x00,0x00,0x00,0x00,0x00,0x54,0x00
18451421,0x3E8,false,0,8,0x03,0x00,0x4C,0x00,0x9F,0x04,0x00,0x00
18451557,0x3E8,false,0,8,0x04,0x00,0x00,0x00,0x90,0x01,0x9A,0x04
18451704,0x3E8,false,0,8,0x05,0x00,0x00,0x00,0x00,0x00,0x00,0x00
18451830,0x3E8,false,0,8,0x06,0x00,0x00,0x00,0x00,0x00,0x00,0x00
18451968,0x3E8,false,0,8,0x07,0x00,0x00,0x00,0x00,0x00,0x07,0x00
18452093,0x3E8,false,0,8,0x08,0x00,0x4F,0x00,0x07,0x00,0x00,0x00
18452218,0x3E8,false,0,8,0x09,0x00,0x00,0x00,0x00,0x00,0x00,0x00
18452343,0x3E8,false,0,8,0x0A,0x00,0x00,0x00,0x00,0x00,0x00,0x00
18452467,0x3E8,false,0,8,0x0B,0x00,0x00,0x00,0x00,0x00,0x00,0x00
18464298,0x3E8,false,0,8,0x0C,0x00,0x00,0x00,0x00,0x00,0x00,0x00
18464422,0x3E8,false,0,8,0x0D,0x00,0x00,0x00,0x05,0x00,0x10,0x00
18500658,0x44C,false,0,8,0x00,0x00,0x19,0x00,0x1A,0x00,0x00,0x00
18500807,0x3E8,false,0,8,0x00,0x00,0x00,0x00,0x66,0x00,0x65,0x00
18500943,0x44C,false,0,8,0x01,0x00,0x01,0x00,0x00,0x00,0x00,0x00
18501080,0x3E8,false,0,8,0x01,0x00,0xF2,0x03,0x73,0x02,0x00,0x00
18501214,0x3E8,false,0,8,0x02,0x00,0x00,0x00,0x00,0x00,0x54,0x00
18501350,0x3E8,false,0,8,0x03,0x00,0x4C,0x00,0x9F,0x04,0x00,0x00
18501486,0x3E8,false,0,8,0x04,0x00,0x00,0x00,0x90,0x01,0x9A,0x04
18501621,0x3E8,false,0,8,0x05,0x00,0x00,0x00,0x00,0x00,0x00,0x00
18501756,0x3E8,false,0,8,0x06,0x00,0x00,0x00,0x00,0x00,0x00,0x00
18501881,0x3E8,false,0,8,0x07,0x00,0x00,0x00,0x00,0x00,0x07,0x00
18502019,0x3E8,false,0,8,0x08,0x00,0x4F,0x00,0x07,0x00,0x00,0x00
18502143,0x3E8,false,0,8,0x09,0x00,0x00,0x00,0x00,0x00,0x00,0x00
18502268,0x3E8,false,0,8,0x0A,0x00,0x00,0x00,0x00,0x00,0x00,0x00
18502392,0x3E8,false,0,8,0x0B,0x00,0x00,0x00,0x00,0x00,0x00,0x00
18502517,0x3E8,false,0,8,0x0C,0x00,0x00,0x00,0x00,0x00,0x00,0x00
18502646,0x3E8,false,0,8,0x0D,0x00,0x00,0x00,0x05,0x00,0x10,0x00
18550675,0x3E8,false,0,8,0x00,0x00,0x00,0x00,0x66,0x00,0x65,0x00
18550911,0x44C,false,0,8,0x00,0x00,0x19,0x00,0x1A,0x00,0x00,0x00
18551049,0x3E8,false,0,8,0x01,0x00,0xF2,0x03,0xCE,0x02,0x00,0x00
18551178,0x44C,false,0,8,0x01,0x00,0x01,0x00,0x00,0x00,0x00,0x00
18551315,0x3E8,false,0,8,0x02,0x00,0x00,0x00,0x00,0x00,0x54,0x00
18551456,0x3E8,false,0,8,0x03,0x00,0x4C,0x00,0x9F,0x04,0x00,0x00
18551598,0x3E8,false,0,8,0x04,0x00,0x00,0x00,0x90,0x01,0x9A,0x04
18551751,0x3E8,false,0,8,0x05,0x00,0x00,0x00,0x00,0x00,0x00,0x00
18551898,0x3E8,false,0,8,0x06,0x00,0x00,0x00,0x00,0x00,0x00,0x00
18552044,0x3E8,false,0,8,0x07,0x00,0x00,0x00,0x00,0x00,0x07,0x00
18552192,0x3E8,false,0,8,0x08,0x00,0x4F,0x00,0x07,0x00,0x00,0x00
18552332,0x3E8,false,0,8,0x09,0x00,0x00,0x00,0x00,0x00,0x00,0x00
18552471,0x3E8,false,0,8,0x0A,0x00,0x00,0x00,0x00,0x00,0x00,0x00
18552616,0x3E8,false,0,8,0x0B,0x00,0x00,0x00,0x00,0x00,0x00,0x00
18552754,0x3E8,false,0,8,0x0C,0x00,0x00,0x00,0x00,0x00,0x00,0x00
18552885,0x3E8,false,0,8,0x0D,0x00,0x00,0x00,0x05,0x00,0x10,0x00
18600661,0x3E8,false,0,8,0x00,0x00,0x00,0x00,0x66,0x00,0x65,0x00
18600911,0x44C,false,0,8,0x00,0x00,0x19,0x00,0x1A,0x00,0x00,0x00
18601047,0x3E8,false,0,8,0x01,0x00,0xF2,0x03,0x14,0x03,0x00,0x00
18601171,0x44C,false,0,8,0x01,0x00,0x01,0x00,0x00,0x00,0x00,0x00
18601296,0x3E8,false,0,8,0x02,0x00,0x00,0x00,0x00,0x00,0x54,0x00
18601421,0x3E8,false,0,8,0x03,0x00,0x4C,0x00,0x9F,0x04,0x00,0x00
18601545,0x3E8,false,0,8,0x04,0x00,0x00,0x00,0x90,0x01,0x9A,0x04
18601670,0x3E8,false,0,8,0x05,0x00,0x00,0x00,0x00,0x00,0x00,0x00
18601796,0x3E8,false,0,8,0x06,0x00,0x00,0x00,0x00,0x00,0x00,0x00
18602078,0x3E8,false,0,8,0x07,0x00,0x00,0x00,0x00,0x00,0x07,0x00
18602215,0x3E8,false,0,8,0x08,0x00,0x4F,0x00,0x07,0x00,0x00,0x00
18602339,0x3E8,false,0,8,0x09,0x00,0x00,0x00,0x00,0x00,0x00,0x00
18602476,0x3E8,false,0,8,0x0A,0x00,0x00,0x00,0x00,0x00,0x00,0x00
18602622,0x3E8,false,0,8,0x0B,0x00,0x00,0x00,0x00,0x00,0x00,0x00
18604664,0x3E8,false,0,8,0x0C,0x00,0x00,0x00,0x00,0x00,0x00,0x00
18604837,0x3E8,false,0,8,0x0D,0x00,0x00,0x00,0x05,0x00,0x10,0x00
18650672,0x3E8,false,0,8,0x00,0x00,0x00,0x00,0x66,0x00,0x65,0x00
18650913,0x44C,false,0,8,0x00,0x00,0x19,0x00,0x1A,0x00,0x00,0x00
18651047,0x3E8,false,0,8,0x01,0x00,0xF2,0x03,0x4D,0x03,0x00,0x00
18651185,0x44C,false,0,8,0x01,0x00,0x01,0x00,0x00,0x00,0x00,0x00
18651322,0x3E8,false,0,8,0x02,0x00,0x00,0x00,0x00,0x00,0x54,0x00
18651447,0x3E8,false,0,8,0x03,0x00,0x4C,0x00,0x9F,0x04,0x00,0x00
18651583,0x3E8,false,0,8,0x04,0x00,0x00,0x00,0x90,0x01,0x9A,0x04
18651708,0x3E8,false,0,8,0x05,0x00,0x00,0x00,0x00,0x00,0x00,0x00
18651843,0x3E8,false,0,8,0x06,0x00,0x00,0x00,0x00,0x00,0x00,0x00
18651978,0x3E8,false,0,8,0x07,0x00,0x00,0x00,0x00,0x00,0x07,0x00
18652103,0x3E8,false,0,8,0x08,0x00,0x4F,0x00,0x07,0x00,0x00,0x00
18652252,0x3E8,false,0,8,0x09,0x00,0x00,0x00,0x00,0x00,0x00,0x00
18652386,0x3E8,false,0,8,0x0A,0x00,0x00,0x00,0x00,0x00,0x00,0x00
18664031,0x3E8,false,0,8,0x0B,0x00,0x00,0x00,0x00,0x00,0x00,0x00
18664156,0x3E8,false,0,8,0x0C,0x00,0x00,0x00,0x00,0x00,0x00,0x00
18664281,0x3E8,false,0,8,0x0D,0x00,0x00,0x00,0x05,0x00,0x10,0x00
18700656,0x3E8,false,0,8,0x00,0x00,0x00,0x00,0x66,0x00,0x65,0x00
18700802,0x44C,false,0,8,0x00,0x00,0x19,0x00,0x1A,0x00,0x00,0x00
18700937,0x3E8,false,0,8,0x01,0x00,0xF2,0x03,0x77,0x03,0x00,0x00
18701074,0x44C,false,0,8,0x01,0x00,0x01,0x00,0x00,0x00,0x00,0x00
18701210,0x3E8,false,0,8,0x02,0x00,0x00,0x00,0x00,0x00,0x54,0x00
18701347,0x3E8,false,0,8,0x03,0x00,0x4C,0x00,0x9F,0x04,0x00,0x00
18701483,0x3E8,false,0,8,0x04,0x00,0x00,0x00,0x90,0x01,0x9A,0x04
18701609,0x3E8,false,0,8,0x05,0x00,0x00,0x00,0x00,0x00,0x00,0x00
18701747,0x3E8,false,0,8,0x06,0x00,0x00,0x00,0x00,0x00,0x00,0x00
18701882,0x3E8,false,0,8,0x07,0x00,0x00,0x00,0x00,0x00,0x07,0x00
18702021,0x3E8,false,0,8,0x08,0x00,0x4F,0x00,0x07,0x00,0x00,0x00
18702160,0x3E8,false,0,8,0x09,0x00,0x00,0x00,0x00,0x00,0x00,0x00
18702296,0x3E8,false,0,8,0x0A,0x00,0x00,0x00,0x00,0x00,0x00,0x00
18702432,0x3E8,false,0,8,0x0B,0x00,0x00,0x00,0x00,0x00,0x00,0x00
18702567,0x3E8,false,0,8,0x0C,0x00,0x00,0x00,0x00,0x00,0x00,0x00
18702712,0x3E8,false,0,8,0x0D,0x00,0x00,0x00,0x05,0x00,0x10,0x00
18750650,0x3E8,false,0,8,0x00,0x00,0x00,0x00,0x66,0x00,0x65,0x00
18750789,0x44C,false,0,8,0x00,0x00,0x19,0x00,0x1A,0x00,0x00,0x00
18750927,0x3E8,false,0,8,0x01,0x00,0xF2,0x03,0x8C,0x03,0x00,0x00
18751063,0x44C,false,0,8,0x01,0x00,0x01,0x00,0x00,0x00,0x00,0x00
18751200,0x3E8,false,0,8,0x02,0x00,0x00,0x00,0x00,0x00,0x54,0x00
18751337,0x3E8,false,0,8,0x03,0x00,0x4C,0x00,0x9F,0x04,0x00,0x00
18751480,0x3E8,false,0,8,0x04,0x00,0x00,0x00,0x90,0x01,0x9A,0x04
18751620,0x3E8,false,0,8,0x05,0x00,0x00,0x00,0x00,0x00,0x00,0x00
18751840,0x3E8,false,0,8,0x06,0x00,0x00,0x00,0x00,0x00,0x00,0x00
18754644,0x3E8,false,0,8,0x07,0x00,0x00,0x00,0x00,0x00,0x07,0x00
18754769,0x3E8,false,0,8,0x08,0x00,0x4F,0x00,0x07,0x00,0x00,0x00
18754893,0x3E8,false,0,8,0x09,0x00,0x00,0x00,0x00,0x00,0x00,0x00
18755018,0x3E8,false,0,8,0x0A,0x00,0x00,0x00,0x00,0x00,0x00,0x00
18755142,0x3E8,false,0,8,0x0B,0x00,0x00,0x00,0x00,0x00,0x00,0x00
18755267,0x3E8,false,0,8,0x0C,0x00,0x00,0x00,0x00,0x00,0x00,0x00
18755392,0x3E8,false,0,8,0x0D,0x00,0x00,0x00,0x05,0x00,0x10,0x00
18802671,0x3E8,false,0,8,0x00,0x00,0x00,0x00,0x66,0x00,0x65,0x00
18802920,0x44C,false,0,8,0x00,0x00,0x19,0x00,0x1A,0x00,0x00,0x00
18803045,0x3E8,false,0,8,0x01,0x00,0xF2,0x03,0x92,0x03,0x00,0x00
18803183,0x44C,false,0,8,0x01,0x00,0x01,0x00,0x00,0x00,0x00,0x00
18803320,0x3E8,false,0,8,0x02,0x00,0x00,0x00,0x00,0x00,0x54,0x00
18803456,0x3E8,false,0,8,0x03,0x00,0x4C,0x00,0x9F,0x04,0x00,0x00
18803593,0x3E8,false,0,8,0x04,0x00,0x00,0x00,0x90,0x01,0x9A,0x04
18803730,0x3E8,false,0,8,0x05,0x00,0x00,0x00,0x00,0x00,0x00,0x00
18803856,0x3E8,false,0,8,0x06,0x00,0x00,0x00,0x00,0x00,0x00,0x00
18803982,0x3E8,false,0,8,0x07,0x00,0x00,0x00,0x00,0x00,0x07,0x00
18804108,0x3E8,false,0,8,0x08,0x00,0x4F,0x00,0x07,0x00,0x00,0x00
18804234,0x3E8,false,0,8,0x09,0x00,0x00,0x00,0x00,0x00,0x00,0x00
18804359,0x3E8,false,0,8,0x0A,0x00,0x00,0x00,0x00,0x00,0x00,0x00
18804485,0x3E8,false,0,8,0x0B,0x00,0x00,0x00,0x00,0x00,0x00,0x00
18804616,0x3E8,false,0,8,0x0C,0x00,0x00,0x00,0x00,0x00,0x00,0x00
18804742,0x3E8,false,0,8,0x0D,0x00,0x00,0x00,0x05,0x00,0x10,0x00
18852682,0x3E8,false,0,8,0x00,0x00,0x00,0x00,0x66,0x00,0x65,0x00
18852931,0x44C,false,0,8,0x00,0x00,0x19,0x00,0x1A,0x00,0x00,0x00
18853068,0x3E8,false,0,8,0x01,0x00,0xF2,0x03,0x92,0x03,0x00,0x00
18853206,0x44C,false,0,8,0x01,0x00,0x01,0x00,0x00,0x00,0x00,0x00
18853343,0x3E8,false,0,8,0x02,0x00,0x00,0x00,0x00,0x00,0x54,0x00
18853481,0x3E8,false,0,8,0x03,0x00,0x4C,0x00,0x9F,0x04,0x00,0x00
18853609,0x3E8,false,0,8,0x04,0x00,0x00,0x00,0x90,0x01,0x9A,0x04
18867834,0x3E8,false,0,8,0x05,0x00,0x00,0x00,0x00,0x00,0x00,0x00
18867968,0x3E8,false,0,8,0x06,0x00,0x00,0x00,0x00,0x00,0x00,0x00
18868093,0x3E8,false,0,8,0x07,0x00,0x00,0x00,0x00,0x00,0x07,0x00
18868217,0x3E8,false,0,8,0x08,0x00,0x4F,0x00,0x07,0x00,0x00,0x00
18868341,0x3E8,false,0,8,0x09,0x00,0x00,0x00,0x00,0x00,0x00,0x00
18868466,0x3E8,false,0,8,0x0A,0x00,0x00,0x00,0x00,0x00,0x00,0x00
18868591,0x3E8,false,0,8,0x0B,0x00,0x00,0x00,0x00,0x00,0x00,0x00
18868720,0x3E8,false,0,8,0x0C,0x00,0x00,0x00,0x00,0x00,0x00,0x00
18868845,0x3E8,false,0,8,0x0D,0x00,0x00,0x00,0x05,0x00,0x10,0x00
18902671,0x3E8,false,0,8,0x00,0x00,0x00,0x00,0x66,0x00,0x65,0x00
18902912,0x44C,false,0,8,0x00,0x00,0x19,0x00,0x1A,0x00,0x00,0x00
18903047,0x3E8,false,0,8,0x01,0x00,0xF2,0x03,0x92,0x03,0x00,0x00
18903171,0x44C,false,0,8,0x01,0x00,0x01,0x00,0x00,0x00,0x00,0x00
18903305,0x3E8,false,0,8,0x02,0x00,0x00,0x00,0x00,0x00,0x54,0x00
18903440,0x3E8,false,0,8,0x03,0x00,0x4C,0x00,0x9F,0x04,0x00,0x00
18903576,0x3E8,false,0,8,0x04,0x00,0x00,0x00,0x90,0x01,0x9A,0x04
18903701,0x3E8,false,0,8,0x05,0x00,0x00,0x00,0x00,0x00,0x00,0x00
18903825,0x3E8,false,0,8,0x06,0x00,0x00,0x00,0x00,0x00,0x00,0x00
18903950,0x3E8,false,0,8,0x07,0x00,0x00,0x00,0x00,0x00,0x07,0x00
18904075,0x3E8,false,0,8,0x08,0x00,0x4F,0x00,0x07,0x00,0x00,0x00
18904199,0x3E8,false,0,8,0x09,0x00,0x00,0x00,0x00,0x00,0x00,0x00
18904323,0x3E8,false,0,8,0x0A,0x00,0x00,0x00,0x00,0x00,0x00,0x00
18904448,0x3E8,false,0,8,0x0B,0x00,0x00,0x00,0x00,0x00,0x00,0x00
18904573,0x3E8,false,0,8,0x0C,0x00,0x00,0x00,0x00,0x00,0x00,0x00
18904702,0x3E8,false,0,8,0x0D,0x00,0x00,0x00,0x05,0x00,0x10,0x00
18952661,0x3E8,false,0,8,0x00,0x00,0x00,0x00,0x66,0x00,0x65,0x00
18952911,0x44C,false,0,8,0x00,0x00,0x19,0x00,0x1A,0x00,0x00,0x00
18953049,0x3E8,false,0,8,0x01,0x00,0xF2,0x03,0x93,0x03,0x00,0x00
18953185,0x44C,false,0,8,0x01,0x00,0x01,0x00,0x00,0x00,0x00,0x00
18953324,0x3E8,false,0,8,0x02,0x00,0x00,0x00,0x00,0x00,0x54,0x00
18953460,0x3E8,false,0,8,0x03,0x00,0x4C,0x00,0x9F,0x04,0x00,0x00
18953598,0x3E8,false,0,8,0x04,0x00,0x00,0x00,0x90,0x01,0x9A,0x04
18953734,0x3E8,false,0,8,0x05,0x00,0x00,0x00,0x00,0x00,0x00,0x00
18953860,0x3E8,false,0,8,0x06,0x00,0x00,0x00,0x00,0x00,0x00,0x00
18953986,0x3E8,false,0,8,0x07,0x00,0x00,0x00,0x00,0x00,0x07,0x00
18954112,0x3E8,false,0,8,0x08,0x00,0x4F,0x00,0x07,0x00,0x00,0x00
18954237,0x3E8,false,0,8,0x09,0x00,0x00,0x00,0x00,0x00,0x00,0x00
18954363,0x3E8,false,0,8,0x0A,0x00,0x00,0x00,0x00,0x00,0x00,0x00
18954489,0x3E8,false,0,8,0x0B,0x00,0x00,0x00,0x00,0x00,0x00,0x00
18954620,0x3E8,false,0,8,0x0C,0x00,0x00,0x00,0x00,0x00,0x00,0x00
18954745,0x3E8,false,0,8,0x0D,0x00,0x00,0x00,0x05,0x00,0x10,0x00
19002660,0x3E8,false,0,8,0x00,0x00,0x00,0x00,0x66,0x00,0x65,0x00
19002889,0x44C,false,0,8,0x00,0x00,0x19,0x00,0x1A,0x00,0x00,0x00
19003014,0x3E8,false,0,8,0x01,0x00,0xF2,0x03,0x92,0x03,0x00,0x00
19003138,0x44C,false,0,8,0x01,0x00,0x01,0x00,0x00,0x00,0x00,0x00
19003263,0x3E8,false,0,8,0x02,0x00,0x00,0x00,0x00,0x00,0x54,0x00
19003387,0x3E8,false,0,8,0x03,0x00,0x4C,0x00,0x9F,0x04,0x00,0x00
19003522,0x3E8,false,0,8,0x04,0x00,0x00,0x00,0x90,0x01,0x9A,0x04
19003660,0x3E8,false,0,8,0x05,0x00,0x00,0x00,0x00,0x00,0x00,0x00
19003798,0x3E8,false,0,8,0x06,0x00,0x00,0x00,0x00,0x00,0x00,0x00
19003935,0x3E8,false,0,8,0x07,0x00,0x00,0x00,0x00,0x00,0x07,0x00
19004075,0x3E8,false,0,8,0x08,0x00,0x4F,0x00,0x07,0x00,0x00,0x00
19004211,0x3E8,false,0,8,0x09,0x00,0x00,0x00,0x00,0x00,0x00,0x00
19004353,0x3E8,false,0,8,0x0A,0x00,0x00,0x00,0x00,0x00,0x00,0x00
19004494,0x3E8,false,0,8,0x0B,0x00,0x00,0x00,0x00,0x00,0x00,0x00
19004623,0x3E8,false,0,8,0x0C,0x00,0x00,0x00,0x00,0x00,0x00,0x00
19004748,0x3E8,false,0,8,0x0D,0x00,0x00,0x00,0x05,0x00,0x10,0x00
19052668,0x3E8,false,0,8,0x00,0x00,0x00,0x00,0x66,0x00,0x65,0x00
19052915,0x44C,false,0,8,0x00,0x00,0x19,0x00,0x1A,0x00,0x00,0x00
19053039,0x3E8,false,0,8,0x01,0x00,0xF2,0x03,0x92,0x03,0x00,0x00
19053176,0x44C,false,0,8,0x01,0x00,0x01,0x00,0x00,0x00,0x00,0x00
19053312,0x3E8,false,0,8,0x02,0x00,0x00,0x00,0x00,0x00,0x54,0x00
19053452,0x3E8,false,0,8,0x03,0x00,0x4C,0x00,0x9F,0x04,0x00,0x00
19053595,0x3E8,false,0,8,0x04,0x00,0x00,0x00,0x90,0x01,0x9A,0x04
19081331,0x3E8,false,0,8,0x05,0x00,0x00,0x00,0x00,0x00,0x00,0x00
19081460,0x3E8,false,0,8,0x06,0x00,0x00,0x00,0x00,0x00,0x00,0x00
19081585,0x3E8,false,0,8,0x07,0x00,0x00,0x00,0x00,0x00,0x07,0x00
19081710,0x3E8,false,0,8,0x08,0x00,0x4F,0x00,0x07,0x00,0x00,0x00
19081835,0x3E8,false,0,8,0x09,0x00,0x00,0x00,0x00,0x00,0x00,0x00
19081959,0x3E8,false,0,8,0x0A,0x00,0x00,0x00,0x00,0x00,0x00,0x00
19082084,0x3E8,false,0,8,0x0B,0x00,0x00,0x00,0x00,0x00,0x00,0x00
19082208,0x3E8,false,0,8,0x0C,0x00,0x00,0x00,0x00,0x00,0x00,0x00
19082333,0x3E8,false,0,8,0x0D,0x00,0x00,0x00,0x05,0x00,0x10,0x00
19102650,0x3E8,false,0,8,0x00,0x00,0x00,0x00,0x66,0x00,0x65,0x00
19102808,0x44C,false,0,8,0x00,0x00,0x19,0x00,0x1A,0x00,0x00,0x00
19102945,0x3E8,false,0,8,0x01,0x00,0xF2,0x03,0x92,0x03,0x00,0x00
19103081,0x44C,false,0,8,0x01,0x00,0x01,0x00,0x00,0x00,0x00,0x00
19103206,0x3E8,false,0,8,0x02,0x00,0x00,0x00,0x00,0x00,0x54,0x00
19103343,0x3E8,false,0,8,0x03,0x00,0x4C,0x00,0x9F,0x04,0x00,0x00
19103479,0x3E8,false,0,8,0x04,0x00,0x00,0x00,0x90,0x01,0x9A,0x04
19103615,0x3E8,false,0,8,0x05,0x00,0x00,0x00,0x00,0x00,0x00,0x00
19103753,0x3E8,false,0,8,0x06,0x00,0x00,0x00,0x00,0x00,0x00,0x00
19103890,0x3E8,false,0,8,0x07,0x00,0x00,0x00,0x00,0x00,0x07,0x00
19104026,0x3E8,false,0,8,0x08,0x00,0x4F,0x00,0x07,0x00,0x00,0x00
19104161,0x3E8,false,0,8,0x09,0x00,0x00,0x00,0x00,0x00,0x00,0x00
19104299,0x3E8,false,0,8,0x0A,0x00,0x00,0x00,0x00,0x00,0x00,0x00
19104424,0x3E8,false,0,8,0x0B,0x00,0x00,0x00,0x00,0x00,0x00,0x00
19104548,0x3E8,false,0,8,0x0C,0x00,0x00,0x00,0x00,0x00,0x00,0x00
19104677,0x3E8,false,0,8,0x0D,0x00,0x00,0x00,0x05,0x00,0x10,0x00
19152661,0x3E8,false,0,8,0x00,0x00,0x00,0x00,0x66,0x00,0x65,0x00
19152902,0x44C,false,0,8,0x00,0x00,0x19,0x00,0x1A,0x00,0x00,0x00
19153041,0x3E8,false,0,8,0x01,0x00,0xF2,0x03,0x92,0x03,0x00,0x00
19153178,0x44C,false,0,8,0x01,0x00,0x01,0x00,0x00,0x00,0x00,0x00
19153302,0x3E8,false,0,8,0x02,0x00,0x00,0x00,0x00,0x00,0x54,0x00
19153439,0x3E8,false,0,8,0x03,0x00,0x4C,0x00,0x9F,0x04,0x00,0x00
19153563,0x3E8,false,0,8,0x04,0x00,0x00,0x00,0x90,0x01,0x9A,0x04
19153703,0x3E8,false,0,8,0x05,0x00,0x00,0x00,0x00,0x00,0x00,0x00
19153840,0x3E8,false,0,8,0x06,0x00,0x00,0x00,0x00,0x00,0x00,0x00
19153977,0x3E8,false,0,8,0x07,0x00,0x00,0x00,0x00,0x00,0x07,0x00
19154114,0x3E8,false,0,8,0x08,0x00,0x4F,0x00,0x07,0x00,0x00,0x00
19154252,0x3E8,false,0,8,0x09,0x00,0x00,0x00,0x00,0x00,0x00,0x00
19154389,0x3E8,false,0,8,0x0A,0x00,0x00,0x00,0x00,0x00,0x00,0x00
19154526,0x3E8,false,0,8,0x0B,0x00,0x00,0x00,0x00,0x00,0x00,0x00
19154654,0x3E8,false,0,8,0x0C,0x00,0x00,0x00,0x00,0x00,0x00,0x00
19154779,0x3E8,false,0,8,0x0D,0x00,0x00,0x00,0x05,0x00,0x10,0x00
19202654,0x3E8,false,0,8,0x00,0x00,0x00,0x00,0x66,0x00,0x65,0x00
19202844,0x44C,false,0,8,0x00,0x00,0x19,0x00,0x1A,0x00,0x00,0x00
19202978,0x3E8,false,0,8,0x01,0x00,0xF2,0x03,0x92,0x03,0x00,0x00
19203116,0x44C,false,0,8,0x01,0x00,0x01,0x00,0x00,0x00,0x00,0x00
19203253,0x3E8,false,0,8,0x02,0x00,0x00,0x00,0x00,0x00,0x54,0x00
19203377,0x3E8,false,0,8,0x03,0x00,0x4C,0x00,0x9F,0x04,0x00,0x00
19203501,0x3E8,false,0,8,0x04,0x00,0x00,0x00,0x90,0x01,0x9A,0x04
19203625,0x3E8,false,0,8,0x05,0x00,0x00,0x00,0x00,0x00,0x00,0x00
19206661,0x3E8,false,0,8,0x06,0x00,0x00,0x00,0x00,0x00,0x00,0x00
19206826,0x3E8,false,0,8,0x07,0x00,0x00,0x00,0x00,0x00,0x07,0x00
19206951,0x3E8,false,0,8,0x08,0x00,0x4F,0x00,0x07,0x00,0x00,0x00
19207075,0x3E8,false,0,8,0x09,0x00,0x00,0x00,0x00,0x00,0x00,0x00
19207200,0x3E8,false,0,8,0x0A,0x00,0x00,0x00,0x00,0x00,0x00,0x00
19207324,0x3E8,false,0,8,0x0B,0x00,0x00,0x00,0x00,0x00,0x00,0x00
19207449,0x3E8,false,0,8,0x0C,0x00,0x00,0x00,0x00,0x00,0x00,0x00
19207574,0x3E8,false,0,8,0x0D,0x00,0x00,0x00,0x05,0x00,0x10,0x00
19254672,0x3E8,false,0,8,0x00,0x00,0x00,0x00,0x66,0x00,0x65,0x00
19254923,0x44C,false,0,8,0x00,0x00,0x19,0x00,0x1A,0x00,0x00,0x00
19255059,0x3E8,false,0,8,0x01,0x00,0xF2,0x03,0x92,0x03,0x00,0x00
19255183,0x44C,false,0,8,0x01,0x00,0x01,0x00,0x00,0x00,0x00,0x00
19255308,0x3E8,false,0,8,0x02,0x00,0x00,0x00,0x00,0x00,0x54,0x00
19255433,0x3E8,false,0,8,0x03,0x00,0x4C,0x00,0x9F,0x04,0x00,0x00
19268614,0x3E8,false,0,8,0x04,0x00,0x00,0x00,0x90,0x01,0x9A,0x04
19268738,0x3E8,false,0,8,0x05,0x00,0x00,0x00,0x00,0x00,0x00,0x00
19268863,0x3E8,false,0,8,0x06,0x00,0x00,0x00,0x00,0x00,0x00,0x00
19268988,0x3E8,false,0,8,0x07,0x00,0x00,0x00,0x00,0x00,0x07,0x00
19269112,0x3E8,false,0,8,0x08,0x00,0x4F,0x00,0x07,0x00,0x00,0x00
19269236,0x3E8,false,0,8,0x09,0x00,0x00,0x00,0x00,0x00,0x00,0x00
19269361,0x3E8,false,0,8,0x0A,0x00,0x00,0x00,0x00,0x00,0x00,0x00
19269486,0x3E8,false,0,8,0x0B,0x00,0x00,0x00,0x00,0x00,0x00,0x00
19269612,0x3E8,false,0,8,0x0C,0x00,0x00,0x00,0x00,0x00,0x00,0x00
19269737,0x3E8,false,0,8,0x0D,0x00,0x00,0x00,0x05,0x00,0x10,0x00
19303053,0x3E8,false,0,8,0x00,0x00,0x00,0x00,0x66,0x00,0x65,0x00
19303279,0x44C,false,0,8,0x00,0x00,0x19,0x00,0x1A,0x00,0x00,0x00
19303414,0x3E8,false,0,8,0x01,0x00,0xF2,0x03,0x92,0x03,0x00,0x00
19303549,0x44C,false,0,8,0x01,0x00,0x01,0x00,0x00,0x00,0x00,0x00
19303690,0x3E8,false,0,8,0x02,0x00,0x00,0x00,0x00,0x00,0x54,0x00
19303829,0x3E8,false,0,8,0x03,0x00,0x4C,0x00,0x9F,0x04,0x00,0x00
19303953,0x3E8,false,0,8,0x04,0x00,0x00,0x00,0x90,0x01,0x9A,0x04
19304090,0x3E8,false,0,8,0x05,0x00,0x00,0x00,0x00,0x00,0x00,0x00
19304229,0x3E8,false,0,8,0x06,0x00,0x00,0x00,0x00,0x00,0x00,0x00
19304365,0x3E8,false,0,8,0x07,0x00,0x00,0x00,0x00,0x00,0x07,0x00
19304501,0x3E8,false,0,8,0x08,0x00,0x4F,0x00,0x07,0x00,0x00,0x00
19304640,0x3E8,false,0,8,0x09,0x00,0x00,0x00,0x00,0x00,0x00,0x00
19304778,0x3E8,false,0,8,0x0A,0x00,0x00,0x00,0x00,0x00,0x00,0x00
19304912,0x3E8,false,0,8,0x0B,0x00,0x00,0x00,0x00,0x00,0x00,0x00
19305037,0x3E8,false,0,8,0x0C,0x00,0x00,0x00,0x00,0x00,0x00,0x00
19305171,0x3E8,false,0,8,0x0D,0x00,0x00,0x00,0x05,0x00,0x10,0x00
19354646,0x3E8,false,0,8,0x00,0x00,0x00,0x00,0x66,0x00,0x65,0x00
19354792,0x44C,false,0,8,0x00,0x00,0x19,0x00,0x1A,0x00,0x00,0x00
19354929,0x3E8,false,0,8,0x01,0x00,0xF2,0x03,0x92,0x03,0x00,0x00
19355065,0x44C,false,0,8,0x01,0x00,0x01,0x00,0x00,0x00,0x00,0x00
19355200,0x3E8,false,0,8,0x02,0x00,0x00,0x00,0x00,0x00,0x54,0x00
19355337,0x3E8,false,0,8,0x03,0x00,0x4C,0x00,0x9F,0x04,0x00,0x00
19355461,0x3E8,false,0,8,0x04,0x00,0x00,0x00,0x90,0x01,0x9A,0x04
19355585,0x3E8,false,0,8,0x05,0x00,0x00,0x00,0x00,0x00,0x00,0x00
19355709,0x3E8,false,0,8,0x06,0x00,0x00,0x00,0x00,0x00,0x00,0x00
19355834,0x3E8,false,0,8,0x07,0x00,0x00,0x00,0x00,0x00,0x07,0x00
19355959,0x3E8,false,0,8,0x08,0x00,0x4F,0x00,0x07,0x00,0x00,0x00
19356083,0x3E8,false,0,8,0x09,0x00,0x00,0x00,0x00,0x00,0x00,0x00
19356207,0x3E8,false,0,8,0x0A,0x00,0x00,0x00,0x00,0x00,0x00,0x00
19356332,0x3E8,false,0,8,0x0B,0x00,0x00,0x00,0x00,0x00,0x00,0x00
19356457,0x3E8,false,0,8,0x0C,0x00,0x00,0x00,0x00,0x00,0x00,0x00
19356581,0x3E8,false,0,8,0x0D,0x00,0x00,0x00,0x05,0x00,0x10,0x00
19404666,0x3E8,false,0,8,0x00,0x00,0x00,0x00,0x66,0x00,0x65,0x00
19404936,0x44C,false,0,8,0x00,0x00,0x19,0x00,0x1A,0x00,0x00,0x00
19405080,0x3E8,false,0,8,0x01,0x00,0xF2,0x03,0x92,0x03,0x00,0x00
19405227,0x44C,false,0,8,0x01,0x00,0x01,0x00,0x00,0x00,0x00,0x00
19405374,0x3E8,false,0,8,0x02,0x00,0x00,0x00,0x00,0x00,0x54,0x00
19405520,0x3E8,false,0,8,0x03,0x00,0x4C,0x00,0x9F,0x04,0x00,0x00
19405666,0x3E8,false,0,8,0x04,0x00,0x00,0x00,0x90,0x01,0x9A,0x04
19405817,0x3E8,false,0,8,0x05,0x00,0x00,0x00,0x00,0x00,0x00,0x00
19405970,0x3E8,false,0,8,0x06,0x00,0x00,0x00,0x00,0x00,0x00,0x00
19406103,0x3E8,false,0,8,0x07,0x00,0x00,0x00,0x00,0x00,0x07,0x00
19406249,0x3E8,false,0,8,0x08,0x00,0x4F,0x00,0x07,0x00,0x00,0x00
19406380,0x3E8,false,0,8,0x09,0x00,0x00,0x00,0x00,0x00,0x00,0x00
19406511,0x3E8,false,0,8,0x0A,0x00,0x00,0x00,0x00,0x00,0x00,0x00
19406656,0x3E8,false,0,8,0x0B,0x00,0x00,0x00,0x00,0x00,0x00,0x00
19406803,0x3E8,false,0,8,0x0C,0x00,0x00,0x00,0x00,0x00,0x00,0x00
19406964,0x3E8,false,0,8,0x0D,0x00,0x00,0x00,0x05,0x00,0x10,0x00
19454660,0x3E8,false,0,8,0x00,0x00,0x00,0x00,0x66,0x00,0x65,0x00
19454898,0x44C,false,0,8,0x00,0x00,0x19,0x00,0x1A,0x00,0x00,0x00
19455035,0x3E8,false,0,8,0x01,0x00,0xF2,0x03,0x92,0x03,0x00,0x00
19455171,0x44C,false,0,8,0x01,0x00,0x01,0x00,0x00,0x00,0x00,0x00
19455308,0x3E8,false,0,8,0x02,0x00,0x00,0x00,0x00,0x00,0x54,0x00
19481296,0x3E8,false,0,8,0x03,0x00,0x4C,0x00,0x9F,0x04,0x00,0x00
19481420,0x3E8,false,0,8,0x04,0x00,0x00,0x00,0x90,0x01,0x9A,0x04
19481544,0x3E8,false,0,8,0x05,0x00,0x00,0x00,0x00,0x00,0x00,0x00
19481670,0x3E8,false,0,8,0x06,0x00,0x00,0x00,0x00,0x00,0x00,0x00
19481795,0x3E8,false,0,8,0x07,0x00,0x00,0x00,0x00,0x00,0x07,0x00
19481920,0x3E8,false,0,8,0x08,0x00,0x4F,0x00,0x07,0x00,0x00,0x00
19482044,0x3E8,false,0,8,0x09,0x00,0x00,0x00,0x00,0x00,0x00,0x00
19482168,0x3E8,false,0,8,0x0A,0x00,0x00,0x00,0x00,0x00,0x00,0x00
19482293,0x3E8,false,0,8,0x0B,0x00,0x00,0x00,0x00,0x00,0x00,0x00
19482418,0x3E8,false,0,8,0x0C,0x00,0x00,0x00,0x00,0x00,0x00,0x00
19482542,0x3E8,false,0,8,0x0D,0x00,0x00,0x00,0x05,0x00,0x10,0x00
19504656,0x3E8,false,0,8,0x00,0x00,0x00,0x00,0x66,0x00,0x65,0x00
19504866,0x44C,false,0,8,0x00,0x00,0x19,0x00,0x1A,0x00,0x00,0x00
19505002,0x3E8,false,0,8,0x01,0x00,0xF2,0x03,0x92,0x03,0x00,0x00
19505138,0x44C,false,0,8,0x01,0x00,0x01,0x00,0x00,0x00,0x00,0x00
19505276,0x3E8,false,0,8,0x02,0x00,0x00,0x00,0x00,0x00,0x54,0x00
19505413,0x3E8,false,0,8,0x03,0x00,0x4C,0x00,0x9F,0x04,0x00,0x00
19505548,0x3E8,false,0,8,0x04,0x00,0x00,0x00,0x90,0x01,0x9A,0x04
19505687,0x3E8,false,0,8,0x05,0x00,0x00,0x00,0x00,0x00,0x00,0x00
19505822,0x3E8,false,0,8,0x06,0x00,0x00,0x00,0x00,0x00,0x00,0x00
19505947,0x3E8,false,0,8,0x07,0x00,0x00,0x00,0x00,0x00,0x07,0x00
19506071,0x3E8,false,0,8,0x08,0x00,0x4F,0x00,0x07,0x00,0x00,0x00
19506196,0x3E8,false,0,8,0x09,0x00,0x00,0x00,0x00,0x00,0x00,0x00
19506320,0x3E8,false,0,8,0x0A,0x00,0x00,0x00,0x00,0x00,0x00,0x00
19506445,0x3E8,false,0,8,0x0B,0x00,0x00,0x00,0x00,0x00,0x00,0x00
19506569,0x3E8,false,0,8,0x0C,0x00,0x00,0x00,0x00,0x00,0x00,0x00
19506698,0x3E8,false,0,8,0x0D,0x00,0x00,0x00,0x05,0x00,0x10,0x00
19554670,0x3E8,false,0,8,0x00,0x00,0x00,0x00,0x66,0x00,0x65,0x00
19554905,0x44C,false,0,8,0x00,0x00,0x19,0x00,0x1A,0x00,0x00,0x00
19555040,0x3E8,false,0,8,0x01,0x00,0xF2,0x03,0x92,0x03,0x00,0x00
19555164,0x44C,false,0,8,0x01,0x00,0x01,0x00,0x00,0x00,0x00,0x00
19555299,0x3E8,false,0,8,0x02,0x00,0x00,0x00,0x00,0x00,0x54,0x00
19555438,0x3E8,false,0,8,0x03,0x00,0x4C,0x00,0x9F,0x04,0x00,0x00
19555577,0x3E8,false,0,8,0x04,0x00,0x00,0x00,0x90,0x01,0x9A,0x04
19555713,0x3E8,false,0,8,0x05,0x00,0x00,0x00,0x00,0x00,0x00,0x00
19555850,0x3E8,false,0,8,0x06,0x00,0x00,0x00,0x00,0x00,0x00,0x00
19555987,0x3E8,false,0,8,0x07,0x00,0x00,0x00,0x00,0x00,0x07,0x00
19556124,0x3E8,false,0,8,0x08,0x00,0x4F,0x00,0x07,0x00,0x00,0x00
19556248,0x3E8,false,0,8,0x09,0x00,0x00,0x00,0x00,0x00,0x00,0x00
19556373,0x3E8,false,0,8,0x0A,0x00,0x00,0x00,0x00,0x00,0x00,0x00
19556498,0x3E8,false,0,8,0x0B,0x00,0x00,0x00,0x00,0x00,0x00,0x00
19556627,0x3E8,false,0,8,0x0C,0x00,0x00,0x00,0x00,0x00,0x00,0x00
19556752,0x3E8,false,0,8,0x0D,0x00,0x00,0x00,0x05,0x00,0x10,0x00
19604668,0x3E8,false,0,8,0x00,0x00,0x00,0x00,0x66,0x00,0x65,0x00
19604938,0x44C,false,0,8,0x00,0x00,0x19,0x00,0x1A,0x00,0x00,0x00
19605070,0x3E8,false,0,8,0x01,0x00,0xF2,0x03,0x92,0x03,0x00,0x00
19605197,0x44C,false,0,8,0x01,0x00,0x01,0x00,0x00,0x00,0x00,0x00
19605326,0x3E8,false,0,8,0x02,0x00,0x00,0x00,0x00,0x00,0x54,0x00
19605451,0x3E8,false,0,8,0x03,0x00,0x4C,0x00,0x9F,0x04,0x00,0x00
19605575,0x3E8,false,0,8,0x04,0x00,0x00,0x00,0x90,0x01,0x9A,0x04
19605701,0x3E8,false,0,8,0x05,0x00,0x00,0x00,0x00,0x00,0x00,0x00
19605838,0x3E8,false,0,8,0x06,0x00,0x00,0x00,0x00,0x00,0x00,0x00
19605974,0x3E8,false,0,8,0x07,0x00,0x00,0x00,0x00,0x00,0x07,0x00
19606112,0x3E8,false,0,8,0x08,0x00,0x4F,0x00,0x07,0x00,0x00,0x00
19606248,0x3E8,false,0,8,0x09,0x00,0x00,0x00,0x00,0x00,0x00,0x00
19606385,0x3E8,false,0,8,0x0A,0x00,0x00,0x00,0x00,0x00,0x00,0x00
19606524,0x3E8,false,0,8,0x0B,0x00,0x00,0x00,0x00,0x00,0x00,0x00
19606668,0x3E8,false,0,8,0x0C,0x00,0x00,0x00,0x00,0x00,0x00,0x00
19607050,0x3E8,false,0,8,0x0D,0x00,0x00,0x00,0x05,0x00,0x10,0x00
19654659,0x3E8,false,0,8,0x00,0x00,0x00,0x00,0x66,0x00,0x65,0x00
19654875,0x44C,false,0,8,0x00,0x00,0x19,0x00,0x1A,0x00,0x00,0x00
19655011,0x3E8,false,0,8,0x01,0x00,0xF2,0x03,0x83,0x03,0x00,0x00
19655145,0x44C,false,0,8,0x01,0x00,0x01,0x00,0x00,0x00,0x00,0x00
19667100,0x3E8,false,0,8,0x02,0x00,0x00,0x00,0x00,0x00,0x54,0x00
19667224,0x3E8,false,0,8,0x03,0x00,0x4C,0x00,0x9F,0x04,0x00,0x00
19667348,0x3E8,false,0,8,0x04,0x00,0x00,0x00,0x90,0x01,0x9A,0x04
19667472,0x3E8,false,0,8,0x05,0x00,0x00,0x00,0x00,0x00,0x00,0x00
19667597,0x3E8,false,0,8,0x06,0x00,0x00,0x00,0x00,0x00,0x00,0x00
19667726,0x3E8,false,0,8,0x07,0x00,0x00,0x00,0x00,0x00,0x07,0x00
19667850,0x3E8,false,0,8,0x08,0x00,0x4F,0x00,0x07,0x00,0x00,0x00
19667974,0x3E8,false,0,8,0x09,0x00,0x00,0x00,0x00,0x00,0x00,0x00
19668099,0x3E8,false,0,8,0x0A,0x00,0x00,0x00,0x00,0x00,0x00,0x00
19668223,0x3E8,false,0,8,0x0B,0x00,0x00,0x00,0x00,0x00,0x00,0x00
19668348,0x3E8,false,0,8,0x0C,0x00,0x00,0x00,0x00,0x00,0x00,0x00
19668472,0x3E8,false,0,8,0x0D,0x00,0x00,0x00,0x05,0x00,0x10,0x00
19704646,0x3E8,false,0,8,0x00,0x00,0x00,0x00,0x66,0x00,0x65,0x00
19704805,0x44C,false,0,8,0x00,0x00,0x19,0x00,0x1A,0x00,0x00,0x00
19704929,0x3E8,false,0,8,0x01,0x00,0xF2,0x03,0x5C,0x03,0x00,0x00
19705077,0x44C,false,0,8,0x01,0x00,0x01,0x00,0x00,0x00,0x00,0x00
19705202,0x3E8,false,0,8,0x02,0x00,0x00,0x00,0x00,0x00,0x54,0x00
19705347,0x3E8,false,0,8,0x03,0x00,0x4C,0x00,0x9F,0x04,0x00,0x00
19705473,0x3E8,false,0,8,0x04,0x00,0x00,0x00,0x90,0x01,0x9A,0x04
19705609,0x3E8,false,0,8,0x05,0x00,0x00,0x00,0x00,0x00,0x00,0x00
19705745,0x3E8,false,0,8,0x06,0x00,0x00,0x00,0x00,0x00,0x00,0x00
19705880,0x3E8,false,0,8,0x07,0x00,0x00,0x00,0x00,0x00,0x07,0x00
19706005,0x3E8,false,0,8,0x08,0x00,0x4F,0x00,0x07,0x00,0x00,0x00
19706139,0x3E8,false,0,8,0x09,0x00,0x00,0x00,0x00,0x00,0x00,0x00
19706276,0x3E8,false,0,8,0x0A,0x00,0x00,0x00,0x00,0x00,0x00,0x00
19706413,0x3E8,false,0,8,0x0B,0x00,0x00,0x00,0x00,0x00,0x00,0x00
19706549,0x3E8,false,0,8,0x0C,0x00,0x00,0x00,0x00,0x00,0x00,0x00
19706690,0x3E8,false,0,8,0x0D,0x00,0x00,0x00,0x05,0x00,0x10,0x00
19754682,0x3E8,false,0,8,0x00,0x00,0x00,0x00,0x66,0x00,0x65,0x00
19754992,0x44C,false,0,8,0x00,0x00,0x19,0x00,0x1A,0x00,0x00,0x00
19761427,0x3E8,false,0,8,0x01,0x00,0xF2,0x03,0x28,0x03,0x00,0x00
19761835,0x44C,false,0,8,0x01,0x00,0x01,0x00,0x00,0x00,0x00,0x00
19761971,0x3E8,false,0,8,0x02,0x00,0x00,0x00,0x00,0x00,0x54,0x00
19762106,0x3E8,false,0,8,0x03,0x00,0x4C,0x00,0x9F,0x04,0x00,0x00
19762241,0x3E8,false,0,8,0x04,0x00,0x00,0x00,0x90,0x01,0x9A,0x04
19762374,0x3E8,false,0,8,0x05,0x00,0x00,0x00,0x00,0x00,0x00,0x00
19762512,0x3E8,false,0,8,0x06,0x00,0x00,0x00,0x00,0x00,0x00,0x00
19762656,0x3E8,false,0,8,0x07,0x00,0x00,0x00,0x00,0x00,0x07,0x00
19762791,0x3E8,false,0,8,0x08,0x00,0x4F,0x00,0x07,0x00,0x00,0x00
19762919,0x3E8,false,0,8,0x09,0x00,0x00,0x00,0x00,0x00,0x00,0x00
19763049,0x3E8,false,0,8,0x0A,0x00,0x00,0x00,0x00,0x00,0x00,0x00
19763179,0x3E8,false,0,8,0x0B,0x00,0x00,0x00,0x00,0x00,0x00,0x00
19763306,0x3E8,false,0,8,0x0C,0x00,0x00,0x00,0x00,0x00,0x00,0x00
19763437,0x3E8,false,0,8,0x0D,0x00,0x00,0x00,0x05,0x00,0x10,0x00
19806657,0x3E8,false,0,8,0x00,0x00,0x00,0x00,0x66,0x00,0x65,0x00
19806873,0x44C,false,0,8,0x00,0x00,0x19,0x00,0x1A,0x00,0x00,0x00
19806998,0x3E8,false,0,8,0x01,0x00,0xF2,0x03,0xF0,0x02,0x00,0x00
19807133,0x44C,false,0,8,0x01,0x00,0x01,0x00,0x00,0x00,0x00,0x00
19807268,0x3E8,false,0,8,0x02,0x00,0x00,0x00,0x00,0x00,0x54,0x00
19807404,0x3E8,false,0,8,0x03,0x00,0x4C,0x00,0x9F,0x04,0x00,0x00
19807541,0x3E8,false,0,8,0x04,0x00,0x00,0x00,0x90,0x01,0x9A,0x04
19807666,0x3E8,false,0,8,0x05,0x00,0x00,0x00,0x00,0x00,0x00,0x00
19807807,0x3E8,false,0,8,0x06,0x00,0x00,0x00,0x00,0x00,0x00,0x00
19807932,0x3E8,false,0,8,0x07,0x00,0x00,0x00,0x00,0x00,0x07,0x00
19808058,0x3E8,false,0,8,0x08,0x00,0x4F,0x00,0x07,0x00,0x00,0x00
19808182,0x3E8,false,0,8,0x09,0x00,0x00,0x00,0x00,0x00,0x00,0x00
19808307,0x3E8,false,0,8,0x0A,0x00,0x00,0x00,0x00,0x00,0x00,0x00
19808432,0x3E8,false,0,8,0x0B,0x00,0x00,0x00,0x00,0x00,0x00,0x00
19808557,0x3E8,false,0,8,0x0C,0x00,0x00,0x00,0x00,0x00,0x00,0x00
19808686,0x3E8,false,0,8,0x0D,0x00,0x00,0x00,0x05,0x00,0x10,0x00
19856660,0x3E8,false,0,8,0x00,0x00,0x00,0x00,0x66,0x00,0x65,0x00
19856913,0x44C,false,0,8,0x00,0x00,0x19,0x00,0x1A,0x00,0x00,0x00
19857047,0x3E8,false,0,8,0x01,0x00,0xF2,0x03,0xB9,0x02,0x00,0x00
19868720,0x44C,false,0,8,0x01,0x00,0x01,0x00,0x00,0x00,0x00,0x00
19868845,0x3E8,false,0,8,0x02,0x00,0x00,0x00,0x00,0x00,0x54,0x00
19868969,0x3E8,false,0,8,0x03,0x00,0x4C,0x00,0x9F,0x04,0x00,0x00
19869093,0x3E8,false,0,8,0x04,0x00,0x00,0x00,0x90,0x01,0x9A,0x04
19869217,0x3E8,false,0,8,0x05,0x00,0x00,0x00,0x00,0x00,0x00,0x00
19869342,0x3E8,false,0,8,0x06,0x00,0x00,0x00,0x00,0x00,0x00,0x00
19869467,0x3E8,false,0,8,0x07,0x00,0x00,0x00,0x00,0x00,0x07,0x00
19869591,0x3E8,false,0,8,0x08,0x00,0x4F,0x00,0x07,0x00,0x00,0x00
19869716,0x3E8,false,0,8,0x09,0x00,0x00,0x00,0x00,0x00,0x00,0x00
19869840,0x3E8,false,0,8,0x0A,0x00,0x00,0x00,0x00,0x00,0x00,0x00
19869965,0x3E8,false,0,8,0x0B,0x00,0x00,0x00,0x00,0x00,0x00,0x00
19870089,0x3E8,false,0,8,0x0C,0x00,0x00,0x00,0x00,0x00,0x00,0x00
19870214,0x3E8,false,0,8,0x0D,0x00,0x00,0x00,0x05,0x00,0x10,0x00
19906675,0x3E8,false,0,8,0x00,0x00,0x00,0x00,0x66,0x00,0x65,0x00
19906913,0x44C,false,0,8,0x00,0x00,0x19,0x00,0x1A,0x00,0x00,0x00
19907050,0x3E8,false,0,8,0x01,0x00,0xF2,0x03,0x8E,0x02,0x00,0x00
19907188,0x44C,false,0,8,0x01,0x00,0x01,0x00,0x00,0x00,0x00,0x00
19907324,0x3E8,false,0,8,0x02,0x00,0x00,0x00,0x00,0x00,0x54,0x00
19907460,0x3E8,false,0,8,0x03,0x00,0x4C,0x00,0x9F,0x04,0x00,0x00
19907584,0x3E8,false,0,8,0x04,0x00,0x00,0x00,0x90,0x01,0x9A,0x04
19907708,0x3E8,false,0,8,0x05,0x00,0x00,0x00,0x00,0x00,0x00,0x00
19907832,0x3E8,false,0,8,0x06,0x00,0x00,0x00,0x00,0x00,0x00,0x00
19907957,0x3E8,false,0,8,0x07,0x00,0x00,0x00,0x00,0x00,0x07,0x00
19908081,0x3E8,false,0,8,0x08,0x00,0x4F,0x00,0x07,0x00,0x00,0x00
19908206,0x3E8,false,0,8,0x09,0x00,0x00,0x00,0x00,0x00,0x00,0x00
19908330,0x3E8,false,0,8,0x0A,0x00,0x00,0x00,0x00,0x00,0x00,0x00
19908455,0x3E8,false,0,8,0x0B,0x00,0x00,0x00,0x00,0x00,0x00,0x00
19908579,0x3E8,false,0,8,0x0C,0x00,0x00,0x00,0x00,0x00,0x00,0x00
19908708,0x3E8,false,0,8,0x0D,0x00,0x00,0x00,0x05,0x00,0x10,0x00
19956656,0x44C,false,0,8,0x00,0x00,0x19,0x00,0x1A,0x00,0x00,0x00
19956865,0x3E8,false,0,8,0x00,0x00,0x00,0x00,0x66,0x00,0x65,0x00
19957001,0x44C,false,0,8,0x01,0x00,0x01,0x00,0x00,0x00,0x00,0x00
19957140,0x3E8,false,0,8,0x01,0x00,0xF2,0x03,0x6F,0x02,0x00,0x00
19957285,0x3E8,false,0,8,0x02,0x00,0x00,0x00,0x00,0x00,0x54,0x00
19957430,0x3E8,false,0,8,0x03,0x00,0x4C,0x00,0x9F,0x04,0x00,0x00
19957572,0x3E8,false,0,8,0x04,0x00,0x00,0x00,0x90,0x01,0x9A,0x04
19957717,0x3E8,false,0,8,0x05,0x00,0x00,0x00,0x00,0x00,0x00,0x00
19957846,0x3E8,false,0,8,0x06,0x00,0x00,0x00,0x00,0x00,0x00,0x00
19957977,0x3E8,false,0,8,0x07,0x00,0x00,0x00,0x00,0x00,0x07,0x00
19958108,0x3E8,false,0,8,0x08,0x00,0x4F,0x00,0x07,0x00,0x00,0x00
19958238,0x3E8,false,0,8,0x09,0x00,0x00,0x00,0x00,0x00,0x00,0x00
19958368,0x3E8,false,0,8,0x0A,0x00,0x00,0x00,0x00,0x00,0x00,0x00
19958498,0x3E8,false,0,8,0x0B,0x00,0x00,0x00,0x00,0x00,0x00,0x00
19958633,0x3E8,false,0,8,0x0C,0x00,0x00,0x00,0x00,0x00,0x00,0x00
19958763,0x3E8,false,0,8,0x0D,0x00,0x00,0x00,0x05,0x00,0x10,0x00
20006659,0x3E8,false,0,8,0x00,0x00,0x00,0x00,0x66,0x00,0x65,0x00
20006881,0x44C,false,0,8,0x00,0x00,0x19,0x00,0x1A,0x00,0x00,0x00
20007005,0x3E8,false,0,8,0x01,0x00,0xF2,0x03,0x50,0x02,0x00,0x00
20007129,0x44C,false,0,8,0x01,0x00,0x01,0x00,0x00,0x00,0x00,0x00
20007254,0x3E8,false,0,8,0x02,0x00,0x00,0x00,0x00,0x00,0x54,0x00
20007379,0x3E8,false,0,8,0x03,0x00,0x4C,0x00,0x9F,0x04,0x00,0x00
20007514,0x3E8,false,0,8,0x04,0x00,0x00,0x00,0x90,0x01,0x9A,0x04
20007649,0x3E8,false,0,8,0x05,0x00,0x00,0x00,0x00,0x00,0x00,0x00
20007774,0x3E8,false,0,8,0x06,0x00,0x00,0x00,0x00,0x00,0x00,0x00
20007911,0x3E8,false,0,8,0x07,0x00,0x00,0x00,0x00,0x00,0x07,0x00
20008048,0x3E8,false,0,8,0x08,0x00,0x4F,0x00,0x07,0x00,0x00,0x00
20008183,0x3E8,false,0,8,0x09,0x00,0x00,0x00,0x00,0x00,0x00,0x00
20008318,0x3E8,false,0,8,0x0A,0x00,0x00,0x00,0x00,0x00,0x00,0x00
20008455,0x3E8,false,0,8,0x0B,0x00,0x00,0x00,0x00,0x00,0x00,0x00
20008580,0x3E8,false,0,8,0x0C,0x00,0x00,0x00,0x00,0x00,0x00,0x00
20008711,0x3E8,false,0,8,0x0D,0x00,0x00,0x00,0x05,0x00,0x10,0x00
20056670,0x3E8,false,0,8,0x00,0x00,0x00,0x00,0x66,0x00,0x65,0x00
20056914,0x44C,false,0,8,0x00,0x00,0x19,0x00,0x1A,0x00,0x00,0x00
20070201,0x3E8,false,0,8,0x01,0x00,0xF2,0x03,0x2F,0x02,0x00,0x00
20070326,0x44C,false,0,8,0x01,0x00,0x01,0x00,0x00,0x00,0x00,0x00
20070451,0x3E8,false,0,8,0x02,0x00,0x00,0x00,0x00,0x00,0x54,0x00
20070575,0x3E8,false,0,8,0x03,0x00,0x4C,0x00,0x9F,0x04,0x00,0x00
20070703,0x3E8,false,0,8,0x04,0x00,0x00,0x00,0x90,0x01,0x9A,0x04
20070827,0x3E8,false,0,8,0x05,0x00,0x00,0x00,0x00,0x00,0x00,0x00
20070952,0x3E8,false,0,8,0x06,0x00,0x00,0x00,0x00,0x00,0x00,0x00
20071077,0x3E8,false,0,8,0x07,0x00,0x00,0x00,0x00,0x00,0x07,0x00
20071201,0x3E8,false,0,8,0x08,0x00,0x4F,0x00,0x07,0x00,0x00,0x00
20071325,0x3E8,false,0,8,0x09,0x00,0x00,0x00,0x00,0x00,0x00,0x00
20071450,0x3E8,false,0,8,0x0A,0x00,0x00,0x00,0x00,0x00,0x00,0x00
20071575,0x3E8,false,0,8,0x0B,0x00,0x00,0x00,0x00,0x00,0x00,0x00
20071702,0x3E8,false,0,8,0x0C,0x00,0x00,0x00,0x00,0x00,0x00,0x00
20071826,0x3E8,false,0,8,0x0D,0x00,0x00,0x00,0x05,0x00,0x10,0x00
20108667,0x3E8,false,0,8,0x00,0x00,0x00,0x00,0x66,0x00,0x65,0x00
20108867,0x44C,false,0,8,0x00,0x00,0x19,0x00,0x1A,0x00,0x00,0x00
20108991,0x3E8,false,0,8,0x01,0x00,0xF2,0x03,0x07,0x02,0x00,0x00
20109115,0x44C,false,0,8,0x01,0x00,0x01,0x00,0x00,0x00,0x00,0x00
20109245,0x3E8,false,0,8,0x02,0x00,0x00,0x00,0x00,0x00,0x54,0x00
20109369,0x3E8,false,0,8,0x04,0x00,0x00,0x00,0x90,0x01,0x9A,0x04
20109493,0x3E8,false,0,8,0x05,0x00,0x00,0x00,0x00,0x00,0x00,0x00
20109620,0x3E8,false,0,8,0x06,0x00,0x00,0x00,0x00,0x00,0x00,0x00
20109744,0x3E8,false,0,8,0x07,0x00,0x00,0x00,0x00,0x00,0x07,0x00
20109869,0x3E8,false,0,8,0x08,0x00,0x4F,0x00,0x07,0x00,0x00,0x00
20109994,0x3E8,false,0,8,0x09,0x00,0x00,0x00,0x00,0x00,0x00,0x00
20110118,0x3E8,false,0,8,0x0A,0x00,0x00,0x00,0x00,0x00,0x00,0x00
20110243,0x3E8,false,0,8,0x0B,0x00,0x00,0x00,0x00,0x00,0x00,0x00
20110367,0x3E8,false,0,8,0x0C,0x00,0x00,0x00,0x00,0x00,0x00,0x00
20110492,0x3E8,false,0,8,0x0D,0x00,0x00,0x00,0x05,0x00,0x10,0x00
20156672,0x3E8,false,0,8,0x00,0x00,0x00,0x00,0x66,0x00,0x65,0x00
20156932,0x44C,false,0,8,0x00,0x00,0x19,0x00,0x1A,0x00,0x00,0x00
20157074,0x3E8,false,0,8,0x01,0x00,0xF2,0x03,0xE0,0x01,0x00,0x00
20157220,0x44C,false,0,8,0x01,0x00,0x01,0x00,0x00,0x00,0x00,0x00
20157355,0x3E8,false,0,8,0x02,0x00,0x00,0x00,0x00,0x00,0x54,0x00
20157501,0x3E8,false,0,8,0x03,0x00,0x4C,0x00,0x9F,0x04,0x00,0x00
20157631,0x3E8,false,0,8,0x04,0x00,0x00,0x00,0x90,0x01,0x9A,0x04
20157771,0x3E8,false,0,8,0x05,0x00,0x00,0x00,0x00,0x00,0x00,0x00
20157914,0x3E8,false,0,8,0x06,0x00,0x00,0x00,0x00,0x00,0x00,0x00
20158060,0x3E8,false,0,8,0x07,0x00,0x00,0x00,0x00,0x00,0x07,0x00
20158201,0x3E8,false,0,8,0x08,0x00,0x4F,0x00,0x07,0x00,0x00,0x00
20158353,0x3E8,false,0,8,0x09,0x00,0x00,0x00,0x00,0x00,0x00,0x00
20158495,0x3E8,false,0,8,0x0A,0x00,0x00,0x00,0x00,0x00,0x00,0x00
20158630,0x3E8,false,0,8,0x0B,0x00,0x00,0x00,0x00,0x00,0x00,0x00
20158763,0x3E8,false,0,8,0x0C,0x00,0x00,0x00,0x00,0x00,0x00,0x00
20158894,0x3E8,false,0,8,0x0D,0x00,0x00,0x00,0x05,0x00,0x10,0x00
20206663,0x3E8,false,0,8,0x00,0x00,0x00,0x00,0x66,0x00,0x65,0x00
20206913,0x44C,false,0,8,0x00,0x00,0x19,0x00,0x1A,0x00,0x00,0x00
20207051,0x3E8,false,0,8,0x01,0x00,0xF2,0x03,0xB8,0x01,0x00,0x00
20207188,0x44C,false,0,8,0x01,0x00,0x01,0x00,0x00,0x00,0x00,0x00
20207324,0x3E8,false,0,8,0x02,0x00,0x00,0x00,0x00,0x00,0x54,0x00
20207449,0x3E8,false,0,8,0x03,0x00,0x4C,0x00,0x9F,0x04,0x00,0x00
20207573,0x3E8,false,0,8,0x04,0x00,0x00,0x00,0x90,0x01,0x9A,0x04
20207701,0x3E8,false,0,8,0x05,0x00,0x00,0x00,0x00,0x00,0x00,0x00
20210644,0x3E8,false,0,8,0x06,0x00,0x00,0x00,0x00,0x00,0x00,0x00
20210769,0x3E8,false,0,8,0x07,0x00,0x00,0x00,0x00,0x00,0x07,0x00
20210894,0x3E8,false,0,8,0x08,0x00,0x4F,0x00,0x07,0x00,0x00,0x00
20211019,0x3E8,false,0,8,0x09,0x00,0x00,0x00,0x00,0x00,0x00,0x00
20211144,0x3E8,false,0,8,0x0A,0x00,0x00,0x00,0x00,0x00,0x00,0x00
20211269,0x3E8,false,0,8,0x0B,0x00,0x00,0x00,0x00,0x00,0x00,0x00
20211394,0x3E8,false,0,8,0x0C,0x00,0x00,0x00,0x00,0x00,0x00,0x00
20211519,0x3E8,false,0,8,0x0D,0x00,0x00,0x00,0x05,0x00,0x10,0x00
20258645,0x3E8,false,0,8,0x00,0x00,0x00,0x00,0x66,0x00,0x65,0x00
20258783,0x44C,false,0,8,0x00,0x00,0x19,0x00,0x1A,0x00,0x00,0x00
20272339,0x3E8,false,0,8,0x01,0x00,0xF2,0x03,0x8B,0x01,0x00,0x00
20272463,0x44C,false,0,8,0x01,0x00,0x01,0x00,0x00,0x00,0x00,0x00
20272588,0x3E8,false,0,8,0x02,0x00,0x00,0x00,0x00,0x00,0x54,0x00
20272717,0x3E8,false,0,8,0x03,0x00,0x4C,0x00,0x9F,0x04,0x00,0x00
20272841,0x3E8,false,0,8,0x04,0x00,0x00,0x00,0x90,0x01,0x9A,0x04
20272965,0x3E8,false,0,8,0x05,0x00,0x00,0x00,0x00,0x00,0x00,0x00
20273089,0x3E8,false,0,8,0x06,0x00,0x00,0x00,0x00,0x00,0x00,0x00
20273214,0x3E8,false,0,8,0x07,0x00,0x00,0x00,0x00,0x00,0x07,0x00
20273338,0x3E8,false,0,8,0x08,0x00,0x4F,0x00,0x07,0x00,0x00,0x00
20273463,0x3E8,false,0,8,0x09,0x00,0x00,0x00,0x00,0x00,0x00,0x00
20273587,0x3E8,false,0,8,0x0A,0x00,0x00,0x00,0x00,0x00,0x00,0x00
20273715,0x3E8,false,0,8,0x0B,0x00,0x00,0x00,0x00,0x00,0x00,0x00
20273840,0x3E8,false,0,8,0x0C,0x00,0x00,0x00,0x00,0x00,0x00,0x00
20273964,0x3E8,false,0,8,0x0D,0x00,0x00,0x00,0x05,0x00,0x10,0x00
20307047,0x3E8,false,0,8,0x00,0x00,0x00,0x00,0x66,0x00,0x65,0x00
20307252,0x44C,false,0,8,0x00,0x00,0x19,0x00,0x1A,0x00,0x00,0x00
20307389,0x3E8,false,0,8,0x01,0x00,0xF2,0x03,0x53,0x01,0x00,0x00
20307527,0x44C,false,0,8,0x01,0x00,0x01,0x00,0x00,0x00,0x00,0x00
20307665,0x3E8,false,0,8,0x02,0x00,0x00,0x00,0x00,0x00,0x54,0x00
20307801,0x3E8,false,0,8,0x03,0x00,0x4C,0x00,0x9F,0x04,0x00,0x00
20307936,0x3E8,false,0,8,0x04,0x00,0x00,0x00,0x90,0x01,0x9A,0x04
20308060,0x3E8,false,0,8,0x05,0x00,0x00,0x00,0x00,0x00,0x00,0x00
20308197,0x3E8,false,0,8,0x06,0x00,0x00,0x00,0x00,0x00,0x00,0x00
20308334,0x3E8,false,0,8,0x07,0x00,0x00,0x00,0x00,0x00,0x07,0x00
20308471,0x3E8,false,0,8,0x08,0x00,0x4F,0x00,0x07,0x00,0x00,0x00
20308612,0x3E8,false,0,8,0x09,0x00,0x00,0x00,0x00,0x00,0x00,0x00
20308751,0x3E8,false,0,8,0x0A,0x00,0x00,0x00,0x00,0x00,0x00,0x00
20308886,0x3E8,false,0,8,0x0B,0x00,0x00,0x00,0x00,0x00,0x00,0x00
20309021,0x3E8,false,0,8,0x0C,0x00,0x00,0x00,0x00,0x00,0x00,0x00
20309160,0x3E8,false,0,8,0x0D,0x00,0x00,0x00,0x05,0x00,0x10,0x00
20358671,0x3E8,false,0,8,0x00,0x00,0x00,0x00,0x66,0x00,0x65,0x00
20358917,0x44C,false,0,8,0x00,0x00,0x19,0x00,0x1A,0x00,0x00,0x00
20359054,0x3E8,false,0,8,0x01,0x00,0xF2,0x03,0x0D,0x01,0x00,0x00
20359191,0x44C,false,0,8,0x01,0x00,0x01,0x00,0x00,0x00,0x00,0x00
20359329,0x3E8,false,0,8,0x02,0x00,0x00,0x00,0x00,0x00,0x54,0x00
20359463,0x3E8,false,0,8,0x03,0x00,0x4C,0x00,0x9F,0x04,0x00,0x00
20359600,0x3E8,false,0,8,0x04,0x00,0x00,0x00,0x90,0x01,0x9A,0x04
20359735,0x3E8,false,0,8,0x05,0x00,0x00,0x00,0x00,0x00,0x00,0x00
20359878,0x3E8,false,0,8,0x06,0x00,0x00,0x00,0x00,0x00,0x00,0x00
20360019,0x3E8,false,0,8,0x07,0x00,0x00,0x00,0x00,0x00,0x07,0x00
20360153,0x3E8,false,0,8,0x08,0x00,0x4F,0x00,0x07,0x00,0x00,0x00
20360289,0x3E8,false,0,8,0x09,0x00,0x00,0x00,0x00,0x00,0x00,0x00
20360432,0x3E8,false,0,8,0x0A,0x00,0x00,0x00,0x00,0x00,0x00,0x00
20360567,0x3E8,false,0,8,0x0B,0x00,0x00,0x00,0x00,0x00,0x00,0x00
20360698,0x3E8,false,0,8,0x0C,0x00,0x00,0x00,0x00,0x00,0x00,0x00
20360823,0x3E8,false,0,8,0x0D,0x00,0x00,0x00,0x05,0x00,0x10,0x00
20408660,0x44C,false,0,8,0x00,0x00,0x19,0x00,0x1A,0x00,0x00,0x00
20408883,0x3E8,false,0,8,0x00,0x00,0x00,0x00,0x66,0x00,0x65,0x00
20409007,0x44C,false,0,8,0x01,0x00,0x01,0x00,0x00,0x00,0x00,0x00
20409146,0x3E8,false,0,8,0x01,0x00,0xF2,0x03,0xAF,0x00,0x00,0x00
20409282,0x3E8,false,0,8,0x03,0x00,0x4C,0x00,0x9F,0x04,0x00,0x00
20409418,0x3E8,false,0,8,0x03,0x00,0x4C,0x00,0x9F,0x04,0x00,0x00
20409553,0x3E8,false,0,8,0x04,0x00,0x00,0x00,0x90,0x01,0x9A,0x04
20409692,0x3E8,false,0,8,0x05,0x00,0x00,0x00,0x00,0x00,0x00,0x00
20409827,0x3E8,false,0,8,0x06,0x00,0x00,0x00,0x00,0x00,0x00,0x00
20409952,0x3E8,false,0,8,0x07,0x00,0x00,0x00,0x00,0x00,0x07,0x00
20410088,0x3E8,false,0,8,0x08,0x00,0x4F,0x00,0x07,0x00,0x00,0x00
20410213,0x3E8,false,0,8,0x09,0x00,0x00,0x00,0x00,0x00,0x00,0x00
20424583,0x3E8,false,0,8,0x0A,0x00,0x00,0x00,0x00,0x00,0x00,0x00
20424796,0x3E8,false,0,8,0x0B,0x00,0x00,0x00,0x00,0x00,0x00,0x00
20424923,0x3E8,false,0,8,0x0C,0x00,0x00,0x00,0x00,0x00,0x00,0x00
20425051,0x3E8,false,0,8,0x0D,0x00,0x00,0x00,0x05,0x00,0x10,0x00
20458945,0x3E8,false,0,8,0x00,0x00,0x00,0x00,0x66,0x00,0x65,0x00
20459113,0x44C,false,0,8,0x00,0x00,0x19,0x00,0x1A,0x00,0x00,0x00
20459251,0x3E8,false,0,8,0x01,0x00,0xF2,0x03,0x28,0x00,0x00,0x00
20459387,0x44C,false,0,8,0x01,0x00,0x01,0x00,0x00,0x00,0x00,0x00
20459524,0x3E8,false,0,8,0x02,0x00,0x00,0x00,0x00,0x00,0x54,0x00
20459662,0x3E8,false,0,8,0x03,0x00,0x4C,0x00,0x9F,0x04,0x00,0x00
20459798,0x3E8,false,0,8,0x04,0x00,0x00,0x00,0x90,0x01,0x9A,0x04
20459934,0x3E8,false,0,8,0x05,0x00,0x00,0x00,0x00,0x00,0x00,0x00
20460059,0x3E8,false,0,8,0x06,0x00,0x00,0x00,0x00,0x00,0x00,0x00
20460183,0x3E8,false,0,8,0x07,0x00,0x00,0x00,0x00,0x00,0x07,0x00
20460308,0x3E8,false,0,8,0x08,0x00,0x4F,0x00,0x07,0x00,0x00,0x00
20460432,0x3E8,false,0,8,0x09,0x00,0x00,0x00,0x00,0x00,0x00,0x00
20460557,0x3E8,false,0,8,0x0A,0x00,0x00,0x00,0x00,0x00,0x00,0x00
20460686,0x3E8,false,0,8,0x0B,0x00,0x00,0x00,0x00,0x00,0x00,0x00
20460811,0x3E8,false,0,8,0x0C,0x00,0x00,0x00,0x00,0x00,0x00,0x00
20460936,0x3E8,false,0,8,0x0D,0x00,0x00,0x00,0x05,0x00,0x10,0x00
20508645,0x3E8,false,0,8,0x00,0x00,0x00,0x00,0x66,0x00,0x65,0x00
20508788,0x44C,false,0,8,0x00,0x00,0x19,0x00,0x1A,0x00,0x00,0x00
20508912,0x3E8,false,0,8,0x01,0x00,0xF2,0x03,0x06,0x00,0x00,0x00
20509048,0x44C,false,0,8,0x01,0x00,0x01,0x00,0x00,0x00,0x00,0x00
20509184,0x3E8,false,0,8,0x02,0x00,0x00,0x00,0x00,0x00,0x54,0x00
20509321,0x3E8,false,0,8,0x03,0x00,0x4C,0x00,0x9F,0x04,0x00,0x00
20509458,0x3E8,false,0,8,0x04,0x00,0x00,0x00,0x90,0x01,0x9A,0x04
20509597,0x3E8,false,0,8,0x05,0x00,0x00,0x00,0x00,0x00,0x00,0x00
20509740,0x3E8,false,0,8,0x06,0x00,0x00,0x00,0x00,0x00,0x00,0x00
20509879,0x3E8,false,0,8,0x07,0x00,0x00,0x00,0x00,0x00,0x07,0x00
20510016,0x3E8,false,0,8,0x08,0x00,0x4F,0x00,0x07,0x00,0x00,0x00
20510140,0x3E8,false,0,8,0x09,0x00,0x00,0x00,0x00,0x00,0x00,0x00
20510265,0x3E8,false,0,8,0x0A,0x00,0x00,0x00,0x00,0x00,0x00,0x00
20510389,0x3E8,false,0,8,0x0B,0x00,0x00,0x00,0x00,0x00,0x00,0x00
20510514,0x3E8,false,0,8,0x0C,0x00,0x00,0x00,0x00,0x00,0x00,0x00
20510643,0x3E8,false,0,8,0x0D,0x00,0x00,0x00,0x05,0x00,0x10,0x00
20558651,0x3E8,false,0,8,0x00,0x00,0x00,0x00,0x66,0x00,0x65,0x00
20558846,0x44C,false,0,8,0x00,0x00,0x19,0x00,0x1A,0x00,0x00,0x00
20558971,0x3E8,false,0,8,0x01,0x00,0xF2,0x03,0x05,0x00,0x00,0x00
20559105,0x44C,false,0,8,0x01,0x00,0x01,0x00,0x00,0x00,0x00,0x00
20559230,0x3E8,false,0,8,0x02,0x00,0x00,0x00,0x00,0x00,0x54,0x00
20559365,0x3E8,false,0,8,0x03,0x00,0x4C,0x00,0x9F,0x04,0x00,0x00
20559502,0x3E8,false,0,8,0x04,0x00,0x00,0x00,0x90,0x01,0x9A,0x04
20559641,0x3E8,false,0,8,0x05,0x00,0x00,0x00,0x00,0x00,0x00,0x00
20559778,0x3E8,false,0,8,0x06,0x00,0x00,0x00,0x00,0x00,0x00,0x00
20559912,0x3E8,false,0,8,0x07,0x00,0x00,0x00,0x00,0x00,0x07,0x00
20560051,0x3E8,false,0,8,0x08,0x00,0x4F,0x00,0x07,0x00,0x00,0x00
20560187,0x3E8,false,0,8,0x09,0x00,0x00,0x00,0x00,0x00,0x00,0x00
20560311,0x3E8,false,0,8,0x0A,0x00,0x00,0x00,0x00,0x00,0x00,0x00
20560436,0x3E8,false,0,8,0x0B,0x00,0x00,0x00,0x00,0x00,0x00,0x00
20560561,0x3E8,false,0,8,0x0C,0x00,0x00,0x00,0x00,0x00,0x00,0x00
20560690,0x3E8,false,0,8,0x0D,0x00,0x00,0x00,0x05,0x00,0x10,0x00
20608660,0x3E8,false,0,8,0x00,0x00,0x00,0x00,0x66,0x00,0x65,0x00
20608906,0x44C,false,0,8,0x00,0x00,0x19,0x00,0x1A,0x00,0x00,0x00
20609043,0x3E8,false,0,8,0x01,0x00,0xF2,0x03,0x05,0x00,0x00,0x00
20609167,0x44C,false,0,8,0x01,0x00,0x01,0x00,0x00,0x00,0x00,0x00
20609292,0x3E8,false,0,8,0x02,0x00,0x00,0x00,0x00,0x00,0x54,0x00
20609416,0x3E8,false,0,8,0x03,0x00,0x4C,0x00,0x9F,0x04,0x00,0x00
20609540,0x3E8,false,0,8,0x04,0x00,0x00,0x00,0x90,0x01,0x9A,0x04
20609665,0x3E8,false,0,8,0x05,0x00,0x00,0x00,0x00,0x00,0x00,0x00
20609954,0x3E8,false,0,8,0x06,0x00,0x00,0x00,0x00,0x00,0x00,0x00
20610091,0x3E8,false,0,8,0x07,0x00,0x00,0x00,0x00,0x00,0x07,0x00
20610326,0x3E8,false,0,8,0x08,0x00,0x4F,0x00,0x07,0x00,0x00,0x00
20610462,0x3E8,false,0,8,0x09,0x00,0x00,0x00,0x00,0x00,0x00,0x00
20633668,0x3E8,false,0,8,0x0A,0x00,0x00,0x00,0x00,0x00,0x00,0x00
20633793,0x3E8,false,0,8,0x0B,0x00,0x00,0x00,0x00,0x00,0x00,0x00
20633918,0x3E8,false,0,8,0x0C,0x00,0x00,0x00,0x00,0x00,0x00,0x00
20634042,0x3E8,false,0,8,0x0D,0x00,0x00,0x00,0x05,0x00,0x10,0x00
20658688,0x3E8,false,0,8,0x00,0x00,0x00,0x00,0x66,0x00,0x65,0x00
20658947,0x44C,false,0,8,0x00,0x00,0x19,0x00,0x1A,0x00,0x00,0x00
20659088,0x3E8,false,0,8,0x01,0x00,0xF2,0x03,0x05,0x00,0x00,0x00
20659228,0x44C,false,0,8,0x01,0x00,0x01,0x00,0x00,0x00,0x00,0x00
20659369,0x3E8,false,0,8,0x02,0x00,0x00,0x00,0x00,0x00,0x54,0x00
20659511,0x3E8,false,0,8,0x03,0x00,0x4C,0x00,0x9F,0x04,0x00,0x00
20659659,0x3E8,false,0,8,0x04,0x00,0x00,0x00,0x90,0x01,0x9A,0x04
20659806,0x3E8,false,0,8,0x05,0x00,0x00,0x00,0x00,0x00,0x00,0x00
20659949,0x3E8,false,0,8,0x06,0x00,0x00,0x00,0x00,0x00,0x00,0x00
20660089,0x3E8,false,0,8,0x07,0x00,0x00,0x00,0x00,0x00,0x07,0x00
20660225,0x3E8,false,0,8,0x08,0x00,0x4F,0x00,0x07,0x00,0x00,0x00
20660364,0x3E8,false,0,8,0x09,0x00,0x00,0x00,0x00,0x00,0x00,0x00
20660500,0x3E8,false,0,8,0x0A,0x00,0x00,0x00,0x00,0x00,0x00,0x00
20660641,0x3E8,false,0,8,0x0B,0x00,0x00,0x00,0x00,0x00,0x00,0x00
20660778,0x3E8,false,0,8,0x0C,0x00,0x00,0x00,0x00,0x00,0x00,0x00
20660902,0x3E8,false,0,8,0x0D,0x00,0x00,0x00,0x05,0x00,0x10,0x00
20708661,0x3E8,false,0,8,0x00,0x00,0x00,0x00,0x66,0x00,0x65,0x00
20708915,0x44C,false,0,8,0x00,0x00,0x19,0x00,0x1A,0x00,0x00,0x00
20709051,0x3E8,false,0,8,0x01,0x00,0xF2,0x03,0x05,0x00,0x00,0x00
20709187,0x44C,false,0,8,0x01,0x00,0x01,0x00,0x00,0x00,0x00,0x00
20709326,0x3E8,false,0,8,0x02,0x00,0x00,0x00,0x00,0x00,0x54,0x00
20709461,0x3E8,false,0,8,0x03,0x00,0x4C,0x00,0x9F,0x04,0x00,0x00
20709598,0x3E8,false,0,8,0x04,0x00,0x00,0x00,0x90,0x01,0x9A,0x04
20709723,0x3E8,false,0,8,0x05,0x00,0x00,0x00,0x00,0x00,0x00,0x00
20709860,0x3E8,false,0,8,0x06,0x00,0x00,0x00,0x00,0x00,0x00,0x00
20709997,0x3E8,false,0,8,0x07,0x00,0x00,0x00,0x00,0x00,0x07,0x00
20710133,0x3E8,false,0,8,0x08,0x00,0x4F,0x00,0x07,0x00,0x00,0x00
20710270,0x3E8,false,0,8,0x09,0x00,0x00,0x00,0x00,0x00,0x00,0x00
20710408,0x3E8,false,0,8,0x0A,0x00,0x00,0x00,0x00,0x00,0x00,0x00
20710545,0x3E8,false,0,8,0x0B,0x00,0x00,0x00,0x00,0x00,0x00,0x00
20710686,0x3E8,false,0,8,0x0C,0x00,0x00,0x00,0x00,0x00,0x00,0x00
20710822,0x3E8,false,0,8,0x0D,0x00,0x00,0x00,0x05,0x00,0x10,0x00
20760674,0x44C,false,0,8,0x00,0x00,0x19,0x00,0x1A,0x00,0x00,0x00
20760960,0x3E8,false,0,8,0x00,0x00,0x00,0x00,0x66,0x00,0x65,0x00
20761098,0x44C,false,0,8,0x01,0x00,0x01,0x00,0x00,0x00,0x00,0x00
20761224,0x3E8,false,0,8,0x01,0x00,0xF2,0x03,0x05,0x00,0x00,0x00
20761350,0x3E8,false,0,8,0x02,0x00,0x00,0x00,0x00,0x00,0x54,0x00
20761476,0x3E8,false,0,8,0x03,0x00,0x4C,0x00,0x9F,0x04,0x00,0x00
20761611,0x3E8,false,0,8,0x04,0x00,0x00,0x00,0x90,0x01,0x9A,0x04
20761737,0x3E8,false,0,8,0x05,0x00,0x00,0x00,0x00,0x00,0x00,0x00
20761862,0x3E8,false,0,8,0x06,0x00,0x00,0x00,0x00,0x00,0x00,0x00
20761989,0x3E8,false,0,8,0x07,0x00,0x00,0x00,0x00,0x00,0x07,0x00
20762115,0x3E8,false,0,8,0x08,0x00,0x4F,0x00,0x07,0x00,0x00,0x00
20762240,0x3E8,false,0,8,0x09,0x00,0x00,0x00,0x00,0x00,0x00,0x00
20762367,0x3E8,false,0,8,0x0A,0x00,0x00,0x00,0x00,0x00,0x00,0x00
20762494,0x3E8,false,0,8,0x0B,0x00,0x00,0x00,0x00,0x00,0x00,0x00
20762629,0x3E8,false,0,8,0x0C,0x00,0x00,0x00,0x00,0x00,0x00,0x00
20762765,0x3E8,false,0,8,0x0D,0x00,0x00,0x00,0x05,0x00,0x10,0x00
20811064,0x3E8,false,0,8,0x00,0x00,0x00,0x00,0x66,0x00,0x65,0x00
20811307,0x44C,false,0,8,0x00,0x00,0x19,0x00,0x1A,0x00,0x00,0x00
20811442,0x3E8,false,0,8,0x01,0x00,0xF2,0x03,0x1B,0x00,0x00,0x00
20811578,0x44C,false,0,8,0x01,0x00,0x01,0x00,0x00,0x00,0x00,0x00
20811704,0x3E8,false,0,8,0x02,0x00,0x00,0x00,0x00,0x00,0x54,0x00
20811828,0x3E8,false,0,8,0x03,0x00,0x4C,0x00,0x9F,0x04,0x00,0x00
20811965,0x3E8,false,0,8,0x04,0x00,0x00,0x00,0x90,0x01,0x9A,0x04
20812089,0x3E8,false,0,8,0x05,0x00,0x00,0x00,0x00,0x00,0x00,0x00
20812215,0x3E8,false,0,8,0x06,0x00,0x00,0x00,0x00,0x00,0x00,0x00
20812340,0x3E8,false,0,8,0x07,0x00,0x00,0x00,0x00,0x00,0x07,0x00
20812464,0x3E8,false,0,8,0x08,0x00,0x4F,0x00,0x07,0x00,0x00,0x00
20827280,0x3E8,false,0,8,0x09,0x00,0x00,0x00,0x00,0x00,0x00,0x00
20827410,0x3E8,false,0,8,0x0A,0x00,0x00,0x00,0x00,0x00,0x00,0x00
20827534,0x3E8,false,0,8,0x0B,0x00,0x00,0x00,0x00,0x00,0x00,0x00
20827667,0x3E8,false,0,8,0x0C,0x00,0x00,0x00,0x00,0x00,0x00,0x00
20827792,0x3E8,false,0,8,0x0D,0x00,0x00,0x00,0x05,0x00,0x10,0x00
20861072,0x44C,false,0,8,0x00,0x00,0x19,0x00,0x1A,0x00,0x00,0x00
20861319,0x3E8,false,0,8,0x00,0x00,0x00,0x00,0x66,0x00,0x65,0x00
20861455,0x44C,false,0,8,0x01,0x00,0x01,0x00,0x00,0x00,0x00,0x00
20861593,0x3E8,false,0,8,0x01,0x00,0xF2,0x03,0xA1,0x00,0x00,0x00
20861717,0x3E8,false,0,8,0x02,0x00,0x00,0x00,0x00,0x00,0x54,0x00
20861842,0x3E8,false,0,8,0x03,0x00,0x4C,0x00,0x9F,0x04,0x00,0x00
20861966,0x3E8,false,0,8,0x04,0x00,0x00,0x00,0x90,0x01,0x9A,0x04
20862090,0x3E8,false,0,8,0x05,0x00,0x00,0x00,0x00,0x00,0x00,0x00
20862215,0x3E8,false,0,8,0x06,0x00,0x00,0x00,0x00,0x00,0x00,0x00
20862339,0x3E8,false,0,8,0x07,0x00,0x00,0x00,0x00,0x00,0x07,0x00
20862465,0x3E8,false,0,8,0x08,0x00,0x4F,0x00,0x07,0x00,0x00,0x00
20862601,0x3E8,false,0,8,0x09,0x00,0x00,0x00,0x00,0x00,0x00,0x00
20862735,0x3E8,false,0,8,0x0A,0x00,0x00,0x00,0x00,0x00,0x00,0x00
20862872,0x3E8,false,0,8,0x0B,0x00,0x00,0x00,0x00,0x00,0x00,0x00
20863014,0x3E8,false,0,8,0x0C,0x00,0x00,0x00,0x00,0x00,0x00,0x00
20863150,0x3E8,false,0,8,0x0D,0x00,0x00,0x00,0x05,0x00,0x10,0x00
20910660,0x3E8,false,0,8,0x00,0x00,0x00,0x00,0x66,0x00,0x65,0x00
20910921,0x44C,false,0,8,0x00,0x00,0x19,0x00,0x1A,0x00,0x00,0x00
20911059,0x3E8,false,0,8,0x01,0x00,0xF2,0x03,0x66,0x01,0x00,0x00
20911195,0x44C,false,0,8,0x01,0x00,0x01,0x00,0x00,0x00,0x00,0x00
20911334,0x3E8,false,0,8,0x02,0x00,0x00,0x00,0x00,0x00,0x54,0x00
20911476,0x3E8,false,0,8,0x03,0x00,0x4C,0x00,0x9F,0x04,0x00,0x00
20911617,0x3E8,false,0,8,0x04,0x00,0x00,0x00,0x90,0x01,0x9A,0x04
20911756,0x3E8,false,0,8,0x05,0x00,0x00,0x00,0x00,0x00,0x00,0x00
20911893,0x3E8,false,0,8,0x06,0x00,0x00,0x00,0x00,0x00,0x00,0x00
20912038,0x3E8,false,0,8,0x07,0x00,0x00,0x00,0x00,0x00,0x07,0x00
20912199,0x3E8,false,0,8,0x08,0x00,0x4F,0x00,0x07,0x00,0x00,0x00
20912339,0x3E8,false,0,8,0x09,0x00,0x00,0x00,0x00,0x00,0x00,0x00
20912482,0x3E8,false,0,8,0x0A,0x00,0x00,0x00,0x00,0x00,0x00,0x00
20912632,0x3E8,false,0,8,0x0B,0x00,0x00,0x00,0x00,0x00,0x00,0x00
20912761,0x3E8,false,0,8,0x0C,0x00,0x00,0x00,0x00,0x00,0x00,0x00
20912891,0x3E8,false,0,8,0x0D,0x00,0x00,0x00,0x05,0x00,0x10,0x00
20960692,0x3E8,false,0,8,0x00,0x00,0x00,0x00,0x66,0x00,0x65,0x00
20960989,0x44C,false,0,8,0x00,0x00,0x19,0x00,0x1A,0x00,0x00,0x00
20961131,0x3E8,false,0,8,0x01,0x00,0xF2,0x03,0x93,0x01,0x00,0x00
20961272,0x44C,false,0,8,0x01,0x00,0x01,0x00,0x00,0x00,0x00,0x00
20961414,0x3E8,false,0,8,0x02,0x00,0x00,0x00,0x00,0x00,0x54,0x00
20961554,0x3E8,false,0,8,0x03,0x00,0x4C,0x00,0x9F,0x04,0x00,0x00
20961697,0x3E8,false,0,8,0x04,0x00,0x00,0x00,0x90,0x01,0x9A,0x04
20961837,0x3E8,false,0,8,0x05,0x00,0x00,0x00,0x00,0x00,0x00,0x00
20961967,0x3E8,false,0,8,0x06,0x00,0x00,0x00,0x00,0x00,0x00,0x00
20962097,0x3E8,false,0,8,0x07,0x00,0x00,0x00,0x00,0x00,0x07,0x00
20962227,0x3E8,false,0,8,0x08,0x00,0x4F,0x00,0x07,0x00,0x00,0x00
20962356,0x3E8,false,0,8,0x09,0x00,0x00,0x00,0x00,0x00,0x00,0x00
20962486,0x3E8,false,0,8,0x0A,0x00,0x00,0x00,0x00,0x00,0x00,0x00
20962624,0x3E8,false,0,8,0x0B,0x00,0x00,0x00,0x00,0x00,0x00,0x00
20962755,0x3E8,false,0,8,0x0C,0x00,0x00,0x00,0x00,0x00,0x00,0x00
20962885,0x3E8,false,0,8,0x0D,0x00,0x00,0x00,0x05,0x00,0x10,0x00
21010668,0x3E8,false,0,8,0x00,0x00,0x00,0x00,0x66,0x00,0x65,0x00
21010897,0x44C,false,0,8,0x00,0x00,0x19,0x00,0x1A,0x00,0x00,0x00
21011021,0x3E8,false,0,8,0x01,0x00,0xF2,0x03,0x5B,0x01,0x00,0x00
21011145,0x44C,false,0,8,0x01,0x00,0x01,0x00,0x00,0x00,0x00,0x00
21011270,0x3E8,false,0,8,0x02,0x00,0x00,0x00,0x00,0x00,0x54,0x00
21011395,0x3E8,false,0,8,0x03,0x00,0x4C,0x00,0x9F,0x04,0x00,0x00
21011519,0x3E8,false,0,8,0x04,0x00,0x00,0x00,0x90,0x01,0x9A,0x04
21011653,0x3E8,false,0,8,0x05,0x00,0x00,0x00,0x00,0x00,0x00,0x00
21011778,0x3E8,false,0,8,0x06,0x00,0x00,0x00,0x00,0x00,0x00,0x00
21011916,0x3E8,false,0,8,0x07,0x00,0x00,0x00,0x00,0x00,0x07,0x00
21023801,0x3E8,false,0,8,0x08,0x00,0x4F,0x00,0x07,0x00,0x00,0x00
21023925,0x3E8,false,0,8,0x09,0x00,0x00,0x00,0x00,0x00,0x00,0x00
21024049,0x3E8,false,0,8,0x0A,0x00,0x00,0x00,0x00,0x00,0x00,0x00
21024174,0x3E8,false,0,8,0x0B,0x00,0x00,0x00,0x00,0x00,0x00,0x00
21024299,0x3E8,false,0,8,0x0C,0x00,0x00,0x00,0x00,0x00,0x00,0x00
21024423,0x3E8,false,0,8,0x0D,0x00,0x00,0x00,0x05,0x00,0x10,0x00
21060662,0x3E8,false,0,8,0x00,0x00,0x00,0x00,0x66,0x00,0x65,0x00
21060834,0x44C,false,0,8,0x00,0x00,0x19,0x00,0x1A,0x00,0x00,0x00
21060970,0x3E8,false,0,8,0x01,0x00,0xF2,0x03,0x8A,0x00,0x00,0x00
21061106,0x44C,false,0,8,0x01,0x00,0x01,0x00,0x00,0x00,0x00,0x00
21061231,0x3E8,false,0,8,0x02,0x00,0x00,0x00,0x00,0x00,0x54,0x00
21061367,0x3E8,false,0,8,0x03,0x00,0x4C,0x00,0x9F,0x04,0x00,0x00
21061491,0x3E8,false,0,8,0x04,0x00,0x00,0x00,0x90,0x01,0x9A,0x04
21061630,0x3E8,false,0,8,0x05,0x00,0x00,0x00,0x00,0x00,0x00,0x00
21061767,0x3E8,false,0,8,0x06,0x00,0x00,0x00,0x00,0x00,0x00,0x00
21061904,0x3E8,false,0,8,0x07,0x00,0x00,0x00,0x00,0x00,0x07,0x00
21062041,0x3E8,false,0,8,0x08,0x00,0x4F,0x00,0x07,0x00,0x00,0x00
21062179,0x3E8,false,0,8,0x09,0x00,0x00,0x00,0x00,0x00,0x00,0x00
21062316,0x3E8,false,0,8,0x0A,0x00,0x00,0x00,0x00,0x00,0x00,0x00
21062453,0x3E8,false,0,8,0x0B,0x00,0x00,0x00,0x00,0x00,0x00,0x00
21062577,0x3E8,false,0,8,0x0C,0x00,0x00,0x00,0x00,0x00,0x00,0x00
21062706,0x3E8,false,0,8,0x0D,0x00,0x00,0x00,0x05,0x00,0x10,0x00
21110669,0x3E8,false,0,8,0x00,0x00,0x00,0x00,0x66,0x00,0x65,0x00
21110917,0x44C,false,0,8,0x00,0x00,0x19,0x00,0x1A,0x00,0x00,0x00
21111052,0x3E8,false,0,8,0x01,0x00,0xF2,0x03,0x09,0x00,0x00,0x00
21111188,0x44C,false,0,8,0x01,0x00,0x01,0x00,0x00,0x00,0x00,0x00
21111312,0x3E8,false,0,8,0x02,0x00,0x00,0x00,0x00,0x00,0x54,0x00
21111449,0x3E8,false,0,8,0x03,0x00,0x4C,0x00,0x9F,0x04,0x00,0x00
21111588,0x3E8,false,0,8,0x04,0x00,0x00,0x00,0x90,0x01,0x9A,0x04
21111724,0x3E8,false,0,8,0x05,0x00,0x00,0x00,0x00,0x00,0x00,0x00
21111859,0x3E8,false,0,8,0x06,0x00,0x00,0x00,0x00,0x00,0x00,0x00
21111997,0x3E8,false,0,8,0x07,0x00,0x00,0x00,0x00,0x00,0x07,0x00
21112135,0x3E8,false,0,8,0x08,0x00,0x4F,0x00,0x07,0x00,0x00,0x00
21112271,0x3E8,false,0,8,0x09,0x00,0x00,0x00,0x00,0x00,0x00,0x00
21112396,0x3E8,false,0,8,0x0A,0x00,0x00,0x00,0x00,0x00,0x00,0x00
21112534,0x3E8,false,0,8,0x0B,0x00,0x00,0x00,0x00,0x00,0x00,0x00
21112663,0x3E8,false,0,8,0x0C,0x00,0x00,0x00,0x00,0x00,0x00,0x00
21112794,0x3E8,false,0,8,0x0D,0x00,0x00,0x00,0x05,0x00,0x10,0x00
21160675,0x3E8,false,0,8,0x00,0x00,0x00,0x00,0x66,0x00,0x65,0x00
21160924,0x44C,false,0,8,0x00,0x00,0x19,0x00,0x1A,0x00,0x00,0x00
21161065,0x3E8,false,0,8,0x01,0x00,0xF2,0x03,0x05,0x00,0x00,0x00
21161206,0x44C,false,0,8,0x01,0x00,0x01,0x00,0x00,0x00,0x00,0x00
21161354,0x3E8,false,0,8,0x02,0x00,0x00,0x00,0x00,0x00,0x54,0x00
21161488,0x3E8,false,0,8,0x03,0x00,0x4C,0x00,0x9F,0x04,0x00,0x00
21161634,0x3E8,false,0,8,0x04,0x00,0x00,0x00,0x90,0x01,0x9A,0x04
21161779,0x3E8,false,0,8,0x05,0x00,0x00,0x00,0x00,0x00,0x00,0x00
21161924,0x3E8,false,0,8,0x06,0x00,0x00,0x00,0x00,0x00,0x00,0x00
21162073,0x3E8,false,0,8,0x07,0x00,0x00,0x00,0x00,0x00,0x07,0x00
21162224,0x3E8,false,0,8,0x08,0x00,0x4F,0x00,0x07,0x00,0x00,0x00
21162352,0x3E8,false,0,8,0x09,0x00,0x00,0x00,0x00,0x00,0x00,0x00
21162506,0x3E8,false,0,8,0x0A,0x00,0x00,0x00,0x00,0x00,0x00,0x00
21162654,0x3E8,false,0,8,0x0B,0x00,0x00,0x00,0x00,0x00,0x00,0x00
21162780,0x3E8,false,0,8,0x0C,0x00,0x00,0x00,0x00,0x00,0x00,0x00
21162904,0x3E8,false,0,8,0x0D,0x00,0x00,0x00,0x05,0x00,0x10,0x00
21210662,0x3E8,false,0,8,0x00,0x00,0x00,0x00,0x66,0x00,0x65,0x00
21210899,0x44C,false,0,8,0x00,0x00,0x19,0x00,0x1A,0x00,0x00,0x00
21211036,0x3E8,false,0,8,0x01,0x00,0xF2,0x03,0x05,0x00,0x00,0x00
21211173,0x44C,false,0,8,0x01,0x00,0x01,0x00,0x00,0x00,0x00,0x00
21211310,0x3E8,false,0,8,0x02,0x00,0x00,0x00,0x00,0x00,0x54,0x00
21211447,0x3E8,false,0,8,0x03,0x00,0x4C,0x00,0x9F,0x04,0x00,0x00
21211571,0x3E8,false,0,8,0x04,0x00,0x00,0x00,0x90,0x01,0x9A,0x04
21211696,0x3E8,false,0,8,0x05,0x00,0x00,0x00,0x00,0x00,0x00,0x00
21214644,0x3E8,false,0,8,0x06,0x00,0x00,0x00,0x00,0x00,0x00,0x00
21226258,0x3E8,false,0,8,0x07,0x00,0x00,0x00,0x00,0x00,0x07,0x00
21226383,0x3E8,false,0,8,0x08,0x00,0x4F,0x00,0x07,0x00,0x00,0x00
21226507,0x3E8,false,0,8,0x09,0x00,0x00,0x00,0x00,0x00,0x00,0x00
21226637,0x3E8,false,0,8,0x0A,0x00,0x00,0x00,0x00,0x00,0x00,0x00
21226761,0x3E8,false,0,8,0x0B,0x00,0x00,0x00,0x00,0x00,0x00,0x00
21226886,0x3E8,false,0,8,0x0C,0x00,0x00,0x00,0x00,0x00,0x00,0x00
21227011,0x3E8,false,0,8,0x0D,0x00,0x00,0x00,0x05,0x00,0x10,0x00
21262646,0x3E8,false,0,8,0x00,0x00,0x00,0x00,0x66,0x00,0x65,0x00
21262786,0x44C,false,0,8,0x00,0x00,0x19,0x00,0x1A,0x00,0x00,0x00
21262921,0x3E8,false,0,8,0x01,0x00,0xF2,0x03,0x04,0x00,0x00,0x00
21263056,0x44C,false,0,8,0x01,0x00,0x01,0x00,0x00,0x00,0x00,0x00
21263192,0x3E8,false,0,8,0x02,0x00,0x00,0x00,0x00,0x00,0x54,0x00
21263328,0x3E8,false,0,8,0x03,0x00,0x4C,0x00,0x9F,0x04,0x00,0x00
21263452,0x3E8,false,0,8,0x04,0x00,0x00,0x00,0x90,0x01,0x9A,0x04
21263576,0x3E8,false,0,8,0x05,0x00,0x00,0x00,0x00,0x00,0x00,0x00
21263701,0x3E8,false,0,8,0x06,0x00,0x00,0x00,0x00,0x00,0x00,0x00
21263826,0x3E8,false,0,8,0x07,0x00,0x00,0x00,0x00,0x00,0x07,0x00
21263950,0x3E8,false,0,8,0x08,0x00,0x4F,0x00,0x07,0x00,0x00,0x00
21264075,0x3E8,false,0,8,0x09,0x00,0x00,0x00,0x00,0x00,0x00,0x00
21264199,0x3E8,false,0,8,0x0A,0x00,0x00,0x00,0x00,0x00,0x00,0x00
21264324,0x3E8,false,0,8,0x0B,0x00,0x00,0x00,0x00,0x00,0x00,0x00
21264448,0x3E8,false,0,8,0x0C,0x00,0x00,0x00,0x00,0x00,0x00,0x00
21264573,0x3E8,false,0,8,0x0D,0x00,0x00,0x00,0x05,0x00,0x10,0x00
21312667,0x3E8,false,0,8,0x00,0x00,0x00,0x00,0x66,0x00,0x65,0x00
21312876,0x44C,false,0,8,0x00,0x00,0x19,0x00,0x1A,0x00,0x00,0x00
21313011,0x3E8,false,0,8,0x01,0x00,0xF2,0x03,0x04,0x00,0x00,0x00
21313146,0x44C,false,0,8,0x01,0x00,0x01,0x00,0x00,0x00,0x00,0x00
21313285,0x3E8,false,0,8,0x02,0x00,0x00,0x00,0x00,0x00,0x54,0x00
21313409,0x3E8,false,0,8,0x03,0x00,0x4C,0x00,0x9F,0x04,0x00,0x00
21313533,0x3E8,false,0,8,0x04,0x00,0x00,0x00,0x90,0x01,0x9A,0x04
21313660,0x3E8,false,0,8,0x05,0x00,0x00,0x00,0x00,0x00,0x00,0x00
21313784,0x3E8,false,0,8,0x06,0x00,0x00,0x00,0x00,0x00,0x00,0x00
21313909,0x3E8,false,0,8,0x07,0x00,0x00,0x00,0x00,0x00,0x07,0x00
21314033,0x3E8,false,0,8,0x08,0x00,0x4F,0x00,0x07,0x00,0x00,0x00
21314158,0x3E8,false,0,8,0x09,0x00,0x00,0x00,0x00,0x00,0x00,0x00
21314282,0x3E8,false,0,8,0x0A,0x00,0x00,0x00,0x00,0x00,0x00,0x00
21314407,0x3E8,false,0,8,0x0B,0x00,0x00,0x00,0x00,0x00,0x00,0x00
21314532,0x3E8,false,0,8,0x0C,0x00,0x00,0x00,0x00,0x00,0x00,0x00
21314661,0x3E8,false,0,8,0x0D,0x00,0x00,0x00,0x05,0x00,0x10,0x00
21362669,0x3E8,false,0,8,0x00,0x00,0x00,0x00,0x66,0x00,0x65,0x00
21362901,0x44C,false,0,8,0x00,0x00,0x19,0x00,0x1A,0x00,0x00,0x00
21363035,0x3E8,false,0,8,0x01,0x00,0xF2,0x03,0x04,0x00,0x00,0x00
21363169,0x44C,false,0,8,0x01,0x00,0x01,0x00,0x00,0x00,0x00,0x00
21363307,0x3E8,false,0,8,0x02,0x00,0x00,0x00,0x00,0x00,0x54,0x00
21363443,0x3E8,false,0,8,0x03,0x00,0x4C,0x00,0x9F,0x04,0x00,0x00
21363579,0x3E8,false,0,8,0x04,0x00,0x00,0x00,0x90,0x01,0x9A,0x04
21363704,0x3E8,false,0,8,0x05,0x00,0x00,0x00,0x00,0x00,0x00,0x00
21363829,0x3E8,false,0,8,0x06,0x00,0x00,0x00,0x00,0x00,0x00,0x00
21363954,0x3E8,false,0,8,0x07,0x00,0x00,0x00,0x00,0x00,0x07,0x00
21364078,0x3E8,false,0,8,0x08,0x00,0x4F,0x00,0x07,0x00,0x00,0x00
21364202,0x3E8,false,0,8,0x09,0x00,0x00,0x00,0x00,0x00,0x00,0x00
21364327,0x3E8,false,0,8,0x0A,0x00,0x00,0x00,0x00,0x00,0x00,0x00
21364452,0x3E8,false,0,8,0x0B,0x00,0x00,0x00,0x00,0x00,0x00,0x00
21364576,0x3E8,false,0,8,0x0C,0x00,0x00,0x00,0x00,0x00,0x00,0x00
21364705,0x3E8,false,0,8,0x0D,0x00,0x00,0x00,0x05,0x00,0x10,0x00
21412659,0x3E8,false,0,8,0x00,0x00,0x00,0x00,0x66,0x00,0x65,0x00
21412885,0x44C,false,0,8,0x00,0x00,0x19,0x00,0x1A,0x00,0x00,0x00
21413012,0x3E8,false,0,8,0x01,0x00,0xF2,0x03,0x04,0x00,0x00,0x00
21413144,0x44C,false,0,8,0x01,0x00,0x01,0x00,0x00,0x00,0x00,0x00
21413289,0x3E8,false,0,8,0x02,0x00,0x00,0x00,0x00,0x00,0x54,0x00
21413438,0x3E8,false,0,8,0x03,0x00,0x4C,0x00,0x9F,0x04,0x00,0x00
21413583,0x3E8,false,0,8,0x04,0x00,0x00,0x00,0x90,0x01,0x9A,0x04
21413733,0x3E8,false,0,8,0x05,0x00,0x00,0x00,0x00,0x00,0x00,0x00
21426933,0x3E8,false,0,8,0x06,0x00,0x00,0x00,0x00,0x00,0x00,0x00
21427061,0x3E8,false,0,8,0x07,0x00,0x00,0x00,0x00,0x00,0x07,0x00
21427185,0x3E8,false,0,8,0x08,0x00,0x4F,0x00,0x07,0x00,0x00,0x00
21427310,0x3E8,false,0,8,0x09,0x00,0x00,0x00,0x00,0x00,0x00,0x00
21427434,0x3E8,false,0,8,0x0A,0x00,0x00,0x00,0x00,0x00,0x00,0x00
21427559,0x3E8,false,0,8,0x0B,0x00,0x00,0x00,0x00,0x00,0x00,0x00
21427685,0x3E8,false,0,8,0x0C,0x00,0x00,0x00,0x00,0x00,0x00,0x00
21427809,0x3E8,false,0,8,0x0D,0x00,0x00,0x00,0x05,0x00,0x10,0x00
21462652,0x3E8,false,0,8,0x00,0x00,0x00,0x00,0x66,0x00,0x65,0x00
21462837,0x44C,false,0,8,0x00,0x00,0x19,0x00,0x1A,0x00,0x00,0x00
21462972,0x3E8,false,0,8,0x01,0x00,0xF2,0x03,0x04,0x00,0x00,0x00
21463097,0x44C,false,0,8,0x01,0x00,0x01,0x00,0x00,0x00,0x00,0x00
21463221,0x3E8,false,0,8,0x02,0x00,0x00,0x00,0x00,0x00,0x54,0x00
21463357,0x3E8,false,0,8,0x03,0x00,0x4C,0x00,0x9F,0x04,0x00,0x00
21463493,0x3E8,false,0,8,0x04,0x00,0x00,0x00,0x90,0x01,0x9A,0x04
21463643,0x3E8,false,0,8,0x05,0x00,0x00,0x00,0x00,0x00,0x00,0x00
21463768,0x3E8,false,0,8,0x06,0x00,0x00,0x00,0x00,0x00,0x00,0x00
21463914,0x3E8,false,0,8,0x07,0x00,0x00,0x00,0x00,0x00,0x07,0x00
21464039,0x3E8,false,0,8,0x08,0x00,0x4F,0x00,0x07,0x00,0x00,0x00
21464177,0x3E8,false,0,8,0x09,0x00,0x00,0x00,0x00,0x00,0x00,0x00
21464301,0x3E8,false,0,8,0x0A,0x00,0x00,0x00,0x00,0x00,0x00,0x00
21464426,0x3E8,false,0,8,0x0B,0x00,0x00,0x00,0x00,0x00,0x00,0x00
21464550,0x3E8,false,0,8,0x0C,0x00,0x00,0x00,0x00,0x00,0x00,0x00
21464680,0x3E8,false,0,8,0x0D,0x00,0x00,0x00,0x05,0x00,0x10,0x00
21512669,0x3E8,false,0,8,0x00,0x00,0x00,0x00,0x66,0x00,0x65,0x00
21512906,0x44C,false,0,8,0x00,0x00,0x19,0x00,0x1A,0x00,0x00,0x00
21513030,0x3E8,false,0,8,0x01,0x00,0xF2,0x03,0x04,0x00,0x00,0x00
21513166,0x44C,false,0,8,0x01,0x00,0x01,0x00,0x00,0x00,0x00,0x00
21513304,0x3E8,false,0,8,0x02,0x00,0x00,0x00,0x00,0x00,0x54,0x00
21513441,0x3E8,false,0,8,0x03,0x00,0x4C,0x00,0x9F,0x04,0x00,0x00
21513578,0x3E8,false,0,8,0x04,0x00,0x00,0x00,0x90,0x01,0x9A,0x04
21513716,0x3E8,false,0,8,0x05,0x00,0x00,0x00,0x00,0x00,0x00,0x00
21513854,0x3E8,false,0,8,0x06,0x00,0x00,0x00,0x00,0x00,0x00,0x00
21513991,0x3E8,false,0,8,0x07,0x00,0x00,0x00,0x00,0x00,0x07,0x00
21514127,0x3E8,false,0,8,0x08,0x00,0x4F,0x00,0x07,0x00,0x00,0x00
21514251,0x3E8,false,0,8,0x09,0x00,0x00,0x00,0x00,0x00,0x00,0x00
21514376,0x3E8,false,0,8,0x0A,0x00,0x00,0x00,0x00,0x00,0x00,0x00
21514500,0x3E8,false,0,8,0x0B,0x00,0x00,0x00,0x00,0x00,0x00,0x00
21514629,0x3E8,false,0,8,0x0C,0x00,0x00,0x00,0x00,0x00,0x00,0x00
21514754,0x3E8,false,0,8,0x0D,0x00,0x00,0x00,0x05,0x00,0x10,0x00
21562649,0x3E8,false,0,8,0x00,0x00,0x00,0x00,0x66,0x00,0x65,0x00
21562820,0x44C,false,0,8,0x00,0x00,0x19,0x00,0x1A,0x00,0x00,0x00
21562957,0x3E8,false,0,8,0x01,0x00,0xF2,0x03,0x04,0x00,0x00,0x00
21563081,0x44C,false,0,8,0x01,0x00,0x01,0x00,0x00,0x00,0x00,0x00
21563217,0x3E8,false,0,8,0x02,0x00,0x00,0x00,0x00,0x00,0x54,0x00
21563365,0x3E8,false,0,8,0x03,0x00,0x4C,0x00,0x9F,0x04,0x00,0x00
21563519,0x3E8,false,0,8,0x04,0x00,0x00,0x00,0x90,0x01,0x9A,0x04
21563667,0x3E8,false,0,8,0x05,0x00,0x00,0x00,0x00,0x00,0x00,0x00
21563819,0x3E8,false,0,8,0x06,0x00,0x00,0x00,0x00,0x00,0x00,0x00
21563961,0x3E8,false,0,8,0x07,0x00,0x00,0x00,0x00,0x00,0x07,0x00
21564103,0x3E8,false,0,8,0x08,0x00,0x4F,0x00,0x07,0x00,0x00,0x00
21564240,0x3E8,false,0,8,0x09,0x00,0x00,0x00,0x00,0x00,0x00,0x00
21564379,0x3E8,false,0,8,0x0A,0x00,0x00,0x00,0x00,0x00,0x00,0x00
21564504,0x3E8,false,0,8,0x0B,0x00,0x00,0x00,0x00,0x00,0x00,0x00
21564632,0x3E8,false,0,8,0x0C,0x00,0x00,0x00,0x00,0x00,0x00,0x00
21564757,0x3E8,false,0,8,0x0D,0x00,0x00,0x00,0x05,0x00,0x10,0x00
21612671,0x3E8,false,0,8,0x00,0x00,0x00,0x00,0x66,0x00,0x65,0x00
21612918,0x44C,false,0,8,0x00,0x00,0x19,0x00,0x1A,0x00,0x00,0x00
21613057,0x3E8,false,0,8,0x01,0x00,0xF2,0x03,0x04,0x00,0x00,0x00
21613193,0x44C,false,0,8,0x01,0x00,0x01,0x00,0x00,0x00,0x00,0x00
21613330,0x3E8,false,0,8,0x02,0x00,0x00,0x00,0x00,0x00,0x54,0x00
21620714,0x3E8,false,0,8,0x03,0x00,0x4C,0x00,0x9F,0x04,0x00,0x00
21621043,0x3E8,false,0,8,0x04,0x00,0x00,0x00,0x90,0x01,0x9A,0x04
21634848,0x3E8,false,0,8,0x05,0x00,0x00,0x00,0x00,0x00,0x00,0x00
21634973,0x3E8,false,0,8,0x06,0x00,0x00,0x00,0x00,0x00,0x00,0x00
21635097,0x3E8,false,0,8,0x07,0x00,0x00,0x00,0x00,0x00,0x07,0x00
21635222,0x3E8,false,0,8,0x08,0x00,0x4F,0x00,0x07,0x00,0x00,0x00
21635346,0x3E8,false,0,8,0x09,0x00,0x00,0x00,0x00,0x00,0x00,0x00
21635471,0x3E8,false,0,8,0x0A,0x00,0x00,0x00,0x00,0x00,0x00,0x00
21635595,0x3E8,false,0,8,0x0B,0x00,0x00,0x00,0x00,0x00,0x00,0x00
21635720,0x3E8,false,0,8,0x0C,0x00,0x00,0x00,0x00,0x00,0x00,0x00
21635845,0x3E8,false,0,8,0x0D,0x00,0x00,0x00,0x05,0x00,0x10,0x00
21662661,0x3E8,false,0,8,0x00,0x00,0x00,0x00,0x66,0x00,0x65,0x00
21662907,0x44C,false,0,8,0x00,0x00,0x19,0x00,0x1A,0x00,0x00,0x00
21663043,0x3E8,false,0,8,0x01,0x00,0xF2,0x03,0x04,0x00,0x00,0x00
21663180,0x44C,false,0,8,0x01,0x00,0x01,0x00,0x00,0x00,0x00,0x00
21663317,0x3E8,false,0,8,0x02,0x00,0x00,0x00,0x00,0x00,0x54,0x00
21663453,0x3E8,false,0,8,0x03,0x00,0x4C,0x00,0x9F,0x04,0x00,0x00
21663594,0x3E8,false,0,8,0x04,0x00,0x00,0x00,0x90,0x01,0x9A,0x04
21663719,0x3E8,false,0,8,0x05,0x00,0x00,0x00,0x00,0x00,0x00,0x00
21663855,0x3E8,false,0,8,0x06,0x00,0x00,0x00,0x00,0x00,0x00,0x00
21668062,0x3E8,false,0,8,0x07,0x00,0x00,0x00,0x00,0x00,0x07,0x00
21668358,0x3E8,false,0,8,0x08,0x00,0x4F,0x00,0x07,0x00,0x00,0x00
21668488,0x3E8,false,0,8,0x09,0x00,0x00,0x00,0x00,0x00,0x00,0x00
21668625,0x3E8,false,0,8,0x0A,0x00,0x00,0x00,0x00,0x00,0x00,0x00
21668760,0x3E8,false,0,8,0x0B,0x00,0x00,0x00,0x00,0x00,0x00,0x00
21668901,0x3E8,false,0,8,0x0C,0x00,0x00,0x00,0x00,0x00,0x00,0x00
21669029,0x3E8,false,0,8,0x0D,0x00,0x00,0x00,0x05,0x00,0x10,0x00
21714663,0x3E8,false,0,8,0x00,0x00,0x00,0x00,0x66,0x00,0x65,0x00
21714940,0x44C,false,0,8,0x00,0x00,0x19,0x00,0x1A,0x00,0x00,0x00
21715072,0x3E8,false,0,8,0x01,0x00,0xF2,0x03,0x04,0x00,0x00,0x00
21715204,0x44C,false,0,8,0x01,0x00,0x01,0x00,0x00,0x00,0x00,0x00
21715338,0x3E8,false,0,8,0x02,0x00,0x00,0x00,0x00,0x00,0x54,0x00
21715470,0x3E8,false,0,8,0x03,0x00,0x4C,0x00,0x9F,0x04,0x00,0x00
21715602,0x3E8,false,0,8,0x04,0x00,0x00,0x00,0x90,0x01,0x9A,0x04
21715734,0x3E8,false,0,8,0x05,0x00,0x00,0x00,0x00,0x00,0x00,0x00
21715866,0x3E8,false,0,8,0x06,0x00,0x00,0x00,0x00,0x00,0x00,0x00
21715998,0x3E8,false,0,8,0x07,0x00,0x00,0x00,0x00,0x00,0x07,0x00
21716131,0x3E8,false,0,8,0x08,0x00,0x4F,0x00,0x07,0x00,0x00,0x00
21716262,0x3E8,false,0,8,0x09,0x00,0x00,0x00,0x00,0x00,0x00,0x00
21716395,0x3E8,false,0,8,0x0A,0x00,0x00,0x00,0x00,0x00,0x00,0x00
21716526,0x3E8,false,0,8,0x0B,0x00,0x00,0x00,0x00,0x00,0x00,0x00
21716664,0x3E8,false,0,8,0x0C,0x00,0x00,0x00,0x00,0x00,0x00,0x00
21716796,0x3E8,false,0,8,0x0D,0x00,0x00,0x00,0x05,0x00,0x10,0x00
21764656,0x3E8,false,0,8,0x00,0x00,0x00,0x00,0x66,0x00,0x65,0x00
21764900,0x44C,false,0,8,0x00,0x00,0x19,0x00,0x1A,0x00,0x00,0x00
21765041,0x3E8,false,0,8,0x01,0x00,0xF2,0x03,0x04,0x00,0x00,0x00
21765183,0x44C,false,0,8,0x01,0x00,0x01,0x00,0x00,0x00,0x00,0x00
21765315,0x3E8,false,0,8,0x02,0x00,0x00,0x00,0x00,0x00,0x54,0x00
21765447,0x3E8,false,0,8,0x03,0x00,0x4C,0x00,0x9F,0x04,0x00,0x00
21765578,0x3E8,false,0,8,0x04,0x00,0x00,0x00,0x90,0x01,0x9A,0x04
21765708,0x3E8,false,0,8,0x05,0x00,0x00,0x00,0x00,0x00,0x00,0x00
21765840,0x3E8,false,0,8,0x06,0x00,0x00,0x00,0x00,0x00,0x00,0x00
21765971,0x3E8,false,0,8,0x07,0x00,0x00,0x00,0x00,0x00,0x07,0x00
21766103,0x3E8,false,0,8,0x08,0x00,0x4F,0x00,0x07,0x00,0x00,0x00
21766235,0x3E8,false,0,8,0x09,0x00,0x00,0x00,0x00,0x00,0x00,0x00
21766368,0x3E8,false,0,8,0x0A,0x00,0x00,0x00,0x00,0x00,0x00,0x00
21766500,0x3E8,false,0,8,0x0B,0x00,0x00,0x00,0x00,0x00,0x00,0x00
21766638,0x3E8,false,0,8,0x0C,0x00,0x00,0x00,0x00,0x00,0x00,0x00
21766769,0x3E8,false,0,8,0x0D,0x00,0x00,0x00,0x05,0x00,0x10,0x00
21815088,0x3E8,false,0,8,0x00,0x00,0x00,0x00,0x66,0x00,0x65,0x00
21815356,0x44C,false,0,8,0x00,0x00,0x19,0x00,0x1A,0x00,0x00,0x00
21815495,0x3E8,false,0,8,0x01,0x00,0xF2,0x03,0x04,0x00,0x00,0x00
21815632,0x44C,false,0,8,0x01,0x00,0x01,0x00,0x00,0x00,0x00,0x00
21815769,0x3E8,false,0,8,0x02,0x00,0x00,0x00,0x00,0x00,0x54,0x00
21815895,0x3E8,false,0,8,0x03,0x00,0x4C,0x00,0x9F,0x04,0x00,0x00
21829975,0x3E8,false,0,8,0x04,0x00,0x00,0x00,0x90,0x01,0x9A,0x04
21830107,0x3E8,false,0,8,0x05,0x00,0x00,0x00,0x00,0x00,0x00,0x00
21830231,0x3E8,false,0,8,0x06,0x00,0x00,0x00,0x00,0x00,0x00,0x00
21830356,0x3E8,false,0,8,0x07,0x00,0x00,0x00,0x00,0x00,0x07,0x00
21830480,0x3E8,false,0,8,0x08,0x00,0x4F,0x00,0x07,0x00,0x00,0x00
21830609,0x3E8,false,0,8,0x09,0x00,0x00,0x00,0x00,0x00,0x00,0x00
21830734,0x3E8,false,0,8,0x0A,0x00,0x00,0x00,0x00,0x00,0x00,0x00
21830858,0x3E8,false,0,8,0x0B,0x00,0x00,0x00,0x00,0x00,0x00,0x00
21830983,0x3E8,false,0,8,0x0C,0x00,0x00,0x00,0x00,0x00,0x00,0x00
21831107,0x3E8,false,0,8,0x0D,0x00,0x00,0x00,0x05,0x00,0x10,0x00
21865038,0x3E8,false,0,8,0x00,0x00,0x00,0x00,0x66,0x00,0x65,0x00
21865284,0x44C,false,0,8,0x00,0x00,0x19,0x00,0x1A,0x00,0x00,0x00
21865421,0x3E8,false,0,8,0x01,0x00,0xF2,0x03,0x04,0x00,0x00,0x00
21865557,0x44C,false,0,8,0x01,0x00,0x01,0x00,0x00,0x00,0x00,0x00
21865697,0x3E8,false,0,8,0x02,0x00,0x00,0x00,0x00,0x00,0x54,0x00
21865835,0x3E8,false,0,8,0x03,0x00,0x4C,0x00,0x9F,0x04,0x00,0x00
21865959,0x3E8,false,0,8,0x04,0x00,0x00,0x00,0x90,0x01,0x9A,0x04
21866083,0x3E8,false,0,8,0x05,0x00,0x00,0x00,0x00,0x00,0x00,0x00
21866207,0x3E8,false,0,8,0x06,0x00,0x00,0x00,0x00,0x00,0x00,0x00
21866332,0x3E8,false,0,8,0x07,0x00,0x00,0x00,0x00,0x00,0x07,0x00
21866457,0x3E8,false,0,8,0x08,0x00,0x4F,0x00,0x07,0x00,0x00,0x00
21866581,0x3E8,false,0,8,0x09,0x00,0x00,0x00,0x00,0x00,0x00,0x00
21866710,0x3E8,false,0,8,0x0A,0x00,0x00,0x00,0x00,0x00,0x00,0x00
21866834,0x3E8,false,0,8,0x0B,0x00,0x00,0x00,0x00,0x00,0x00,0x00
21866959,0x3E8,false,0,8,0x0C,0x00,0x00,0x00,0x00,0x00,0x00,0x00
21867083,0x3E8,false,0,8,0x0D,0x00,0x00,0x00,0x05,0x00,0x10,0x00
21914662,0x3E8,false,0,8,0x00,0x00,0x00,0x00,0x66,0x00,0x65,0x00
21914912,0x44C,false,0,8,0x00,0x00,0x19,0x00,0x1A,0x00,0x00,0x00
21915047,0x3E8,false,0,8,0x01,0x00,0xF2,0x03,0x04,0x00,0x00,0x00
21915186,0x44C,false,0,8,0x01,0x00,0x01,0x00,0x00,0x00,0x00,0x00
21915320,0x3E8,false,0,8,0x02,0x00,0x00,0x00,0x00,0x00,0x54,0x00
21915446,0x3E8,false,0,8,0x03,0x00,0x4C,0x00,0x9F,0x04,0x00,0x00
21915584,0x3E8,false,0,8,0x04,0x00,0x00,0x00,0x90,0x01,0x9A,0x04
21915721,0x3E8,false,0,8,0x05,0x00,0x00,0x00,0x00,0x00,0x00,0x00
21915856,0x3E8,false,0,8,0x06,0x00,0x00,0x00,0x00,0x00,0x00,0x00
21915981,0x3E8,false,0,8,0x07,0x00,0x00,0x00,0x00,0x00,0x07,0x00
21916106,0x3E8,false,0,8,0x08,0x00,0x4F,0x00,0x07,0x00,0x00,0x00
21916231,0x3E8,false,0,8,0x09,0x00,0x00,0x00,0x00,0x00,0x00,0x00
21916356,0x3E8,false,0,8,0x0A,0x00,0x00,0x00,0x00,0x00,0x00,0x00
21916481,0x3E8,false,0,8,0x0B,0x00,0x00,0x00,0x00,0x00,0x00,0x00
21916610,0x3E8,false,0,8,0x0C,0x00,0x00,0x00,0x00,0x00,0x00,0x00
21916736,0x3E8,false,0,8,0x0D,0x00,0x00,0x00,0x05,0x00,0x10,0x00
21964671,0x3E8,false,0,8,0x00,0x00,0x00,0x00,0x66,0x00,0x65,0x00
21964912,0x44C,false,0,8,0x00,0x00,0x19,0x00,0x1A,0x00,0x00,0x00
21965037,0x3E8,false,0,8,0x01,0x00,0xF2,0x03,0x04,0x00,0x00,0x00
21965173,0x44C,false,0,8,0x01,0x00,0x01,0x00,0x00,0x00,0x00,0x00
21965313,0x3E8,false,0,8,0x02,0x00,0x00,0x00,0x00,0x00,0x54,0x00
21965451,0x3E8,false,0,8,0x03,0x00,0x4C,0x00,0x9F,0x04,0x00,0x00
21965590,0x3E8,false,0,8,0x04,0x00,0x00,0x00,0x90,0x01,0x9A,0x04
21965727,0x3E8,false,0,8,0x05,0x00,0x00,0x00,0x00,0x00,0x00,0x00
21965863,0x3E8,false,0,8,0x06,0x00,0x00,0x00,0x00,0x00,0x00,0x00
21966001,0x3E8,false,0,8,0x07,0x00,0x00,0x00,0x00,0x00,0x07,0x00
21966127,0x3E8,false,0,8,0x08,0x00,0x4F,0x00,0x07,0x00,0x00,0x00
21966253,0x3E8,false,0,8,0x09,0x00,0x00,0x00,0x00,0x00,0x00,0x00
21966380,0x3E8,false,0,8,0x0A,0x00,0x00,0x00,0x00,0x00,0x00,0x00
21966505,0x3E8,false,0,8,0x0B,0x00,0x00,0x00,0x00,0x00,0x00,0x00
21966636,0x3E8,false,0,8,0x0C,0x00,0x00,0x00,0x00,0x00,0x00,0x00
21966764,0x3E8,false,0,8,0x0D,0x00,0x00,0x00,0x05,0x00,0x10,0x00
22014658,0x3E8,false,0,8,0x00,0x00,0x00,0x00,0x66,0x00,0x65,0x00
22014883,0x44C,false,0,8,0x00,0x00,0x19,0x00,0x1A,0x00,0x00,0x00
22015007,0x3E8,false,0,8,0x01,0x00,0xF2,0x03,0x04,0x00,0x00,0x00
22015131,0x44C,false,0,8,0x01,0x00,0x01,0x00,0x00,0x00,0x00,0x00
22015256,0x3E8,false,0,8,0x02,0x00,0x00,0x00,0x00,0x00,0x54,0x00
22015380,0x3E8,false,0,8,0x03,0x00,0x4C,0x00,0x9F,0x04,0x00,0x00
22015504,0x3E8,false,0,8,0x04,0x00,0x00,0x00,0x90,0x01,0x9A,0x04
22015630,0x3E8,false,0,8,0x05,0x00,0x00,0x00,0x00,0x00,0x00,0x00
22015768,0x3E8,false,0,8,0x06,0x00,0x00,0x00,0x00,0x00,0x00,0x00
22015904,0x3E8,false,0,8,0x07,0x00,0x00,0x00,0x00,0x00,0x07,0x00
22016042,0x3E8,false,0,8,0x08,0x00,0x4F,0x00,0x07,0x00,0x00,0x00
22016181,0x3E8,false,0,8,0x09,0x00,0x00,0x00,0x00,0x00,0x00,0x00
22016317,0x3E8,false,0,8,0x0A,0x00,0x00,0x00,0x00,0x00,0x00,0x00
22018679,0x3E8,false,0,8,0x0B,0x00,0x00,0x00,0x00,0x00,0x00,0x00
22018876,0x3E8,false,0,8,0x0C,0x00,0x00,0x00,0x00,0x00,0x00,0x00
22019002,0x3E8,false,0,8,0x0D,0x00,0x00,0x00,0x05,0x00,0x10,0x00
22064663,0x3E8,false,0,8,0x00,0x00,0x00,0x00,0x66,0x00,0x65,0x00
22064871,0x44C,false,0,8,0x00,0x00,0x19,0x00,0x1A,0x00,0x00,0x00
22065006,0x3E8,false,0,8,0x01,0x00,0xF2,0x03,0x04,0x00,0x00,0x00
22065145,0x44C,false,0,8,0x01,0x00,0x01,0x00,0x00,0x00,0x00,0x00
22065282,0x3E8,false,0,8,0x02,0x00,0x00,0x00,0x00,0x00,0x54,0x00
22065406,0x3E8,false,0,8,0x03,0x00,0x4C,0x00,0x9F,0x04,0x00,0x00
22065545,0x3E8,false,0,8,0x04,0x00,0x00,0x00,0x90,0x01,0x9A,0x04
22065670,0x3E8,false,0,8,0x05,0x00,0x00,0x00,0x00,0x00,0x00,0x00
22065805,0x3E8,false,0,8,0x06,0x00,0x00,0x00,0x00,0x00,0x00,0x00
22065945,0x3E8,false,0,8,0x07,0x00,0x00,0x00,0x00,0x00,0x07,0x00
22066079,0x3E8,false,0,8,0x08,0x00,0x4F,0x00,0x07,0x00,0x00,0x00
22066218,0x3E8,false,0,8,0x09,0x00,0x00,0x00,0x00,0x00,0x00,0x00
22066355,0x3E8,false,0,8,0x0A,0x00,0x00,0x00,0x00,0x00,0x00,0x00
22066493,0x3E8,false,0,8,0x0B,0x00,0x00,0x00,0x00,0x00,0x00,0x00
22066634,0x3E8,false,0,8,0x0C,0x00,0x00,0x00,0x00,0x00,0x00,0x00
22066759,0x3E8,false,0,8,0x0D,0x00,0x00,0x00,0x05,0x00,0x10,0x00
22114671,0x3E8,false,0,8,0x00,0x00,0x00,0x00,0x66,0x00,0x65,0x00
22114923,0x44C,false,0,8,0x00,0x00,0x19,0x00,0x1A,0x00,0x00,0x00
22115061,0x3E8,false,0,8,0x01,0x00,0xF2,0x03,0x04,0x00,0x00,0x00
22115201,0x44C,false,0,8,0x01,0x00,0x01,0x00,0x00,0x00,0x00,0x00
22115338,0x3E8,false,0,8,0x02,0x00,0x00,0x00,0x00,0x00,0x54,0x00
22115464,0x3E8,false,0,8,0x03,0x00,0x4C,0x00,0x9F,0x04,0x00,0x00
22115601,0x3E8,false,0,8,0x04,0x00,0x00,0x00,0x90,0x01,0x9A,0x04
22115739,0x3E8,false,0,8,0x05,0x00,0x00,0x00,0x00,0x00,0x00,0x00
22115876,0x3E8,false,0,8,0x06,0x00,0x00,0x00,0x00,0x00,0x00,0x00
22116014,0x3E8,false,0,8,0x07,0x00,0x00,0x00,0x00,0x00,0x07,0x00
22116152,0x3E8,false,0,8,0x08,0x00,0x4F,0x00,0x07,0x00,0x00,0x00
22116290,0x3E8,false,0,8,0x09,0x00,0x00,0x00,0x00,0x00,0x00,0x00
22116428,0x3E8,false,0,8,0x0A,0x00,0x00,0x00,0x00,0x00,0x00,0x00
22116565,0x3E8,false,0,8,0x0B,0x00,0x00,0x00,0x00,0x00,0x00,0x00
22116695,0x3E8,false,0,8,0x0C,0x00,0x00,0x00,0x00,0x00,0x00,0x00
22116821,0x3E8,false,0,8,0x0D,0x00,0x00,0x00,0x05,0x00,0x10,0x00
22164664,0x3E8,false,0,8,0x00,0x00,0x00,0x00,0x66,0x00,0x65,0x00
22164879,0x44C,false,0,8,0x00,0x00,0x19,0x00,0x1A,0x00,0x00,0x00
22165013,0x3E8,false,0,8,0x01,0x00,0xF2,0x03,0x04,0x00,0x00,0x00
22165148,0x44C,false,0,8,0x01,0x00,0x01,0x00,0x00,0x00,0x00,0x00
22165286,0x3E8,false,0,8,0x02,0x00,0x00,0x00,0x00,0x00,0x54,0x00
22165423,0x3E8,false,0,8,0x03,0x00,0x4C,0x00,0x9F,0x04,0x00,0x00
22165547,0x3E8,false,0,8,0x04,0x00,0x00,0x00,0x90,0x01,0x9A,0x04
22165690,0x3E8,false,0,8,0x05,0x00,0x00,0x00,0x00,0x00,0x00,0x00
22165815,0x3E8,false,0,8,0x06,0x00,0x00,0x00,0x00,0x00,0x00,0x00
22165951,0x3E8,false,0,8,0x07,0x00,0x00,0x00,0x00,0x00,0x07,0x00
22166085,0x3E8,false,0,8,0x08,0x00,0x4F,0x00,0x07,0x00,0x00,0x00
22170333,0x3E8,false,0,8,0x09,0x00,0x00,0x00,0x00,0x00,0x00,0x00
22170666,0x3E8,false,0,8,0x0A,0x00,0x00,0x00,0x00,0x00,0x00,0x00
22170794,0x3E8,false,0,8,0x0B,0x00,0x00,0x00,0x00,0x00,0x00,0x00
22170922,0x3E8,false,0,8,0x0C,0x00,0x00,0x00,0x00,0x00,0x00,0x00
22171048,0x3E8,false,0,8,0x0D,0x00,0x00,0x00,0x05,0x00,0x10,0x00
22214663,0x3E8,false,0,8,0x00,0x00,0x00,0x00,0x66,0x00,0x65,0x00
22214900,0x44C,false,0,8,0x00,0x00,0x19,0x00,0x1A,0x00,0x00,0x00
22215036,0x3E8,false,0,8,0x01,0x00,0xF2,0x03,0x04,0x00,0x00,0x00
22215172,0x44C,false,0,8,0x01,0x00,0x01,0x00,0x00,0x00,0x00,0x00
22215308,0x3E8,false,0,8,0x02,0x00,0x00,0x00,0x00,0x00,0x54,0x00
22215447,0x3E8,false,0,8,0x03,0x00,0x4C,0x00,0x9F,0x04,0x00,0x00
22215583,0x3E8,false,0,8,0x04,0x00,0x00,0x00,0x90,0x01,0x9A,0x04
22215707,0x3E8,false,0,8,0x05,0x00,0x00,0x00,0x00,0x00,0x00,0x00
22218644,0x3E8,false,0,8,0x06,0x00,0x00,0x00,0x00,0x00,0x00,0x00
22218769,0x3E8,false,0,8,0x07,0x00,0x00,0x00,0x00,0x00,0x07,0x00
22218894,0x3E8,false,0,8,0x08,0x00,0x4F,0x00,0x07,0x00,0x00,0x00
22219018,0x3E8,false,0,8,0x09,0x00,0x00,0x00,0x00,0x00,0x00,0x00
22219142,0x3E8,false,0,8,0x0A,0x00,0x00,0x00,0x00,0x00,0x00,0x00
22219267,0x3E8,false,0,8,0x0B,0x00,0x00,0x00,0x00,0x00,0x00,0x00
22219392,0x3E8,false,0,8,0x0C,0x00,0x00,0x00,0x00,0x00,0x00,0x00
22219516,0x3E8,false,0,8,0x0D,0x00,0x00,0x00,0x05,0x00,0x10,0x00
22266661,0x44C,false,0,8,0x00,0x00,0x19,0x00,0x1A,0x00,0x00,0x00
22266894,0x3E8,false,0,8,0x00,0x00,0x00,0x00,0x66,0x00,0x65,0x00
22267030,0x44C,false,0,8,0x01,0x00,0x01,0x00,0x00,0x00,0x00,0x00
22267169,0x3E8,false,0,8,0x01,0x00,0xF2,0x03,0x04,0x00,0x00,0x00
22267305,0x3E8,false,0,8,0x02,0x00,0x00,0x00,0x00,0x00,0x54,0x00
22267442,0x3E8,false,0,8,0x03,0x00,0x4C,0x00,0x9F,0x04,0x00,0x00
22267566,0x3E8,false,0,8,0x04,0x00,0x00,0x00,0x90,0x01,0x9A,0x04
22267691,0x3E8,false,0,8,0x05,0x00,0x00,0x00,0x00,0x00,0x00,0x00
22267815,0x3E8,false,0,8,0x06,0x00,0x00,0x00,0x00,0x00,0x00,0x00
22267940,0x3E8,false,0,8,0x07,0x00,0x00,0x00,0x00,0x00,0x07,0x00
22268065,0x3E8,false,0,8,0x08,0x00,0x4F,0x00,0x07,0x00,0x00,0x00
22268189,0x3E8,false,0,8,0x09,0x00,0x00,0x00,0x00,0x00,0x00,0x00
22268313,0x3E8,false,0,8,0x0A,0x00,0x00,0x00,0x00,0x00,0x00,0x00
22268438,0x3E8,false,0,8,0x0B,0x00,0x00,0x00,0x00,0x00,0x00,0x00
22268563,0x3E8,false,0,8,0x0C,0x00,0x00,0x00,0x00,0x00,0x00,0x00
22268692,0x3E8,false,0,8,0x0D,0x00,0x00,0x00,0x05,0x00,0x10,0x00
22316656,0x3E8,false,0,8,0x00,0x00,0x00,0x00,0x66,0x00,0x65,0x00
22316796,0x44C,false,0,8,0x00,0x00,0x19,0x00,0x1A,0x00,0x00,0x00
22316929,0x3E8,false,0,8,0x01,0x00,0xF2,0x03,0x04,0x00,0x00,0x00
22317054,0x44C,false,0,8,0x01,0x00,0x01,0x00,0x00,0x00,0x00,0x00
22317190,0x3E8,false,0,8,0x02,0x00,0x00,0x00,0x00,0x00,0x54,0x00
22317324,0x3E8,false,0,8,0x03,0x00,0x4C,0x00,0x9F,0x04,0x00,0x00
22317461,0x3E8,false,0,8,0x04,0x00,0x00,0x00,0x90,0x01,0x9A,0x04
22317585,0x3E8,false,0,8,0x05,0x00,0x00,0x00,0x00,0x00,0x00,0x00
22317709,0x3E8,false,0,8,0x06,0x00,0x00,0x00,0x00,0x00,0x00,0x00
22317834,0x3E8,false,0,8,0x07,0x00,0x00,0x00,0x00,0x00,0x07,0x00
22317958,0x3E8,false,0,8,0x08,0x00,0x4F,0x00,0x07,0x00,0x00,0x00
22318083,0x3E8,false,0,8,0x09,0x00,0x00,0x00,0x00,0x00,0x00,0x00
22318207,0x3E8,false,0,8,0x0A,0x00,0x00,0x00,0x00,0x00,0x00,0x00
22318332,0x3E8,false,0,8,0x0B,0x00,0x00,0x00,0x00,0x00,0x00,0x00
22318456,0x3E8,false,0,8,0x0C,0x00,0x00,0x00,0x00,0x00,0x00,0x00
22318581,0x3E8,false,0,8,0x0D,0x00,0x00,0x00,0x05,0x00,0x10,0x00
22366662,0x3E8,false,0,8,0x00,0x00,0x00,0x00,0x66,0x00,0x65,0x00
22366919,0x44C,false,0,8,0x00,0x00,0x19,0x00,0x1A,0x00,0x00,0x00
22367057,0x3E8,false,0,8,0x01,0x00,0xF2,0x03,0x04,0x00,0x00,0x00
22367194,0x44C,false,0,8,0x01,0x00,0x01,0x00,0x00,0x00,0x00,0x00
22367336,0x3E8,false,0,8,0x02,0x00,0x00,0x00,0x00,0x00,0x54,0x00
22367475,0x3E8,false,0,8,0x03,0x00,0x4C,0x00,0x9F,0x04,0x00,0x00
22367611,0x3E8,false,0,8,0x04,0x00,0x00,0x00,0x90,0x01,0x9A,0x04
22367737,0x3E8,false,0,8,0x05,0x00,0x00,0x00,0x00,0x00,0x00,0x00
22367863,0x3E8,false,0,8,0x06,0x00,0x00,0x00,0x00,0x00,0x00,0x00
22367989,0x3E8,false,0,8,0x07,0x00,0x00,0x00,0x00,0x00,0x07,0x00
22368115,0x3E8,false,0,8,0x08,0x00,0x4F,0x00,0x07,0x00,0x00,0x00
22368241,0x3E8,false,0,8,0x09,0x00,0x00,0x00,0x00,0x00,0x00,0x00
22368367,0x3E8,false,0,8,0x0A,0x00,0x00,0x00,0x00,0x00,0x00,0x00
22368493,0x3E8,false,0,8,0x0B,0x00,0x00,0x00,0x00,0x00,0x00,0x00
22368624,0x3E8,false,0,8,0x0C,0x00,0x00,0x00,0x00,0x00,0x00,0x00
22380862,0x3E8,false,0,8,0x0D,0x00,0x00,0x00,0x05,0x00,0x10,0x00
22416660,0x3E8,false,0,8,0x00,0x00,0x00,0x00,0x66,0x00,0x65,0x00
22416885,0x44C,false,0,8,0x00,0x00,0x19,0x00,0x1A,0x00,0x00,0x00
22417009,0x3E8,false,0,8,0x01,0x00,0xF2,0x03,0x04,0x00,0x00,0x00
22417134,0x44C,false,0,8,0x01,0x00,0x01,0x00,0x00,0x00,0x00,0x00
22417258,0x3E8,false,0,8,0x02,0x00,0x00,0x00,0x00,0x00,0x54,0x00
22417397,0x3E8,false,0,8,0x03,0x00,0x4C,0x00,0x9F,0x04,0x00,0x00
22417534,0x3E8,false,0,8,0x04,0x00,0x00,0x00,0x90,0x01,0x9A,0x04
22417672,0x3E8,false,0,8,0x05,0x00,0x00,0x00,0x00,0x00,0x00,0x00
22417808,0x3E8,false,0,8,0x06,0x00,0x00,0x00,0x00,0x00,0x00,0x00
22417944,0x3E8,false,0,8,0x07,0x00,0x00,0x00,0x00,0x00,0x07,0x00
22418081,0x3E8,false,0,8,0x08,0x00,0x4F,0x00,0x07,0x00,0x00,0x00
22418222,0x3E8,false,0,8,0x09,0x00,0x00,0x00,0x00,0x00,0x00,0x00
22418346,0x3E8,false,0,8,0x0A,0x00,0x00,0x00,0x00,0x00,0x00,0x00
22418471,0x3E8,false,0,8,0x0B,0x00,0x00,0x00,0x00,0x00,0x00,0x00
22418612,0x3E8,false,0,8,0x0C,0x00,0x00,0x00,0x00,0x00,0x00,0x00
22418736,0x3E8,false,0,8,0x0D,0x00,0x00,0x00,0x05,0x00,0x10,0x00
22466667,0x3E8,false,0,8,0x00,0x00,0x00,0x00,0x66,0x00,0x65,0x00
22466877,0x44C,false,0,8,0x00,0x00,0x19,0x00,0x1A,0x00,0x00,0x00
22467001,0x3E8,false,0,8,0x01,0x00,0xF2,0x03,0x04,0x00,0x00,0x00
22467139,0x44C,false,0,8,0x01,0x00,0x01,0x00,0x00,0x00,0x00,0x00
22467272,0x3E8,false,0,8,0x02,0x00,0x00,0x00,0x00,0x00,0x54,0x00
22467410,0x3E8,false,0,8,0x03,0x00,0x4C,0x00,0x9F,0x04,0x00,0x00
22467549,0x3E8,false,0,8,0x04,0x00,0x00,0x00,0x90,0x01,0x9A,0x04
22467686,0x3E8,false,0,8,0x05,0x00,0x00,0x00,0x00,0x00,0x00,0x00
22467830,0x3E8,false,0,8,0x06,0x00,0x00,0x00,0x00,0x00,0x00,0x00
22467969,0x3E8,false,0,8,0x07,0x00,0x00,0x00,0x00,0x00,0x07,0x00
22468105,0x3E8,false,0,8,0x08,0x00,0x4F,0x00,0x07,0x00,0x00,0x00
22468244,0x3E8,false,0,8,0x09,0x00,0x00,0x00,0x00,0x00,0x00,0x00
22468369,0x3E8,false,0,8,0x0A,0x00,0x00,0x00,0x00,0x00,0x00,0x00
22468494,0x3E8,false,0,8,0x0B,0x00,0x00,0x00,0x00,0x00,0x00,0x00
22468623,0x3E8,false,0,8,0x0C,0x00,0x00,0x00,0x00,0x00,0x00,0x00
22468748,0x3E8,false,0,8,0x0D,0x00,0x00,0x00,0x05,0x00,0x10,0x00
22516670,0x3E8,false,0,8,0x00,0x00,0x00,0x00,0x66,0x00,0x65,0x00
22516895,0x44C,false,0,8,0x00,0x00,0x19,0x00,0x1A,0x00,0x00,0x00
22517029,0x3E8,false,0,8,0x01,0x00,0xF2,0x03,0x04,0x00,0x00,0x00
22517165,0x44C,false,0,8,0x01,0x00,0x01,0x00,0x00,0x00,0x00,0x00
22517301,0x3E8,false,0,8,0x02,0x00,0x00,0x00,0x00,0x00,0x54,0x00
22517437,0x3E8,false,0,8,0x03,0x00,0x4C,0x00,0x9F,0x04,0x00,0x00
22517561,0x3E8,false,0,8,0x04,0x00,0x00,0x00,0x90,0x01,0x9A,0x04
22517700,0x3E8,false,0,8,0x05,0x00,0x00,0x00,0x00,0x00,0x00,0x00
22517838,0x3E8,false,0,8,0x06,0x00,0x00,0x00,0x00,0x00,0x00,0x00
22517974,0x3E8,false,0,8,0x07,0x00,0x00,0x00,0x00,0x00,0x07,0x00
22518111,0x3E8,false,0,8,0x08,0x00,0x4F,0x00,0x07,0x00,0x00,0x00
22518248,0x3E8,false,0,8,0x09,0x00,0x00,0x00,0x00,0x00,0x00,0x00
22518373,0x3E8,false,0,8,0x0A,0x00,0x00,0x00,0x00,0x00,0x00,0x00
22518498,0x3E8,false,0,8,0x0B,0x00,0x00,0x00,0x00,0x00,0x00,0x00
22518628,0x3E8,false,0,8,0x0C,0x00,0x00,0x00,0x00,0x00,0x00,0x00
22518752,0x3E8,false,0,8,0x0D,0x00,0x00,0x00,0x05,0x00,0x10,0x00
22566672,0x3E8,false,0,8,0x00,0x00,0x00,0x00,0x66,0x00,0x65,0x00
22566918,0x44C,false,0,8,0x00,0x00,0x19,0x00,0x1A,0x00,0x00,0x00
22567056,0x3E8,false,0,8,0x01,0x00,0xF2,0x03,0x04,0x00,0x00,0x00
22567181,0x44C,false,0,8,0x01,0x00,0x01,0x00,0x00,0x00,0x00,0x00
22567319,0x3E8,false,0,8,0x02,0x00,0x00,0x00,0x00,0x00,0x54,0x00
22567444,0x3E8,false,0,8,0x03,0x00,0x4C,0x00,0x9F,0x04,0x00,0x00
22567580,0x3E8,false,0,8,0x04,0x00,0x00,0x00,0x90,0x01,0x9A,0x04
22567718,0x3E8,false,0,8,0x05,0x00,0x00,0x00,0x00,0x00,0x00,0x00
22567854,0x3E8,false,0,8,0x06,0x00,0x00,0x00,0x00,0x00,0x00,0x00
22567991,0x3E8,false,0,8,0x07,0x00,0x00,0x00,0x00,0x00,0x07,0x00
22568128,0x3E8,false,0,8,0x08,0x00,0x4F,0x00,0x07,0x00,0x00,0x00
22568266,0x3E8,false,0,8,0x09,0x00,0x00,0x00,0x00,0x00,0x00,0x00
22568405,0x3E8,false,0,8,0x0A,0x00,0x00,0x00,0x00,0x00,0x00,0x00
22568531,0x3E8,false,0,8,0x0B,0x00,0x00,0x00,0x00,0x00,0x00,0x00
22580275,0x3E8,false,0,8,0x0C,0x00,0x00,0x00,0x00,0x00,0x00,0x00
22580407,0x3E8,false,0,8,0x0D,0x00,0x00,0x00,0x05,0x00,0x10,0x00
22616668,0x3E8,false,0,8,0x00,0x00,0x00,0x00,0x66,0x00,0x65,0x00
22616887,0x44C,false,0,8,0x00,0x00,0x19,0x00,0x1A,0x00,0x00,0x00
22617030,0x3E8,false,0,8,0x01,0x00,0xF2,0x03,0x04,0x00,0x00,0x00
22617171,0x44C,false,0,8,0x01,0x00,0x01,0x00,0x00,0x00,0x00,0x00
22617304,0x3E8,false,0,8,0x02,0x00,0x00,0x00,0x00,0x00,0x54,0x00
22617437,0x3E8,false,0,8,0x03,0x00,0x4C,0x00,0x9F,0x04,0x00,0x00
22617568,0x3E8,false,0,8,0x04,0x00,0x00,0x00,0x90,0x01,0x9A,0x04
22617699,0x3E8,false,0,8,0x05,0x00,0x00,0x00,0x00,0x00,0x00,0x00
22620657,0x3E8,false,0,8,0x06,0x00,0x00,0x00,0x00,0x00,0x00,0x00
22620811,0x3E8,false,0,8,0x07,0x00,0x00,0x00,0x00,0x00,0x07,0x00
22620937,0x3E8,false,0,8,0x08,0x00,0x4F,0x00,0x07,0x00,0x00,0x00
22621063,0x3E8,false,0,8,0x09,0x00,0x00,0x00,0x00,0x00,0x00,0x00
22621188,0x3E8,false,0,8,0x0A,0x00,0x00,0x00,0x00,0x00,0x00,0x00
22621314,0x3E8,false,0,8,0x0B,0x00,0x00,0x00,0x00,0x00,0x00,0x00
22621440,0x3E8,false,0,8,0x0C,0x00,0x00,0x00,0x00,0x00,0x00,0x00
22621565,0x3E8,false,0,8,0x0D,0x00,0x00,0x00,0x05,0x00,0x10,0x00
22668681,0x3E8,false,0,8,0x00,0x00,0x00,0x00,0x66,0x00,0x65,0x00
22668963,0x44C,false,0,8,0x00,0x00,0x19,0x00,0x1A,0x00,0x00,0x00
22669091,0x3E8,false,0,8,0x01,0x00,0xF2,0x03,0x04,0x00,0x00,0x00
22669219,0x44C,false,0,8,0x01,0x00,0x01,0x00,0x00,0x00,0x00,0x00
22669347,0x3E8,false,0,8,0x02,0x00,0x00,0x00,0x00,0x00,0x54,0x00
22669477,0x3E8,false,0,8,0x03,0x00,0x4C,0x00,0x9F,0x04,0x00,0x00
22669601,0x3E8,false,0,8,0x06,0x00,0x00,0x00,0x00,0x00,0x00,0x00
22669726,0x3E8,false,0,8,0x07,0x00,0x00,0x00,0x00,0x00,0x07,0x00
22669850,0x3E8,false,0,8,0x08,0x00,0x4F,0x00,0x07,0x00,0x00,0x00
22669975,0x3E8,false,0,8,0x09,0x00,0x00,0x00,0x00,0x00,0x00,0x00
22670099,0x3E8,false,0,8,0x0A,0x00,0x00,0x00,0x00,0x00,0x00,0x00
22670224,0x3E8,false,0,8,0x0B,0x00,0x00,0x00,0x00,0x00,0x00,0x00
22670349,0x3E8,false,0,8,0x0C,0x00,0x00,0x00,0x00,0x00,0x00,0x00
22670474,0x3E8,false,0,8,0x0D,0x00,0x00,0x00,0x05,0x00,0x10,0x00
22718658,0x3E8,false,0,8,0x00,0x00,0x00,0x00,0x66,0x00,0x65,0x00
22718890,0x44C,false,0,8,0x00,0x00,0x19,0x00,0x1A,0x00,0x00,0x00
22719027,0x3E8,false,0,8,0x01,0x00,0xF2,0x03,0x04,0x00,0x00,0x00
22719151,0x44C,false,0,8,0x01,0x00,0x01,0x00,0x00,0x00,0x00,0x00
22719277,0x3E8,false,0,8,0x02,0x00,0x00,0x00,0x00,0x00,0x54,0x00
22719401,0x3E8,false,0,8,0x03,0x00,0x4C,0x00,0x9F,0x04,0x00,0x00
22719526,0x3E8,false,0,8,0x04,0x00,0x00,0x00,0x90,0x01,0x9A,0x04
22719650,0x3E8,false,0,8,0x05,0x00,0x00,0x00,0x00,0x00,0x00,0x00
22719775,0x3E8,false,0,8,0x06,0x00,0x00,0x00,0x00,0x00,0x00,0x00
22719900,0x3E8,false,0,8,0x07,0x00,0x00,0x00,0x00,0x00,0x07,0x00
22720026,0x3E8,false,0,8,0x08,0x00,0x4F,0x00,0x07,0x00,0x00,0x00
22720150,0x3E8,false,0,8,0x09,0x00,0x00,0x00,0x00,0x00,0x00,0x00
22720275,0x3E8,false,0,8,0x0A,0x00,0x00,0x00,0x00,0x00,0x00,0x00
22720400,0x3E8,false,0,8,0x0B,0x00,0x00,0x00,0x00,0x00,0x00,0x00
22720525,0x3E8,false,0,8,0x0C,0x00,0x00,0x00,0x00,0x00,0x00,0x00
22720654,0x3E8,false,0,8,0x0D,0x00,0x00,0x00,0x05,0x00,0x10,0x00
22768655,0x3E8,false,0,8,0x00,0x00,0x00,0x00,0x66,0x00,0x65,0x00
22768793,0x44C,false,0,8,0x00,0x00,0x19,0x00,0x1A,0x00,0x00,0x00
22768927,0x3E8,false,0,8,0x01,0x00,0xF2,0x03,0x04,0x00,0x00,0x00
22769062,0x44C,false,0,8,0x01,0x00,0x01,0x00,0x00,0x00,0x00,0x00
22769197,0x3E8,false,0,8,0x02,0x00,0x00,0x00,0x00,0x00,0x54,0x00
22769322,0x3E8,false,0,8,0x03,0x00,0x4C,0x00,0x9F,0x04,0x00,0x00
22769446,0x3E8,false,0,8,0x04,0x00,0x00,0x00,0x90,0x01,0x9A,0x04
22769570,0x3E8,false,0,8,0x05,0x00,0x00,0x00,0x00,0x00,0x00,0x00
22769696,0x3E8,false,0,8,0x06,0x00,0x00,0x00,0x00,0x00,0x00,0x00
22769821,0x3E8,false,0,8,0x07,0x00,0x00,0x00,0x00,0x00,0x07,0x00
22769945,0x3E8,false,0,8,0x08,0x00,0x4F,0x00,0x07,0x00,0x00,0x00
22770070,0x3E8,false,0,8,0x09,0x00,0x00,0x00,0x00,0x00,0x00,0x00
22770195,0x3E8,false,0,8,0x0A,0x00,0x00,0x00,0x00,0x00,0x00,0x00
22770319,0x3E8,false,0,8,0x0B,0x00,0x00,0x00,0x00,0x00,0x00,0x00
22770444,0x3E8,false,0,8,0x0C,0x00,0x00,0x00,0x00,0x00,0x00,0x00
22783799,0x3E8,false,0,8,0x0D,0x00,0x00,0x00,0x05,0x00,0x10,0x00
22818660,0x3E8,false,0,8,0x00,0x00,0x00,0x00,0x66,0x00,0x65,0x00
22818882,0x44C,false,0,8,0x00,0x00,0x19,0x00,0x1A,0x00,0x00,0x00
22819023,0x3E8,false,0,8,0x01,0x00,0xF2,0x03,0x04,0x00,0x00,0x00
22819167,0x44C,false,0,8,0x01,0x00,0x01,0x00,0x00,0x00,0x00,0x00
22819303,0x3E8,false,0,8,0x02,0x00,0x00,0x00,0x00,0x00,0x54,0x00
22819440,0x3E8,false,0,8,0x03,0x00,0x4C,0x00,0x9F,0x04,0x00,0x00
22819574,0x3E8,false,0,8,0x04,0x00,0x00,0x00,0x90,0x01,0x9A,0x04
22819715,0x3E8,false,0,8,0x05,0x00,0x00,0x00,0x00,0x00,0x00,0x00
22819853,0x3E8,false,0,8,0x06,0x00,0x00,0x00,0x00,0x00,0x00,0x00
22819978,0x3E8,false,0,8,0x07,0x00,0x00,0x00,0x00,0x00,0x07,0x00
22820103,0x3E8,false,0,8,0x08,0x00,0x4F,0x00,0x07,0x00,0x00,0x00
22820237,0x3E8,false,0,8,0x09,0x00,0x00,0x00,0x00,0x00,0x00,0x00
22820361,0x3E8,false,0,8,0x0A,0x00,0x00,0x00,0x00,0x00,0x00,0x00
22820486,0x3E8,false,0,8,0x0B,0x00,0x00,0x00,0x00,0x00,0x00,0x00
22820618,0x3E8,false,0,8,0x0C,0x00,0x00,0x00,0x00,0x00,0x00,0x00
22820743,0x3E8,false,0,8,0x0D,0x00,0x00,0x00,0x05,0x00,0x10,0x00
22868671,0x3E8,false,0,8,0x00,0x00,0x00,0x00,0x66,0x00,0x65,0x00
22868902,0x44C,false,0,8,0x00,0x00,0x19,0x00,0x1A,0x00,0x00,0x00
22869038,0x3E8,false,0,8,0x01,0x00,0xF2,0x03,0x04,0x00,0x00,0x00
22869175,0x44C,false,0,8,0x01,0x00,0x01,0x00,0x00,0x00,0x00,0x00
22869314,0x3E8,false,0,8,0x02,0x00,0x00,0x00,0x00,0x00,0x54,0x00
22869454,0x3E8,false,0,8,0x04,0x00,0x00,0x00,0x90,0x01,0x9A,0x04
22869591,0x3E8,false,0,8,0x05,0x00,0x00,0x00,0x00,0x00,0x00,0x00
22869728,0x3E8,false,0,8,0x06,0x00,0x00,0x00,0x00,0x00,0x00,0x00
22869865,0x3E8,false,0,8,0x07,0x00,0x00,0x00,0x00,0x00,0x07,0x00
22869989,0x3E8,false,0,8,0x08,0x00,0x4F,0x00,0x07,0x00,0x00,0x00
22870113,0x3E8,false,0,8,0x09,0x00,0x00,0x00,0x00,0x00,0x00,0x00
22870238,0x3E8,false,0,8,0x0A,0x00,0x00,0x00,0x00,0x00,0x00,0x00
22870363,0x3E8,false,0,8,0x0B,0x00,0x00,0x00,0x00,0x00,0x00,0x00
22870488,0x3E8,false,0,8,0x0C,0x00,0x00,0x00,0x00,0x00,0x00,0x00
22870618,0x3E8,false,0,8,0x0D,0x00,0x00,0x00,0x05,0x00,0x10,0x00
22918655,0x3E8,false,0,8,0x00,0x00,0x00,0x00,0x66,0x00,0x65,0x00
22918866,0x44C,false,0,8,0x00,0x00,0x19,0x00,0x1A,0x00,0x00,0x00
22919002,0x3E8,false,0,8,0x01,0x00,0xF2,0x03,0x04,0x00,0x00,0x00
22919139,0x44C,false,0,8,0x01,0x00,0x01,0x00,0x00,0x00,0x00,0x00
22919276,0x3E8,false,0,8,0x02,0x00,0x00,0x00,0x00,0x00,0x54,0x00
22919411,0x3E8,false,0,8,0x03,0x00,0x4C,0x00,0x9F,0x04,0x00,0x00
22919546,0x3E8,false,0,8,0x04,0x00,0x00,0x00,0x90,0x01,0x9A,0x04
22919684,0x3E8,false,0,8,0x05,0x00,0x00,0x00,0x00,0x00,0x00,0x00
22919809,0x3E8,false,0,8,0x06,0x00,0x00,0x00,0x00,0x00,0x00,0x00
22919945,0x3E8,false,0,8,0x07,0x00,0x00,0x00,0x00,0x00,0x07,0x00
22920069,0x3E8,false,0,8,0x08,0x00,0x4F,0x00,0x07,0x00,0x00,0x00
22920194,0x3E8,false,0,8,0x09,0x00,0x00,0x00,0x00,0x00,0x00,0x00
22920319,0x3E8,false,0,8,0x0A,0x00,0x00,0x00,0x00,0x00,0x00,0x00
22920444,0x3E8,false,0,8,0x0B,0x00,0x00,0x00,0x00,0x00,0x00,0x00
22920568,0x3E8,false,0,8,0x0C,0x00,0x00,0x00,0x00,0x00,0x00,0x00
22920698,0x3E8,false,0,8,0x0D,0x00,0x00,0x00,0x05,0x00,0x10,0x00
22968679,0x3E8,false,0,8,0x00,0x00,0x00,0x00,0x66,0x00,0x65,0x00
22968972,0x44C,false,0,8,0x00,0x00,0x19,0x00,0x1A,0x00,0x00,0x00
22969105,0x3E8,false,0,8,0x01,0x00,0xF2,0x03,0x04,0x00,0x00,0x00
22969245,0x44C,false,0,8,0x01,0x00,0x01,0x00,0x00,0x00,0x00,0x00
22969385,0x3E8,false,0,8,0x02,0x00,0x00,0x00,0x00,0x00,0x54,0x00
22969534,0x3E8,false,0,8,0x03,0x00,0x4C,0x00,0x9F,0x04,0x00,0x00
22969681,0x3E8,false,0,8,0x04,0x00,0x00,0x00,0x90,0x01,0x9A,0x04
22969822,0x3E8,false,0,8,0x05,0x00,0x00,0x00,0x00,0x00,0x00,0x00
22969961,0x3E8,false,0,8,0x06,0x00,0x00,0x00,0x00,0x00,0x00,0x00
22970102,0x3E8,false,0,8,0x07,0x00,0x00,0x00,0x00,0x00,0x07,0x00
22970235,0x3E8,false,0,8,0x08,0x00,0x4F,0x00,0x07,0x00,0x00,0x00
22970362,0x3E8,false,0,8,0x09,0x00,0x00,0x00,0x00,0x00,0x00,0x00
22970487,0x3E8,false,0,8,0x0A,0x00,0x00,0x00,0x00,0x00,0x00,0x00
22970616,0x3E8,false,0,8,0x0B,0x00,0x00,0x00,0x00,0x00,0x00,0x00
22970741,0x3E8,false,0,8,0x0C,0x00,0x00,0x00,0x00,0x00,0x00,0x00
22984361,0x3E8,false,0,8,0x0D,0x00,0x00,0x00,0x05,0x00,0x10,0x00
23018670,0x44C,false,0,8,0x00,0x00,0x19,0x00,0x1A,0x00,0x00,0x00
23018899,0x3E8,false,0,8,0x00,0x00,0x00,0x00,0x66,0x00,0x65,0x00
23019023,0x44C,false,0,8,0x01,0x00,0x01,0x00,0x00,0x00,0x00,0x00
23019148,0x3E8,false,0,8,0x01,0x00,0xF2,0x03,0x04,0x00,0x00,0x00
23019272,0x3E8,false,0,8,0x02,0x00,0x00,0x00,0x00,0x00,0x54,0x00
23019397,0x3E8,false,0,8,0x03,0x00,0x4C,0x00,0x9F,0x04,0x00,0x00
23019521,0x3E8,false,0,8,0x04,0x00,0x00,0x00,0x90,0x01,0x9A,0x04
23019645,0x3E8,false,0,8,0x05,0x00,0x00,0x00,0x00,0x00,0x00,0x00
23019882,0x3E8,false,0,8,0x06,0x00,0x00,0x00,0x00,0x00,0x00,0x00
23020018,0x3E8,false,0,8,0x07,0x00,0x00,0x00,0x00,0x00,0x07,0x00
23020154,0x3E8,false,0,8,0x08,0x00,0x4F,0x00,0x07,0x00,0x00,0x00
23020291,0x3E8,false,0,8,0x09,0x00,0x00,0x00,0x00,0x00,0x00,0x00
23020427,0x3E8,false,0,8,0x0A,0x00,0x00,0x00,0x00,0x00,0x00,0x00
23020563,0x3E8,false,0,8,0x0B,0x00,0x00,0x00,0x00,0x00,0x00,0x00
23020706,0x3E8,false,0,8,0x0C,0x00,0x00,0x00,0x00,0x00,0x00,0x00
23022644,0x3E8,false,0,8,0x0D,0x00,0x00,0x00,0x05,0x00,0x10,0x00
23068650,0x3E8,false,0,8,0x00,0x00,0x00,0x00,0x66,0x00,0x65,0x00
23068809,0x44C,false,0,8,0x00,0x00,0x19,0x00,0x1A,0x00,0x00,0x00
23068948,0x3E8,false,0,8,0x01,0x00,0xF2,0x03,0x04,0x00,0x00,0x00
23069085,0x44C,false,0,8,0x01,0x00,0x01,0x00,0x00,0x00,0x00,0x00
23069222,0x3E8,false,0,8,0x02,0x00,0x00,0x00,0x00,0x00,0x54,0x00
23069357,0x3E8,false,0,8,0x03,0x00,0x4C,0x00,0x9F,0x04,0x00,0x00
23069481,0x3E8,false,0,8,0x04,0x00,0x00,0x00,0x90,0x01,0x9A,0x04
23069620,0x3E8,false,0,8,0x05,0x00,0x00,0x00,0x00,0x00,0x00,0x00
23069744,0x3E8,false,0,8,0x06,0x00,0x00,0x00,0x00,0x00,0x00,0x00
23069882,0x3E8,false,0,8,0x07,0x00,0x00,0x00,0x00,0x00,0x07,0x00
23070019,0x3E8,false,0,8,0x08,0x00,0x4F,0x00,0x07,0x00,0x00,0x00
23070155,0x3E8,false,0,8,0x09,0x00,0x00,0x00,0x00,0x00,0x00,0x00
23070291,0x3E8,false,0,8,0x0A,0x00,0x00,0x00,0x00,0x00,0x00,0x00
23070430,0x3E8,false,0,8,0x0B,0x00,0x00,0x00,0x00,0x00,0x00,0x00
23070568,0x3E8,false,0,8,0x0C,0x00,0x00,0x00,0x00,0x00,0x00,0x00
23070709,0x3E8,false,0,8,0x0D,0x00,0x00,0x00,0x05,0x00,0x10,0x00
23118661,0x3E8,false,0,8,0x00,0x00,0x00,0x00,0x66,0x00,0x65,0x00
23118906,0x44C,false,0,8,0x00,0x00,0x19,0x00,0x1A,0x00,0x00,0x00
23119042,0x3E8,false,0,8,0x01,0x00,0xF2,0x03,0x04,0x00,0x00,0x00
23119179,0x44C,false,0,8,0x01,0x00,0x01,0x00,0x00,0x00,0x00,0x00
23119316,0x3E8,false,0,8,0x02,0x00,0x00,0x00,0x00,0x00,0x54,0x00
23119453,0x3E8,false,0,8,0x03,0x00,0x4C,0x00,0x9F,0x04,0x00,0x00
23119587,0x3E8,false,0,8,0x04,0x00,0x00,0x00,0x90,0x01,0x9A,0x04
23119726,0x3E8,false,0,8,0x05,0x00,0x00,0x00,0x00,0x00,0x00,0x00
23119871,0x3E8,false,0,8,0x06,0x00,0x00,0x00,0x00,0x00,0x00,0x00
23120017,0x3E8,false,0,8,0x07,0x00,0x00,0x00,0x00,0x00,0x07,0x00
23120180,0x3E8,false,0,8,0x08,0x00,0x4F,0x00,0x07,0x00,0x00,0x00
23120326,0x3E8,false,0,8,0x09,0x00,0x00,0x00,0x00,0x00,0x00,0x00
23120457,0x3E8,false,0,8,0x0A,0x00,0x00,0x00,0x00,0x00,0x00,0x00
23120612,0x3E8,false,0,8,0x0B,0x00,0x00,0x00,0x00,0x00,0x00,0x00
23120742,0x3E8,false,0,8,0x0C,0x00,0x00,0x00,0x00,0x00,0x00,0x00
23120874,0x3E8,false,0,8,0x0D,0x00,0x00,0x00,0x05,0x00,0x10,0x00
23168663,0x3E8,false,0,8,0x00,0x00,0x00,0x00,0x66,0x00,0x65,0x00
23168908,0x44C,false,0,8,0x00,0x00,0x19,0x00,0x1A,0x00,0x00,0x00
23169045,0x3E8,false,0,8,0x01,0x00,0xF2,0x03,0x04,0x00,0x00,0x00
23169184,0x44C,false,0,8,0x01,0x00,0x01,0x00,0x00,0x00,0x00,0x00
23169325,0x3E8,false,0,8,0x02,0x00,0x00,0x00,0x00,0x00,0x54,0x00
23169463,0x3E8,false,0,8,0x03,0x00,0x4C,0x00,0x9F,0x04,0x00,0x00
23169598,0x3E8,false,0,8,0x04,0x00,0x00,0x00,0x90,0x01,0x9A,0x04
23169724,0x3E8,false,0,8,0x05,0x00,0x00,0x00,0x00,0x00,0x00,0x00
23169859,0x3E8,false,0,8,0x06,0x00,0x00,0x00,0x00,0x00,0x00,0x00
23170137,0x3E8,false,0,8,0x07,0x00,0x00,0x00,0x00,0x00,0x07,0x00
23170272,0x3E8,false,0,8,0x08,0x00,0x4F,0x00,0x07,0x00,0x00,0x00
23170410,0x3E8,false,0,8,0x09,0x00,0x00,0x00,0x00,0x00,0x00,0x00
23170548,0x3E8,false,0,8,0x0A,0x00,0x00,0x00,0x00,0x00,0x00,0x00
23170693,0x3E8,false,0,8,0x0B,0x00,0x00,0x00,0x00,0x00,0x00,0x00
23184667,0x3E8,false,0,8,0x0C,0x00,0x00,0x00,0x00,0x00,0x00,0x00
23184816,0x3E8,false,0,8,0x0D,0x00,0x00,0x00,0x05,0x00,0x10,0x00
23220669,0x3E8,false,0,8,0x00,0x00,0x00,0x00,0x66,0x00,0x65,0x00
23220888,0x44C,false,0,8,0x00,0x00,0x19,0x00,0x1A,0x00,0x00,0x00
23221012,0x3E8,false,0,8,0x01,0x00,0xF2,0x03,0x04,0x00,0x00,0x00
23221149,0x44C,false,0,8,0x01,0x00,0x01,0x00,0x00,0x00,0x00,0x00
23221286,0x3E8,false,0,8,0x02,0x00,0x00,0x00,0x00,0x00,0x54,0x00
23221421,0x3E8,false,0,8,0x03,0x00,0x4C,0x00,0x9F,0x04,0x00,0x00
23221556,0x3E8,false,0,8,0x04,0x00,0x00,0x00,0x90,0x01,0x9A,0x04
23221681,0x3E8,false,0,8,0x05,0x00,0x00,0x00,0x00,0x00,0x00,0x00
23221818,0x3E8,false,0,8,0x06,0x00,0x00,0x00,0x00,0x00,0x00,0x00
23221943,0x3E8,false,0,8,0x07,0x00,0x00,0x00,0x00,0x00,0x07,0x00
23222068,0x3E8,false,0,8,0x08,0x00,0x4F,0x00,0x07,0x00,0x00,0x00
23222192,0x3E8,false,0,8,0x09,0x00,0x00,0x00,0x00,0x00,0x00,0x00
23222317,0x3E8,false,0,8,0x0A,0x00,0x00,0x00,0x00,0x00,0x00,0x00
23222441,0x3E8,false,0,8,0x0B,0x00,0x00,0x00,0x00,0x00,0x00,0x00
23222566,0x3E8,false,0,8,0x0C,0x00,0x00,0x00,0x00,0x00,0x00,0x00
23222694,0x3E8,false,0,8,0x0D,0x00,0x00,0x00,0x05,0x00,0x10,0x00
23270665,0x3E8,false,0,8,0x00,0x00,0x00,0x00,0x66,0x00,0x65,0x00
23270900,0x44C,false,0,8,0x00,0x00,0x19,0x00,0x1A,0x00,0x00,0x00
23271036,0x3E8,false,0,8,0x01,0x00,0xF2,0x03,0x04,0x00,0x00,0x00
23271172,0x44C,false,0,8,0x01,0x00,0x01,0x00,0x00,0x00,0x00,0x00
23271312,0x3E8,false,0,8,0x02,0x00,0x00,0x00,0x00,0x00,0x54,0x00
23271448,0x3E8,false,0,8,0x03,0x00,0x4C,0x00,0x9F,0x04,0x00,0x00
23271572,0x3E8,false,0,8,0x04,0x00,0x00,0x00,0x90,0x01,0x9A,0x04
23271696,0x3E8,false,0,8,0x05,0x00,0x00,0x00,0x00,0x00,0x00,0x00
23271821,0x3E8,false,0,8,0x06,0x00,0x00,0x00,0x00,0x00,0x00,0x00
23271946,0x3E8,false,0,8,0x07,0x00,0x00,0x00,0x00,0x00,0x07,0x00
23272070,0x3E8,false,0,8,0x08,0x00,0x4F,0x00,0x07,0x00,0x00,0x00
23272194,0x3E8,false,0,8,0x09,0x00,0x00,0x00,0x00,0x00,0x00,0x00
23272319,0x3E8,false,0,8,0x0A,0x00,0x00,0x00,0x00,0x00,0x00,0x00
23272444,0x3E8,false,0,8,0x0B,0x00,0x00,0x00,0x00,0x00,0x00,0x00
23272568,0x3E8,false,0,8,0x0C,0x00,0x00,0x00,0x00,0x00,0x00,0x00
23272698,0x3E8,false,0,8,0x0D,0x00,0x00,0x00,0x05,0x00,0x10,0x00
23320645,0x3E8,false,0,8,0x00,0x00,0x00,0x00,0x66,0x00,0x65,0x00
23320782,0x44C,false,0,8,0x00,0x00,0x19,0x00,0x1A,0x00,0x00,0x00
23320918,0x3E8,false,0,8,0x01,0x00,0xF2,0x03,0x04,0x00,0x00,0x00
23321054,0x44C,false,0,8,0x01,0x00,0x01,0x00,0x00,0x00,0x00,0x00
23321191,0x3E8,false,0,8,0x02,0x00,0x00,0x00,0x00,0x00,0x54,0x00
23321327,0x3E8,false,0,8,0x03,0x00,0x4C,0x00,0x9F,0x04,0x00,0x00
23321463,0x3E8,false,0,8,0x04,0x00,0x00,0x00,0x90,0x01,0x9A,0x04
23321587,0x3E8,false,0,8,0x05,0x00,0x00,0x00,0x00,0x00,0x00,0x00
23321712,0x3E8,false,0,8,0x06,0x00,0x00,0x00,0x00,0x00,0x00,0x00
23321836,0x3E8,false,0,8,0x07,0x00,0x00,0x00,0x00,0x00,0x07,0x00
23321961,0x3E8,false,0,8,0x08,0x00,0x4F,0x00,0x07,0x00,0x00,0x00
23322085,0x3E8,false,0,8,0x09,0x00,0x00,0x00,0x00,0x00,0x00,0x00
23322210,0x3E8,false,0,8,0x0A,0x00,0x00,0x00,0x00,0x00,0x00,0x00
23322334,0x3E8,false,0,8,0x0B,0x00,0x00,0x00,0x00,0x00,0x00,0x00
23322459,0x3E8,false,0,8,0x0C,0x00,0x00,0x00,0x00,0x00,0x00,0x00
23322583,0x3E8,false,0,8,0x0D,0x00,0x00,0x00,0x05,0x00,0x10,0x00
23370660,0x3E8,false,0,8,0x00,0x00,0x00,0x00,0x66,0x00,0x65,0x00
23370898,0x44C,false,0,8,0x00,0x00,0x19,0x00,0x1A,0x00,0x00,0x00
23371035,0x3E8,false,0,8,0x01,0x00,0xF2,0x03,0x04,0x00,0x00,0x00
23371172,0x44C,false,0,8,0x01,0x00,0x01,0x00,0x00,0x00,0x00,0x00
23371309,0x3E8,false,0,8,0x02,0x00,0x00,0x00,0x00,0x00,0x54,0x00
23371446,0x3E8,false,0,8,0x03,0x00,0x4C,0x00,0x9F,0x04,0x00,0x00
23371584,0x3E8,false,0,8,0x04,0x00,0x00,0x00,0x90,0x01,0x9A,0x04
23371721,0x3E8,false,0,8,0x05,0x00,0x00,0x00,0x00,0x00,0x00,0x00
23371846,0x3E8,false,0,8,0x06,0x00,0x00,0x00,0x00,0x00,0x00,0x00
23371970,0x3E8,false,0,8,0x07,0x00,0x00,0x00,0x00,0x00,0x07,0x00
23372095,0x3E8,false,0,8,0x08,0x00,0x4F,0x00,0x07,0x00,0x00,0x00
23372220,0x3E8,false,0,8,0x09,0x00,0x00,0x00,0x00,0x00,0x00,0x00
23372344,0x3E8,false,0,8,0x0A,0x00,0x00,0x00,0x00,0x00,0x00,0x00
23386162,0x3E8,false,0,8,0x0B,0x00,0x00,0x00,0x00,0x00,0x00,0x00
23386292,0x3E8,false,0,8,0x0C,0x00,0x00,0x00,0x00,0x00,0x00,0x00
23386417,0x3E8,false,0,8,0x0D,0x00,0x00,0x00,0x05,0x00,0x10,0x00
23420659,0x3E8,false,0,8,0x00,0x00,0x00,0x00,0x66,0x00,0x65,0x00
23420885,0x44C,false,0,8,0x00,0x00,0x19,0x00,0x1A,0x00,0x00,0x00
23421009,0x3E8,false,0,8,0x01,0x00,0xF2,0x03,0x04,0x00,0x00,0x00
23421133,0x44C,false,0,8,0x01,0x00,0x01,0x00,0x00,0x00,0x00,0x00
23421258,0x3E8,false,0,8,0x02,0x00,0x00,0x00,0x00,0x00,0x54,0x00
23421382,0x3E8,false,0,8,0x03,0x00,0x4C,0x00,0x9F,0x04,0x00,0x00
23421518,0x3E8,false,0,8,0x04,0x00,0x00,0x00,0x90,0x01,0x9A,0x04
23421655,0x3E8,false,0,8,0x05,0x00,0x00,0x00,0x00,0x00,0x00,0x00
23421792,0x3E8,false,0,8,0x06,0x00,0x00,0x00,0x00,0x00,0x00,0x00
23421930,0x3E8,false,0,8,0x07,0x00,0x00,0x00,0x00,0x00,0x07,0x00
23422066,0x3E8,false,0,8,0x08,0x00,0x4F,0x00,0x07,0x00,0x00,0x00
23422206,0x3E8,false,0,8,0x09,0x00,0x00,0x00,0x00,0x00,0x00,0x00
23422341,0x3E8,false,0,8,0x0A,0x00,0x00,0x00,0x00,0x00,0x00,0x00
23422466,0x3E8,false,0,8,0x0B,0x00,0x00,0x00,0x00,0x00,0x00,0x00
23422606,0x3E8,false,0,8,0x0C,0x00,0x00,0x00,0x00,0x00,0x00,0x00
23422730,0x3E8,false,0,8,0x0D,0x00,0x00,0x00,0x05,0x00,0x10,0x00
23470664,0x3E8,false,0,8,0x00,0x00,0x00,0x00,0x66,0x00,0x65,0x00
23470908,0x44C,false,0,8,0x00,0x00,0x19,0x00,0x1A,0x00,0x00,0x00
23471043,0x3E8,false,0,8,0x01,0x00,0xF2,0x03,0x04,0x00,0x00,0x00
23471180,0x44C,false,0,8,0x01,0x00,0x01,0x00,0x00,0x00,0x00,0x00
23471305,0x3E8,false,0,8,0x02,0x00,0x00,0x00,0x00,0x00,0x54,0x00
23471444,0x3E8,false,0,8,0x03,0x00,0x4C,0x00,0x9F,0x04,0x00,0x00
23471580,0x3E8,false,0,8,0x04,0x00,0x00,0x00,0x90,0x01,0x9A,0x04
23471714,0x3E8,false,0,8,0x05,0x00,0x00,0x00,0x00,0x00,0x00,0x00
23471854,0x3E8,false,0,8,0x06,0x00,0x00,0x00,0x00,0x00,0x00,0x00
23471990,0x3E8,false,0,8,0x07,0x00,0x00,0x00,0x00,0x00,0x07,0x00
23472127,0x3E8,false,0,8,0x08,0x00,0x4F,0x00,0x07,0x00,0x00,0x00
23472264,0x3E8,false,0,8,0x09,0x00,0x00,0x00,0x00,0x00,0x00,0x00
23472389,0x3E8,false,0,8,0x0A,0x00,0x00,0x00,0x00,0x00,0x00,0x00
23472514,0x3E8,false,0,8,0x0B,0x00,0x00,0x00,0x00,0x00,0x00,0x00
23472643,0x3E8,false,0,8,0x0C,0x00,0x00,0x00,0x00,0x00,0x00,0x00
23472768,0x3E8,false,0,8,0x0D,0x00,0x00,0x00,0x05,0x00,0x10,0x00
23520651,0x3E8,false,0,8,0x00,0x00,0x00,0x00,0x66,0x00,0x65,0x00
23520822,0x44C,false,0,8,0x00,0x00,0x19,0x00,0x1A,0x00,0x00,0x00
23520959,0x3E8,false,0,8,0x01,0x00,0xF2,0x03,0x04,0x00,0x00,0x00
23521095,0x44C,false,0,8,0x01,0x00,0x01,0x00,0x00,0x00,0x00,0x00
23521219,0x3E8,false,0,8,0x02,0x00,0x00,0x00,0x00,0x00,0x54,0x00
23521354,0x3E8,false,0,8,0x03,0x00,0x4C,0x00,0x9F,0x04,0x00,0x00
23521491,0x3E8,false,0,8,0x04,0x00,0x00,0x00,0x90,0x01,0x9A,0x04
23521630,0x3E8,false,0,8,0x05,0x00,0x00,0x00,0x00,0x00,0x00,0x00
23521767,0x3E8,false,0,8,0x06,0x00,0x00,0x00,0x00,0x00,0x00,0x00
23521904,0x3E8,false,0,8,0x07,0x00,0x00,0x00,0x00,0x00,0x07,0x00
23522042,0x3E8,false,0,8,0x08,0x00,0x4F,0x00,0x07,0x00,0x00,0x00
23522180,0x3E8,false,0,8,0x09,0x00,0x00,0x00,0x00,0x00,0x00,0x00
23522318,0x3E8,false,0,8,0x0A,0x00,0x00,0x00,0x00,0x00,0x00,0x00
23522442,0x3E8,false,0,8,0x0B,0x00,0x00,0x00,0x00,0x00,0x00,0x00
23522568,0x3E8,false,0,8,0x0C,0x00,0x00,0x00,0x00,0x00,0x00,0x00
23522697,0x3E8,false,0,8,0x0D,0x00,0x00,0x00,0x05,0x00,0x10,0x00
23570651,0x3E8,false,0,8,0x00,0x00,0x00,0x00,0x66,0x00,0x65,0x00
23570835,0x44C,false,0,8,0x00,0x00,0x19,0x00,0x1A,0x00,0x00,0x00
23570971,0x3E8,false,0,8,0x01,0x00,0xF2,0x03,0x04,0x00,0x00,0x00
23571106,0x44C,false,0,8,0x01,0x00,0x01,0x00,0x00,0x00,0x00,0x00
23571243,0x3E8,false,0,8,0x02,0x00,0x00,0x00,0x00,0x00,0x54,0x00
23571378,0x3E8,false,0,8,0x03,0x00,0x4C,0x00,0x9F,0x04,0x00,0x00
23571502,0x3E8,false,0,8,0x04,0x00,0x00,0x00,0x90,0x01,0x9A,0x04
23584969,0x3E8,false,0,8,0x05,0x00,0x00,0x00,0x00,0x00,0x00,0x00
23585109,0x3E8,false,0,8,0x06,0x00,0x00,0x00,0x00,0x00,0x00,0x00
23585234,0x3E8,false,0,8,0x07,0x00,0x00,0x00,0x00,0x00,0x07,0x00
23585358,0x3E8,false,0,8,0x08,0x00,0x4F,0x00,0x07,0x00,0x00,0x00
23585483,0x3E8,false,0,8,0x09,0x00,0x00,0x00,0x00,0x00,0x00,0x00
23585609,0x3E8,false,0,8,0x0A,0x00,0x00,0x00,0x00,0x00,0x00,0x00
23585733,0x3E8,false,0,8,0x0B,0x00,0x00,0x00,0x00,0x00,0x00,0x00
23585858,0x3E8,false,0,8,0x0C,0x00,0x00,0x00,0x00,0x00,0x00,0x00
23585983,0x3E8,false,0,8,0x0D,0x00,0x00,0x00,0x05,0x00,0x10,0x00
23620658,0x3E8,false,0,8,0x00,0x00,0x00,0x00,0x66,0x00,0x65,0x00
23620879,0x44C,false,0,8,0x00,0x00,0x19,0x00,0x1A,0x00,0x00,0x00
23621016,0x3E8,false,0,8,0x01,0x00,0xF2,0x03,0x04,0x00,0x00,0x00
23621153,0x44C,false,0,8,0x01,0x00,0x01,0x00,0x00,0x00,0x00,0x00
23621289,0x3E8,false,0,8,0x02,0x00,0x00,0x00,0x00,0x00,0x54,0x00
23621414,0x3E8,false,0,8,0x03,0x00,0x4C,0x00,0x9F,0x04,0x00,0x00
23621538,0x3E8,false,0,8,0x04,0x00,0x00,0x00,0x90,0x01,0x9A,0x04
23621664,0x3E8,false,0,8,0x05,0x00,0x00,0x00,0x00,0x00,0x00,0x00
23624644,0x3E8,false,0,8,0x06,0x00,0x00,0x00,0x00,0x00,0x00,0x00
23624769,0x3E8,false,0,8,0x07,0x00,0x00,0x00,0x00,0x00,0x07,0x00
23624894,0x3E8,false,0,8,0x08,0x00,0x4F,0x00,0x07,0x00,0x00,0x00
23625018,0x3E8,false,0,8,0x09,0x00,0x00,0x00,0x00,0x00,0x00,0x00
23625142,0x3E8,false,0,8,0x0A,0x00,0x00,0x00,0x00,0x00,0x00,0x00
23625267,0x3E8,false,0,8,0x0B,0x00,0x00,0x00,0x00,0x00,0x00,0x00
23625392,0x3E8,false,0,8,0x0C,0x00,0x00,0x00,0x00,0x00,0x00,0x00
23625516,0x3E8,false,0,8,0x0D,0x00,0x00,0x00,0x05,0x00,0x10,0x00
23672655,0x3E8,false,0,8,0x00,0x00,0x00,0x00,0x66,0x00,0x65,0x00
23672803,0x44C,false,0,8,0x00,0x00,0x19,0x00,0x1A,0x00,0x00,0x00
23672941,0x3E8,false,0,8,0x01,0x00,0xF2,0x03,0x04,0x00,0x00,0x00
23673077,0x44C,false,0,8,0x01,0x00,0x01,0x00,0x00,0x00,0x00,0x00
23673201,0x3E8,false,0,8,0x02,0x00,0x00,0x00,0x00,0x00,0x54,0x00
23673326,0x3E8,false,0,8,0x03,0x00,0x4C,0x00,0x9F,0x04,0x00,0x00
23673450,0x3E8,false,0,8,0x04,0x00,0x00,0x00,0x90,0x01,0x9A,0x04
23673574,0x3E8,false,0,8,0x05,0x00,0x00,0x00,0x00,0x00,0x00,0x00
23673701,0x3E8,false,0,8,0x06,0x00,0x00,0x00,0x00,0x00,0x00,0x00
23673826,0x3E8,false,0,8,0x07,0x00,0x00,0x00,0x00,0x00,0x07,0x00
23673950,0x3E8,false,0,8,0x08,0x00,0x4F,0x00,0x07,0x00,0x00,0x00
23674075,0x3E8,false,0,8,0x09,0x00,0x00,0x00,0x00,0x00,0x00,0x00
23674199,0x3E8,false,0,8,0x0A,0x00,0x00,0x00,0x00,0x00,0x00,0x00
23674324,0x3E8,false,0,8,0x0B,0x00,0x00,0x00,0x00,0x00,0x00,0x00
23674449,0x3E8,false,0,8,0x0C,0x00,0x00,0x00,0x00,0x00,0x00,0x00
23674573,0x3E8,false,0,8,0x0D,0x00,0x00,0x00,0x05,0x00,0x10,0x00
23722669,0x3E8,false,0,8,0x00,0x00,0x00,0x00,0x66,0x00,0x65,0x00
23722905,0x44C,false,0,8,0x00,0x00,0x19,0x00,0x1A,0x00,0x00,0x00
23723043,0x3E8,false,0,8,0x01,0x00,0xF2,0x03,0x04,0x00,0x00,0x00
23723180,0x44C,false,0,8,0x01,0x00,0x01,0x00,0x00,0x00,0x00,0x00
23723305,0x3E8,false,0,8,0x02,0x00,0x00,0x00,0x00,0x00,0x54,0x00
23723430,0x3E8,false,0,8,0x03,0x00,0x4C,0x00,0x9F,0x04,0x00,0x00
23723554,0x3E8,false,0,8,0x04,0x00,0x00,0x00,0x90,0x01,0x9A,0x04
23723681,0x3E8,false,0,8,0x05,0x00,0x00,0x00,0x00,0x00,0x00,0x00
23723806,0x3E8,false,0,8,0x06,0x00,0x00,0x00,0x00,0x00,0x00,0x00
23723931,0x3E8,false,0,8,0x07,0x00,0x00,0x00,0x00,0x00,0x07,0x00
23724056,0x3E8,false,0,8,0x08,0x00,0x4F,0x00,0x07,0x00,0x00,0x00
23724180,0x3E8,false,0,8,0x09,0x00,0x00,0x00,0x00,0x00,0x00,0x00
23724305,0x3E8,false,0,8,0x0A,0x00,0x00,0x00,0x00,0x00,0x00,0x00
23724430,0x3E8,false,0,8,0x0B,0x00,0x00,0x00,0x00,0x00,0x00,0x00
23724555,0x3E8,false,0,8,0x0C,0x00,0x00,0x00,0x00,0x00,0x00,0x00
23724684,0x3E8,false,0,8,0x0D,0x00,0x00,0x00,0x05,0x00,0x10,0x00
23772680,0x3E8,false,0,8,0x00,0x00,0x00,0x00,0x66,0x00,0x65,0x00
23772942,0x44C,false,0,8,0x00,0x00,0x19,0x00,0x1A,0x00,0x00,0x00
23773091,0x3E8,false,0,8,0x01,0x00,0xF2,0x03,0x04,0x00,0x00,0x00
23773240,0x44C,false,0,8,0x01,0x00,0x01,0x00,0x00,0x00,0x00,0x00
23773382,0x3E8,false,0,8,0x02,0x00,0x00,0x00,0x00,0x00,0x54,0x00
23773513,0x3E8,false,0,8,0x03,0x00,0x4C,0x00,0x9F,0x04,0x00,0x00
23773640,0x3E8,false,0,8,0x04,0x00,0x00,0x00,0x90,0x01,0x9A,0x04
23797965,0x3E8,false,0,8,0x05,0x00,0x00,0x00,0x00,0x00,0x00,0x00
23798095,0x3E8,false,0,8,0x06,0x00,0x00,0x00,0x00,0x00,0x00,0x00
23798219,0x3E8,false,0,8,0x07,0x00,0x00,0x00,0x00,0x00,0x07,0x00
23798344,0x3E8,false,0,8,0x08,0x00,0x4F,0x00,0x07,0x00,0x00,0x00
23798468,0x3E8,false,0,8,0x09,0x00,0x00,0x00,0x00,0x00,0x00,0x00
23798593,0x3E8,false,0,8,0x0A,0x00,0x00,0x00,0x00,0x00,0x00,0x00
23798722,0x3E8,false,0,8,0x0B,0x00,0x00,0x00,0x00,0x00,0x00,0x00
23798846,0x3E8,false,0,8,0x0C,0x00,0x00,0x00,0x00,0x00,0x00,0x00
23798971,0x3E8,false,0,8,0x0D,0x00,0x00,0x00,0x05,0x00,0x10,0x00
23822645,0x3E8,false,0,8,0x00,0x00,0x00,0x00,0x66,0x00,0x65,0x00
23822771,0x44C,false,0,8,0x00,0x00,0x19,0x00,0x1A,0x00,0x00,0x00
23822895,0x3E8,false,0,8,0x01,0x00,0xF2,0x03,0x04,0x00,0x00,0x00
23823029,0x44C,false,0,8,0x01,0x00,0x01,0x00,0x00,0x00,0x00,0x00
23823154,0x3E8,false,0,8,0x02,0x00,0x00,0x00,0x00,0x00,0x54,0x00
23823291,0x3E8,false,0,8,0x03,0x00,0x4C,0x00,0x9F,0x04,0x00,0x00
23823427,0x3E8,false,0,8,0x04,0x00,0x00,0x00,0x90,0x01,0x9A,0x04
23823564,0x3E8,false,0,8,0x05,0x00,0x00,0x00,0x00,0x00,0x00,0x00
23823702,0x3E8,false,0,8,0x06,0x00,0x00,0x00,0x00,0x00,0x00,0x00
23823842,0x3E8,false,0,8,0x07,0x00,0x00,0x00,0x00,0x00,0x07,0x00
23823979,0x3E8,false,0,8,0x08,0x00,0x4F,0x00,0x07,0x00,0x00,0x00
23824103,0x3E8,false,0,8,0x09,0x00,0x00,0x00,0x00,0x00,0x00,0x00
23824239,0x3E8,false,0,8,0x0A,0x00,0x00,0x00,0x00,0x00,0x00,0x00
23824364,0x3E8,false,0,8,0x0B,0x00,0x00,0x00,0x00,0x00,0x00,0x00
23824488,0x3E8,false,0,8,0x0C,0x00,0x00,0x00,0x00,0x00,0x00,0x00
23824617,0x3E8,false,0,8,0x0D,0x00,0x00,0x00,0x05,0x00,0x10,0x00
23872657,0x3E8,false,0,8,0x00,0x00,0x00,0x00,0x66,0x00,0x65,0x00
23872872,0x44C,false,0,8,0x00,0x00,0x19,0x00,0x1A,0x00,0x00,0x00
23872996,0x3E8,false,0,8,0x01,0x00,0xF2,0x03,0x04,0x00,0x00,0x00
23873132,0x44C,false,0,8,0x01,0x00,0x01,0x00,0x00,0x00,0x00,0x00
23873269,0x3E8,false,0,8,0x02,0x00,0x00,0x00,0x00,0x00,0x54,0x00
23873405,0x3E8,false,0,8,0x03,0x00,0x4C,0x00,0x9F,0x04,0x00,0x00
23873541,0x3E8,false,0,8,0x04,0x00,0x00,0x00,0x90,0x01,0x9A,0x04
23873689,0x3E8,false,0,8,0x05,0x00,0x00,0x00,0x00,0x00,0x00,0x00
23873815,0x3E8,false,0,8,0x06,0x00,0x00,0x00,0x00,0x00,0x00,0x00
23873953,0x3E8,false,0,8,0x07,0x00,0x00,0x00,0x00,0x00,0x07,0x00
23874077,0x3E8,false,0,8,0x08,0x00,0x4F,0x00,0x07,0x00,0x00,0x00
23874201,0x3E8,false,0,8,0x09,0x00,0x00,0x00,0x00,0x00,0x00,0x00
23874326,0x3E8,false,0,8,0x0A,0x00,0x00,0x00,0x00,0x00,0x00,0x00
23874451,0x3E8,false,0,8,0x0B,0x00,0x00,0x00,0x00,0x00,0x00,0x00
23874575,0x3E8,false,0,8,0x0C,0x00,0x00,0x00,0x00,0x00,0x00,0x00
23874704,0x3E8,false,0,8,0x0D,0x00,0x00,0x00,0x05,0x00,0x10,0x00
23922664,0x3E8,false,0,8,0x00,0x00,0x00,0x00,0x66,0x00,0x65,0x00
23922907,0x44C,false,0,8,0x00,0x00,0x19,0x00,0x1A,0x00,0x00,0x00
23923047,0x3E8,false,0,8,0x01,0x00,0xF2,0x03,0x04,0x00,0x00,0x00
23923184,0x44C,false,0,8,0x01,0x00,0x01,0x00,0x00,0x00,0x00,0x00
23923321,0x3E8,false,0,8,0x02,0x00,0x00,0x00,0x00,0x00,0x54,0x00
23923459,0x3E8,false,0,8,0x03,0x00,0x4C,0x00,0x9F,0x04,0x00,0x00
23923598,0x3E8,false,0,8,0x04,0x00,0x00,0x00,0x90,0x01,0x9A,0x04
23923739,0x3E8,false,0,8,0x05,0x00,0x00,0x00,0x00,0x00,0x00,0x00
23923886,0x3E8,false,0,8,0x06,0x00,0x00,0x00,0x00,0x00,0x00,0x00
23924014,0x3E8,false,0,8,0x07,0x00,0x00,0x00,0x00,0x00,0x07,0x00
23924146,0x3E8,false,0,8,0x08,0x00,0x4F,0x00,0x07,0x00,0x00,0x00
23924271,0x3E8,false,0,8,0x09,0x00,0x00,0x00,0x00,0x00,0x00,0x00
23924396,0x3E8,false,0,8,0x0A,0x00,0x00,0x00,0x00,0x00,0x00,0x00
23924521,0x3E8,false,0,8,0x0B,0x00,0x00,0x00,0x00,0x00,0x00,0x00
23924651,0x3E8,false,0,8,0x0C,0x00,0x00,0x00,0x00,0x00,0x00,0x00
23924777,0x3E8,false,0,8,0x0D,0x00,0x00,0x00,0x05,0x00,0x10,0x00
23972661,0x3E8,false,0,8,0x00,0x00,0x00,0x00,0x66,0x00,0x65,0x00
23972905,0x44C,false,0,8,0x00,0x00,0x19,0x00,0x1A,0x00,0x00,0x00
23973029,0x3E8,false,0,8,0x01,0x00,0xF2,0x03,0x04,0x00,0x00,0x00
23973166,0x44C,false,0,8,0x01,0x00,0x01,0x00,0x00,0x00,0x00,0x00
23973301,0x3E8,false,0,8,0x02,0x00,0x00,0x00,0x00,0x00,0x54,0x00
23973426,0x3E8,false,0,8,0x03,0x00,0x4C,0x00,0x9F,0x04,0x00,0x00
23985765,0x3E8,false,0,8,0x04,0x00,0x00,0x00,0x90,0x01,0x9A,0x04
23985891,0x3E8,false,0,8,0x05,0x00,0x00,0x00,0x00,0x00,0x00,0x00
23986016,0x3E8,false,0,8,0x06,0x00,0x00,0x00,0x00,0x00,0x00,0x00
23986140,0x3E8,false,0,8,0x07,0x00,0x00,0x00,0x00,0x00,0x07,0x00
23986265,0x3E8,false,0,8,0x08,0x00,0x4F,0x00,0x07,0x00,0x00,0x00
23986389,0x3E8,false,0,8,0x09,0x00,0x00,0x00,0x00,0x00,0x00,0x00
23986514,0x3E8,false,0,8,0x0A,0x00,0x00,0x00,0x00,0x00,0x00,0x00
23986642,0x3E8,false,0,8,0x0B,0x00,0x00,0x00,0x00,0x00,0x00,0x00
23986767,0x3E8,false,0,8,0x0C,0x00,0x00,0x00,0x00,0x00,0x00,0x00
23986892,0x3E8,false,0,8,0x0D,0x00,0x00,0x00,0x05,0x00,0x10,0x00
24022660,0x3E8,false,0,8,0x00,0x00,0x00,0x00,0x66,0x00,0x65,0x00
24022905,0x44C,false,0,8,0x00,0x00,0x19,0x00,0x1A,0x00,0x00,0x00
24023029,0x3E8,false,0,8,0x01,0x00,0xF2,0x03,0x04,0x00,0x00,0x00
24023153,0x44C,false,0,8,0x01,0x00,0x01,0x00,0x00,0x00,0x00,0x00
24023277,0x3E8,false,0,8,0x02,0x00,0x00,0x00,0x00,0x00,0x54,0x00
24023402,0x3E8,false,0,8,0x03,0x00,0x4C,0x00,0x9F,0x04,0x00,0x00
24023531,0x3E8,false,0,8,0x04,0x00,0x00,0x00,0x90,0x01,0x9A,0x04
24023663,0x3E8,false,0,8,0x05,0x00,0x00,0x00,0x00,0x00,0x00,0x00
24023964,0x3E8,false,0,8,0x06,0x00,0x00,0x00,0x00,0x00,0x00,0x00
24024098,0x3E8,false,0,8,0x07,0x00,0x00,0x00,0x00,0x00,0x07,0x00
24024223,0x3E8,false,0,8,0x08,0x00,0x4F,0x00,0x07,0x00,0x00,0x00
24024360,0x3E8,false,0,8,0x09,0x00,0x00,0x00,0x00,0x00,0x00,0x00
24024497,0x3E8,false,0,8,0x0A,0x00,0x00,0x00,0x00,0x00,0x00,0x00
24024641,0x3E8,false,0,8,0x0B,0x00,0x00,0x00,0x00,0x00,0x00,0x00
24024782,0x3E8,false,0,8,0x0C,0x00,0x00,0x00,0x00,0x00,0x00,0x00
24024923,0x3E8,false,0,8,0x0D,0x00,0x00,0x00,0x05,0x00,0x10,0x00
24072665,0x3E8,false,0,8,0x00,0x00,0x00,0x00,0x66,0x00,0x65,0x00
24072953,0x44C,false,0,8,0x00,0x00,0x19,0x00,0x1A,0x00,0x00,0x00
24073095,0x3E8,false,0,8,0x01,0x00,0xF2,0x03,0x04,0x00,0x00,0x00
24073239,0x44C,false,0,8,0x01,0x00,0x01,0x00,0x00,0x00,0x00,0x00
24073383,0x3E8,false,0,8,0x02,0x00,0x00,0x00,0x00,0x00,0x54,0x00
24073514,0x3E8,false,0,8,0x03,0x00,0x4C,0x00,0x9F,0x04,0x00,0x00
24073656,0x3E8,false,0,8,0x04,0x00,0x00,0x00,0x90,0x01,0x9A,0x04
24073788,0x3E8,false,0,8,0x05,0x00,0x00,0x00,0x00,0x00,0x00,0x00
24073930,0x3E8,false,0,8,0x06,0x00,0x00,0x00,0x00,0x00,0x00,0x00
24074074,0x3E8,false,0,8,0x07,0x00,0x00,0x00,0x00,0x00,0x07,0x00
24074218,0x3E8,false,0,8,0x08,0x00,0x4F,0x00,0x07,0x00,0x00,0x00
24074360,0x3E8,false,0,8,0x09,0x00,0x00,0x00,0x00,0x00,0x00,0x00
24074503,0x3E8,false,0,8,0x0A,0x00,0x00,0x00,0x00,0x00,0x00,0x00
24074650,0x3E8,false,0,8,0x0B,0x00,0x00,0x00,0x00,0x00,0x00,0x00
24074794,0x3E8,false,0,8,0x0C,0x00,0x00,0x00,0x00,0x00,0x00,0x00
24074927,0x3E8,false,0,8,0x0D,0x00,0x00,0x00,0x05,0x00,0x10,0x00
24122670,0x3E8,false,0,8,0x00,0x00,0x00,0x00,0x66,0x00,0x65,0x00
24122929,0x44C,false,0,8,0x00,0x00,0x19,0x00,0x1A,0x00,0x00,0x00
24123070,0x3E8,false,0,8,0x01,0x00,0xF2,0x03,0x04,0x00,0x00,0x00
24123213,0x44C,false,0,8,0x01,0x00,0x01,0x00,0x00,0x00,0x00,0x00
24123354,0x3E8,false,0,8,0x02,0x00,0x00,0x00,0x00,0x00,0x54,0x00
24123496,0x3E8,false,0,8,0x03,0x00,0x4C,0x00,0x9F,0x04,0x00,0x00
24123626,0x3E8,false,0,8,0x04,0x00,0x00,0x00,0x90,0x01,0x9A,0x04
24123768,0x3E8,false,0,8,0x05,0x00,0x00,0x00,0x00,0x00,0x00,0x00
24123912,0x3E8,false,0,8,0x06,0x00,0x00,0x00,0x00,0x00,0x00,0x00
24124055,0x3E8,false,0,8,0x07,0x00,0x00,0x00,0x00,0x00,0x07,0x00
24124197,0x3E8,false,0,8,0x08,0x00,0x4F,0x00,0x07,0x00,0x00,0x00
24124339,0x3E8,false,0,8,0x09,0x00,0x00,0x00,0x00,0x00,0x00,0x00
24124482,0x3E8,false,0,8,0x0A,0x00,0x00,0x00,0x00,0x00,0x00,0x00
24124628,0x3E8,false,0,8,0x0B,0x00,0x00,0x00,0x00,0x00,0x00,0x00
24124770,0x3E8,false,0,8,0x0C,0x00,0x00,0x00,0x00,0x00,0x00,0x00
24124901,0x3E8,false,0,8,0x0D,0x00,0x00,0x00,0x05,0x00,0x10,0x00
24172671,0x3E8,false,0,8,0x00,0x00,0x00,0x00,0x66,0x00,0x65,0x00
24172930,0x44C,false,0,8,0x00,0x00,0x19,0x00,0x1A,0x00,0x00,0x00
24173068,0x3E8,false,0,8,0x01,0x00,0xF2,0x03,0x04,0x00,0x00,0x00
24173206,0x44C,false,0,8,0x01,0x00,0x01,0x00,0x00,0x00,0x00,0x00
24173343,0x3E8,false,0,8,0x02,0x00,0x00,0x00,0x00,0x00,0x54,0x00
24187284,0x3E8,false,0,8,0x03,0x00,0x4C,0x00,0x9F,0x04,0x00,0x00
24187416,0x3E8,false,0,8,0x04,0x00,0x00,0x00,0x90,0x01,0x9A,0x04
24187541,0x3E8,false,0,8,0x05,0x00,0x00,0x00,0x00,0x00,0x00,0x00
24187667,0x3E8,false,0,8,0x06,0x00,0x00,0x00,0x00,0x00,0x00,0x00
24187793,0x3E8,false,0,8,0x07,0x00,0x00,0x00,0x00,0x00,0x07,0x00
24187918,0x3E8,false,0,8,0x08,0x00,0x4F,0x00,0x07,0x00,0x00,0x00
24188044,0x3E8,false,0,8,0x09,0x00,0x00,0x00,0x00,0x00,0x00,0x00
24188171,0x3E8,false,0,8,0x0A,0x00,0x00,0x00,0x00,0x00,0x00,0x00
24188296,0x3E8,false,0,8,0x0B,0x00,0x00,0x00,0x00,0x00,0x00,0x00
24188422,0x3E8,false,0,8,0x0C,0x00,0x00,0x00,0x00,0x00,0x00,0x00
24188548,0x3E8,false,0,8,0x0D,0x00,0x00,0x00,0x05,0x00,0x10,0x00
24224669,0x3E8,false,0,8,0x00,0x00,0x00,0x00,0x66,0x00,0x65,0x00
24224899,0x44C,false,0,8,0x00,0x00,0x19,0x00,0x1A,0x00,0x00,0x00
24225038,0x3E8,false,0,8,0x01,0x00,0xF2,0x03,0x04,0x00,0x00,0x00
24225177,0x44C,false,0,8,0x01,0x00,0x01,0x00,0x00,0x00,0x00,0x00
24225314,0x3E8,false,0,8,0x02,0x00,0x00,0x00,0x00,0x00,0x54,0x00
24225449,0x3E8,false,0,8,0x03,0x00,0x4C,0x00,0x9F,0x04,0x00,0x00
24225588,0x3E8,false,0,8,0x04,0x00,0x00,0x00,0x90,0x01,0x9A,0x04
24225712,0x3E8,false,0,8,0x05,0x00,0x00,0x00,0x00,0x00,0x00,0x00
24225848,0x3E8,false,0,8,0x06,0x00,0x00,0x00,0x00,0x00,0x00,0x00
24225973,0x3E8,false,0,8,0x07,0x00,0x00,0x00,0x00,0x00,0x07,0x00
24226097,0x3E8,false,0,8,0x08,0x00,0x4F,0x00,0x07,0x00,0x00,0x00
24226222,0x3E8,false,0,8,0x09,0x00,0x00,0x00,0x00,0x00,0x00,0x00
24226346,0x3E8,false,0,8,0x0A,0x00,0x00,0x00,0x00,0x00,0x00,0x00
24226471,0x3E8,false,0,8,0x0B,0x00,0x00,0x00,0x00,0x00,0x00,0x00
24226600,0x3E8,false,0,8,0x0C,0x00,0x00,0x00,0x00,0x00,0x00,0x00
24226724,0x3E8,false,0,8,0x0D,0x00,0x00,0x00,0x05,0x00,0x10,0x00
24274662,0x3E8,false,0,8,0x00,0x00,0x00,0x00,0x66,0x00,0x65,0x00
24274915,0x44C,false,0,8,0x00,0x00,0x19,0x00,0x1A,0x00,0x00,0x00
24275056,0x3E8,false,0,8,0x01,0x00,0xF2,0x03,0x04,0x00,0x00,0x00
24275192,0x44C,false,0,8,0x01,0x00,0x01,0x00,0x00,0x00,0x00,0x00
24275329,0x3E8,false,0,8,0x02,0x00,0x00,0x00,0x00,0x00,0x54,0x00
24275466,0x3E8,false,0,8,0x03,0x00,0x4C,0x00,0x9F,0x04,0x00,0x00
24275602,0x3E8,false,0,8,0x04,0x00,0x00,0x00,0x90,0x01,0x9A,0x04
24275726,0x3E8,false,0,8,0x05,0x00,0x00,0x00,0x00,0x00,0x00,0x00
24275851,0x3E8,false,0,8,0x06,0x00,0x00,0x00,0x00,0x00,0x00,0x00
24275976,0x3E8,false,0,8,0x07,0x00,0x00,0x00,0x00,0x00,0x07,0x00
24276101,0x3E8,false,0,8,0x08,0x00,0x4F,0x00,0x07,0x00,0x00,0x00
24276231,0x3E8,false,0,8,0x09,0x00,0x00,0x00,0x00,0x00,0x00,0x00
24276356,0x3E8,false,0,8,0x0A,0x00,0x00,0x00,0x00,0x00,0x00,0x00
24276481,0x3E8,false,0,8,0x0B,0x00,0x00,0x00,0x00,0x00,0x00,0x00
24276611,0x3E8,false,0,8,0x0C,0x00,0x00,0x00,0x00,0x00,0x00,0x00
24276736,0x3E8,false,0,8,0x0D,0x00,0x00,0x00,0x05,0x00,0x10,0x00
24324671,0x3E8,false,0,8,0x00,0x00,0x00,0x00,0x66,0x00,0x65,0x00
24324918,0x44C,false,0,8,0x00,0x00,0x19,0x00,0x1A,0x00,0x00,0x00
24325042,0x3E8,false,0,8,0x01,0x00,0xF2,0x03,0x04,0x00,0x00,0x00
24325177,0x44C,false,0,8,0x01,0x00,0x01,0x00,0x00,0x00,0x00,0x00
24325314,0x3E8,false,0,8,0x02,0x00,0x00,0x00,0x00,0x00,0x54,0x00
24325453,0x3E8,false,0,8,0x03,0x00,0x4C,0x00,0x9F,0x04,0x00,0x00
24325589,0x3E8,false,0,8,0x04,0x00,0x00,0x00,0x90,0x01,0x9A,0x04
24325713,0x3E8,false,0,8,0x05,0x00,0x00,0x00,0x00,0x00,0x00,0x00
24325838,0x3E8,false,0,8,0x06,0x00,0x00,0x00,0x00,0x00,0x00,0x00
24325963,0x3E8,false,0,8,0x07,0x00,0x00,0x00,0x00,0x00,0x07,0x00
24326088,0x3E8,false,0,8,0x08,0x00,0x4F,0x00,0x07,0x00,0x00,0x00
24326212,0x3E8,false,0,8,0x09,0x00,0x00,0x00,0x00,0x00,0x00,0x00
24326337,0x3E8,false,0,8,0x0A,0x00,0x00,0x00,0x00,0x00,0x00,0x00
24326462,0x3E8,false,0,8,0x0B,0x00,0x00,0x00,0x00,0x00,0x00,0x00
24326587,0x3E8,false,0,8,0x0C,0x00,0x00,0x00,0x00,0x00,0x00,0x00
24326716,0x3E8,false,0,8,0x0D,0x00,0x00,0x00,0x05,0x00,0x10,0x00
24374669,0x3E8,false,0,8,0x00,0x00,0x00,0x00,0x66,0x00,0x65,0x00
24374910,0x44C,false,0,8,0x00,0x00,0x19,0x00,0x1A,0x00,0x00,0x00
24375045,0x3E8,false,0,8,0x01,0x00,0xF2,0x03,0x04,0x00,0x00,0x00
24375182,0x44C,false,0,8,0x01,0x00,0x01,0x00,0x00,0x00,0x00,0x00
24389622,0x3E8,false,0,8,0x02,0x00,0x00,0x00,0x00,0x00,0x54,0x00
24389753,0x3E8,false,0,8,0x03,0x00,0x4C,0x00,0x9F,0x04,0x00,0x00
24389882,0x3E8,false,0,8,0x04,0x00,0x00,0x00,0x90,0x01,0x9A,0x04
24390006,0x3E8,false,0,8,0x05,0x00,0x00,0x00,0x00,0x00,0x00,0x00
24390131,0x3E8,false,0,8,0x06,0x00,0x00,0x00,0x00,0x00,0x00,0x00
24390256,0x3E8,false,0,8,0x07,0x00,0x00,0x00,0x00,0x00,0x07,0x00
24390380,0x3E8,false,0,8,0x08,0x00,0x4F,0x00,0x07,0x00,0x00,0x00
24390506,0x3E8,false,0,8,0x09,0x00,0x00,0x00,0x00,0x00,0x00,0x00
24390639,0x3E8,false,0,8,0x0A,0x00,0x00,0x00,0x00,0x00,0x00,0x00
24390764,0x3E8,false,0,8,0x0B,0x00,0x00,0x00,0x00,0x00,0x00,0x00
24390889,0x3E8,false,0,8,0x0C,0x00,0x00,0x00,0x00,0x00,0x00,0x00
24391013,0x3E8,false,0,8,0x0D,0x00,0x00,0x00,0x05,0x00,0x10,0x00
24425040,0x3E8,false,0,8,0x00,0x00,0x00,0x00,0x66,0x00,0x65,0x00
24425268,0x44C,false,0,8,0x00,0x00,0x19,0x00,0x1A,0x00,0x00,0x00
24425394,0x3E8,false,0,8,0x01,0x00,0xF2,0x03,0x04,0x00,0x00,0x00
24425529,0x44C,false,0,8,0x01,0x00,0x01,0x00,0x00,0x00,0x00,0x00
24425666,0x3E8,false,0,8,0x02,0x00,0x00,0x00,0x00,0x00,0x54,0x00
24425802,0x3E8,false,0,8,0x03,0x00,0x4C,0x00,0x9F,0x04,0x00,0x00
24425938,0x3E8,false,0,8,0x04,0x00,0x00,0x00,0x90,0x01,0x9A,0x04
24426076,0x3E8,false,0,8,0x05,0x00,0x00,0x00,0x00,0x00,0x00,0x00
24426211,0x3E8,false,0,8,0x06,0x00,0x00,0x00,0x00,0x00,0x00,0x00
24426345,0x3E8,false,0,8,0x07,0x00,0x00,0x00,0x00,0x00,0x07,0x00
24426481,0x3E8,false,0,8,0x08,0x00,0x4F,0x00,0x07,0x00,0x00,0x00
24426613,0x3E8,false,0,8,0x09,0x00,0x00,0x00,0x00,0x00,0x00,0x00
24426739,0x3E8,false,0,8,0x0A,0x00,0x00,0x00,0x00,0x00,0x00,0x00
24426864,0x3E8,false,0,8,0x0B,0x00,0x00,0x00,0x00,0x00,0x00,0x00
24426994,0x3E8,false,0,8,0x0C,0x00,0x00,0x00,0x00,0x00,0x00,0x00
24427119,0x3E8,false,0,8,0x0D,0x00,0x00,0x00,0x05,0x00,0x10,0x00
24474672,0x3E8,false,0,8,0x00,0x00,0x00,0x00,0x66,0x00,0x65,0x00
24474918,0x44C,false,0,8,0x00,0x00,0x19,0x00,0x1A,0x00,0x00,0x00
24475055,0x3E8,false,0,8,0x01,0x00,0xF2,0x03,0x04,0x00,0x00,0x00
24475194,0x44C,false,0,8,0x01,0x00,0x01,0x00,0x00,0x00,0x00,0x00
24475319,0x3E8,false,0,8,0x02,0x00,0x00,0x00,0x00,0x00,0x54,0x00
24475454,0x3E8,false,0,8,0x03,0x00,0x4C,0x00,0x9F,0x04,0x00,0x00
24475590,0x3E8,false,0,8,0x04,0x00,0x00,0x00,0x90,0x01,0x9A,0x04
24475727,0x3E8,false,0,8,0x05,0x00,0x00,0x00,0x00,0x00,0x00,0x00
24475863,0x3E8,false,0,8,0x06,0x00,0x00,0x00,0x00,0x00,0x00,0x00
24475999,0x3E8,false,0,8,0x07,0x00,0x00,0x00,0x00,0x00,0x07,0x00
24476137,0x3E8,false,0,8,0x08,0x00,0x4F,0x00,0x07,0x00,0x00,0x00
24476272,0x3E8,false,0,8,0x09,0x00,0x00,0x00,0x00,0x00,0x00,0x00
24476397,0x3E8,false,0,8,0x0A,0x00,0x00,0x00,0x00,0x00,0x00,0x00
24476526,0x3E8,false,0,8,0x0B,0x00,0x00,0x00,0x00,0x00,0x00,0x00
24476656,0x3E8,false,0,8,0x0C,0x00,0x00,0x00,0x00,0x00,0x00,0x00
24476780,0x3E8,false,0,8,0x0D,0x00,0x00,0x00,0x05,0x00,0x10,0x00
24524652,0x3E8,false,0,8,0x00,0x00,0x00,0x00,0x66,0x00,0x65,0x00
24524833,0x44C,false,0,8,0x00,0x00,0x19,0x00,0x1A,0x00,0x00,0x00
24524970,0x3E8,false,0,8,0x01,0x00,0xF2,0x03,0x04,0x00,0x00,0x00
24525105,0x44C,false,0,8,0x01,0x00,0x01,0x00,0x00,0x00,0x00,0x00
24525230,0x3E8,false,0,8,0x02,0x00,0x00,0x00,0x00,0x00,0x54,0x00
24525367,0x3E8,false,0,8,0x03,0x00,0x4C,0x00,0x9F,0x04,0x00,0x00
24525503,0x3E8,false,0,8,0x04,0x00,0x00,0x00,0x90,0x01,0x9A,0x04
24525641,0x3E8,false,0,8,0x05,0x00,0x00,0x00,0x00,0x00,0x00,0x00
24525780,0x3E8,false,0,8,0x06,0x00,0x00,0x00,0x00,0x00,0x00,0x00
24525917,0x3E8,false,0,8,0x07,0x00,0x00,0x00,0x00,0x00,0x07,0x00
24526052,0x3E8,false,0,8,0x08,0x00,0x4F,0x00,0x07,0x00,0x00,0x00
24526188,0x3E8,false,0,8,0x09,0x00,0x00,0x00,0x00,0x00,0x00,0x00
24526323,0x3E8,false,0,8,0x0A,0x00,0x00,0x00,0x00,0x00,0x00,0x00
24526448,0x3E8,false,0,8,0x0B,0x00,0x00,0x00,0x00,0x00,0x00,0x00
24526573,0x3E8,false,0,8,0x0C,0x00,0x00,0x00,0x00,0x00,0x00,0x00
24526702,0x3E8,false,0,8,0x0D,0x00,0x00,0x00,0x05,0x00,0x10,0x00
24574672,0x3E8,false,0,8,0x00,0x00,0x00,0x00,0x66,0x00,0x65,0x00
24574920,0x44C,false,0,8,0x00,0x00,0x19,0x00,0x1A,0x00,0x00,0x00
24575045,0x3E8,false,0,8,0x01,0x00,0xF2,0x03,0x04,0x00,0x00,0x00
24589283,0x44C,false,0,8,0x01,0x00,0x01,0x00,0x00,0x00,0x00,0x00
24589408,0x3E8,false,0,8,0x02,0x00,0x00,0x00,0x00,0x00,0x54,0x00
24589532,0x3E8,false,0,8,0x03,0x00,0x4C,0x00,0x9F,0x04,0x00,0x00
24589656,0x3E8,false,0,8,0x04,0x00,0x00,0x00,0x90,0x01,0x9A,0x04
24589780,0x3E8,false,0,8,0x05,0x00,0x00,0x00,0x00,0x00,0x00,0x00
24589905,0x3E8,false,0,8,0x06,0x00,0x00,0x00,0x00,0x00,0x00,0x00
24590029,0x3E8,false,0,8,0x07,0x00,0x00,0x00,0x00,0x00,0x07,0x00
24590154,0x3E8,false,0,8,0x08,0x00,0x4F,0x00,0x07,0x00,0x00,0x00
24590278,0x3E8,false,0,8,0x09,0x00,0x00,0x00,0x00,0x00,0x00,0x00
24590403,0x3E8,false,0,8,0x0A,0x00,0x00,0x00,0x00,0x00,0x00,0x00
24590527,0x3E8,false,0,8,0x0B,0x00,0x00,0x00,0x00,0x00,0x00,0x00
24590657,0x3E8,false,0,8,0x0C,0x00,0x00,0x00,0x00,0x00,0x00,0x00
24590781,0x3E8,false,0,8,0x0D,0x00,0x00,0x00,0x05,0x00,0x10,0x00
24624670,0x3E8,false,0,8,0x00,0x00,0x00,0x00,0x66,0x00,0x65,0x00
24624903,0x44C,false,0,8,0x00,0x00,0x19,0x00,0x1A,0x00,0x00,0x00
24625047,0x3E8,false,0,8,0x01,0x00,0xF2,0x03,0x04,0x00,0x00,0x00
24625172,0x44C,false,0,8,0x01,0x00,0x01,0x00,0x00,0x00,0x00,0x00
24625318,0x3E8,false,0,8,0x02,0x00,0x00,0x00,0x00,0x00,0x54,0x00
24625444,0x3E8,false,0,8,0x03,0x00,0x4C,0x00,0x9F,0x04,0x00,0x00
24625568,0x3E8,false,0,8,0x04,0x00,0x00,0x00,0x90,0x01,0x9A,0x04
24625694,0x3E8,false,0,8,0x05,0x00,0x00,0x00,0x00,0x00,0x00,0x00
24628644,0x3E8,false,0,8,0x06,0x00,0x00,0x00,0x00,0x00,0x00,0x00
24628769,0x3E8,false,0,8,0x07,0x00,0x00,0x00,0x00,0x00,0x07,0x00
24628894,0x3E8,false,0,8,0x08,0x00,0x4F,0x00,0x07,0x00,0x00,0x00
24629018,0x3E8,false,0,8,0x09,0x00,0x00,0x00,0x00,0x00,0x00,0x00
24629142,0x3E8,false,0,8,0x0A,0x00,0x00,0x00,0x00,0x00,0x00,0x00
24629267,0x3E8,false,0,8,0x0B,0x00,0x00,0x00,0x00,0x00,0x00,0x00
24629392,0x3E8,false,0,8,0x0C,0x00,0x00,0x00,0x00,0x00,0x00,0x00
24629516,0x3E8,false,0,8,0x0D,0x00,0x00,0x00,0x05,0x00,0x10,0x00
24676663,0x3E8,false,0,8,0x00,0x00,0x00,0x00,0x66,0x00,0x65,0x00
24676910,0x44C,false,0,8,0x00,0x00,0x19,0x00,0x1A,0x00,0x00,0x00
24677045,0x3E8,false,0,8,0x01,0x00,0xF2,0x03,0x04,0x00,0x00,0x00
24677181,0x44C,false,0,8,0x01,0x00,0x01,0x00,0x00,0x00,0x00,0x00
24677306,0x3E8,false,0,8,0x02,0x00,0x00,0x00,0x00,0x00,0x54,0x00
24677431,0x3E8,false,0,8,0x03,0x00,0x4C,0x00,0x9F,0x04,0x00,0x00
24677555,0x3E8,false,0,8,0x04,0x00,0x00,0x00,0x90,0x01,0x9A,0x04
24677680,0x3E8,false,0,8,0x05,0x00,0x00,0x00,0x00,0x00,0x00,0x00
24677805,0x3E8,false,0,8,0x06,0x00,0x00,0x00,0x00,0x00,0x00,0x00
24677930,0x3E8,false,0,8,0x07,0x00,0x00,0x00,0x00,0x00,0x07,0x00
24678054,0x3E8,false,0,8,0x08,0x00,0x4F,0x00,0x07,0x00,0x00,0x00
24678179,0x3E8,false,0,8,0x09,0x00,0x00,0x00,0x00,0x00,0x00,0x00
24678304,0x3E8,false,0,8,0x0A,0x00,0x00,0x00,0x00,0x00,0x00,0x00
24678429,0x3E8,false,0,8,0x0B,0x00,0x00,0x00,0x00,0x00,0x00,0x00
24678556,0x3E8,false,0,8,0x0C,0x00,0x00,0x00,0x00,0x00,0x00,0x00
24678690,0x3E8,false,0,8,0x0D,0x00,0x00,0x00,0x05,0x00,0x10,0x00
24726662,0x3E8,false,0,8,0x00,0x00,0x00,0x00,0x66,0x00,0x65,0x00
24726902,0x44C,false,0,8,0x00,0x00,0x19,0x00,0x1A,0x00,0x00,0x00
24727043,0x3E8,false,0,8,0x01,0x00,0xF2,0x03,0x04,0x00,0x00,0x00
24727181,0x44C,false,0,8,0x01,0x00,0x01,0x00,0x00,0x00,0x00,0x00
24727305,0x3E8,false,0,8,0x02,0x00,0x00,0x00,0x00,0x00,0x54,0x00
24727430,0x3E8,false,0,8,0x03,0x00,0x4C,0x00,0x9F,0x04,0x00,0x00
24727554,0x3E8,false,0,8,0x04,0x00,0x00,0x00,0x90,0x01,0x9A,0x04
24727681,0x3E8,false,0,8,0x05,0x00,0x00,0x00,0x00,0x00,0x00,0x00
24727806,0x3E8,false,0,8,0x06,0x00,0x00,0x00,0x00,0x00,0x00,0x00
24727931,0x3E8,false,0,8,0x07,0x00,0x00,0x00,0x00,0x00,0x07,0x00
24728056,0x3E8,false,0,8,0x08,0x00,0x4F,0x00,0x07,0x00,0x00,0x00
24728180,0x3E8,false,0,8,0x09,0x00,0x00,0x00,0x00,0x00,0x00,0x00
24728305,0x3E8,false,0,8,0x0A,0x00,0x00,0x00,0x00,0x00,0x00,0x00
24728430,0x3E8,false,0,8,0x0B,0x00,0x00,0x00,0x00,0x00,0x00,0x00
24728554,0x3E8,false,0,8,0x0C,0x00,0x00,0x00,0x00,0x00,0x00,0x00
24728684,0x3E8,false,0,8,0x0D,0x00,0x00,0x00,0x05,0x00,0x10,0x00
24776671,0x3E8,false,0,8,0x00,0x00,0x00,0x00,0x66,0x00,0x65,0x00
24776941,0x44C,false,0,8,0x00,0x00,0x19,0x00,0x1A,0x00,0x00,0x00
24791293,0x3E8,false,0,8,0x01,0x00,0xF2,0x03,0x04,0x00,0x00,0x00
24791426,0x44C,false,0,8,0x01,0x00,0x01,0x00,0x00,0x00,0x00,0x00
24791551,0x3E8,false,0,8,0x02,0x00,0x00,0x00,0x00,0x00,0x54,0x00
24791679,0x3E8,false,0,8,0x03,0x00,0x4C,0x00,0x9F,0x04,0x00,0x00
24791803,0x3E8,false,0,8,0x04,0x00,0x00,0x00,0x90,0x01,0x9A,0x04
24791927,0x3E8,false,0,8,0x05,0x00,0x00,0x00,0x00,0x00,0x00,0x00
24792052,0x3E8,false,0,8,0x06,0x00,0x00,0x00,0x00,0x00,0x00,0x00
24792176,0x3E8,false,0,8,0x07,0x00,0x00,0x00,0x00,0x00,0x07,0x00
24792301,0x3E8,false,0,8,0x08,0x00,0x4F,0x00,0x07,0x00,0x00,0x00
24792425,0x3E8,false,0,8,0x09,0x00,0x00,0x00,0x00,0x00,0x00,0x00
24792550,0x3E8,false,0,8,0x0A,0x00,0x00,0x00,0x00,0x00,0x00,0x00
24792685,0x3E8,false,0,8,0x0B,0x00,0x00,0x00,0x00,0x00,0x00,0x00
24792810,0x3E8,false,0,8,0x0C,0x00,0x00,0x00,0x00,0x00,0x00,0x00
24792934,0x3E8,false,0,8,0x0D,0x00,0x00,0x00,0x05,0x00,0x10,0x00
24826645,0x3E8,false,0,8,0x00,0x00,0x00,0x00,0x66,0x00,0x65,0x00
24826777,0x44C,false,0,8,0x00,0x00,0x19,0x00,0x1A,0x00,0x00,0x00
24826902,0x3E8,false,0,8,0x01,0x00,0xF2,0x03,0x04,0x00,0x00,0x00
24827026,0x44C,false,0,8,0x01,0x00,0x01,0x00,0x00,0x00,0x00,0x00
24827151,0x3E8,false,0,8,0x02,0x00,0x00,0x00,0x00,0x00,0x54,0x00
24827287,0x3E8,false,0,8,0x03,0x00,0x4C,0x00,0x9F,0x04,0x00,0x00
24827421,0x3E8,false,0,8,0x04,0x00,0x00,0x00,0x90,0x01,0x9A,0x04
24827558,0x3E8,false,0,8,0x05,0x00,0x00,0x00,0x00,0x00,0x00,0x00
24827697,0x3E8,false,0,8,0x06,0x00,0x00,0x00,0x00,0x00,0x00,0x00
24827834,0x3E8,false,0,8,0x07,0x00,0x00,0x00,0x00,0x00,0x07,0x00
24827975,0x3E8,false,0,8,0x08,0x00,0x4F,0x00,0x07,0x00,0x00,0x00
24828112,0x3E8,false,0,8,0x09,0x00,0x00,0x00,0x00,0x00,0x00,0x00
24828236,0x3E8,false,0,8,0x0A,0x00,0x00,0x00,0x00,0x00,0x00,0x00
24828361,0x3E8,false,0,8,0x0B,0x00,0x00,0x00,0x00,0x00,0x00,0x00
24828486,0x3E8,false,0,8,0x0C,0x00,0x00,0x00,0x00,0x00,0x00,0x00
24828615,0x3E8,false,0,8,0x0D,0x00,0x00,0x00,0x05,0x00,0x10,0x00
24876654,0x3E8,false,0,8,0x00,0x00,0x00,0x00,0x66,0x00,0x65,0x00
24876780,0x44C,false,0,8,0x00,0x00,0x19,0x00,0x1A,0x00,0x00,0x00
24876919,0x3E8,false,0,8,0x01,0x00,0xF2,0x03,0x04,0x00,0x00,0x00
24877043,0x44C,false,0,8,0x01,0x00,0x01,0x00,0x00,0x00,0x00,0x00
24877179,0x3E8,false,0,8,0x02,0x00,0x00,0x00,0x00,0x00,0x54,0x00
24877315,0x3E8,false,0,8,0x03,0x00,0x4C,0x00,0x9F,0x04,0x00,0x00
24877450,0x3E8,false,0,8,0x04,0x00,0x00,0x00,0x90,0x01,0x9A,0x04
24877588,0x3E8,false,0,8,0x05,0x00,0x00,0x00,0x00,0x00,0x00,0x00
24877724,0x3E8,false,0,8,0x06,0x00,0x00,0x00,0x00,0x00,0x00,0x00
24877863,0x3E8,false,0,8,0x07,0x00,0x00,0x00,0x00,0x00,0x07,0x00
24877999,0x3E8,false,0,8,0x08,0x00,0x4F,0x00,0x07,0x00,0x00,0x00
24878124,0x3E8,false,0,8,0x09,0x00,0x00,0x00,0x00,0x00,0x00,0x00
24878248,0x3E8,false,0,8,0x0A,0x00,0x00,0x00,0x00,0x00,0x00,0x00
24878373,0x3E8,false,0,8,0x0B,0x00,0x00,0x00,0x00,0x00,0x00,0x00
24878497,0x3E8,false,0,8,0x0C,0x00,0x00,0x00,0x00,0x00,0x00,0x00
24878626,0x3E8,false,0,8,0x0D,0x00,0x00,0x00,0x05,0x00,0x10,0x00
24926660,0x44C,false,0,8,0x00,0x00,0x19,0x00,0x1A,0x00,0x00,0x00
24926866,0x3E8,false,0,8,0x00,0x00,0x00,0x00,0x66,0x00,0x65,0x00
24926990,0x44C,false,0,8,0x01,0x00,0x01,0x00,0x00,0x00,0x00,0x00
24927126,0x3E8,false,0,8,0x01,0x00,0xF2,0x03,0x04,0x00,0x00,0x00
24927262,0x3E8,false,0,8,0x02,0x00,0x00,0x00,0x00,0x00,0x54,0x00
24927400,0x3E8,false,0,8,0x03,0x00,0x4C,0x00,0x9F,0x04,0x00,0x00
24927536,0x3E8,false,0,8,0x04,0x00,0x00,0x00,0x90,0x01,0x9A,0x04
24927675,0x3E8,false,0,8,0x05,0x00,0x00,0x00,0x00,0x00,0x00,0x00
24927813,0x3E8,false,0,8,0x06,0x00,0x00,0x00,0x00,0x00,0x00,0x00
24927949,0x3E8,false,0,8,0x07,0x00,0x00,0x00,0x00,0x00,0x07,0x00
24928086,0x3E8,false,0,8,0x08,0x00,0x4F,0x00,0x07,0x00,0x00,0x00
24928210,0x3E8,false,0,8,0x09,0x00,0x00,0x00,0x00,0x00,0x00,0x00
24928335,0x3E8,false,0,8,0x0A,0x00,0x00,0x00,0x00,0x00,0x00,0x00
24928459,0x3E8,false,0,8,0x0B,0x00,0x00,0x00,0x00,0x00,0x00,0x00
24928584,0x3E8,false,0,8,0x0C,0x00,0x00,0x00,0x00,0x00,0x00,0x00
24928713,0x3E8,false,0,8,0x0D,0x00,0x00,0x00,0x05,0x00,0x10,0x00
24976661,0x3E8,false,0,8,0x00,0x00,0x00,0x00,0x66,0x00,0x65,0x00
24990335,0x44C,false,0,8,0x00,0x00,0x19,0x00,0x1A,0x00,0x00,0x00
24990459,0x3E8,false,0,8,0x01,0x00,0xF2,0x03,0x04,0x00,0x00,0x00
24990584,0x44C,false,0,8,0x01,0x00,0x01,0x00,0x00,0x00,0x00,0x00
24990713,0x3E8,false,0,8,0x02,0x00,0x00,0x00,0x00,0x00,0x54,0x00
24990837,0x3E8,false,0,8,0x03,0x00,0x4C,0x00,0x9F,0x04,0x00,0x00
24990961,0x3E8,false,0,8,0x04,0x00,0x00,0x00,0x90,0x01,0x9A,0x04
24991085,0x3E8,false,0,8,0x05,0x00,0x00,0x00,0x00,0x00,0x00,0x00
24991210,0x3E8,false,0,8,0x06,0x00,0x00,0x00,0x00,0x00,0x00,0x00
24991334,0x3E8,false,0,8,0x07,0x00,0x00,0x00,0x00,0x00,0x07,0x00
24991459,0x3E8,false,0,8,0x08,0x00,0x4F,0x00,0x07,0x00,0x00,0x00
24991583,0x3E8,false,0,8,0x09,0x00,0x00,0x00,0x00,0x00,0x00,0x00
24991708,0x3E8,false,0,8,0x0A,0x00,0x00,0x00,0x00,0x00,0x00,0x00
24991832,0x3E8,false,0,8,0x0B,0x00,0x00,0x00,0x00,0x00,0x00,0x00
24991957,0x3E8,false,0,8,0x0C,0x00,0x00,0x00,0x00,0x00,0x00,0x00
24992081,0x3E8,false,0,8,0x0D,0x00,0x00,0x00,0x05,0x00,0x10,0x00
25026660,0x3E8,false,0,8,0x00,0x00,0x00,0x00,0x66,0x00,0x65,0x00
25026911,0x44C,false,0,8,0x00,0x00,0x19,0x00,0x1A,0x00,0x00,0x00
25027047,0x3E8,false,0,8,0x01,0x00,0xF2,0x03,0x04,0x00,0x00,0x00
25027171,0x44C,false,0,8,0x01,0x00,0x01,0x00,0x00,0x00,0x00,0x00
25027296,0x3E8,false,0,8,0x02,0x00,0x00,0x00,0x00,0x00,0x54,0x00
25027420,0x3E8,false,0,8,0x03,0x00,0x4C,0x00,0x9F,0x04,0x00,0x00
25027544,0x3E8,false,0,8,0x04,0x00,0x00,0x00,0x90,0x01,0x9A,0x04
25027670,0x3E8,false,0,8,0x05,0x00,0x00,0x00,0x00,0x00,0x00,0x00
25031148,0x3E8,false,0,8,0x06,0x00,0x00,0x00,0x00,0x00,0x00,0x00
25031323,0x3E8,false,0,8,0x07,0x00,0x00,0x00,0x00,0x00,0x07,0x00
25031475,0x3E8,false,0,8,0x08,0x00,0x4F,0x00,0x07,0x00,0x00,0x00
25031614,0x3E8,false,0,8,0x09,0x00,0x00,0x00,0x00,0x00,0x00,0x00
25031750,0x3E8,false,0,8,0x0A,0x00,0x00,0x00,0x00,0x00,0x00,0x00
25031894,0x3E8,false,0,8,0x0B,0x00,0x00,0x00,0x00,0x00,0x00,0x00
25032032,0x3E8,false,0,8,0x0C,0x00,0x00,0x00,0x00,0x00,0x00,0x00
25032169,0x3E8,false,0,8,0x0D,0x00,0x00,0x00,0x05,0x00,0x10,0x00
25076669,0x3E8,false,0,8,0x00,0x00,0x00,0x00,0x66,0x00,0x65,0x00
25076914,0x44C,false,0,8,0x00,0x00,0x19,0x00,0x1A,0x00,0x00,0x00
25077049,0x3E8,false,0,8,0x01,0x00,0xF2,0x03,0x04,0x00,0x00,0x00
25077186,0x44C,false,0,8,0x01,0x00,0x01,0x00,0x00,0x00,0x00,0x00
25077323,0x3E8,false,0,8,0x02,0x00,0x00,0x00,0x00,0x00,0x54,0x00
25077459,0x3E8,false,0,8,0x03,0x00,0x4C,0x00,0x9F,0x04,0x00,0x00
25077596,0x3E8,false,0,8,0x04,0x00,0x00,0x00,0x90,0x01,0x9A,0x04
25077723,0x3E8,false,0,8,0x05,0x00,0x00,0x00,0x00,0x00,0x00,0x00
25077858,0x3E8,false,0,8,0x06,0x00,0x00,0x00,0x00,0x00,0x00,0x00
25077984,0x3E8,false,0,8,0x07,0x00,0x00,0x00,0x00,0x00,0x07,0x00
25078122,0x3E8,false,0,8,0x08,0x00,0x4F,0x00,0x07,0x00,0x00,0x00
25078260,0x3E8,false,0,8,0x09,0x00,0x00,0x00,0x00,0x00,0x00,0x00
25078397,0x3E8,false,0,8,0x0A,0x00,0x00,0x00,0x00,0x00,0x00,0x00
25078532,0x3E8,false,0,8,0x0B,0x00,0x00,0x00,0x00,0x00,0x00,0x00
25078671,0x3E8,false,0,8,0x0C,0x00,0x00,0x00,0x00,0x00,0x00,0x00
25078808,0x3E8,false,0,8,0x0D,0x00,0x00,0x00,0x05,0x00,0x10,0x00
25126645,0x44C,false,0,8,0x00,0x00,0x19,0x00,0x1A,0x00,0x00,0x00
25126785,0x3E8,false,0,8,0x00,0x00,0x00,0x00,0x66,0x00,0x65,0x00
25126923,0x44C,false,0,8,0x01,0x00,0x01,0x00,0x00,0x00,0x00,0x00
25127059,0x3E8,false,0,8,0x01,0x00,0xF2,0x03,0x04,0x00,0x00,0x00
25127196,0x3E8,false,0,8,0x02,0x00,0x00,0x00,0x00,0x00,0x54,0x00
25127333,0x3E8,false,0,8,0x03,0x00,0x4C,0x00,0x9F,0x04,0x00,0x00
25127470,0x3E8,false,0,8,0x04,0x00,0x00,0x00,0x90,0x01,0x9A,0x04
25127609,0x3E8,false,0,8,0x05,0x00,0x00,0x00,0x00,0x00,0x00,0x00
25130670,0x3E8,false,0,8,0x06,0x00,0x00,0x00,0x00,0x00,0x00,0x00
25130799,0x3E8,false,0,8,0x07,0x00,0x00,0x00,0x00,0x00,0x07,0x00
25130923,0x3E8,false,0,8,0x08,0x00,0x4F,0x00,0x07,0x00,0x00,0x00
25145380,0x3E8,false,0,8,0x09,0x00,0x00,0x00,0x00,0x00,0x00,0x00
25145570,0x3E8,false,0,8,0x0A,0x00,0x00,0x00,0x00,0x00,0x00,0x00
25145699,0x3E8,false,0,8,0x0B,0x00,0x00,0x00,0x00,0x00,0x00,0x00
25145824,0x3E8,false,0,8,0x0C,0x00,0x00,0x00,0x00,0x00,0x00,0x00
25145948,0x3E8,false,0,8,0x0D,0x00,0x00,0x00,0x05,0x00,0x10,0x00
25179120,0x3E8,false,0,8,0x00,0x00,0x00,0x00,0x66,0x00,0x65,0x00
25179384,0x44C,false,0,8,0x00,0x00,0x19,0x00,0x1A,0x00,0x00,0x00
25179513,0x3E8,false,0,8,0x01,0x00,0xF2,0x03,0x04,0x00,0x00,0x00
25179642,0x44C,false,0,8,0x01,0x00,0x01,0x00,0x00,0x00,0x00,0x00
25179772,0x3E8,false,0,8,0x02,0x00,0x00,0x00,0x00,0x00,0x54,0x00
25179901,0x3E8,false,0,8,0x03,0x00,0x4C,0x00,0x9F,0x04,0x00,0x00
25180031,0x3E8,false,0,8,0x04,0x00,0x00,0x00,0x90,0x01,0x9A,0x04
25180166,0x3E8,false,0,8,0x05,0x00,0x00,0x00,0x00,0x00,0x00,0x00
25180309,0x3E8,false,0,8,0x06,0x00,0x00,0x00,0x00,0x00,0x00,0x00
25180447,0x3E8,false,0,8,0x07,0x00,0x00,0x00,0x00,0x00,0x07,0x00
25180581,0x3E8,false,0,8,0x08,0x00,0x4F,0x00,0x07,0x00,0x00,0x00
25180713,0x3E8,false,0,8,0x09,0x00,0x00,0x00,0x00,0x00,0x00,0x00
25180842,0x3E8,false,0,8,0x0A,0x00,0x00,0x00,0x00,0x00,0x00,0x00
25180974,0x3E8,false,0,8,0x0B,0x00,0x00,0x00,0x00,0x00,0x00,0x00
25181126,0x3E8,false,0,8,0x0C,0x00,0x00,0x00,0x00,0x00,0x00,0x00
25181276,0x3E8,false,0,8,0x0D,0x00,0x00,0x00,0x05,0x00,0x10,0x00
25226973,0x3E8,false,0,8,0x00,0x00,0x00,0x00,0x66,0x00,0x65,0x00
25227220,0x44C,false,0,8,0x00,0x00,0x19,0x00,0x1A,0x00,0x00,0x00
25227356,0x3E8,false,0,8,0x01,0x00,0xF2,0x03,0x04,0x00,0x00,0x00
25227492,0x44C,false,0,8,0x01,0x00,0x01,0x00,0x00,0x00,0x00,0x00
25227627,0x3E8,false,0,8,0x02,0x00,0x00,0x00,0x00,0x00,0x54,0x00
25227769,0x3E8,false,0,8,0x03,0x00,0x4C,0x00,0x9F,0x04,0x00,0x00
25227893,0x3E8,false,0,8,0x04,0x00,0x00,0x00,0x90,0x01,0x9A,0x04
25228017,0x3E8,false,0,8,0x05,0x00,0x00,0x00,0x00,0x00,0x00,0x00
25230644,0x3E8,false,0,8,0x06,0x00,0x00,0x00,0x00,0x00,0x00,0x00
25230769,0x3E8,false,0,8,0x07,0x00,0x00,0x00,0x00,0x00,0x07,0x00
25230894,0x3E8,false,0,8,0x08,0x00,0x4F,0x00,0x07,0x00,0x00,0x00
25231019,0x3E8,false,0,8,0x09,0x00,0x00,0x00,0x00,0x00,0x00,0x00
25231144,0x3E8,false,0,8,0x0A,0x00,0x00,0x00,0x00,0x00,0x00,0x00
25231269,0x3E8,false,0,8,0x0B,0x00,0x00,0x00,0x00,0x00,0x00,0x00
25231394,0x3E8,false,0,8,0x0C,0x00,0x00,0x00,0x00,0x00,0x00,0x00
25231519,0x3E8,false,0,8,0x0D,0x00,0x00,0x00,0x05,0x00,0x10,0x00
25278655,0x44C,false,0,8,0x00,0x00,0x19,0x00,0x1A,0x00,0x00,0x00
25278833,0x3E8,false,0,8,0x00,0x00,0x00,0x00,0x66,0x00,0x65,0x00
25278969,0x44C,false,0,8,0x01,0x00,0x01,0x00,0x00,0x00,0x00,0x00
25279106,0x3E8,false,0,8,0x01,0x00,0xF2,0x03,0x04,0x00,0x00,0x00
25279244,0x3E8,false,0,8,0x02,0x00,0x00,0x00,0x00,0x00,0x54,0x00
25279385,0x3E8,false,0,8,0x03,0x00,0x4C,0x00,0x9F,0x04,0x00,0x00
25279522,0x3E8,false,0,8,0x04,0x00,0x00,0x00,0x90,0x01,0x9A,0x04
25279658,0x3E8,false,0,8,0x05,0x00,0x00,0x00,0x00,0x00,0x00,0x00
25279783,0x3E8,false,0,8,0x06,0x00,0x00,0x00,0x00,0x00,0x00,0x00
25279908,0x3E8,false,0,8,0x07,0x00,0x00,0x00,0x00,0x00,0x07,0x00
25280033,0x3E8,false,0,8,0x08,0x00,0x4F,0x00,0x07,0x00,0x00,0x00
25280158,0x3E8,false,0,8,0x09,0x00,0x00,0x00,0x00,0x00,0x00,0x00
25280283,0x3E8,false,0,8,0x0A,0x00,0x00,0x00,0x00,0x00,0x00,0x00
25280409,0x3E8,false,0,8,0x0B,0x00,0x00,0x00,0x00,0x00,0x00,0x00
25280533,0x3E8,false,0,8,0x0C,0x00,0x00,0x00,0x00,0x00,0x00,0x00
25280663,0x3E8,false,0,8,0x0D,0x00,0x00,0x00,0x05,0x00,0x10,0x00
25328660,0x3E8,false,0,8,0x00,0x00,0x00,0x00,0x66,0x00,0x65,0x00
25328911,0x44C,false,0,8,0x00,0x00,0x19,0x00,0x1A,0x00,0x00,0x00
25329048,0x3E8,false,0,8,0x01,0x00,0xF2,0x03,0x04,0x00,0x00,0x00
25329185,0x44C,false,0,8,0x01,0x00,0x01,0x00,0x00,0x00,0x00,0x00
25329322,0x3E8,false,0,8,0x02,0x00,0x00,0x00,0x00,0x00,0x54,0x00
25329459,0x3E8,false,0,8,0x03,0x00,0x4C,0x00,0x9F,0x04,0x00,0x00
25329600,0x3E8,false,0,8,0x04,0x00,0x00,0x00,0x90,0x01,0x9A,0x04
25329724,0x3E8,false,0,8,0x05,0x00,0x00,0x00,0x00,0x00,0x00,0x00
25329849,0x3E8,false,0,8,0x06,0x00,0x00,0x00,0x00,0x00,0x00,0x00
25329974,0x3E8,false,0,8,0x07,0x00,0x00,0x00,0x00,0x00,0x07,0x00
25330099,0x3E8,false,0,8,0x08,0x00,0x4F,0x00,0x07,0x00,0x00,0x00
25348693,0x3E8,false,0,8,0x09,0x00,0x00,0x00,0x00,0x00,0x00,0x00
25348822,0x3E8,false,0,8,0x0A,0x00,0x00,0x00,0x00,0x00,0x00,0x00
25348946,0x3E8,false,0,8,0x0B,0x00,0x00,0x00,0x00,0x00,0x00,0x00
25349071,0x3E8,false,0,8,0x0C,0x00,0x00,0x00,0x00,0x00,0x00,0x00
25349195,0x3E8,false,0,8,0x0D,0x00,0x00,0x00,0x05,0x00,0x10,0x00
25378661,0x3E8,false,0,8,0x00,0x00,0x00,0x00,0x66,0x00,0x65,0x00
25378897,0x44C,false,0,8,0x00,0x00,0x19,0x00,0x1A,0x00,0x00,0x00
25379032,0x3E8,false,0,8,0x01,0x00,0xF2,0x03,0x04,0x00,0x00,0x00
25379170,0x44C,false,0,8,0x01,0x00,0x01,0x00,0x00,0x00,0x00,0x00
25379304,0x3E8,false,0,8,0x02,0x00,0x00,0x00,0x00,0x00,0x54,0x00
25379440,0x3E8,false,0,8,0x03,0x00,0x4C,0x00,0x9F,0x04,0x00,0x00
25379577,0x3E8,false,0,8,0x04,0x00,0x00,0x00,0x90,0x01,0x9A,0x04
25379715,0x3E8,false,0,8,0x05,0x00,0x00,0x00,0x00,0x00,0x00,0x00
25379851,0x3E8,false,0,8,0x06,0x00,0x00,0x00,0x00,0x00,0x00,0x00
25379978,0x3E8,false,0,8,0x07,0x00,0x00,0x00,0x00,0x00,0x07,0x00
25380102,0x3E8,false,0,8,0x08,0x00,0x4F,0x00,0x07,0x00,0x00,0x00
25380227,0x3E8,false,0,8,0x09,0x00,0x00,0x00,0x00,0x00,0x00,0x00
25380351,0x3E8,false,0,8,0x0A,0x00,0x00,0x00,0x00,0x00,0x00,0x00
25380476,0x3E8,false,0,8,0x0B,0x00,0x00,0x00,0x00,0x00,0x00,0x00
25380605,0x3E8,false,0,8,0x0C,0x00,0x00,0x00,0x00,0x00,0x00,0x00
25380730,0x3E8,false,0,8,0x0D,0x00,0x00,0x00,0x05,0x00,0x10,0x00
25428686,0x44C,false,0,8,0x00,0x00,0x19,0x00,0x1A,0x00,0x00,0x00
25428941,0x3E8,false,0,8,0x00,0x00,0x00,0x00,0x66,0x00,0x65,0x00
25429069,0x44C,false,0,8,0x01,0x00,0x01,0x00,0x00,0x00,0x00,0x00
25429201,0x3E8,false,0,8,0x01,0x00,0xF2,0x03,0x04,0x00,0x00,0x00
25429329,0x3E8,false,0,8,0x02,0x00,0x00,0x00,0x00,0x00,0x54,0x00
25429455,0x3E8,false,0,8,0x03,0x00,0x4C,0x00,0x9F,0x04,0x00,0x00
25429591,0x3E8,false,0,8,0x04,0x00,0x00,0x00,0x90,0x01,0x9A,0x04
25429734,0x3E8,false,0,8,0x05,0x00,0x00,0x00,0x00,0x00,0x00,0x00
25429875,0x3E8,false,0,8,0x06,0x00,0x00,0x00,0x00,0x00,0x00,0x00
25430015,0x3E8,false,0,8,0x07,0x00,0x00,0x00,0x00,0x00,0x07,0x00
25430168,0x3E8,false,0,8,0x08,0x00,0x4F,0x00,0x07,0x00,0x00,0x00
25430323,0x3E8,false,0,8,0x09,0x00,0x00,0x00,0x00,0x00,0x00,0x00
25431388,0x3E8,false,0,8,0x0A,0x00,0x00,0x00,0x00,0x00,0x00,0x00
25431614,0x3E8,false,0,8,0x0B,0x00,0x00,0x00,0x00,0x00,0x00,0x00
25431753,0x3E8,false,0,8,0x0C,0x00,0x00,0x00,0x00,0x00,0x00,0x00
25431897,0x3E8,false,0,8,0x0D,0x00,0x00,0x00,0x05,0x00,0x10,0x00
25479004,0x3E8,false,0,8,0x00,0x00,0x00,0x00,0x66,0x00,0x65,0x00
25479249,0x44C,false,0,8,0x00,0x00,0x19,0x00,0x1A,0x00,0x00,0x00
25479373,0x3E8,false,0,8,0x01,0x00,0xF2,0x03,0x04,0x00,0x00,0x00
25479514,0x44C,false,0,8,0x01,0x00,0x01,0x00,0x00,0x00,0x00,0x00
25479658,0x3E8,false,0,8,0x02,0x00,0x00,0x00,0x00,0x00,0x54,0x00
25479795,0x3E8,false,0,8,0x03,0x00,0x4C,0x00,0x9F,0x04,0x00,0x00
25479931,0x3E8,false,0,8,0x04,0x00,0x00,0x00,0x90,0x01,0x9A,0x04
25480070,0x3E8,false,0,8,0x05,0x00,0x00,0x00,0x00,0x00,0x00,0x00
25480213,0x3E8,false,0,8,0x06,0x00,0x00,0x00,0x00,0x00,0x00,0x00
25480363,0x3E8,false,0,8,0x07,0x00,0x00,0x00,0x00,0x00,0x07,0x00
25480497,0x3E8,false,0,8,0x08,0x00,0x4F,0x00,0x07,0x00,0x00,0x00
25480642,0x3E8,false,0,8,0x09,0x00,0x00,0x00,0x00,0x00,0x00,0x00
25480788,0x3E8,false,0,8,0x0A,0x00,0x00,0x00,0x00,0x00,0x00,0x00
25480927,0x3E8,false,0,8,0x0B,0x00,0x00,0x00,0x00,0x00,0x00,0x00
25481088,0x3E8,false,0,8,0x0C,0x00,0x00,0x00,0x00,0x00,0x00,0x00
25481232,0x3E8,false,0,8,0x0D,0x00,0x00,0x00,0x05,0x00,0x10,0x00
25528667,0x3E8,false,0,8,0x00,0x00,0x00,0x00,0x66,0x00,0x65,0x00
25528904,0x44C,false,0,8,0x00,0x00,0x19,0x00,0x1A,0x00,0x00,0x00
25529041,0x3E8,false,0,8,0x01,0x00,0xF2,0x03,0x04,0x00,0x00,0x00
25529177,0x44C,false,0,8,0x01,0x00,0x01,0x00,0x00,0x00,0x00,0x00
25529302,0x3E8,false,0,8,0x02,0x00,0x00,0x00,0x00,0x00,0x54,0x00
25529441,0x3E8,false,0,8,0x03,0x00,0x4C,0x00,0x9F,0x04,0x00,0x00
25529580,0x3E8,false,0,8,0x04,0x00,0x00,0x00,0x90,0x01,0x9A,0x04
25529717,0x3E8,false,0,8,0x05,0x00,0x00,0x00,0x00,0x00,0x00,0x00
25529854,0x3E8,false,0,8,0x06,0x00,0x00,0x00,0x00,0x00,0x00,0x00
25529991,0x3E8,false,0,8,0x07,0x00,0x00,0x00,0x00,0x00,0x07,0x00
25543929,0x3E8,false,0,8,0x08,0x00,0x4F,0x00,0x07,0x00,0x00,0x00
25544059,0x3E8,false,0,8,0x09,0x00,0x00,0x00,0x00,0x00,0x00,0x00
25544185,0x3E8,false,0,8,0x0A,0x00,0x00,0x00,0x00,0x00,0x00,0x00
25544312,0x3E8,false,0,8,0x0B,0x00,0x00,0x00,0x00,0x00,0x00,0x00
25544438,0x3E8,false,0,8,0x0C,0x00,0x00,0x00,0x00,0x00,0x00,0x00
25544563,0x3E8,false,0,8,0x0D,0x00,0x00,0x00,0x05,0x00,0x10,0x00
25578997,0x3E8,false,0,8,0x00,0x00,0x00,0x00,0x66,0x00,0x65,0x00
25579209,0x44C,false,0,8,0x00,0x00,0x19,0x00,0x1A,0x00,0x00,0x00
25579345,0x3E8,false,0,8,0x01,0x00,0xF2,0x03,0x04,0x00,0x00,0x00
25579470,0x44C,false,0,8,0x01,0x00,0x01,0x00,0x00,0x00,0x00,0x00
25579609,0x3E8,false,0,8,0x02,0x00,0x00,0x00,0x00,0x00,0x54,0x00
25579733,0x3E8,false,0,8,0x03,0x00,0x4C,0x00,0x9F,0x04,0x00,0x00
25579870,0x3E8,false,0,8,0x04,0x00,0x00,0x00,0x90,0x01,0x9A,0x04
25580006,0x3E8,false,0,8,0x05,0x00,0x00,0x00,0x00,0x00,0x00,0x00
25580140,0x3E8,false,0,8,0x06,0x00,0x00,0x00,0x00,0x00,0x00,0x00
25580276,0x3E8,false,0,8,0x07,0x00,0x00,0x00,0x00,0x00,0x07,0x00
25580412,0x3E8,false,0,8,0x08,0x00,0x4F,0x00,0x07,0x00,0x00,0x00
25580550,0x3E8,false,0,8,0x09,0x00,0x00,0x00,0x00,0x00,0x00,0x00
25580693,0x3E8,false,0,8,0x0A,0x00,0x00,0x00,0x00,0x00,0x00,0x00
25580817,0x3E8,false,0,8,0x0B,0x00,0x00,0x00,0x00,0x00,0x00,0x00
25580942,0x3E8,false,0,8,0x0C,0x00,0x00,0x00,0x00,0x00,0x00,0x00
25581066,0x3E8,false,0,8,0x0D,0x00,0x00,0x00,0x05,0x00,0x10,0x00
25628646,0x3E8,false,0,8,0x00,0x00,0x00,0x00,0x66,0x00,0x65,0x00
25628798,0x44C,false,0,8,0x00,0x00,0x19,0x00,0x1A,0x00,0x00,0x00
25628936,0x3E8,false,0,8,0x01,0x00,0xF2,0x03,0x04,0x00,0x00,0x00
25629082,0x44C,false,0,8,0x01,0x00,0x01,0x00,0x00,0x00,0x00,0x00
25629207,0x3E8,false,0,8,0x02,0x00,0x00,0x00,0x00,0x00,0x54,0x00
25629352,0x3E8,false,0,8,0x03,0x00,0x4C,0x00,0x9F,0x04,0x00,0x00
25629477,0x3E8,false,0,8,0x04,0x00,0x00,0x00,0x90,0x01,0x9A,0x04
25629601,0x3E8,false,0,8,0x05,0x00,0x00,0x00,0x00,0x00,0x00,0x00
25632644,0x3E8,false,0,8,0x06,0x00,0x00,0x00,0x00,0x00,0x00,0x00
25632769,0x3E8,false,0,8,0x07,0x00,0x00,0x00,0x00,0x00,0x07,0x00
25632894,0x3E8,false,0,8,0x08,0x00,0x4F,0x00,0x07,0x00,0x00,0x00
25633019,0x3E8,false,0,8,0x09,0x00,0x00,0x00,0x00,0x00,0x00,0x00
25633143,0x3E8,false,0,8,0x0A,0x00,0x00,0x00,0x00,0x00,0x00,0x00
25633268,0x3E8,false,0,8,0x0B,0x00,0x00,0x00,0x00,0x00,0x00,0x00
25633393,0x3E8,false,0,8,0x0C,0x00,0x00,0x00,0x00,0x00,0x00,0x00
25633518,0x3E8,false,0,8,0x0D,0x00,0x00,0x00,0x05,0x00,0x10,0x00
25678957,0x3E8,false,0,8,0x00,0x00,0x00,0x00,0x66,0x00,0x65,0x00
25679102,0x44C,false,0,8,0x00,0x00,0x19,0x00,0x1A,0x00,0x00,0x00
25679241,0x3E8,false,0,8,0x01,0x00,0xF2,0x03,0x04,0x00,0x00,0x00
25679378,0x44C,false,0,8,0x01,0x00,0x01,0x00,0x00,0x00,0x00,0x00
25679515,0x3E8,false,0,8,0x02,0x00,0x00,0x00,0x00,0x00,0x54,0x00
25679654,0x3E8,false,0,8,0x03,0x00,0x4C,0x00,0x9F,0x04,0x00,0x00
25679788,0x3E8,false,0,8,0x04,0x00,0x00,0x00,0x90,0x01,0x9A,0x04
25679923,0x3E8,false,0,8,0x05,0x00,0x00,0x00,0x00,0x00,0x00,0x00
25680179,0x3E8,false,0,8,0x06,0x00,0x00,0x00,0x00,0x00,0x00,0x00
25684165,0x3E8,false,0,8,0x07,0x00,0x00,0x00,0x00,0x00,0x07,0x00
25684571,0x3E8,false,0,8,0x08,0x00,0x4F,0x00,0x07,0x00,0x00,0x00
25684701,0x3E8,false,0,8,0x09,0x00,0x00,0x00,0x00,0x00,0x00,0x00
25684828,0x3E8,false,0,8,0x0A,0x00,0x00,0x00,0x00,0x00,0x00,0x00
25684954,0x3E8,false,0,8,0x0B,0x00,0x00,0x00,0x00,0x00,0x00,0x00
25685081,0x3E8,false,0,8,0x0C,0x00,0x00,0x00,0x00,0x00,0x00,0x00
25685211,0x3E8,false,0,8,0x0D,0x00,0x00,0x00,0x05,0x00,0x10,0x00
25730673,0x3E8,false,0,8,0x00,0x00,0x00,0x00,0x66,0x00,0x65,0x00
25730893,0x44C,false,0,8,0x00,0x00,0x19,0x00,0x1A,0x00,0x00,0x00
25731018,0x3E8,false,0,8,0x01,0x00,0xF2,0x03,0x04,0x00,0x00,0x00
25731159,0x44C,false,0,8,0x01,0x00,0x01,0x00,0x00,0x00,0x00,0x00
25731298,0x3E8,false,0,8,0x02,0x00,0x00,0x00,0x00,0x00,0x54,0x00
25731423,0x3E8,false,0,8,0x03,0x00,0x4C,0x00,0x9F,0x04,0x00,0x00
25731547,0x3E8,false,0,8,0x04,0x00,0x00,0x00,0x90,0x01,0x9A,0x04
25731674,0x3E8,false,0,8,0x05,0x00,0x00,0x00,0x00,0x00,0x00,0x00
25731799,0x3E8,false,0,8,0x06,0x00,0x00,0x00,0x00,0x00,0x00,0x00
25745882,0x3E8,false,0,8,0x07,0x00,0x00,0x00,0x00,0x00,0x07,0x00
25746007,0x3E8,false,0,8,0x08,0x00,0x4F,0x00,0x07,0x00,0x00,0x00
25746131,0x3E8,false,0,8,0x09,0x00,0x00,0x00,0x00,0x00,0x00,0x00
25746256,0x3E8,false,0,8,0x0A,0x00,0x00,0x00,0x00,0x00,0x00,0x00
25746381,0x3E8,false,0,8,0x0B,0x00,0x00,0x00,0x00,0x00,0x00,0x00
25746505,0x3E8,false,0,8,0x0C,0x00,0x00,0x00,0x00,0x00,0x00,0x00
25746634,0x3E8,false,0,8,0x0D,0x00,0x00,0x00,0x05,0x00,0x10,0x00
25780645,0x3E8,false,0,8,0x00,0x00,0x00,0x00,0x66,0x00,0x65,0x00
25780793,0x44C,false,0,8,0x00,0x00,0x19,0x00,0x1A,0x00,0x00,0x00
25780929,0x3E8,false,0,8,0x01,0x00,0xF2,0x03,0x04,0x00,0x00,0x00
25781066,0x44C,false,0,8,0x01,0x00,0x01,0x00,0x00,0x00,0x00,0x00
25781202,0x3E8,false,0,8,0x02,0x00,0x00,0x00,0x00,0x00,0x54,0x00
25781339,0x3E8,false,0,8,0x03,0x00,0x4C,0x00,0x9F,0x04,0x00,0x00
25781477,0x3E8,false,0,8,0x04,0x00,0x00,0x00,0x90,0x01,0x9A,0x04
25781601,0x3E8,false,0,8,0x05,0x00,0x00,0x00,0x00,0x00,0x00,0x00
25781726,0x3E8,false,0,8,0x06,0x00,0x00,0x00,0x00,0x00,0x00,0x00
25781850,0x3E8,false,0,8,0x07,0x00,0x00,0x00,0x00,0x00,0x07,0x00
25781975,0x3E8,false,0,8,0x08,0x00,0x4F,0x00,0x07,0x00,0x00,0x00
25782099,0x3E8,false,0,8,0x09,0x00,0x00,0x00,0x00,0x00,0x00,0x00
25782224,0x3E8,false,0,8,0x0A,0x00,0x00,0x00,0x00,0x00,0x00,0x00
25782348,0x3E8,false,0,8,0x0B,0x00,0x00,0x00,0x00,0x00,0x00,0x00
25782473,0x3E8,false,0,8,0x0C,0x00,0x00,0x00,0x00,0x00,0x00,0x00
25782602,0x3E8,false,0,8,0x0D,0x00,0x00,0x00,0x05,0x00,0x10,0x00
25830662,0x3E8,false,0,8,0x00,0x00,0x00,0x00,0x66,0x00,0x65,0x00
25830891,0x44C,false,0,8,0x00,0x00,0x19,0x00,0x1A,0x00,0x00,0x00
25831016,0x3E8,false,0,8,0x01,0x00,0xF2,0x03,0x04,0x00,0x00,0x00
25831142,0x44C,false,0,8,0x01,0x00,0x01,0x00,0x00,0x00,0x00,0x00
25831279,0x3E8,false,0,8,0x02,0x00,0x00,0x00,0x00,0x00,0x54,0x00
25831414,0x3E8,false,0,8,0x03,0x00,0x4C,0x00,0x9F,0x04,0x00,0x00
25831550,0x3E8,false,0,8,0x04,0x00,0x00,0x00,0x90,0x01,0x9A,0x04
25831688,0x3E8,false,0,8,0x05,0x00,0x00,0x00,0x00,0x00,0x00,0x00
25831823,0x3E8,false,0,8,0x06,0x00,0x00,0x00,0x00,0x00,0x00,0x00
25831960,0x3E8,false,0,8,0x07,0x00,0x00,0x00,0x00,0x00,0x07,0x00
25832097,0x3E8,false,0,8,0x08,0x00,0x4F,0x00,0x07,0x00,0x00,0x00
25832223,0x3E8,false,0,8,0x09,0x00,0x00,0x00,0x00,0x00,0x00,0x00
25832364,0x3E8,false,0,8,0x0A,0x00,0x00,0x00,0x00,0x00,0x00,0x00
25832490,0x3E8,false,0,8,0x0B,0x00,0x00,0x00,0x00,0x00,0x00,0x00
25832620,0x3E8,false,0,8,0x0C,0x00,0x00,0x00,0x00,0x00,0x00,0x00
25832746,0x3E8,false,0,8,0x0D,0x00,0x00,0x00,0x05,0x00,0x10,0x00
25880666,0x3E8,false,0,8,0x00,0x00,0x00,0x00,0x66,0x00,0x65,0x00
25880866,0x44C,false,0,8,0x00,0x00,0x19,0x00,0x1A,0x00,0x00,0x00
25881002,0x3E8,false,0,8,0x01,0x00,0xF2,0x03,0x04,0x00,0x00,0x00
25881127,0x44C,false,0,8,0x01,0x00,0x01,0x00,0x00,0x00,0x00,0x00
25881265,0x3E8,false,0,8,0x02,0x00,0x00,0x00,0x00,0x00,0x54,0x00
25881402,0x3E8,false,0,8,0x03,0x00,0x4C,0x00,0x9F,0x04,0x00,0x00
25881539,0x3E8,false,0,8,0x04,0x00,0x00,0x00,0x90,0x01,0x9A,0x04
25881673,0x3E8,false,0,8,0x05,0x00,0x00,0x00,0x00,0x00,0x00,0x00
25881811,0x3E8,false,0,8,0x06,0x00,0x00,0x00,0x00,0x00,0x00,0x00
25881948,0x3E8,false,0,8,0x07,0x00,0x00,0x00,0x00,0x00,0x07,0x00
25882085,0x3E8,false,0,8,0x08,0x00,0x4F,0x00,0x07,0x00,0x00,0x00
25882209,0x3E8,false,0,8,0x09,0x00,0x00,0x00,0x00,0x00,0x00,0x00
25882334,0x3E8,false,0,8,0x0A,0x00,0x00,0x00,0x00,0x00,0x00,0x00
25882459,0x3E8,false,0,8,0x0B,0x00,0x00,0x00,0x00,0x00,0x00,0x00
25882584,0x3E8,false,0,8,0x0C,0x00,0x00,0x00,0x00,0x00,0x00,0x00
25882713,0x3E8,false,0,8,0x0D,0x00,0x00,0x00,0x05,0x00,0x10,0x00
25930676,0x3E8,false,0,8,0x00,0x00,0x00,0x00,0x66,0x00,0x65,0x00
25930897,0x44C,false,0,8,0x00,0x00,0x19,0x00,0x1A,0x00,0x00,0x00
25931032,0x3E8,false,0,8,0x01,0x00,0xF2,0x03,0x04,0x00,0x00,0x00
25931170,0x44C,false,0,8,0x01,0x00,0x01,0x00,0x00,0x00,0x00,0x00
25931306,0x3E8,false,0,8,0x02,0x00,0x00,0x00,0x00,0x00,0x54,0x00
25931431,0x3E8,false,0,8,0x03,0x00,0x4C,0x00,0x9F,0x04,0x00,0x00
25931568,0x3E8,false,0,8,0x04,0x00,0x00,0x00,0x90,0x01,0x9A,0x04
25931706,0x3E8,false,0,8,0x05,0x00,0x00,0x00,0x00,0x00,0x00,0x00
25946187,0x3E8,false,0,8,0x06,0x00,0x00,0x00,0x00,0x00,0x00,0x00
25946318,0x3E8,false,0,8,0x07,0x00,0x00,0x00,0x00,0x00,0x07,0x00
25946444,0x3E8,false,0,8,0x08,0x00,0x4F,0x00,0x07,0x00,0x00,0x00
25946570,0x3E8,false,0,8,0x09,0x00,0x00,0x00,0x00,0x00,0x00,0x00
25946701,0x3E8,false,0,8,0x0A,0x00,0x00,0x00,0x00,0x00,0x00,0x00
25946826,0x3E8,false,0,8,0x0B,0x00,0x00,0x00,0x00,0x00,0x00,0x00
25946952,0x3E8,false,0,8,0x0C,0x00,0x00,0x00,0x00,0x00,0x00,0x00
25947078,0x3E8,false,0,8,0x0D,0x00,0x00,0x00,0x05,0x00,0x10,0x00
25981010,0x3E8,false,0,8,0x00,0x00,0x00,0x00,0x66,0x00,0x65,0x00
25981249,0x44C,false,0,8,0x00,0x00,0x19,0x00,0x1A,0x00,0x00,0x00
25981374,0x3E8,false,0,8,0x01,0x00,0xF2,0x03,0x04,0x00,0x00,0x00
25981511,0x44C,false,0,8,0x01,0x00,0x01,0x00,0x00,0x00,0x00,0x00
25981646,0x3E8,false,0,8,0x02,0x00,0x00,0x00,0x00,0x00,0x54,0x00
25981785,0x3E8,false,0,8,0x03,0x00,0x4C,0x00,0x9F,0x04,0x00,0x00
25981920,0x3E8,false,0,8,0x04,0x00,0x00,0x00,0x90,0x01,0x9A,0x04
25982056,0x3E8,false,0,8,0x05,0x00,0x00,0x00,0x00,0x00,0x00,0x00
25982194,0x3E8,false,0,8,0x06,0x00,0x00,0x00,0x00,0x00,0x00,0x00
25982332,0x3E8,false,0,8,0x07,0x00,0x00,0x00,0x00,0x00,0x07,0x00
25982456,0x3E8,false,0,8,0x08,0x00,0x4F,0x00,0x07,0x00,0x00,0x00
25982580,0x3E8,false,0,8,0x09,0x00,0x00,0x00,0x00,0x00,0x00,0x00
25982709,0x3E8,false,0,8,0x0A,0x00,0x00,0x00,0x00,0x00,0x00,0x00
25982834,0x3E8,false,0,8,0x0B,0x00,0x00,0x00,0x00,0x00,0x00,0x00
25982958,0x3E8,false,0,8,0x0C,0x00,0x00,0x00,0x00,0x00,0x00,0x00
25983083,0x3E8,false,0,8,0x0D,0x00,0x00,0x00,0x05,0x00,0x10,0x00
26030669,0x3E8,false,0,8,0x00,0x00,0x00,0x00,0x66,0x00,0x65,0x00
26030909,0x44C,false,0,8,0x00,0x00,0x19,0x00,0x1A,0x00,0x00,0x00
26031046,0x3E8,false,0,8,0x01,0x00,0xF2,0x03,0x04,0x00,0x00,0x00
26031170,0x44C,false,0,8,0x01,0x00,0x01,0x00,0x00,0x00,0x00,0x00
26031295,0x3E8,false,0,8,0x02,0x00,0x00,0x00,0x00,0x00,0x54,0x00
26031419,0x3E8,false,0,8,0x03,0x00,0x4C,0x00,0x9F,0x04,0x00,0x00
26031544,0x3E8,false,0,8,0x04,0x00,0x00,0x00,0x90,0x01,0x9A,0x04
26031670,0x3E8,false,0,8,0x05,0x00,0x00,0x00,0x00,0x00,0x00,0x00
26034644,0x3E8,false,0,8,0x06,0x00,0x00,0x00,0x00,0x00,0x00,0x00
26034769,0x3E8,false,0,8,0x07,0x00,0x00,0x00,0x00,0x00,0x07,0x00
26034894,0x3E8,false,0,8,0x08,0x00,0x4F,0x00,0x07,0x00,0x00,0x00
26035019,0x3E8,false,0,8,0x09,0x00,0x00,0x00,0x00,0x00,0x00,0x00
26035144,0x3E8,false,0,8,0x0A,0x00,0x00,0x00,0x00,0x00,0x00,0x00
26035269,0x3E8,false,0,8,0x0B,0x00,0x00,0x00,0x00,0x00,0x00,0x00
26035393,0x3E8,false,0,8,0x0C,0x00,0x00,0x00,0x00,0x00,0x00,0x00
26035518,0x3E8,false,0,8,0x0D,0x00,0x00,0x00,0x05,0x00,0x10,0x00
26080670,0x3E8,false,0,8,0x00,0x00,0x00,0x00,0x66,0x00,0x65,0x00
26080912,0x44C,false,0,8,0x00,0x00,0x19,0x00,0x1A,0x00,0x00,0x00
26081037,0x3E8,false,0,8,0x01,0x00,0xF2,0x03,0x04,0x00,0x00,0x00
26081184,0x44C,false,0,8,0x01,0x00,0x01,0x00,0x00,0x00,0x00,0x00
26081319,0x3E8,false,0,8,0x02,0x00,0x00,0x00,0x00,0x00,0x54,0x00
26081454,0x3E8,false,0,8,0x03,0x00,0x4C,0x00,0x9F,0x04,0x00,0x00
26081581,0x3E8,false,0,8,0x04,0x00,0x00,0x00,0x90,0x01,0x9A,0x04
26081718,0x3E8,false,0,8,0x05,0x00,0x00,0x00,0x00,0x00,0x00,0x00
26081843,0x3E8,false,0,8,0x06,0x00,0x00,0x00,0x00,0x00,0x00,0x00
26082084,0x3E8,false,0,8,0x07,0x00,0x00,0x00,0x00,0x00,0x07,0x00
26082220,0x3E8,false,0,8,0x08,0x00,0x4F,0x00,0x07,0x00,0x00,0x00
26082355,0x3E8,false,0,8,0x09,0x00,0x00,0x00,0x00,0x00,0x00,0x00
26082490,0x3E8,false,0,8,0x0A,0x00,0x00,0x00,0x00,0x00,0x00,0x00
26082632,0x3E8,false,0,8,0x0B,0x00,0x00,0x00,0x00,0x00,0x00,0x00
26082769,0x3E8,false,0,8,0x0C,0x00,0x00,0x00,0x00,0x00,0x00,0x00
26082906,0x3E8,false,0,8,0x0D,0x00,0x00,0x00,0x05,0x00,0x10,0x00
26130665,0x44C,false,0,8,0x00,0x00,0x19,0x00,0x1A,0x00,0x00,0x00
26130904,0x3E8,false,0,8,0x00,0x00,0x00,0x00,0x66,0x00,0x65,0x00
26131038,0x44C,false,0,8,0x01,0x00,0x01,0x00,0x00,0x00,0x00,0x00
26131173,0x3E8,false,0,8,0x01,0x00,0xF2,0x03,0x04,0x00,0x00,0x00
26131311,0x3E8,false,0,8,0x02,0x00,0x00,0x00,0x00,0x00,0x54,0x00
26131447,0x3E8,false,0,8,0x03,0x00,0x4C,0x00,0x9F,0x04,0x00,0x00
26131585,0x3E8,false,0,8,0x04,0x00,0x00,0x00,0x90,0x01,0x9A,0x04
26145834,0x3E8,false,0,8,0x05,0x00,0x00,0x00,0x00,0x00,0x00,0x00
26145967,0x3E8,false,0,8,0x06,0x00,0x00,0x00,0x00,0x00,0x00,0x00
26146092,0x3E8,false,0,8,0x07,0x00,0x00,0x00,0x00,0x00,0x07,0x00
26146217,0x3E8,false,0,8,0x08,0x00,0x4F,0x00,0x07,0x00,0x00,0x00
26146341,0x3E8,false,0,8,0x09,0x00,0x00,0x00,0x00,0x00,0x00,0x00
26146466,0x3E8,false,0,8,0x0A,0x00,0x00,0x00,0x00,0x00,0x00,0x00
26146590,0x3E8,false,0,8,0x0B,0x00,0x00,0x00,0x00,0x00,0x00,0x00
26146720,0x3E8,false,0,8,0x0C,0x00,0x00,0x00,0x00,0x00,0x00,0x00
26146844,0x3E8,false,0,8,0x0D,0x00,0x00,0x00,0x05,0x00,0x10,0x00
26182674,0x3E8,false,0,8,0x00,0x00,0x00,0x00,0x66,0x00,0x65,0x00
26182910,0x44C,false,0,8,0x00,0x00,0x19,0x00,0x1A,0x00,0x00,0x00
26183047,0x3E8,false,0,8,0x01,0x00,0xF2,0x03,0x04,0x00,0x00,0x00
26183175,0x44C,false,0,8,0x01,0x00,0x01,0x00,0x00,0x00,0x00,0x00
26183303,0x3E8,false,0,8,0x02,0x00,0x00,0x00,0x00,0x00,0x54,0x00
26183427,0x3E8,false,0,8,0x03,0x00,0x4C,0x00,0x9F,0x04,0x00,0x00
26183552,0x3E8,false,0,8,0x04,0x00,0x00,0x00,0x90,0x01,0x9A,0x04
26183676,0x3E8,false,0,8,0x06,0x00,0x00,0x00,0x00,0x00,0x00,0x00
26183800,0x3E8,false,0,8,0x07,0x00,0x00,0x00,0x00,0x00,0x07,0x00
26183925,0x3E8,false,0,8,0x08,0x00,0x4F,0x00,0x07,0x00,0x00,0x00
26184049,0x3E8,false,0,8,0x09,0x00,0x00,0x00,0x00,0x00,0x00,0x00
26184174,0x3E8,false,0,8,0x0A,0x00,0x00,0x00,0x00,0x00,0x00,0x00
26184298,0x3E8,false,0,8,0x0B,0x00,0x00,0x00,0x00,0x00,0x00,0x00
26184423,0x3E8,false,0,8,0x0C,0x00,0x00,0x00,0x00,0x00,0x00,0x00
26184548,0x3E8,false,0,8,0x0D,0x00,0x00,0x00,0x05,0x00,0x10,0x00
26232660,0x3E8,false,0,8,0x00,0x00,0x00,0x00,0x66,0x00,0x65,0x00
26232908,0x44C,false,0,8,0x00,0x00,0x19,0x00,0x1A,0x00,0x00,0x00
26233033,0x3E8,false,0,8,0x01,0x00,0xF2,0x03,0x04,0x00,0x00,0x00
26233170,0x44C,false,0,8,0x01,0x00,0x01,0x00,0x00,0x00,0x00,0x00
26233307,0x3E8,false,0,8,0x02,0x00,0x00,0x00,0x00,0x00,0x54,0x00
26233446,0x3E8,false,0,8,0x03,0x00,0x4C,0x00,0x9F,0x04,0x00,0x00
26233583,0x3E8,false,0,8,0x04,0x00,0x00,0x00,0x90,0x01,0x9A,0x04
26233719,0x3E8,false,0,8,0x05,0x00,0x00,0x00,0x00,0x00,0x00,0x00
26233856,0x3E8,false,0,8,0x06,0x00,0x00,0x00,0x00,0x00,0x00,0x00
26233980,0x3E8,false,0,8,0x07,0x00,0x00,0x00,0x00,0x00,0x07,0x00
26234105,0x3E8,false,0,8,0x08,0x00,0x4F,0x00,0x07,0x00,0x00,0x00
26234230,0x3E8,false,0,8,0x09,0x00,0x00,0x00,0x00,0x00,0x00,0x00
26234355,0x3E8,false,0,8,0x0A,0x00,0x00,0x00,0x00,0x00,0x00,0x00
26234480,0x3E8,false,0,8,0x0B,0x00,0x00,0x00,0x00,0x00,0x00,0x00
26234610,0x3E8,false,0,8,0x0C,0x00,0x00,0x00,0x00,0x00,0x00,0x00
26234735,0x3E8,false,0,8,0x0D,0x00,0x00,0x00,0x05,0x00,0x10,0x00
26282662,0x44C,false,0,8,0x00,0x00,0x19,0x00,0x1A,0x00,0x00,0x00
26282894,0x3E8,false,0,8,0x00,0x00,0x00,0x00,0x66,0x00,0x65,0x00
26283033,0x44C,false,0,8,0x01,0x00,0x01,0x00,0x00,0x00,0x00,0x00
26283169,0x3E8,false,0,8,0x01,0x00,0xF2,0x03,0x04,0x00,0x00,0x00
26283306,0x3E8,false,0,8,0x02,0x00,0x00,0x00,0x00,0x00,0x54,0x00
26283445,0x3E8,false,0,8,0x03,0x00,0x4C,0x00,0x9F,0x04,0x00,0x00
26283582,0x3E8,false,0,8,0x04,0x00,0x00,0x00,0x90,0x01,0x9A,0x04
26283720,0x3E8,false,0,8,0x05,0x00,0x00,0x00,0x00,0x00,0x00,0x00
26283848,0x3E8,false,0,8,0x06,0x00,0x00,0x00,0x00,0x00,0x00,0x00
26283981,0x3E8,false,0,8,0x07,0x00,0x00,0x00,0x00,0x00,0x07,0x00
26284117,0x3E8,false,0,8,0x08,0x00,0x4F,0x00,0x07,0x00,0x00,0x00
26284253,0x3E8,false,0,8,0x09,0x00,0x00,0x00,0x00,0x00,0x00,0x00
26284389,0x3E8,false,0,8,0x0A,0x00,0x00,0x00,0x00,0x00,0x00,0x00
26284528,0x3E8,false,0,8,0x0B,0x00,0x00,0x00,0x00,0x00,0x00,0x00
26284674,0x3E8,false,0,8,0x0C,0x00,0x00,0x00,0x00,0x00,0x00,0x00
26284802,0x3E8,false,0,8,0x0D,0x00,0x00,0x00,0x05,0x00,0x10,0x00
26332673,0x3E8,false,0,8,0x00,0x00,0x00,0x00,0x66,0x00,0x65,0x00
26332924,0x44C,false,0,8,0x00,0x00,0x19,0x00,0x1A,0x00,0x00,0x00
26333064,0x3E8,false,0,8,0x01,0x00,0xF2,0x03,0x04,0x00,0x00,0x00
26333207,0x44C,false,0,8,0x01,0x00,0x01,0x00,0x00,0x00,0x00,0x00
26333351,0x3E8,false,0,8,0x02,0x00,0x00,0x00,0x00,0x00,0x54,0x00
26333494,0x3E8,false,0,8,0x03,0x00,0x4C,0x00,0x9F,0x04,0x00,0x00
26333637,0x3E8,false,0,8,0x04,0x00,0x00,0x00,0x90,0x01,0x9A,0x04
26347987,0x3E8,false,0,8,0x05,0x00,0x00,0x00,0x00,0x00,0x00,0x00
26348126,0x3E8,false,0,8,0x06,0x00,0x00,0x00,0x00,0x00,0x00,0x00
26348258,0x3E8,false,0,8,0x07,0x00,0x00,0x00,0x00,0x00,0x07,0x00
26348390,0x3E8,false,0,8,0x08,0x00,0x4F,0x00,0x07,0x00,0x00,0x00
26348522,0x3E8,false,0,8,0x09,0x00,0x00,0x00,0x00,0x00,0x00,0x00
26348660,0x3E8,false,0,8,0x0A,0x00,0x00,0x00,0x00,0x00,0x00,0x00
26348793,0x3E8,false,0,8,0x0B,0x00,0x00,0x00,0x00,0x00,0x00,0x00
26348925,0x3E8,false,0,8,0x0C,0x00,0x00,0x00,0x00,0x00,0x00,0x00
26349058,0x3E8,false,0,8,0x0D,0x00,0x00,0x00,0x05,0x00,0x10,0x00
26382988,0x3E8,false,0,8,0x00,0x00,0x00,0x00,0x66,0x00,0x65,0x00
26383227,0x44C,false,0,8,0x00,0x00,0x19,0x00,0x1A,0x00,0x00,0x00
26383372,0x3E8,false,0,8,0x01,0x00,0xF2,0x03,0x04,0x00,0x00,0x00
26383517,0x44C,false,0,8,0x01,0x00,0x01,0x00,0x00,0x00,0x00,0x00
26383658,0x3E8,false,0,8,0x02,0x00,0x00,0x00,0x00,0x00,0x54,0x00
26383799,0x3E8,false,0,8,0x03,0x00,0x4C,0x00,0x9F,0x04,0x00,0x00
26383941,0x3E8,false,0,8,0x04,0x00,0x00,0x00,0x90,0x01,0x9A,0x04
26384071,0x3E8,false,0,8,0x05,0x00,0x00,0x00,0x00,0x00,0x00,0x00
26384201,0x3E8,false,0,8,0x06,0x00,0x00,0x00,0x00,0x00,0x00,0x00
26384333,0x3E8,false,0,8,0x07,0x00,0x00,0x00,0x00,0x00,0x07,0x00
26384464,0x3E8,false,0,8,0x08,0x00,0x4F,0x00,0x07,0x00,0x00,0x00
26384600,0x3E8,false,0,8,0x09,0x00,0x00,0x00,0x00,0x00,0x00,0x00
26384731,0x3E8,false,0,8,0x0A,0x00,0x00,0x00,0x00,0x00,0x00,0x00
26384863,0x3E8,false,0,8,0x0B,0x00,0x00,0x00,0x00,0x00,0x00,0x00
26384995,0x3E8,false,0,8,0x0C,0x00,0x00,0x00,0x00,0x00,0x00,0x00
26385127,0x3E8,false,0,8,0x0D,0x00,0x00,0x00,0x05,0x00,0x10,0x00
26432670,0x3E8,false,0,8,0x00,0x00,0x00,0x00,0x66,0x00,0x65,0x00
26432884,0x44C,false,0,8,0x00,0x00,0x19,0x00,0x1A,0x00,0x00,0x00
26433008,0x3E8,false,0,8,0x01,0x00,0xF2,0x03,0x04,0x00,0x00,0x00
26433133,0x44C,false,0,8,0x01,0x00,0x01,0x00,0x00,0x00,0x00,0x00
26433258,0x3E8,false,0,8,0x02,0x00,0x00,0x00,0x00,0x00,0x54,0x00
26433383,0x3E8,false,0,8,0x03,0x00,0x4C,0x00,0x9F,0x04,0x00,0x00
26433508,0x3E8,false,0,8,0x04,0x00,0x00,0x00,0x90,0x01,0x9A,0x04
26433650,0x3E8,false,0,8,0x05,0x00,0x00,0x00,0x00,0x00,0x00,0x00
26433788,0x3E8,false,0,8,0x06,0x00,0x00,0x00,0x00,0x00,0x00,0x00
26433924,0x3E8,false,0,8,0x07,0x00,0x00,0x00,0x00,0x00,0x07,0x00
26434049,0x3E8,false,0,8,0x08,0x00,0x4F,0x00,0x07,0x00,0x00,0x00
26434186,0x3E8,false,0,8,0x09,0x00,0x00,0x00,0x00,0x00,0x00,0x00
26434331,0x3E8,false,0,8,0x0A,0x00,0x00,0x00,0x00,0x00,0x00,0x00
26434468,0x3E8,false,0,8,0x0B,0x00,0x00,0x00,0x00,0x00,0x00,0x00
26434608,0x3E8,false,0,8,0x0C,0x00,0x00,0x00,0x00,0x00,0x00,0x00
26434991,0x3E8,false,0,8,0x0D,0x00,0x00,0x00,0x05,0x00,0x10,0x00
26482661,0x3E8,false,0,8,0x00,0x00,0x00,0x00,0x66,0x00,0x65,0x00
26482906,0x44C,false,0,8,0x00,0x00,0x19,0x00,0x1A,0x00,0x00,0x00
26483047,0x3E8,false,0,8,0x01,0x00,0xF2,0x03,0x04,0x00,0x00,0x00
26483184,0x44C,false,0,8,0x01,0x00,0x01,0x00,0x00,0x00,0x00,0x00
26483308,0x3E8,false,0,8,0x02,0x00,0x00,0x00,0x00,0x00,0x54,0x00
26483445,0x3E8,false,0,8,0x03,0x00,0x4C,0x00,0x9F,0x04,0x00,0x00
26483569,0x3E8,false,0,8,0x04,0x00,0x00,0x00,0x90,0x01,0x9A,0x04
26483708,0x3E8,false,0,8,0x05,0x00,0x00,0x00,0x00,0x00,0x00,0x00
26483845,0x3E8,false,0,8,0x06,0x00,0x00,0x00,0x00,0x00,0x00,0x00
26483982,0x3E8,false,0,8,0x07,0x00,0x00,0x00,0x00,0x00,0x07,0x00
26484119,0x3E8,false,0,8,0x08,0x00,0x4F,0x00,0x07,0x00,0x00,0x00
26484256,0x3E8,false,0,8,0x09,0x00,0x00,0x00,0x00,0x00,0x00,0x00
26484394,0x3E8,false,0,8,0x0A,0x00,0x00,0x00,0x00,0x00,0x00,0x00
26484531,0x3E8,false,0,8,0x0B,0x00,0x00,0x00,0x00,0x00,0x00,0x00
26484661,0x3E8,false,0,8,0x0C,0x00,0x00,0x00,0x00,0x00,0x00,0x00
26484786,0x3E8,false,0,8,0x0D,0x00,0x00,0x00,0x05,0x00,0x10,0x00
26532660,0x3E8,false,0,8,0x00,0x00,0x00,0x00,0x66,0x00,0x65,0x00
26532908,0x44C,false,0,8,0x00,0x00,0x19,0x00,0x1A,0x00,0x00,0x00
26533046,0x3E8,false,0,8,0x01,0x00,0xF2,0x03,0x04,0x00,0x00,0x00
26533186,0x44C,false,0,8,0x01,0x00,0x01,0x00,0x00,0x00,0x00,0x00
26533326,0x3E8,false,0,8,0x02,0x00,0x00,0x00,0x00,0x00,0x54,0x00
26533471,0x3E8,false,0,8,0x03,0x00,0x4C,0x00,0x9F,0x04,0x00,0x00
26547729,0x3E8,false,0,8,0x04,0x00,0x00,0x00,0x90,0x01,0x9A,0x04
26547860,0x3E8,false,0,8,0x05,0x00,0x00,0x00,0x00,0x00,0x00,0x00
26547985,0x3E8,false,0,8,0x06,0x00,0x00,0x00,0x00,0x00,0x00,0x00
26548119,0x3E8,false,0,8,0x07,0x00,0x00,0x00,0x00,0x00,0x07,0x00
26548243,0x3E8,false,0,8,0x08,0x00,0x4F,0x00,0x07,0x00,0x00,0x00
26548368,0x3E8,false,0,8,0x0A,0x00,0x00,0x00,0x00,0x00,0x00,0x00
26548492,0x3E8,false,0,8,0x0B,0x00,0x00,0x00,0x00,0x00,0x00,0x00
26548627,0x3E8,false,0,8,0x0C,0x00,0x00,0x00,0x00,0x00,0x00,0x00
26548752,0x3E8,false,0,8,0x0D,0x00,0x00,0x00,0x05,0x00,0x10,0x00
26583032,0x3E8,false,0,8,0x00,0x00,0x00,0x00,0x66,0x00,0x65,0x00
26583283,0x44C,false,0,8,0x00,0x00,0x19,0x00,0x1A,0x00,0x00,0x00
26583423,0x3E8,false,0,8,0x01,0x00,0xF2,0x03,0x04,0x00,0x00,0x00
26583548,0x44C,false,0,8,0x01,0x00,0x01,0x00,0x00,0x00,0x00,0x00
26583686,0x3E8,false,0,8,0x02,0x00,0x00,0x00,0x00,0x00,0x54,0x00
26583810,0x3E8,false,0,8,0x03,0x00,0x4C,0x00,0x9F,0x04,0x00,0x00
26583953,0x3E8,false,0,8,0x04,0x00,0x00,0x00,0x90,0x01,0x9A,0x04
26584092,0x3E8,false,0,8,0x05,0x00,0x00,0x00,0x00,0x00,0x00,0x00
26584228,0x3E8,false,0,8,0x06,0x00,0x00,0x00,0x00,0x00,0x00,0x00
26584365,0x3E8,false,0,8,0x07,0x00,0x00,0x00,0x00,0x00,0x07,0x00
26584506,0x3E8,false,0,8,0x08,0x00,0x4F,0x00,0x07,0x00,0x00,0x00
26584649,0x3E8,false,0,8,0x09,0x00,0x00,0x00,0x00,0x00,0x00,0x00
26584785,0x3E8,false,0,8,0x0A,0x00,0x00,0x00,0x00,0x00,0x00,0x00
26584910,0x3E8,false,0,8,0x0B,0x00,0x00,0x00,0x00,0x00,0x00,0x00
26585034,0x3E8,false,0,8,0x0C,0x00,0x00,0x00,0x00,0x00,0x00,0x00
26585159,0x3E8,false,0,8,0x0D,0x00,0x00,0x00,0x05,0x00,0x10,0x00
26632671,0x3E8,false,0,8,0x00,0x00,0x00,0x00,0x66,0x00,0x65,0x00
26632899,0x44C,false,0,8,0x00,0x00,0x19,0x00,0x1A,0x00,0x00,0x00
26633034,0x3E8,false,0,8,0x01,0x00,0xF2,0x03,0x04,0x00,0x00,0x00
26633171,0x44C,false,0,8,0x01,0x00,0x01,0x00,0x00,0x00,0x00,0x00
26633305,0x3E8,false,0,8,0x02,0x00,0x00,0x00,0x00,0x00,0x54,0x00
26633441,0x3E8,false,0,8,0x03,0x00,0x4C,0x00,0x9F,0x04,0x00,0x00
26633576,0x3E8,false,0,8,0x04,0x00,0x00,0x00,0x90,0x01,0x9A,0x04
26633701,0x3E8,false,0,8,0x05,0x00,0x00,0x00,0x00,0x00,0x00,0x00
26636645,0x3E8,false,0,8,0x06,0x00,0x00,0x00,0x00,0x00,0x00,0x00
26636771,0x3E8,false,0,8,0x07,0x00,0x00,0x00,0x00,0x00,0x07,0x00
26636896,0x3E8,false,0,8,0x08,0x00,0x4F,0x00,0x07,0x00,0x00,0x00
26637021,0x3E8,false,0,8,0x09,0x00,0x00,0x00,0x00,0x00,0x00,0x00
26637145,0x3E8,false,0,8,0x0A,0x00,0x00,0x00,0x00,0x00,0x00,0x00
26637270,0x3E8,false,0,8,0x0B,0x00,0x00,0x00,0x00,0x00,0x00,0x00
26637395,0x3E8,false,0,8,0x0C,0x00,0x00,0x00,0x00,0x00,0x00,0x00
26637520,0x3E8,false,0,8,0x0D,0x00,0x00,0x00,0x05,0x00,0x10,0x00
26684668,0x3E8,false,0,8,0x00,0x00,0x00,0x00,0x66,0x00,0x65,0x00
26684904,0x44C,false,0,8,0x00,0x00,0x19,0x00,0x1A,0x00,0x00,0x00
26685039,0x3E8,false,0,8,0x01,0x00,0xF2,0x03,0x04,0x00,0x00,0x00
26685175,0x44C,false,0,8,0x01,0x00,0x01,0x00,0x00,0x00,0x00,0x00
26685311,0x3E8,false,0,8,0x02,0x00,0x00,0x00,0x00,0x00,0x54,0x00
26685436,0x3E8,false,0,8,0x03,0x00,0x4C,0x00,0x9F,0x04,0x00,0x00
26685560,0x3E8,false,0,8,0x04,0x00,0x00,0x00,0x90,0x01,0x9A,0x04
26685685,0x3E8,false,0,8,0x05,0x00,0x00,0x00,0x00,0x00,0x00,0x00
26685810,0x3E8,false,0,8,0x06,0x00,0x00,0x00,0x00,0x00,0x00,0x00
26685934,0x3E8,false,0,8,0x07,0x00,0x00,0x00,0x00,0x00,0x07,0x00
26686059,0x3E8,false,0,8,0x08,0x00,0x4F,0x00,0x07,0x00,0x00,0x00
26686184,0x3E8,false,0,8,0x09,0x00,0x00,0x00,0x00,0x00,0x00,0x00
26686308,0x3E8,false,0,8,0x0A,0x00,0x00,0x00,0x00,0x00,0x00,0x00
26686433,0x3E8,false,0,8,0x0B,0x00,0x00,0x00,0x00,0x00,0x00,0x00
26686558,0x3E8,false,0,8,0x0C,0x00,0x00,0x00,0x00,0x00,0x00,0x00
26686688,0x3E8,false,0,8,0x0D,0x00,0x00,0x00,0x05,0x00,0x10,0x00
26734669,0x3E8,false,0,8,0x00,0x00,0x00,0x00,0x66,0x00,0x65,0x00
26748298,0x44C,false,0,8,0x00,0x00,0x19,0x00,0x1A,0x00,0x00,0x00
26748515,0x3E8,false,0,8,0x01,0x00,0xF2,0x03,0x04,0x00,0x00,0x00
26748645,0x44C,false,0,8,0x01,0x00,0x01,0x00,0x00,0x00,0x00,0x00
26748771,0x3E8,false,0,8,0x02,0x00,0x00,0x00,0x00,0x00,0x54,0x00
26748896,0x3E8,false,0,8,0x03,0x00,0x4C,0x00,0x9F,0x04,0x00,0x00
26749021,0x3E8,false,0,8,0x04,0x00,0x00,0x00,0x90,0x01,0x9A,0x04
26749146,0x3E8,false,0,8,0x05,0x00,0x00,0x00,0x00,0x00,0x00,0x00
26749273,0x3E8,false,0,8,0x06,0x00,0x00,0x00,0x00,0x00,0x00,0x00
26749399,0x3E8,false,0,8,0x07,0x00,0x00,0x00,0x00,0x00,0x07,0x00
26749525,0x3E8,false,0,8,0x08,0x00,0x4F,0x00,0x07,0x00,0x00,0x00
26749654,0x3E8,false,0,8,0x09,0x00,0x00,0x00,0x00,0x00,0x00,0x00
26749780,0x3E8,false,0,8,0x0A,0x00,0x00,0x00,0x00,0x00,0x00,0x00
26749908,0x3E8,false,0,8,0x0B,0x00,0x00,0x00,0x00,0x00,0x00,0x00
26750043,0x3E8,false,0,8,0x0C,0x00,0x00,0x00,0x00,0x00,0x00,0x00
26750174,0x3E8,false,0,8,0x0D,0x00,0x00,0x00,0x05,0x00,0x10,0x00
26784695,0x3E8,false,0,8,0x00,0x00,0x00,0x00,0x66,0x00,0x65,0x00
26784939,0x44C,false,0,8,0x00,0x00,0x19,0x00,0x1A,0x00,0x00,0x00
26785090,0x3E8,false,0,8,0x01,0x00,0xF2,0x03,0x04,0x00,0x00,0x00
26785221,0x44C,false,0,8,0x01,0x00,0x01,0x00,0x00,0x00,0x00,0x00
26785370,0x3E8,false,0,8,0x02,0x00,0x00,0x00,0x00,0x00,0x54,0x00
26785506,0x3E8,false,0,8,0x03,0x00,0x4C,0x00,0x9F,0x04,0x00,0x00
26785634,0x3E8,false,0,8,0x04,0x00,0x00,0x00,0x90,0x01,0x9A,0x04
26785764,0x3E8,false,0,8,0x05,0x00,0x00,0x00,0x00,0x00,0x00,0x00
26785889,0x3E8,false,0,8,0x06,0x00,0x00,0x00,0x00,0x00,0x00,0x00
26786013,0x3E8,false,0,8,0x07,0x00,0x00,0x00,0x00,0x00,0x07,0x00
26786138,0x3E8,false,0,8,0x08,0x00,0x4F,0x00,0x07,0x00,0x00,0x00
26786262,0x3E8,false,0,8,0x09,0x00,0x00,0x00,0x00,0x00,0x00,0x00
26786387,0x3E8,false,0,8,0x0A,0x00,0x00,0x00,0x00,0x00,0x00,0x00
26786511,0x3E8,false,0,8,0x0B,0x00,0x00,0x00,0x00,0x00,0x00,0x00
26786640,0x3E8,false,0,8,0x0C,0x00,0x00,0x00,0x00,0x00,0x00,0x00
26786765,0x3E8,false,0,8,0x0D,0x00,0x00,0x00,0x05,0x00,0x10,0x00
26834652,0x3E8,false,0,8,0x00,0x00,0x00,0x00,0x66,0x00,0x65,0x00
26834802,0x44C,false,0,8,0x00,0x00,0x19,0x00,0x1A,0x00,0x00,0x00
26834927,0x3E8,false,0,8,0x01,0x00,0xF2,0x03,0x04,0x00,0x00,0x00
26835051,0x44C,false,0,8,0x01,0x00,0x01,0x00,0x00,0x00,0x00,0x00
26835176,0x3E8,false,0,8,0x02,0x00,0x00,0x00,0x00,0x00,0x54,0x00
26835313,0x3E8,false,0,8,0x03,0x00,0x4C,0x00,0x9F,0x04,0x00,0x00
26835449,0x3E8,false,0,8,0x04,0x00,0x00,0x00,0x90,0x01,0x9A,0x04
26835587,0x3E8,false,0,8,0x05,0x00,0x00,0x00,0x00,0x00,0x00,0x00
26835726,0x3E8,false,0,8,0x06,0x00,0x00,0x00,0x00,0x00,0x00,0x00
26835863,0x3E8,false,0,8,0x07,0x00,0x00,0x00,0x00,0x00,0x07,0x00
26835999,0x3E8,false,0,8,0x08,0x00,0x4F,0x00,0x07,0x00,0x00,0x00
26836134,0x3E8,false,0,8,0x09,0x00,0x00,0x00,0x00,0x00,0x00,0x00
26836259,0x3E8,false,0,8,0x0A,0x00,0x00,0x00,0x00,0x00,0x00,0x00
26836384,0x3E8,false,0,8,0x0B,0x00,0x00,0x00,0x00,0x00,0x00,0x00
26836522,0x3E8,false,0,8,0x0C,0x00,0x00,0x00,0x00,0x00,0x00,0x00
26836651,0x3E8,false,0,8,0x0D,0x00,0x00,0x00,0x05,0x00,0x10,0x00
26884648,0x3E8,false,0,8,0x00,0x00,0x00,0x00,0x66,0x00,0x65,0x00
26884795,0x44C,false,0,8,0x00,0x00,0x19,0x00,0x1A,0x00,0x00,0x00
26884919,0x3E8,false,0,8,0x01,0x00,0xF2,0x03,0x04,0x00,0x00,0x00
26885054,0x44C,false,0,8,0x01,0x00,0x01,0x00,0x00,0x00,0x00,0x00
26885179,0x3E8,false,0,8,0x02,0x00,0x00,0x00,0x00,0x00,0x54,0x00
26885315,0x3E8,false,0,8,0x03,0x00,0x4C,0x00,0x9F,0x04,0x00,0x00
26885452,0x3E8,false,0,8,0x04,0x00,0x00,0x00,0x90,0x01,0x9A,0x04
26885588,0x3E8,false,0,8,0x05,0x00,0x00,0x00,0x00,0x00,0x00,0x00
26885725,0x3E8,false,0,8,0x06,0x00,0x00,0x00,0x00,0x00,0x00,0x00
26885863,0x3E8,false,0,8,0x07,0x00,0x00,0x00,0x00,0x00,0x07,0x00
26886000,0x3E8,false,0,8,0x08,0x00,0x4F,0x00,0x07,0x00,0x00,0x00
26886138,0x3E8,false,0,8,0x09,0x00,0x00,0x00,0x00,0x00,0x00,0x00
26886263,0x3E8,false,0,8,0x0A,0x00,0x00,0x00,0x00,0x00,0x00,0x00
26886388,0x3E8,false,0,8,0x0B,0x00,0x00,0x00,0x00,0x00,0x00,0x00
26886512,0x3E8,false,0,8,0x0C,0x00,0x00,0x00,0x00,0x00,0x00,0x00
26886642,0x3E8,false,0,8,0x0D,0x00,0x00,0x00,0x05,0x00,0x10,0x00
26934666,0x3E8,false,0,8,0x00,0x00,0x00,0x00,0x66,0x00,0x65,0x00
26953265,0x44C,false,0,8,0x00,0x00,0x19,0x00,0x1A,0x00,0x00,0x00
26953395,0x3E8,false,0,8,0x01,0x00,0xF2,0x03,0x04,0x00,0x00,0x00
26953521,0x44C,false,0,8,0x01,0x00,0x01,0x00,0x00,0x00,0x00,0x00
26953647,0x3E8,false,0,8,0x02,0x00,0x00,0x00,0x00,0x00,0x54,0x00
26953772,0x3E8,false,0,8,0x03,0x00,0x4C,0x00,0x9F,0x04,0x00,0x00
26953897,0x3E8,false,0,8,0x04,0x00,0x00,0x00,0x90,0x01,0x9A,0x04
26954023,0x3E8,false,0,8,0x05,0x00,0x00,0x00,0x00,0x00,0x00,0x00
26954149,0x3E8,false,0,8,0x06,0x00,0x00,0x00,0x00,0x00,0x00,0x00
26954274,0x3E8,false,0,8,0x07,0x00,0x00,0x00,0x00,0x00,0x07,0x00
26954400,0x3E8,false,0,8,0x08,0x00,0x4F,0x00,0x07,0x00,0x00,0x00
26954525,0x3E8,false,0,8,0x09,0x00,0x00,0x00,0x00,0x00,0x00,0x00
26954656,0x3E8,false,0,8,0x0A,0x00,0x00,0x00,0x00,0x00,0x00,0x00
26954782,0x3E8,false,0,8,0x0B,0x00,0x00,0x00,0x00,0x00,0x00,0x00
26954908,0x3E8,false,0,8,0x0C,0x00,0x00,0x00,0x00,0x00,0x00,0x00
26955034,0x3E8,false,0,8,0x0D,0x00,0x00,0x00,0x05,0x00,0x10,0x00
26984661,0x3E8,false,0,8,0x00,0x00,0x00,0x00,0x66,0x00,0x65,0x00
26984916,0x44C,false,0,8,0x00,0x00,0x19,0x00,0x1A,0x00,0x00,0x00
26985055,0x3E8,false,0,8,0x01,0x00,0xF2,0x03,0x04,0x00,0x00,0x00
26985181,0x44C,false,0,8,0x01,0x00,0x01,0x00,0x00,0x00,0x00,0x00
26985318,0x3E8,false,0,8,0x02,0x00,0x00,0x00,0x00,0x00,0x54,0x00
26985444,0x3E8,false,0,8,0x03,0x00,0x4C,0x00,0x9F,0x04,0x00,0x00
26985581,0x3E8,false,0,8,0x04,0x00,0x00,0x00,0x90,0x01,0x9A,0x04
26985718,0x3E8,false,0,8,0x05,0x00,0x00,0x00,0x00,0x00,0x00,0x00
26985854,0x3E8,false,0,8,0x06,0x00,0x00,0x00,0x00,0x00,0x00,0x00
26985990,0x3E8,false,0,8,0x07,0x00,0x00,0x00,0x00,0x00,0x07,0x00
26986131,0x3E8,false,0,8,0x08,0x00,0x4F,0x00,0x07,0x00,0x00,0x00
26986275,0x3E8,false,0,8,0x09,0x00,0x00,0x00,0x00,0x00,0x00,0x00
26986422,0x3E8,false,0,8,0x0A,0x00,0x00,0x00,0x00,0x00,0x00,0x00
26986557,0x3E8,false,0,8,0x0B,0x00,0x00,0x00,0x00,0x00,0x00,0x00
26986696,0x3E8,false,0,8,0x0C,0x00,0x00,0x00,0x00,0x00,0x00,0x00
26986826,0x3E8,false,0,8,0x0D,0x00,0x00,0x00,0x05,0x00,0x10,0x00
27034660,0x3E8,false,0,8,0x00,0x00,0x00,0x00,0x66,0x00,0x65,0x00
27034908,0x44C,false,0,8,0x00,0x00,0x19,0x00,0x1A,0x00,0x00,0x00
27035045,0x3E8,false,0,8,0x01,0x00,0xF2,0x03,0x04,0x00,0x00,0x00
27035180,0x44C,false,0,8,0x01,0x00,0x01,0x00,0x00,0x00,0x00,0x00
27035305,0x3E8,false,0,8,0x02,0x00,0x00,0x00,0x00,0x00,0x54,0x00
27035430,0x3E8,false,0,8,0x03,0x00,0x4C,0x00,0x9F,0x04,0x00,0x00
27035554,0x3E8,false,0,8,0x04,0x00,0x00,0x00,0x90,0x01,0x9A,0x04
27035681,0x3E8,false,0,8,0x05,0x00,0x00,0x00,0x00,0x00,0x00,0x00
27038944,0x3E8,false,0,8,0x06,0x00,0x00,0x00,0x00,0x00,0x00,0x00
27039069,0x3E8,false,0,8,0x07,0x00,0x00,0x00,0x00,0x00,0x07,0x00
27039194,0x3E8,false,0,8,0x08,0x00,0x4F,0x00,0x07,0x00,0x00,0x00
27039318,0x3E8,false,0,8,0x09,0x00,0x00,0x00,0x00,0x00,0x00,0x00
27039443,0x3E8,false,0,8,0x0A,0x00,0x00,0x00,0x00,0x00,0x00,0x00
27039568,0x3E8,false,0,8,0x0B,0x00,0x00,0x00,0x00,0x00,0x00,0x00
27039699,0x3E8,false,0,8,0x0C,0x00,0x00,0x00,0x00,0x00,0x00,0x00
27039824,0x3E8,false,0,8,0x0D,0x00,0x00,0x00,0x05,0x00,0x10,0x00
27084660,0x3E8,false,0,8,0x00,0x00,0x00,0x00,0x66,0x00,0x65,0x00
27084866,0x44C,false,0,8,0x00,0x00,0x19,0x00,0x1A,0x00,0x00,0x00
27085011,0x3E8,false,0,8,0x01,0x00,0xF2,0x03,0x04,0x00,0x00,0x00
27085135,0x44C,false,0,8,0x01,0x00,0x01,0x00,0x00,0x00,0x00,0x00
27085281,0x3E8,false,0,8,0x02,0x00,0x00,0x00,0x00,0x00,0x54,0x00
27085416,0x3E8,false,0,8,0x03,0x00,0x4C,0x00,0x9F,0x04,0x00,0x00
27085551,0x3E8,false,0,8,0x04,0x00,0x00,0x00,0x90,0x01,0x9A,0x04
27085680,0x3E8,false,0,8,0x05,0x00,0x00,0x00,0x00,0x00,0x00,0x00
27085816,0x3E8,false,0,8,0x06,0x00,0x00,0x00,0x00,0x00,0x00,0x00
27088944,0x3E8,false,0,8,0x07,0x00,0x00,0x00,0x00,0x00,0x07,0x00
27089069,0x3E8,false,0,8,0x08,0x00,0x4F,0x00,0x07,0x00,0x00,0x00
27089193,0x3E8,false,0,8,0x09,0x00,0x00,0x00,0x00,0x00,0x00,0x00
27089318,0x3E8,false,0,8,0x0A,0x00,0x00,0x00,0x00,0x00,0x00,0x00
27089443,0x3E8,false,0,8,0x0B,0x00,0x00,0x00,0x00,0x00,0x00,0x00
27089568,0x3E8,false,0,8,0x0C,0x00,0x00,0x00,0x00,0x00,0x00,0x00
27089698,0x3E8,false,0,8,0x0D,0x00,0x00,0x00,0x05,0x00,0x10,0x00
27137043,0x3E8,false,0,8,0x00,0x00,0x00,0x00,0x66,0x00,0x65,0x00
27137242,0x44C,false,0,8,0x00,0x00,0x19,0x00,0x1A,0x00,0x00,0x00
27137366,0x3E8,false,0,8,0x01,0x00,0xF2,0x03,0x04,0x00,0x00,0x00
27137490,0x44C,false,0,8,0x01,0x00,0x01,0x00,0x00,0x00,0x00,0x00
27137615,0x3E8,false,0,8,0x02,0x00,0x00,0x00,0x00,0x00,0x54,0x00
27137739,0x3E8,false,0,8,0x03,0x00,0x4C,0x00,0x9F,0x04,0x00,0x00
27137863,0x3E8,false,0,8,0x04,0x00,0x00,0x00,0x90,0x01,0x9A,0x04
27137987,0x3E8,false,0,8,0x05,0x00,0x00,0x00,0x00,0x00,0x00,0x00
27138112,0x3E8,false,0,8,0x06,0x00,0x00,0x00,0x00,0x00,0x00,0x00
27138237,0x3E8,false,0,8,0x07,0x00,0x00,0x00,0x00,0x00,0x07,0x00
27138361,0x3E8,false,0,8,0x08,0x00,0x4F,0x00,0x07,0x00,0x00,0x00
27138485,0x3E8,false,0,8,0x09,0x00,0x00,0x00,0x00,0x00,0x00,0x00
27138615,0x3E8,false,0,8,0x0A,0x00,0x00,0x00,0x00,0x00,0x00,0x00
27138740,0x3E8,false,0,8,0x0B,0x00,0x00,0x00,0x00,0x00,0x00,0x00
27138864,0x3E8,false,0,8,0x0C,0x00,0x00,0x00,0x00,0x00,0x00,0x00
27138989,0x3E8,false,0,8,0x0D,0x00,0x00,0x00,0x05,0x00,0x10,0x00
27184953,0x3E8,false,0,8,0x00,0x00,0x00,0x00,0x66,0x00,0x65,0x00
27185198,0x44C,false,0,8,0x00,0x00,0x19,0x00,0x1A,0x00,0x00,0x00
27185340,0x3E8,false,0,8,0x01,0x00,0xF2,0x03,0x04,0x00,0x00,0x00
27185477,0x44C,false,0,8,0x01,0x00,0x01,0x00,0x00,0x00,0x00,0x00
27185616,0x3E8,false,0,8,0x02,0x00,0x00,0x00,0x00,0x00,0x54,0x00
27185753,0x3E8,false,0,8,0x03,0x00,0x4C,0x00,0x9F,0x04,0x00,0x00
27185891,0x3E8,false,0,8,0x04,0x00,0x00,0x00,0x90,0x01,0x9A,0x04
27186015,0x3E8,false,0,8,0x05,0x00,0x00,0x00,0x00,0x00,0x00,0x00
27186152,0x3E8,false,0,8,0x06,0x00,0x00,0x00,0x00,0x00,0x00,0x00
27186446,0x3E8,false,0,8,0x07,0x00,0x00,0x00,0x00,0x00,0x07,0x00
27186571,0x3E8,false,0,8,0x08,0x00,0x4F,0x00,0x07,0x00,0x00,0x00
27186720,0x3E8,false,0,8,0x09,0x00,0x00,0x00,0x00,0x00,0x00,0x00
27186856,0x3E8,false,0,8,0x0A,0x00,0x00,0x00,0x00,0x00,0x00,0x00
27186994,0x3E8,false,0,8,0x0B,0x00,0x00,0x00,0x00,0x00,0x00,0x00
27187132,0x3E8,false,0,8,0x0C,0x00,0x00,0x00,0x00,0x00,0x00,0x00
27187258,0x3E8,false,0,8,0x0D,0x00,0x00,0x00,0x05,0x00,0x10,0x00
27236661,0x44C,false,0,8,0x00,0x00,0x19,0x00,0x1A,0x00,0x00,0x00
27236887,0x3E8,false,0,8,0x00,0x00,0x00,0x00,0x66,0x00,0x65,0x00
27237024,0x44C,false,0,8,0x01,0x00,0x01,0x00,0x00,0x00,0x00,0x00
27237161,0x3E8,false,0,8,0x01,0x00,0xF2,0x03,0x04,0x00,0x00,0x00
27237298,0x3E8,false,0,8,0x02,0x00,0x00,0x00,0x00,0x00,0x54,0x00
27237435,0x3E8,false,0,8,0x03,0x00,0x4C,0x00,0x9F,0x04,0x00,0x00
27237570,0x3E8,false,0,8,0x04,0x00,0x00,0x00,0x90,0x01,0xE8,0x03
27237706,0x3E8,false,0,8,0x05,0x00,0x00,0x00,0x00,0x00,0x00,0x00
27237843,0x3E8,false,0,8,0x06,0x00,0x00,0x00,0x00,0x00,0x00,0x00
27237968,0x3E8,false,0,8,0x07,0x00,0x00,0x00,0x00,0x00,0x07,0x00
27238106,0x3E8,false,0,8,0x08,0x00,0x4F,0x00,0x07,0x00,0x00,0x00
27238231,0x3E8,false,0,8,0x09,0x00,0x00,0x00,0x00,0x00,0x00,0x00
27238356,0x3E8,false,0,8,0x0A,0x00,0x00,0x00,0x00,0x00,0x00,0x00
27238481,0x3E8,false,0,8,0x0B,0x00,0x00,0x00,0x00,0x00,0x00,0x00
27238610,0x3E8,false,0,8,0x0C,0x00,0x00,0x00,0x00,0x00,0x00,0x00
27238735,0x3E8,false,0,8,0x0D,0x00,0x00,0x00,0x05,0x00,0x10,0x00
27286670,0x3E8,false,0,8,0x00,0x00,0x00,0x00,0x66,0x00,0x65,0x00
27286901,0x44C,false,0,8,0x00,0x00,0x19,0x00,0x1A,0x00,0x00,0x00
27287035,0x3E8,false,0,8,0x01,0x00,0xF2,0x03,0x04,0x00,0x00,0x00
27287160,0x44C,false,0,8,0x01,0x00,0x01,0x00,0x00,0x00,0x00,0x00
27287310,0x3E8,false,0,8,0x02,0x00,0x00,0x00,0x00,0x00,0x54,0x00
27287446,0x3E8,false,0,8,0x03,0x00,0x4C,0x00,0x9F,0x04,0x00,0x00
27287581,0x3E8,false,0,8,0x04,0x00,0x00,0x00,0x90,0x01,0x9A,0x04
27287716,0x3E8,false,0,8,0x05,0x00,0x00,0x00,0x00,0x00,0x00,0x00
27287841,0x3E8,false,0,8,0x06,0x00,0x00,0x00,0x00,0x00,0x00,0x00
27287966,0x3E8,false,0,8,0x07,0x00,0x00,0x00,0x00,0x00,0x07,0x00
27288091,0x3E8,false,0,8,0x08,0x00,0x4F,0x00,0x07,0x00,0x00,0x00
27288216,0x3E8,false,0,8,0x09,0x00,0x00,0x00,0x00,0x00,0x00,0x00
27288341,0x3E8,false,0,8,0x0A,0x00,0x00,0x00,0x00,0x00,0x00,0x00
27288466,0x3E8,false,0,8,0x0B,0x00,0x00,0x00,0x00,0x00,0x00,0x00
27288590,0x3E8,false,0,8,0x0C,0x00,0x00,0x00,0x00,0x00,0x00,0x00
27300663,0x3E8,false,0,8,0x0D,0x00,0x00,0x00,0x05,0x00,0x10,0x00
27336645,0x3E8,false,0,8,0x00,0x00,0x00,0x00,0x66,0x00,0x65,0x00
27336786,0x44C,false,0,8,0x00,0x00,0x19,0x00,0x1A,0x00,0x00,0x00
27336923,0x3E8,false,0,8,0x01,0x00,0xF2,0x03,0x04,0x00,0x00,0x00
27337060,0x44C,false,0,8,0x01,0x00,0x01,0x00,0x00,0x00,0x00,0x00
27337197,0x3E8,false,0,8,0x02,0x00,0x00,0x00,0x00,0x00,0x54,0x00
27337336,0x3E8,false,0,8,0x03,0x00,0x4C,0x00,0x9F,0x04,0x00,0x00
27337473,0x3E8,false,0,8,0x04,0x00,0x00,0x00,0x90,0x01,0x9A,0x04
27337609,0x3E8,false,0,8,0x05,0x00,0x00,0x00,0x00,0x00,0x00,0x00
27337746,0x3E8,false,0,8,0x06,0x00,0x00,0x00,0x00,0x00,0x00,0x00
27337870,0x3E8,false,0,8,0x07,0x00,0x00,0x00,0x00,0x00,0x07,0x00
27337995,0x3E8,false,0,8,0x08,0x00,0x4F,0x00,0x07,0x00,0x00,0x00
27338121,0x3E8,false,0,8,0x09,0x00,0x00,0x00,0x00,0x00,0x00,0x00
27338255,0x3E8,false,0,8,0x0A,0x00,0x00,0x00,0x00,0x00,0x00,0x00
27338397,0x3E8,false,0,8,0x0B,0x00,0x00,0x00,0x00,0x00,0x00,0x00
27338546,0x3E8,false,0,8,0x0C,0x00,0x00,0x00,0x00,0x00,0x00,0x00
27338694,0x3E8,false,0,8,0x0D,0x00,0x00,0x00,0x05,0x00,0x10,0x00
27386661,0x3E8,false,0,8,0x00,0x00,0x00,0x00,0x66,0x00,0x65,0x00
27386905,0x44C,false,0,8,0x00,0x00,0x19,0x00,0x1A,0x00,0x00,0x00
27387029,0x3E8,false,0,8,0x01,0x00,0xF2,0x03,0x04,0x00,0x00,0x00
27387164,0x44C,false,0,8,0x01,0x00,0x01,0x00,0x00,0x00,0x00,0x00
27387303,0x3E8,false,0,8,0x02,0x00,0x00,0x00,0x00,0x00,0x54,0x00
27387438,0x3E8,false,0,8,0x03,0x00,0x4C,0x00,0x9F,0x04,0x00,0x00
27387573,0x3E8,false,0,8,0x04,0x00,0x00,0x00,0x90,0x01,0x9A,0x04
27387713,0x3E8,false,0,8,0x05,0x00,0x00,0x00,0x00,0x00,0x00,0x00
27387851,0x3E8,false,0,8,0x06,0x00,0x00,0x00,0x00,0x00,0x00,0x00
27387988,0x3E8,false,0,8,0x07,0x00,0x00,0x00,0x00,0x00,0x07,0x00
27388112,0x3E8,false,0,8,0x08,0x00,0x4F,0x00,0x07,0x00,0x00,0x00
27388237,0x3E8,false,0,8,0x09,0x00,0x00,0x00,0x00,0x00,0x00,0x00
27388361,0x3E8,false,0,8,0x0A,0x00,0x00,0x00,0x00,0x00,0x00,0x00
27388486,0x3E8,false,0,8,0x0B,0x00,0x00,0x00,0x00,0x00,0x00,0x00
27388616,0x3E8,false,0,8,0x0C,0x00,0x00,0x00,0x00,0x00,0x00,0x00
27388741,0x3E8,false,0,8,0x0D,0x00,0x00,0x00,0x05,0x00,0x10,0x00
27436664,0x3E8,false,0,8,0x00,0x00,0x00,0x00,0x66,0x00,0x65,0x00
27436877,0x44C,false,0,8,0x00,0x00,0x19,0x00,0x1A,0x00,0x00,0x00
27437001,0x3E8,false,0,8,0x01,0x00,0xF2,0x03,0x04,0x00,0x00,0x00
27437126,0x44C,false,0,8,0x01,0x00,0x01,0x00,0x00,0x00,0x00,0x00
27437251,0x3E8,false,0,8,0x02,0x00,0x00,0x00,0x00,0x00,0x54,0x00
27437376,0x3E8,false,0,8,0x03,0x00,0x4C,0x00,0x9F,0x04,0x00,0x00
27437500,0x3E8,false,0,8,0x04,0x00,0x00,0x00,0x90,0x01,0x9A,0x04
27437625,0x3E8,false,0,8,0x05,0x00,0x00,0x00,0x00,0x00,0x00,0x00
27437761,0x3E8,false,0,8,0x06,0x00,0x00,0x00,0x00,0x00,0x00,0x00
27437898,0x3E8,false,0,8,0x07,0x00,0x00,0x00,0x00,0x00,0x07,0x00
27438039,0x3E8,false,0,8,0x08,0x00,0x4F,0x00,0x07,0x00,0x00,0x00
27438175,0x3E8,false,0,8,0x09,0x00,0x00,0x00,0x00,0x00,0x00,0x00
27438311,0x3E8,false,0,8,0x0A,0x00,0x00,0x00,0x00,0x00,0x00,0x00
27440645,0x3E8,false,0,8,0x0B,0x00,0x00,0x00,0x00,0x00,0x00,0x00
27440776,0x3E8,false,0,8,0x0C,0x00,0x00,0x00,0x00,0x00,0x00,0x00
27440901,0x3E8,false,0,8,0x0D,0x00,0x00,0x00,0x05,0x00,0x10,0x00
27486668,0x3E8,false,0,8,0x00,0x00,0x00,0x00,0x66,0x00,0x65,0x00
27486907,0x44C,false,0,8,0x00,0x00,0x19,0x00,0x1A,0x00,0x00,0x00
27487044,0x3E8,false,0,8,0x01,0x00,0xF2,0x03,0x04,0x00,0x00,0x00
27487189,0x44C,false,0,8,0x01,0x00,0x01,0x00,0x00,0x00,0x00,0x00
27487316,0x3E8,false,0,8,0x02,0x00,0x00,0x00,0x00,0x00,0x54,0x00
27487453,0x3E8,false,0,8,0x03,0x00,0x4C,0x00,0x9F,0x04,0x00,0x00
27487578,0x3E8,false,0,8,0x04,0x00,0x00,0x00,0x90,0x01,0x9A,0x04
27487713,0x3E8,false,0,8,0x05,0x00,0x00,0x00,0x00,0x00,0x00,0x00
27487849,0x3E8,false,0,8,0x06,0x00,0x00,0x00,0x00,0x00,0x00,0x00
27487975,0x3E8,false,0,8,0x07,0x00,0x00,0x00,0x00,0x00,0x07,0x00
27488125,0x3E8,false,0,8,0x08,0x00,0x4F,0x00,0x07,0x00,0x00,0x00
27488261,0x3E8,false,0,8,0x09,0x00,0x00,0x00,0x00,0x00,0x00,0x00
27488398,0x3E8,false,0,8,0x0A,0x00,0x00,0x00,0x00,0x00,0x00,0x00
27488535,0x3E8,false,0,8,0x0B,0x00,0x00,0x00,0x00,0x00,0x00,0x00
27500857,0x3E8,false,0,8,0x0C,0x00,0x00,0x00,0x00,0x00,0x00,0x00
27500990,0x3E8,false,0,8,0x0D,0x00,0x00,0x00,0x05,0x00,0x10,0x00
27536674,0x3E8,false,0,8,0x00,0x00,0x00,0x00,0x66,0x00,0x65,0x00
27536904,0x44C,false,0,8,0x00,0x00,0x19,0x00,0x1A,0x00,0x00,0x00
27537039,0x3E8,false,0,8,0x01,0x00,0xF2,0x03,0x04,0x00,0x00,0x00
27537176,0x44C,false,0,8,0x01,0x00,0x01,0x00,0x00,0x00,0x00,0x00
27537313,0x3E8,false,0,8,0x02,0x00,0x00,0x00,0x00,0x00,0x54,0x00
27537437,0x3E8,false,0,8,0x03,0x00,0x4C,0x00,0x9F,0x04,0x00,0x00
27537572,0x3E8,false,0,8,0x04,0x00,0x00,0x00,0x90,0x01,0x9A,0x04
27537707,0x3E8,false,0,8,0x05,0x00,0x00,0x00,0x00,0x00,0x00,0x00
27537845,0x3E8,false,0,8,0x06,0x00,0x00,0x00,0x00,0x00,0x00,0x00
27540695,0x3E8,false,0,8,0x07,0x00,0x00,0x00,0x00,0x00,0x07,0x00
27540923,0x3E8,false,0,8,0x08,0x00,0x4F,0x00,0x07,0x00,0x00,0x00
27541055,0x3E8,false,0,8,0x09,0x00,0x00,0x00,0x00,0x00,0x00,0x00
27541189,0x3E8,false,0,8,0x0A,0x00,0x00,0x00,0x00,0x00,0x00,0x00
27541335,0x3E8,false,0,8,0x0B,0x00,0x00,0x00,0x00,0x00,0x00,0x00
27541474,0x3E8,false,0,8,0x0C,0x00,0x00,0x00,0x00,0x00,0x00,0x00
27541612,0x3E8,false,0,8,0x0D,0x00,0x00,0x00,0x05,0x00,0x10,0x00
27588687,0x3E8,false,0,8,0x00,0x00,0x00,0x00,0x66,0x00,0x65,0x00
27588921,0x44C,false,0,8,0x00,0x00,0x19,0x00,0x1A,0x00,0x00,0x00
27589045,0x3E8,false,0,8,0x01,0x00,0xF2,0x03,0x04,0x00,0x00,0x00
27589170,0x44C,false,0,8,0x01,0x00,0x01,0x00,0x00,0x00,0x00,0x00
27589294,0x3E8,false,0,8,0x02,0x00,0x00,0x00,0x00,0x00,0x54,0x00
27589419,0x3E8,false,0,8,0x03,0x00,0x4C,0x00,0x9F,0x04,0x00,0x00
27589543,0x3E8,false,0,8,0x04,0x00,0x00,0x00,0x90,0x01,0x9A,0x04
27589670,0x3E8,false,0,8,0x05,0x00,0x00,0x00,0x00,0x00,0x00,0x00
27589795,0x3E8,false,0,8,0x06,0x00,0x00,0x00,0x00,0x00,0x00,0x00
27589919,0x3E8,false,0,8,0x07,0x00,0x00,0x00,0x00,0x00,0x07,0x00
27590044,0x3E8,false,0,8,0x08,0x00,0x4F,0x00,0x07,0x00,0x00,0x00
27590169,0x3E8,false,0,8,0x09,0x00,0x00,0x00,0x00,0x00,0x00,0x00
27590294,0x3E8,false,0,8,0x0A,0x00,0x00,0x00,0x00,0x00,0x00,0x00
27590418,0x3E8,false,0,8,0x0B,0x00,0x00,0x00,0x00,0x00,0x00,0x00
27590543,0x3E8,false,0,8,0x0C,0x00,0x00,0x00,0x00,0x00,0x00,0x00
27590673,0x3E8,false,0,8,0x0D,0x00,0x00,0x00,0x05,0x00,0x10,0x00
27636646,0x3E8,false,0,8,0x00,0x00,0x00,0x00,0x66,0x00,0x65,0x00
27636793,0x44C,false,0,8,0x00,0x00,0x19,0x00,0x1A,0x00,0x00,0x00
27636932,0x3E8,false,0,8,0x01,0x00,0xF2,0x03,0x04,0x00,0x00,0x00
27637068,0x44C,false,0,8,0x01,0x00,0x01,0x00,0x00,0x00,0x00,0x00
27637205,0x3E8,false,0,8,0x02,0x00,0x00,0x00,0x00,0x00,0x54,0x00
27637342,0x3E8,false,0,8,0x03,0x00,0x4C,0x00,0x9F,0x04,0x00,0x00
27637479,0x3E8,false,0,8,0x04,0x00,0x00,0x00,0x90,0x01,0x9A,0x04
27637615,0x3E8,false,0,8,0x05,0x00,0x00,0x00,0x00,0x00,0x00,0x00
27640644,0x3E8,false,0,8,0x06,0x00,0x00,0x00,0x00,0x00,0x00,0x00
27640770,0x3E8,false,0,8,0x07,0x00,0x00,0x00,0x00,0x00,0x07,0x00
27640894,0x3E8,false,0,8,0x08,0x00,0x4F,0x00,0x07,0x00,0x00,0x00
27641019,0x3E8,false,0,8,0x09,0x00,0x00,0x00,0x00,0x00,0x00,0x00
27641144,0x3E8,false,0,8,0x0A,0x00,0x00,0x00,0x00,0x00,0x00,0x00
27641269,0x3E8,false,0,8,0x0B,0x00,0x00,0x00,0x00,0x00,0x00,0x00
27641394,0x3E8,false,0,8,0x0C,0x00,0x00,0x00,0x00,0x00,0x00,0x00
27641519,0x3E8,false,0,8,0x0D,0x00,0x00,0x00,0x05,0x00,0x10,0x00
27688647,0x3E8,false,0,8,0x00,0x00,0x00,0x00,0x66,0x00,0x65,0x00
27688794,0x44C,false,0,8,0x00,0x00,0x19,0x00,0x1A,0x00,0x00,0x00
27688929,0x3E8,false,0,8,0x01,0x00,0xF2,0x03,0x04,0x00,0x00,0x00
27689064,0x44C,false,0,8,0x01,0x00,0x01,0x00,0x00,0x00,0x00,0x00
27689202,0x3E8,false,0,8,0x02,0x00,0x00,0x00,0x00,0x00,0x54,0x00
27689340,0x3E8,false,0,8,0x03,0x00,0x4C,0x00,0x9F,0x04,0x00,0x00
27689475,0x3E8,false,0,8,0x04,0x00,0x00,0x00,0x90,0x01,0x9A,0x04
27689599,0x3E8,false,0,8,0x05,0x00,0x00,0x00,0x00,0x00,0x00,0x00
27689724,0x3E8,false,0,8,0x06,0x00,0x00,0x00,0x00,0x00,0x00,0x00
27689849,0x3E8,false,0,8,0x07,0x00,0x00,0x00,0x00,0x00,0x07,0x00
27689974,0x3E8,false,0,8,0x08,0x00,0x4F,0x00,0x07,0x00,0x00,0x00
27690099,0x3E8,false,0,8,0x09,0x00,0x00,0x00,0x00,0x00,0x00,0x00
27690223,0x3E8,false,0,8,0x0A,0x00,0x00,0x00,0x00,0x00,0x00,0x00
27702323,0x3E8,false,0,8,0x0B,0x00,0x00,0x00,0x00,0x00,0x00,0x00
27702448,0x3E8,false,0,8,0x0C,0x00,0x00,0x00,0x00,0x00,0x00,0x00
27702573,0x3E8,false,0,8,0x0D,0x00,0x00,0x00,0x05,0x00,0x10,0x00
27738682,0x3E8,false,0,8,0x00,0x00,0x00,0x00,0x66,0x00,0x65,0x00
27738948,0x44C,false,0,8,0x00,0x00,0x19,0x00,0x1A,0x00,0x00,0x00
27739087,0x3E8,false,0,8,0x01,0x00,0xF2,0x03,0x04,0x00,0x00,0x00
27739223,0x44C,false,0,8,0x01,0x00,0x01,0x00,0x00,0x00,0x00,0x00
27739361,0x3E8,false,0,8,0x02,0x00,0x00,0x00,0x00,0x00,0x54,0x00
27739486,0x3E8,false,0,8,0x03,0x00,0x4C,0x00,0x9F,0x04,0x00,0x00
27739611,0x3E8,false,0,8,0x04,0x00,0x00,0x00,0x90,0x01,0x9A,0x04
27739736,0x3E8,false,0,8,0x05,0x00,0x00,0x00,0x00,0x00,0x00,0x00
27739862,0x3E8,false,0,8,0x06,0x00,0x00,0x00,0x00,0x00,0x00,0x00
27739988,0x3E8,false,0,8,0x07,0x00,0x00,0x00,0x00,0x00,0x07,0x00
27740114,0x3E8,false,0,8,0x08,0x00,0x4F,0x00,0x07,0x00,0x00,0x00
27740239,0x3E8,false,0,8,0x09,0x00,0x00,0x00,0x00,0x00,0x00,0x00
27740365,0x3E8,false,0,8,0x0A,0x00,0x00,0x00,0x00,0x00,0x00,0x00
27740491,0x3E8,false,0,8,0x0B,0x00,0x00,0x00,0x00,0x00,0x00,0x00
27740621,0x3E8,false,0,8,0x0C,0x00,0x00,0x00,0x00,0x00,0x00,0x00
27740746,0x3E8,false,0,8,0x0D,0x00,0x00,0x00,0x05,0x00,0x10,0x00
27788664,0x3E8,false,0,8,0x00,0x00,0x00,0x00,0x66,0x00,0x65,0x00
27788915,0x44C,false,0,8,0x00,0x00,0x19,0x00,0x1A,0x00,0x00,0x00
27789050,0x3E8,false,0,8,0x01,0x00,0xF2,0x03,0x04,0x00,0x00,0x00
27789187,0x44C,false,0,8,0x01,0x00,0x01,0x00,0x00,0x00,0x00,0x00
27789322,0x3E8,false,0,8,0x02,0x00,0x00,0x00,0x00,0x00,0x54,0x00
27789458,0x3E8,false,0,8,0x03,0x00,0x4C,0x00,0x9F,0x04,0x00,0x00
27789591,0x3E8,false,0,8,0x04,0x00,0x00,0x00,0x90,0x01,0x9A,0x04
27789720,0x3E8,false,0,8,0x05,0x00,0x00,0x00,0x00,0x00,0x00,0x00
27789852,0x3E8,false,0,8,0x06,0x00,0x00,0x00,0x00,0x00,0x00,0x00
27789986,0x3E8,false,0,8,0x07,0x00,0x00,0x00,0x00,0x00,0x07,0x00
27790119,0x3E8,false,0,8,0x08,0x00,0x4F,0x00,0x07,0x00,0x00,0x00
27790250,0x3E8,false,0,8,0x09,0x00,0x00,0x00,0x00,0x00,0x00,0x00
27790391,0x3E8,false,0,8,0x0A,0x00,0x00,0x00,0x00,0x00,0x00,0x00
27790531,0x3E8,false,0,8,0x0B,0x00,0x00,0x00,0x00,0x00,0x00,0x00
27790676,0x3E8,false,0,8,0x0C,0x00,0x00,0x00,0x00,0x00,0x00,0x00
27790812,0x3E8,false,0,8,0x0D,0x00,0x00,0x00,0x05,0x00,0x10,0x00
27838659,0x3E8,false,0,8,0x00,0x00,0x00,0x00,0x66,0x00,0x65,0x00
27838875,0x44C,false,0,8,0x00,0x00,0x19,0x00,0x1A,0x00,0x00,0x00
27838999,0x3E8,false,0,8,0x01,0x00,0xF2,0x03,0x04,0x00,0x00,0x00
27839124,0x44C,false,0,8,0x01,0x00,0x01,0x00,0x00,0x00,0x00,0x00
27839249,0x3E8,false,0,8,0x02,0x00,0x00,0x00,0x00,0x00,0x54,0x00
27839387,0x3E8,false,0,8,0x03,0x00,0x4C,0x00,0x9F,0x04,0x00,0x00
27839523,0x3E8,false,0,8,0x04,0x00,0x00,0x00,0x90,0x01,0x9A,0x04
27839662,0x3E8,false,0,8,0x05,0x00,0x00,0x00,0x00,0x00,0x00,0x00
27839804,0x3E8,false,0,8,0x06,0x00,0x00,0x00,0x00,0x00,0x00,0x00
27839940,0x3E8,false,0,8,0x07,0x00,0x00,0x00,0x00,0x00,0x07,0x00
27840075,0x3E8,false,0,8,0x08,0x00,0x4F,0x00,0x07,0x00,0x00,0x00
27840210,0x3E8,false,0,8,0x09,0x00,0x00,0x00,0x00,0x00,0x00,0x00
27840345,0x3E8,false,0,8,0x0A,0x00,0x00,0x00,0x00,0x00,0x00,0x00
27840472,0x3E8,false,0,8,0x0B,0x00,0x00,0x00,0x00,0x00,0x00,0x00
27840601,0x3E8,false,0,8,0x0C,0x00,0x00,0x00,0x00,0x00,0x00,0x00
27840726,0x3E8,false,0,8,0x0D,0x00,0x00,0x00,0x05,0x00,0x10,0x00
27888660,0x44C,false,0,8,0x00,0x00,0x19,0x00,0x1A,0x00,0x00,0x00
27888890,0x3E8,false,0,8,0x00,0x00,0x00,0x00,0x66,0x00,0x65,0x00
27889014,0x44C,false,0,8,0x01,0x00,0x01,0x00,0x00,0x00,0x00,0x00
27889151,0x3E8,false,0,8,0x01,0x00,0xF2,0x03,0x04,0x00,0x00,0x00
27889276,0x3E8,false,0,8,0x02,0x00,0x00,0x00,0x00,0x00,0x54,0x00
27889411,0x3E8,false,0,8,0x03,0x00,0x4C,0x00,0x9F,0x04,0x00,0x00
27889547,0x3E8,false,0,8,0x04,0x00,0x00,0x00,0x90,0x01,0x9A,0x04
27889685,0x3E8,false,0,8,0x05,0x00,0x00,0x00,0x00,0x00,0x00,0x00
27889820,0x3E8,false,0,8,0x06,0x00,0x00,0x00,0x00,0x00,0x00,0x00
27889957,0x3E8,false,0,8,0x07,0x00,0x00,0x00,0x00,0x00,0x07,0x00
27890094,0x3E8,false,0,8,0x08,0x00,0x4F,0x00,0x07,0x00,0x00,0x00
27890231,0x3E8,false,0,8,0x09,0x00,0x00,0x00,0x00,0x00,0x00,0x00
27902768,0x3E8,false,0,8,0x0A,0x00,0x00,0x00,0x00,0x00,0x00,0x00
27902892,0x3E8,false,0,8,0x0B,0x00,0x00,0x00,0x00,0x00,0x00,0x00
27903017,0x3E8,false,0,8,0x0C,0x00,0x00,0x00,0x00,0x00,0x00,0x00
27903142,0x3E8,false,0,8,0x0D,0x00,0x00,0x00,0x05,0x00,0x10,0x00
27938658,0x3E8,false,0,8,0x00,0x00,0x00,0x00,0x66,0x00,0x65,0x00
27938837,0x44C,false,0,8,0x00,0x00,0x19,0x00,0x1A,0x00,0x00,0x00
27938973,0x3E8,false,0,8,0x01,0x00,0xF2,0x03,0x04,0x00,0x00,0x00
27939097,0x44C,false,0,8,0x01,0x00,0x01,0x00,0x00,0x00,0x00,0x00
27939234,0x3E8,false,0,8,0x02,0x00,0x00,0x00,0x00,0x00,0x54,0x00
27939371,0x3E8,false,0,8,0x03,0x00,0x4C,0x00,0x9F,0x04,0x00,0x00
27939507,0x3E8,false,0,8,0x04,0x00,0x00,0x00,0x90,0x01,0x9A,0x04
27939642,0x3E8,false,0,8,0x05,0x00,0x00,0x00,0x00,0x00,0x00,0x00
27939779,0x3E8,false,0,8,0x06,0x00,0x00,0x00,0x00,0x00,0x00,0x00
27939918,0x3E8,false,0,8,0x07,0x00,0x00,0x00,0x00,0x00,0x07,0x00
27940052,0x3E8,false,0,8,0x08,0x00,0x4F,0x00,0x07,0x00,0x00,0x00
27940187,0x3E8,false,0,8,0x09,0x00,0x00,0x00,0x00,0x00,0x00,0x00
27940313,0x3E8,false,0,8,0x0A,0x00,0x00,0x00,0x00,0x00,0x00,0x00
27940438,0x3E8,false,0,8,0x0B,0x00,0x00,0x00,0x00,0x00,0x00,0x00
27940562,0x3E8,false,0,8,0x0C,0x00,0x00,0x00,0x00,0x00,0x00,0x00
27940692,0x3E8,false,0,8,0x0D,0x00,0x00,0x00,0x05,0x00,0x10,0x00
27988670,0x3E8,false,0,8,0x00,0x00,0x00,0x00,0x66,0x00,0x65,0x00
27988930,0x44C,false,0,8,0x00,0x00,0x19,0x00,0x1A,0x00,0x00,0x00
27989068,0x3E8,false,0,8,0x01,0x00,0xF2,0x03,0x04,0x00,0x00,0x00
27989199,0x44C,false,0,8,0x01,0x00,0x01,0x00,0x00,0x00,0x00,0x00
27989334,0x3E8,false,0,8,0x02,0x00,0x00,0x00,0x00,0x00,0x54,0x00
27989463,0x3E8,false,0,8,0x03,0x00,0x4C,0x00,0x9F,0x04,0x00,0x00
27989605,0x3E8,false,0,8,0x04,0x00,0x00,0x00,0x90,0x01,0x9A,0x04
27989745,0x3E8,false,0,8,0x05,0x00,0x00,0x00,0x00,0x00,0x00,0x00
27989884,0x3E8,false,0,8,0x06,0x00,0x00,0x00,0x00,0x00,0x00,0x00
27990021,0x3E8,false,0,8,0x07,0x00,0x00,0x00,0x00,0x00,0x07,0x00
27990157,0x3E8,false,0,8,0x08,0x00,0x4F,0x00,0x07,0x00,0x00,0x00
27990298,0x3E8,false,0,8,0x09,0x00,0x00,0x00,0x00,0x00,0x00,0x00
27990436,0x3E8,false,0,8,0x0A,0x00,0x00,0x00,0x00,0x00,0x00,0x00
27990562,0x3E8,false,0,8,0x0B,0x00,0x00,0x00,0x00,0x00,0x00,0x00
27990692,0x3E8,false,0,8,0x0C,0x00,0x00,0x00,0x00,0x00,0x00,0x00
27990818,0x3E8,false,0,8,0x0D,0x00,0x00,0x00,0x05,0x00,0x10,0x00
28038671,0x3E8,false,0,8,0x00,0x00,0x00,0x00,0x66,0x00,0x65,0x00
28038919,0x44C,false,0,8,0x00,0x00,0x19,0x00,0x1A,0x00,0x00,0x00
28039057,0x3E8,false,0,8,0x01,0x00,0xF2,0x03,0x04,0x00,0x00,0x00
28039193,0x44C,false,0,8,0x01,0x00,0x01,0x00,0x00,0x00,0x00,0x00
28039318,0x3E8,false,0,8,0x02,0x00,0x00,0x00,0x00,0x00,0x54,0x00
28039442,0x3E8,false,0,8,0x03,0x00,0x4C,0x00,0x9F,0x04,0x00,0x00
28039567,0x3E8,false,0,8,0x04,0x00,0x00,0x00,0x90,0x01,0x9A,0x04
28039695,0x3E8,false,0,8,0x05,0x00,0x00,0x00,0x00,0x00,0x00,0x00
28042644,0x3E8,false,0,8,0x06,0x00,0x00,0x00,0x00,0x00,0x00,0x00
28042772,0x3E8,false,0,8,0x07,0x00,0x00,0x00,0x00,0x00,0x07,0x00
28042897,0x3E8,false,0,8,0x08,0x00,0x4F,0x00,0x07,0x00,0x00,0x00
28043021,0x3E8,false,0,8,0x09,0x00,0x00,0x00,0x00,0x00,0x00,0x00
28043146,0x3E8,false,0,8,0x0A,0x00,0x00,0x00,0x00,0x00,0x00,0x00
28043271,0x3E8,false,0,8,0x0B,0x00,0x00,0x00,0x00,0x00,0x00,0x00
28043396,0x3E8,false,0,8,0x0C,0x00,0x00,0x00,0x00,0x00,0x00,0x00
28043521,0x3E8,false,0,8,0x0D,0x00,0x00,0x00,0x05,0x00,0x10,0x00
28090670,0x3E8,false,0,8,0x00,0x00,0x00,0x00,0x66,0x00,0x65,0x00
28090913,0x44C,false,0,8,0x00,0x00,0x19,0x00,0x1A,0x00,0x00,0x00
28091049,0x3E8,false,0,8,0x01,0x00,0xF2,0x03,0x04,0x00,0x00,0x00
28091174,0x44C,false,0,8,0x01,0x00,0x01,0x00,0x00,0x00,0x00,0x00
28091299,0x3E8,false,0,8,0x02,0x00,0x00,0x00,0x00,0x00,0x54,0x00
28091424,0x3E8,false,0,8,0x03,0x00,0x4C,0x00,0x9F,0x04,0x00,0x00
28091548,0x3E8,false,0,8,0x04,0x00,0x00,0x00,0x90,0x01,0x9A,0x04
28091674,0x3E8,false,0,8,0x05,0x00,0x00,0x00,0x00,0x00,0x00,0x00
28091799,0x3E8,false,0,8,0x06,0x00,0x00,0x00,0x00,0x00,0x00,0x00
28091924,0x3E8,false,0,8,0x07,0x00,0x00,0x00,0x00,0x00,0x07,0x00
28092048,0x3E8,false,0,8,0x08,0x00,0x4F,0x00,0x07,0x00,0x00,0x00
28104228,0x3E8,false,0,8,0x09,0x00,0x00,0x00,0x00,0x00,0x00,0x00
28104359,0x3E8,false,0,8,0x0A,0x00,0x00,0x00,0x00,0x00,0x00,0x00
28104483,0x3E8,false,0,8,0x0B,0x00,0x00,0x00,0x00,0x00,0x00,0x00
28104612,0x3E8,false,0,8,0x0C,0x00,0x00,0x00,0x00,0x00,0x00,0x00
28104737,0x3E8,false,0,8,0x0D,0x00,0x00,0x00,0x05,0x00,0x10,0x00
28140645,0x3E8,false,0,8,0x00,0x00,0x00,0x00,0x66,0x00,0x65,0x00
28140790,0x44C,false,0,8,0x00,0x00,0x19,0x00,0x1A,0x00,0x00,0x00
28140925,0x3E8,false,0,8,0x01,0x00,0xF2,0x03,0x04,0x00,0x00,0x00
28141064,0x44C,false,0,8,0x01,0x00,0x01,0x00,0x00,0x00,0x00,0x00
28141188,0x3E8,false,0,8,0x02,0x00,0x00,0x00,0x00,0x00,0x54,0x00
28141312,0x3E8,false,0,8,0x03,0x00,0x4C,0x00,0x9F,0x04,0x00,0x00
28141436,0x3E8,false,0,8,0x04,0x00,0x00,0x00,0x90,0x01,0x9A,0x04
28141560,0x3E8,false,0,8,0x05,0x00,0x00,0x00,0x00,0x00,0x00,0x00
28141685,0x3E8,false,0,8,0x06,0x00,0x00,0x00,0x00,0x00,0x00,0x00
28141810,0x3E8,false,0,8,0x07,0x00,0x00,0x00,0x00,0x00,0x07,0x00
28141934,0x3E8,false,0,8,0x08,0x00,0x4F,0x00,0x07,0x00,0x00,0x00
28142059,0x3E8,false,0,8,0x09,0x00,0x00,0x00,0x00,0x00,0x00,0x00
28142183,0x3E8,false,0,8,0x0A,0x00,0x00,0x00,0x00,0x00,0x00,0x00
28142308,0x3E8,false,0,8,0x0B,0x00,0x00,0x00,0x00,0x00,0x00,0x00
28142432,0x3E8,false,0,8,0x0C,0x00,0x00,0x00,0x00,0x00,0x00,0x00
28142557,0x3E8,false,0,8,0x0D,0x00,0x00,0x00,0x05,0x00,0x10,0x00
28190681,0x3E8,false,0,8,0x00,0x00,0x00,0x00,0x66,0x00,0x65,0x00
28190933,0x44C,false,0,8,0x00,0x00,0x19,0x00,0x1A,0x00,0x00,0x00
28191069,0x3E8,false,0,8,0x01,0x00,0xF2,0x03,0x04,0x00,0x00,0x00
28191204,0x44C,false,0,8,0x01,0x00,0x01,0x00,0x00,0x00,0x00,0x00
28191329,0x3E8,false,0,8,0x02,0x00,0x00,0x00,0x00,0x00,0x54,0x00
28191454,0x3E8,false,0,8,0x03,0x00,0x4C,0x00,0x9F,0x04,0x00,0x00
28191581,0x3E8,false,0,8,0x04,0x00,0x00,0x00,0x90,0x01,0x9A,0x04
28191709,0x3E8,false,0,8,0x05,0x00,0x00,0x00,0x00,0x00,0x00,0x00
28191834,0x3E8,false,0,8,0x06,0x00,0x00,0x00,0x00,0x00,0x00,0x00
28191959,0x3E8,false,0,8,0x07,0x00,0x00,0x00,0x00,0x00,0x07,0x00
28192084,0x3E8,false,0,8,0x08,0x00,0x4F,0x00,0x07,0x00,0x00,0x00
28192209,0x3E8,false,0,8,0x09,0x00,0x00,0x00,0x00,0x00,0x00,0x00
28192334,0x3E8,false,0,8,0x0A,0x00,0x00,0x00,0x00,0x00,0x00,0x00
28192459,0x3E8,false,0,8,0x0B,0x00,0x00,0x00,0x00,0x00,0x00,0x00
28192584,0x3E8,false,0,8,0x0C,0x00,0x00,0x00,0x00,0x00,0x00,0x00
28192717,0x3E8,false,0,8,0x0D,0x00,0x00,0x00,0x05,0x00,0x10,0x00
28240660,0x3E8,false,0,8,0x00,0x00,0x00,0x00,0x66,0x00,0x65,0x00
28240848,0x44C,false,0,8,0x00,0x00,0x19,0x00,0x1A,0x00,0x00,0x00
28240984,0x3E8,false,0,8,0x01,0x00,0xF2,0x03,0x04,0x00,0x00,0x00
28241120,0x44C,false,0,8,0x01,0x00,0x01,0x00,0x00,0x00,0x00,0x00
28241257,0x3E8,false,0,8,0x02,0x00,0x00,0x00,0x00,0x00,0x54,0x00
28241401,0x3E8,false,0,8,0x03,0x00,0x4C,0x00,0x9F,0x04,0x00,0x00
28241549,0x3E8,false,0,8,0x04,0x00,0x00,0x00,0x90,0x01,0x9A,0x04
28241700,0x3E8,false,0,8,0x05,0x00,0x00,0x00,0x00,0x00,0x00,0x00
28241841,0x3E8,false,0,8,0x06,0x00,0x00,0x00,0x00,0x00,0x00,0x00
28241968,0x3E8,false,0,8,0x07,0x00,0x00,0x00,0x00,0x00,0x07,0x00
28242093,0x3E8,false,0,8,0x08,0x00,0x4F,0x00,0x07,0x00,0x00,0x00
28242228,0x3E8,false,0,8,0x09,0x00,0x00,0x00,0x00,0x00,0x00,0x00
28242353,0x3E8,false,0,8,0x0A,0x00,0x00,0x00,0x00,0x00,0x00,0x00
28242477,0x3E8,false,0,8,0x0B,0x00,0x00,0x00,0x00,0x00,0x00,0x00
28242607,0x3E8,false,0,8,0x0C,0x00,0x00,0x00,0x00,0x00,0x00,0x00
28242739,0x3E8,false,0,8,0x0D,0x00,0x00,0x00,0x05,0x00,0x10,0x00
28290660,0x3E8,false,0,8,0x00,0x00,0x00,0x00,0x66,0x00,0x65,0x00
28290896,0x44C,false,0,8,0x00,0x00,0x19,0x00,0x1A,0x00,0x00,0x00
28291033,0x3E8,false,0,8,0x01,0x00,0xF2,0x03,0x04,0x00,0x00,0x00
28291170,0x44C,false,0,8,0x01,0x00,0x01,0x00,0x00,0x00,0x00,0x00
28291307,0x3E8,false,0,8,0x02,0x00,0x00,0x00,0x00,0x00,0x54,0x00
28303994,0x3E8,false,0,8,0x03,0x00,0x4C,0x00,0x9F,0x04,0x00,0x00
28304151,0x3E8,false,0,8,0x04,0x00,0x00,0x00,0x90,0x01,0x9A,0x04
28304275,0x3E8,false,0,8,0x05,0x00,0x00,0x00,0x00,0x00,0x00,0x00
28304399,0x3E8,false,0,8,0x06,0x00,0x00,0x00,0x00,0x00,0x00,0x00
28304526,0x3E8,false,0,8,0x07,0x00,0x00,0x00,0x00,0x00,0x07,0x00
28304689,0x3E8,false,0,8,0x08,0x00,0x4F,0x00,0x07,0x00,0x00,0x00
28304829,0x3E8,false,0,8,0x09,0x00,0x00,0x00,0x00,0x00,0x00,0x00
28304971,0x3E8,false,0,8,0x0A,0x00,0x00,0x00,0x00,0x00,0x00,0x00
28305118,0x3E8,false,0,8,0x0B,0x00,0x00,0x00,0x00,0x00,0x00,0x00
28305267,0x3E8,false,0,8,0x0C,0x00,0x00,0x00,0x00,0x00,0x00,0x00
28305427,0x3E8,false,0,8,0x0D,0x00,0x00,0x00,0x05,0x00,0x10,0x00
28340661,0x44C,false,0,8,0x00,0x00,0x19,0x00,0x1A,0x00,0x00,0x00
28340907,0x3E8,false,0,8,0x00,0x00,0x00,0x00,0x66,0x00,0x65,0x00
28341049,0x44C,false,0,8,0x01,0x00,0x01,0x00,0x00,0x00,0x00,0x00
28341192,0x3E8,false,0,8,0x01,0x00,0xF2,0x03,0x04,0x00,0x00,0x00
28341336,0x3E8,false,0,8,0x02,0x00,0x00,0x00,0x00,0x00,0x54,0x00
28341477,0x3E8,false,0,8,0x03,0x00,0x4C,0x00,0x9F,0x04,0x00,0x00
28341627,0x3E8,false,0,8,0x04,0x00,0x00,0x00,0x90,0x01,0x9A,0x04
28341773,0x3E8,false,0,8,0x05,0x00,0x00,0x00,0x00,0x00,0x00,0x00
28341929,0x3E8,false,0,8,0x06,0x00,0x00,0x00,0x00,0x00,0x00,0x00
28342070,0x3E8,false,0,8,0x07,0x00,0x00,0x00,0x00,0x00,0x07,0x00
28342219,0x3E8,false,0,8,0x08,0x00,0x4F,0x00,0x07,0x00,0x00,0x00
28342361,0x3E8,false,0,8,0x09,0x00,0x00,0x00,0x00,0x00,0x00,0x00
28342502,0x3E8,false,0,8,0x0A,0x00,0x00,0x00,0x00,0x00,0x00,0x00
28342663,0x3E8,false,0,8,0x0B,0x00,0x00,0x00,0x00,0x00,0x00,0x00
28342815,0x3E8,false,0,8,0x0C,0x00,0x00,0x00,0x00,0x00,0x00,0x00
28342959,0x3E8,false,0,8,0x0D,0x00,0x00,0x00,0x05,0x00,0x10,0x00
28390666,0x44C,false,0,8,0x00,0x00,0x19,0x00,0x1A,0x00,0x00,0x00
28390863,0x3E8,false,0,8,0x00,0x00,0x00,0x00,0x66,0x00,0x65,0x00
28391000,0x44C,false,0,8,0x01,0x00,0x01,0x00,0x00,0x00,0x00,0x00
28391124,0x3E8,false,0,8,0x01,0x00,0xF2,0x03,0x04,0x00,0x00,0x00
28391261,0x3E8,false,0,8,0x02,0x00,0x00,0x00,0x00,0x00,0x54,0x00
28391398,0x3E8,false,0,8,0x03,0x00,0x4C,0x00,0x9F,0x04,0x00,0x00
28391535,0x3E8,false,0,8,0x04,0x00,0x00,0x00,0x90,0x01,0x9A,0x04
28391673,0x3E8,false,0,8,0x05,0x00,0x00,0x00,0x00,0x00,0x00,0x00
28391810,0x3E8,false,0,8,0x06,0x00,0x00,0x00,0x00,0x00,0x00,0x00
28391947,0x3E8,false,0,8,0x07,0x00,0x00,0x00,0x00,0x00,0x07,0x00
28392085,0x3E8,false,0,8,0x08,0x00,0x4F,0x00,0x07,0x00,0x00,0x00
28392209,0x3E8,false,0,8,0x09,0x00,0x00,0x00,0x00,0x00,0x00,0x00
28392334,0x3E8,false,0,8,0x0A,0x00,0x00,0x00,0x00,0x00,0x00,0x00
28392459,0x3E8,false,0,8,0x0B,0x00,0x00,0x00,0x00,0x00,0x00,0x00
28392584,0x3E8,false,0,8,0x0C,0x00,0x00,0x00,0x00,0x00,0x00,0x00
28392719,0x3E8,false,0,8,0x0D,0x00,0x00,0x00,0x05,0x00,0x10,0x00
28440670,0x3E8,false,0,8,0x00,0x00,0x00,0x00,0x66,0x00,0x65,0x00
28440891,0x44C,false,0,8,0x00,0x00,0x19,0x00,0x1A,0x00,0x00,0x00
28441015,0x3E8,false,0,8,0x01,0x00,0xF2,0x03,0x04,0x00,0x00,0x00
28441140,0x44C,false,0,8,0x01,0x00,0x01,0x00,0x00,0x00,0x00,0x00
28441265,0x3E8,false,0,8,0x02,0x00,0x00,0x00,0x00,0x00,0x54,0x00
28441389,0x3E8,false,0,8,0x03,0x00,0x4C,0x00,0x9F,0x04,0x00,0x00
28441514,0x3E8,false,0,8,0x04,0x00,0x00,0x00,0x90,0x01,0x9A,0x04
28441639,0x3E8,false,0,8,0x05,0x00,0x00,0x00,0x00,0x00,0x00,0x00
28441778,0x3E8,false,0,8,0x06,0x00,0x00,0x00,0x00,0x00,0x00,0x00
28441913,0x3E8,false,0,8,0x07,0x00,0x00,0x00,0x00,0x00,0x07,0x00
28442054,0x3E8,false,0,8,0x08,0x00,0x4F,0x00,0x07,0x00,0x00,0x00
28442190,0x3E8,false,0,8,0x09,0x00,0x00,0x00,0x00,0x00,0x00,0x00
28442327,0x3E8,false,0,8,0x0A,0x00,0x00,0x00,0x00,0x00,0x00,0x00
28442566,0x3E8,false,0,8,0x0B,0x00,0x00,0x00,0x00,0x00,0x00,0x00
28442715,0x3E8,false,0,8,0x0C,0x00,0x00,0x00,0x00,0x00,0x00,0x00
28442850,0x3E8,false,0,8,0x0D,0x00,0x00,0x00,0x05,0x00,0x10,0x00
28490645,0x3E8,false,0,8,0x00,0x00,0x00,0x00,0x66,0x00,0x65,0x00
28490787,0x44C,false,0,8,0x00,0x00,0x19,0x00,0x1A,0x00,0x00,0x00
28490926,0x3E8,false,0,8,0x01,0x00,0xF2,0x03,0x04,0x00,0x00,0x00
28491062,0x44C,false,0,8,0x01,0x00,0x01,0x00,0x00,0x00,0x00,0x00
28491201,0x3E8,false,0,8,0x02,0x00,0x00,0x00,0x00,0x00,0x54,0x00
28508271,0x3E8,false,0,8,0x03,0x00,0x4C,0x00,0x9F,0x04,0x00,0x00
28508414,0x3E8,false,0,8,0x04,0x00,0x00,0x00,0x90,0x01,0x9A,0x04
28508544,0x3E8,false,0,8,0x05,0x00,0x00,0x00,0x00,0x00,0x00,0x00
28508676,0x3E8,false,0,8,0x06,0x00,0x00,0x00,0x00,0x00,0x00,0x00
28508801,0x3E8,false,0,8,0x07,0x00,0x00,0x00,0x00,0x00,0x07,0x00
28508927,0x3E8,false,0,8,0x08,0x00,0x4F,0x00,0x07,0x00,0x00,0x00
28509058,0x3E8,false,0,8,0x09,0x00,0x00,0x00,0x00,0x00,0x00,0x00
28509184,0x3E8,false,0,8,0x0A,0x00,0x00,0x00,0x00,0x00,0x00,0x00
28509326,0x3E8,false,0,8,0x0B,0x00,0x00,0x00,0x00,0x00,0x00,0x00
28509469,0x3E8,false,0,8,0x0C,0x00,0x00,0x00,0x00,0x00,0x00,0x00
28509613,0x3E8,false,0,8,0x0D,0x00,0x00,0x00,0x05,0x00,0x10,0x00
28540656,0x3E8,false,0,8,0x00,0x00,0x00,0x00,0x66,0x00,0x65,0x00
28540873,0x44C,false,0,8,0x00,0x00,0x19,0x00,0x1A,0x00,0x00,0x00
28541009,0x3E8,false,0,8,0x01,0x00,0xF2,0x03,0x04,0x00,0x00,0x00
28541146,0x44C,false,0,8,0x01,0x00,0x01,0x00,0x00,0x00,0x00,0x00
28541282,0x3E8,false,0,8,0x02,0x00,0x00,0x00,0x00,0x00,0x54,0x00
28541418,0x3E8,false,0,8,0x03,0x00,0x4C,0x00,0x9F,0x04,0x00,0x00
28541542,0x3E8,false,0,8,0x04,0x00,0x00,0x00,0x90,0x01,0x9A,0x04
28541683,0x3E8,false,0,8,0x05,0x00,0x00,0x00,0x00,0x00,0x00,0x00
28541822,0x3E8,false,0,8,0x06,0x00,0x00,0x00,0x00,0x00,0x00,0x00
28541958,0x3E8,false,0,8,0x07,0x00,0x00,0x00,0x00,0x00,0x07,0x00
28542095,0x3E8,false,0,8,0x08,0x00,0x4F,0x00,0x07,0x00,0x00,0x00
28542231,0x3E8,false,0,8,0x09,0x00,0x00,0x00,0x00,0x00,0x00,0x00
28542367,0x3E8,false,0,8,0x0A,0x00,0x00,0x00,0x00,0x00,0x00,0x00
28542503,0x3E8,false,0,8,0x0B,0x00,0x00,0x00,0x00,0x00,0x00,0x00
28542644,0x3E8,false,0,8,0x0C,0x00,0x00,0x00,0x00,0x00,0x00,0x00
28542772,0x3E8,false,0,8,0x0D,0x00,0x00,0x00,0x05,0x00,0x10,0x00
28591091,0x3E8,false,0,8,0x00,0x00,0x00,0x00,0x66,0x00,0x65,0x00
28591332,0x44C,false,0,8,0x00,0x00,0x19,0x00,0x1A,0x00,0x00,0x00
28591469,0x3E8,false,0,8,0x01,0x00,0xF2,0x03,0x04,0x00,0x00,0x00
28591595,0x44C,false,0,8,0x01,0x00,0x01,0x00,0x00,0x00,0x00,0x00
28591737,0x3E8,false,0,8,0x02,0x00,0x00,0x00,0x00,0x00,0x54,0x00
28591862,0x3E8,false,0,8,0x03,0x00,0x4C,0x00,0x9F,0x04,0x00,0x00
28592000,0x3E8,false,0,8,0x04,0x00,0x00,0x00,0x90,0x01,0x9A,0x04
28592136,0x3E8,false,0,8,0x05,0x00,0x00,0x00,0x00,0x00,0x00,0x00
28592274,0x3E8,false,0,8,0x06,0x00,0x00,0x00,0x00,0x00,0x00,0x00
28592410,0x3E8,false,0,8,0x07,0x00,0x00,0x00,0x00,0x00,0x07,0x00
28592553,0x3E8,false,0,8,0x08,0x00,0x4F,0x00,0x07,0x00,0x00,0x00
28592706,0x3E8,false,0,8,0x09,0x00,0x00,0x00,0x00,0x00,0x00,0x00
28592848,0x3E8,false,0,8,0x0A,0x00,0x00,0x00,0x00,0x00,0x00,0x00
28593001,0x3E8,false,0,8,0x0B,0x00,0x00,0x00,0x00,0x00,0x00,0x00
28593144,0x3E8,false,0,8,0x0C,0x00,0x00,0x00,0x00,0x00,0x00,0x00
28593277,0x3E8,false,0,8,0x0D,0x00,0x00,0x00,0x05,0x00,0x10,0x00
28640680,0x3E8,false,0,8,0x00,0x00,0x00,0x00,0x66,0x00,0x65,0x00
28640929,0x44C,false,0,8,0x00,0x00,0x19,0x00,0x1A,0x00,0x00,0x00
28641069,0x3E8,false,0,8,0x01,0x00,0xF2,0x03,0x04,0x00,0x00,0x00
28641205,0x44C,false,0,8,0x01,0x00,0x01,0x00,0x00,0x00,0x00,0x00
28641342,0x3E8,false,0,8,0x02,0x00,0x00,0x00,0x00,0x00,0x54,0x00
28641479,0x3E8,false,0,8,0x03,0x00,0x4C,0x00,0x9F,0x04,0x00,0x00
28641620,0x3E8,false,0,8,0x04,0x00,0x00,0x00,0x90,0x01,0x9A,0x04
28641744,0x3E8,false,0,8,0x05,0x00,0x00,0x00,0x00,0x00,0x00,0x00
28644652,0x3E8,false,0,8,0x06,0x00,0x00,0x00,0x00,0x00,0x00,0x00
28644799,0x3E8,false,0,8,0x07,0x00,0x00,0x00,0x00,0x00,0x07,0x00
28644933,0x3E8,false,0,8,0x08,0x00,0x4F,0x00,0x07,0x00,0x00,0x00
28645060,0x3E8,false,0,8,0x09,0x00,0x00,0x00,0x00,0x00,0x00,0x00
28645185,0x3E8,false,0,8,0x0A,0x00,0x00,0x00,0x00,0x00,0x00,0x00
28645325,0x3E8,false,0,8,0x0B,0x00,0x00,0x00,0x00,0x00,0x00,0x00
28645451,0x3E8,false,0,8,0x0C,0x00,0x00,0x00,0x00,0x00,0x00,0x00
28645585,0x3E8,false,0,8,0x0D,0x00,0x00,0x00,0x05,0x00,0x10,0x00
28692660,0x3E8,false,0,8,0x00,0x00,0x00,0x00,0x66,0x00,0x65,0x00
28692854,0x44C,false,0,8,0x00,0x00,0x19,0x00,0x1A,0x00,0x00,0x00
28693003,0x3E8,false,0,8,0x01,0x00,0xF2,0x03,0x04,0x00,0x00,0x00
28693139,0x44C,false,0,8,0x01,0x00,0x01,0x00,0x00,0x00,0x00,0x00
28706643,0x3E8,false,0,8,0x02,0x00,0x00,0x00,0x00,0x00,0x54,0x00
28706775,0x3E8,false,0,8,0x03,0x00,0x4C,0x00,0x9F,0x04,0x00,0x00
28706899,0x3E8,false,0,8,0x04,0x00,0x00,0x00,0x90,0x01,0x9A,0x04
28707023,0x3E8,false,0,8,0x05,0x00,0x00,0x00,0x00,0x00,0x00,0x00
28707149,0x3E8,false,0,8,0x06,0x00,0x00,0x00,0x00,0x00,0x00,0x00
28707285,0x3E8,false,0,8,0x07,0x00,0x00,0x00,0x00,0x00,0x07,0x00
28707422,0x3E8,false,0,8,0x08,0x00,0x4F,0x00,0x07,0x00,0x00,0x00
28707568,0x3E8,false,0,8,0x09,0x00,0x00,0x00,0x00,0x00,0x00,0x00
28707705,0x3E8,false,0,8,0x0A,0x00,0x00,0x00,0x00,0x00,0x00,0x00
28707842,0x3E8,false,0,8,0x0B,0x00,0x00,0x00,0x00,0x00,0x00,0x00
28707980,0x3E8,false,0,8,0x0C,0x00,0x00,0x00,0x00,0x00,0x00,0x00
28708124,0x3E8,false,0,8,0x0D,0x00,0x00,0x00,0x05,0x00,0x10,0x00
28742680,0x44C,false,0,8,0x00,0x00,0x19,0x00,0x1A,0x00,0x00,0x00
28742918,0x3E8,false,0,8,0x00,0x00,0x00,0x00,0x66,0x00,0x65,0x00
28743055,0x44C,false,0,8,0x01,0x00,0x01,0x00,0x00,0x00,0x00,0x00
28743191,0x3E8,false,0,8,0x01,0x00,0xF2,0x03,0x04,0x00,0x00,0x00
28743328,0x3E8,false,0,8,0x02,0x00,0x00,0x00,0x00,0x00,0x54,0x00
28743464,0x3E8,false,0,8,0x03,0x00,0x4C,0x00,0x9F,0x04,0x00,0x00
28743588,0x3E8,false,0,8,0x04,0x00,0x00,0x00,0x90,0x01,0x9A,0x04
28743712,0x3E8,false,0,8,0x05,0x00,0x00,0x00,0x00,0x00,0x00,0x00
28743837,0x3E8,false,0,8,0x06,0x00,0x00,0x00,0x00,0x00,0x00,0x00
28743962,0x3E8,false,0,8,0x07,0x00,0x00,0x00,0x00,0x00,0x07,0x00
28744086,0x3E8,false,0,8,0x08,0x00,0x4F,0x00,0x07,0x00,0x00,0x00
28744211,0x3E8,false,0,8,0x09,0x00,0x00,0x00,0x00,0x00,0x00,0x00
28744335,0x3E8,false,0,8,0x0A,0x00,0x00,0x00,0x00,0x00,0x00,0x00
28744460,0x3E8,false,0,8,0x0B,0x00,0x00,0x00,0x00,0x00,0x00,0x00
28744584,0x3E8,false,0,8,0x0C,0x00,0x00,0x00,0x00,0x00,0x00,0x00
28744713,0x3E8,false,0,8,0x0D,0x00,0x00,0x00,0x05,0x00,0x10,0x00
28792671,0x3E8,false,0,8,0x00,0x00,0x00,0x00,0x66,0x00,0x65,0x00
28792955,0x44C,false,0,8,0x00,0x00,0x19,0x00,0x1A,0x00,0x00,0x00
28793097,0x3E8,false,0,8,0x01,0x00,0xF2,0x03,0x04,0x00,0x00,0x00
28793235,0x44C,false,0,8,0x01,0x00,0x01,0x00,0x00,0x00,0x00,0x00
28793376,0x3E8,false,0,8,0x02,0x00,0x00,0x00,0x00,0x00,0x54,0x00
28793513,0x3E8,false,0,8,0x03,0x00,0x4C,0x00,0x9F,0x04,0x00,0x00
28793651,0x3E8,false,0,8,0x04,0x00,0x00,0x00,0x90,0x01,0x9A,0x04
28793776,0x3E8,false,0,8,0x05,0x00,0x00,0x00,0x00,0x00,0x00,0x00
28793903,0x3E8,false,0,8,0x06,0x00,0x00,0x00,0x00,0x00,0x00,0x00
28794028,0x3E8,false,0,8,0x07,0x00,0x00,0x00,0x00,0x00,0x07,0x00
28794155,0x3E8,false,0,8,0x08,0x00,0x4F,0x00,0x07,0x00,0x00,0x00
28794280,0x3E8,false,0,8,0x09,0x00,0x00,0x00,0x00,0x00,0x00,0x00
28794406,0x3E8,false,0,8,0x0A,0x00,0x00,0x00,0x00,0x00,0x00,0x00
28794533,0x3E8,false,0,8,0x0B,0x00,0x00,0x00,0x00,0x00,0x00,0x00
28794664,0x3E8,false,0,8,0x0C,0x00,0x00,0x00,0x00,0x00,0x00,0x00
28794790,0x3E8,false,0,8,0x0D,0x00,0x00,0x00,0x05,0x00,0x10,0x00
28842662,0x3E8,false,0,8,0x00,0x00,0x00,0x00,0x66,0x00,0x65,0x00
28842864,0x44C,false,0,8,0x00,0x00,0x19,0x00,0x1A,0x00,0x00,0x00
28842988,0x3E8,false,0,8,0x01,0x00,0xF2,0x03,0x04,0x00,0x00,0x00
28843113,0x44C,false,0,8,0x01,0x00,0x01,0x00,0x00,0x00,0x00,0x00
28843238,0x3E8,false,0,8,0x02,0x00,0x00,0x00,0x00,0x00,0x54,0x00
28843372,0x3E8,false,0,8,0x03,0x00,0x4C,0x00,0x9F,0x04,0x00,0x00
28843503,0x3E8,false,0,8,0x04,0x00,0x00,0x00,0x90,0x01,0x9A,0x04
28843642,0x3E8,false,0,8,0x05,0x00,0x00,0x00,0x00,0x00,0x00,0x00
28843781,0x3E8,false,0,8,0x06,0x00,0x00,0x00,0x00,0x00,0x00,0x00
28846652,0x3E8,false,0,8,0x07,0x00,0x00,0x00,0x00,0x00,0x07,0x00
28846793,0x3E8,false,0,8,0x08,0x00,0x4F,0x00,0x07,0x00,0x00,0x00
28846918,0x3E8,false,0,8,0x09,0x00,0x00,0x00,0x00,0x00,0x00,0x00
28847043,0x3E8,false,0,8,0x0A,0x00,0x00,0x00,0x00,0x00,0x00,0x00
28847168,0x3E8,false,0,8,0x0B,0x00,0x00,0x00,0x00,0x00,0x00,0x00
28847292,0x3E8,false,0,8,0x0C,0x00,0x00,0x00,0x00,0x00,0x00,0x00
28847418,0x3E8,false,0,8,0x0D,0x00,0x00,0x00,0x05,0x00,0x10,0x00
28892668,0x3E8,false,0,8,0x00,0x00,0x00,0x00,0x66,0x00,0x65,0x00
28892912,0x44C,false,0,8,0x00,0x00,0x19,0x00,0x1A,0x00,0x00,0x00
28893036,0x3E8,false,0,8,0x01,0x00,0xF2,0x03,0x04,0x00,0x00,0x00
28905167,0x44C,false,0,8,0x01,0x00,0x01,0x00,0x00,0x00,0x00,0x00
28905292,0x3E8,false,0,8,0x02,0x00,0x00,0x00,0x00,0x00,0x54,0x00
28905416,0x3E8,false,0,8,0x03,0x00,0x4C,0x00,0x9F,0x04,0x00,0x00
28905540,0x3E8,false,0,8,0x04,0x00,0x00,0x00,0x90,0x01,0x9A,0x04
28905668,0x3E8,false,0,8,0x05,0x00,0x00,0x00,0x00,0x00,0x00,0x00
28905792,0x3E8,false,0,8,0x06,0x00,0x00,0x00,0x00,0x00,0x00,0x00
28905917,0x3E8,false,0,8,0x07,0x00,0x00,0x00,0x00,0x00,0x07,0x00
28906041,0x3E8,false,0,8,0x08,0x00,0x4F,0x00,0x07,0x00,0x00,0x00
28906166,0x3E8,false,0,8,0x09,0x00,0x00,0x00,0x00,0x00,0x00,0x00
28906290,0x3E8,false,0,8,0x0A,0x00,0x00,0x00,0x00,0x00,0x00,0x00
28906415,0x3E8,false,0,8,0x0B,0x00,0x00,0x00,0x00,0x00,0x00,0x00
28906539,0x3E8,false,0,8,0x0C,0x00,0x00,0x00,0x00,0x00,0x00,0x00
28906668,0x3E8,false,0,8,0x0D,0x00,0x00,0x00,0x05,0x00,0x10,0x00
28942685,0x3E8,false,0,8,0x00,0x00,0x00,0x00,0x66,0x00,0x65,0x00
28942924,0x44C,false,0,8,0x00,0x00,0x19,0x00,0x1A,0x00,0x00,0x00
28943061,0x3E8,false,0,8,0x01,0x00,0xF2,0x03,0x04,0x00,0x00,0x00
28943201,0x44C,false,0,8,0x01,0x00,0x01,0x00,0x00,0x00,0x00,0x00
28943327,0x3E8,false,0,8,0x02,0x00,0x00,0x00,0x00,0x00,0x54,0x00
28943463,0x3E8,false,0,8,0x03,0x00,0x4C,0x00,0x9F,0x04,0x00,0x00
28943600,0x3E8,false,0,8,0x04,0x00,0x00,0x00,0x90,0x01,0x9A,0x04
28943737,0x3E8,false,0,8,0x05,0x00,0x00,0x00,0x00,0x00,0x00,0x00
28943874,0x3E8,false,0,8,0x06,0x00,0x00,0x00,0x00,0x00,0x00,0x00
28944009,0x3E8,false,0,8,0x07,0x00,0x00,0x00,0x00,0x00,0x07,0x00
28944147,0x3E8,false,0,8,0x08,0x00,0x4F,0x00,0x07,0x00,0x00,0x00
28944284,0x3E8,false,0,8,0x09,0x00,0x00,0x00,0x00,0x00,0x00,0x00
28944410,0x3E8,false,0,8,0x0A,0x00,0x00,0x00,0x00,0x00,0x00,0x00
28944536,0x3E8,false,0,8,0x0B,0x00,0x00,0x00,0x00,0x00,0x00,0x00
28944667,0x3E8,false,0,8,0x0C,0x00,0x00,0x00,0x00,0x00,0x00,0x00
28944793,0x3E8,false,0,8,0x0D,0x00,0x00,0x00,0x05,0x00,0x10,0x00
28992678,0x3E8,false,0,8,0x00,0x00,0x00,0x00,0x66,0x00,0x65,0x00
28992915,0x44C,false,0,8,0x00,0x00,0x19,0x00,0x1A,0x00,0x00,0x00
28993064,0x3E8,false,0,8,0x01,0x00,0xF2,0x03,0x04,0x00,0x00,0x00
28993189,0x44C,false,0,8,0x01,0x00,0x01,0x00,0x00,0x00,0x00,0x00
28993324,0x3E8,false,0,8,0x02,0x00,0x00,0x00,0x00,0x00,0x54,0x00
28993448,0x3E8,false,0,8,0x03,0x00,0x4C,0x00,0x9F,0x04,0x00,0x00
28993573,0x3E8,false,0,8,0x04,0x00,0x00,0x00,0x90,0x01,0x9A,0x04
28993709,0x3E8,false,0,8,0x05,0x00,0x00,0x00,0x00,0x00,0x00,0x00
28993844,0x3E8,false,0,8,0x06,0x00,0x00,0x00,0x00,0x00,0x00,0x00
28993981,0x3E8,false,0,8,0x07,0x00,0x00,0x00,0x00,0x00,0x07,0x00
28994116,0x3E8,false,0,8,0x08,0x00,0x4F,0x00,0x07,0x00,0x00,0x00
28994253,0x3E8,false,0,8,0x09,0x00,0x00,0x00,0x00,0x00,0x00,0x00
28994390,0x3E8,false,0,8,0x0A,0x00,0x00,0x00,0x00,0x00,0x00,0x00
28994527,0x3E8,false,0,8,0x0B,0x00,0x00,0x00,0x00,0x00,0x00,0x00
28994657,0x3E8,false,0,8,0x0C,0x00,0x00,0x00,0x00,0x00,0x00,0x00
28994782,0x3E8,false,0,8,0x0D,0x00,0x00,0x00,0x05,0x00,0x10,0x00
29042675,0x3E8,false,0,8,0x00,0x00,0x00,0x00,0x66,0x00,0x65,0x00
29042922,0x44C,false,0,8,0x00,0x00,0x19,0x00,0x1A,0x00,0x00,0x00
29043047,0x3E8,false,0,8,0x01,0x00,0xF2,0x03,0x04,0x00,0x00,0x00
29043191,0x44C,false,0,8,0x01,0x00,0x01,0x00,0x00,0x00,0x00,0x00
29043316,0x3E8,false,0,8,0x02,0x00,0x00,0x00,0x00,0x00,0x54,0x00
29043440,0x3E8,false,0,8,0x03,0x00,0x4C,0x00,0x9F,0x04,0x00,0x00
29043564,0x3E8,false,0,8,0x04,0x00,0x00,0x00,0x90,0x01,0x9A,0x04
29043691,0x3E8,false,0,8,0x05,0x00,0x00,0x00,0x00,0x00,0x00,0x00
29046668,0x3E8,false,0,8,0x06,0x00,0x00,0x00,0x00,0x00,0x00,0x00
29046830,0x3E8,false,0,8,0x07,0x00,0x00,0x00,0x00,0x00,0x07,0x00
29046956,0x3E8,false,0,8,0x08,0x00,0x4F,0x00,0x07,0x00,0x00,0x00
29047080,0x3E8,false,0,8,0x09,0x00,0x00,0x00,0x00,0x00,0x00,0x00
29047205,0x3E8,false,0,8,0x0A,0x00,0x00,0x00,0x00,0x00,0x00,0x00
29047329,0x3E8,false,0,8,0x0B,0x00,0x00,0x00,0x00,0x00,0x00,0x00
29047455,0x3E8,false,0,8,0x0C,0x00,0x00,0x00,0x00,0x00,0x00,0x00
29047579,0x3E8,false,0,8,0x0D,0x00,0x00,0x00,0x05,0x00,0x10,0x00
29094672,0x3E8,false,0,8,0x00,0x00,0x00,0x00,0x66,0x00,0x65,0x00
29094920,0x44C,false,0,8,0x00,0x00,0x19,0x00,0x1A,0x00,0x00,0x00
29107029,0x3E8,false,0,8,0x01,0x00,0xF2,0x03,0x04,0x00,0x00,0x00
29107153,0x44C,false,0,8,0x01,0x00,0x01,0x00,0x00,0x00,0x00,0x00
29107278,0x3E8,false,0,8,0x02,0x00,0x00,0x00,0x00,0x00,0x54,0x00
29107402,0x3E8,false,0,8,0x03,0x00,0x4C,0x00,0x9F,0x04,0x00,0x00
29107526,0x3E8,false,0,8,0x04,0x00,0x00,0x00,0x90,0x01,0x9A,0x04
29107654,0x3E8,false,0,8,0x05,0x00,0x00,0x00,0x00,0x00,0x00,0x00
29107778,0x3E8,false,0,8,0x06,0x00,0x00,0x00,0x00,0x00,0x00,0x00
29107903,0x3E8,false,0,8,0x07,0x00,0x00,0x00,0x00,0x00,0x07,0x00
29108027,0x3E8,false,0,8,0x08,0x00,0x4F,0x00,0x07,0x00,0x00,0x00
29108152,0x3E8,false,0,8,0x09,0x00,0x00,0x00,0x00,0x00,0x00,0x00
29108276,0x3E8,false,0,8,0x0A,0x00,0x00,0x00,0x00,0x00,0x00,0x00
29108401,0x3E8,false,0,8,0x0B,0x00,0x00,0x00,0x00,0x00,0x00,0x00
29108525,0x3E8,false,0,8,0x0C,0x00,0x00,0x00,0x00,0x00,0x00,0x00
29108654,0x3E8,false,0,8,0x0D,0x00,0x00,0x00,0x05,0x00,0x10,0x00
29144656,0x3E8,false,0,8,0x00,0x00,0x00,0x00,0x66,0x00,0x65,0x00
29144860,0x44C,false,0,8,0x00,0x00,0x19,0x00,0x1A,0x00,0x00,0x00
29144998,0x3E8,false,0,8,0x01,0x00,0xF2,0x03,0x04,0x00,0x00,0x00
29145132,0x44C,false,0,8,0x01,0x00,0x01,0x00,0x00,0x00,0x00,0x00
29145257,0x3E8,false,0,8,0x02,0x00,0x00,0x00,0x00,0x00,0x54,0x00
29145382,0x3E8,false,0,8,0x03,0x00,0x4C,0x00,0x9F,0x04,0x00,0x00
29145506,0x3E8,false,0,8,0x04,0x00,0x00,0x00,0x90,0x01,0x9A,0x04
29145630,0x3E8,false,0,8,0x05,0x00,0x00,0x00,0x00,0x00,0x00,0x00
29145755,0x3E8,false,0,8,0x06,0x00,0x00,0x00,0x00,0x00,0x00,0x00
29145879,0x3E8,false,0,8,0x07,0x00,0x00,0x00,0x00,0x00,0x07,0x00
29146004,0x3E8,false,0,8,0x08,0x00,0x4F,0x00,0x07,0x00,0x00,0x00
29146128,0x3E8,false,0,8,0x09,0x00,0x00,0x00,0x00,0x00,0x00,0x00
29146253,0x3E8,false,0,8,0x0A,0x00,0x00,0x00,0x00,0x00,0x00,0x00
29146377,0x3E8,false,0,8,0x0B,0x00,0x00,0x00,0x00,0x00,0x00,0x00
29146502,0x3E8,false,0,8,0x0C,0x00,0x00,0x00,0x00,0x00,0x00,0x00
29146631,0x3E8,false,0,8,0x0D,0x00,0x00,0x00,0x05,0x00,0x10,0x00
29194660,0x3E8,false,0,8,0x00,0x00,0x00,0x00,0x66,0x00,0x65,0x00
29194911,0x44C,false,0,8,0x00,0x00,0x19,0x00,0x1A,0x00,0x00,0x00
29195048,0x3E8,false,0,8,0x01,0x00,0xF2,0x03,0x04,0x00,0x00,0x00
29195186,0x44C,false,0,8,0x01,0x00,0x01,0x00,0x00,0x00,0x00,0x00
29195323,0x3E8,false,0,8,0x02,0x00,0x00,0x00,0x00,0x00,0x54,0x00
29195447,0x3E8,false,0,8,0x03,0x00,0x4C,0x00,0x9F,0x04,0x00,0x00
29195571,0x3E8,false,0,8,0x04,0x00,0x00,0x00,0x90,0x01,0x9A,0x04
29195696,0x3E8,false,0,8,0x05,0x00,0x00,0x00,0x00,0x00,0x00,0x00
29195822,0x3E8,false,0,8,0x06,0x00,0x00,0x00,0x00,0x00,0x00,0x00
29195946,0x3E8,false,0,8,0x07,0x00,0x00,0x00,0x00,0x00,0x07,0x00
29196071,0x3E8,false,0,8,0x08,0x00,0x4F,0x00,0x07,0x00,0x00,0x00
29196196,0x3E8,false,0,8,0x09,0x00,0x00,0x00,0x00,0x00,0x00,0x00
29196330,0x3E8,false,0,8,0x0A,0x00,0x00,0x00,0x00,0x00,0x00,0x00
29196455,0x3E8,false,0,8,0x0B,0x00,0x00,0x00,0x00,0x00,0x00,0x00
29196580,0x3E8,false,0,8,0x0C,0x00,0x00,0x00,0x00,0x00,0x00,0x00
29196709,0x3E8,false,0,8,0x0D,0x00,0x00,0x00,0x05,0x00,0x10,0x00
29244650,0x3E8,false,0,8,0x00,0x00,0x00,0x00,0x66,0x00,0x65,0x00
29244800,0x44C,false,0,8,0x00,0x00,0x19,0x00,0x1A,0x00,0x00,0x00
29244925,0x3E8,false,0,8,0x01,0x00,0xF2,0x03,0x04,0x00,0x00,0x00
29245061,0x44C,false,0,8,0x01,0x00,0x01,0x00,0x00,0x00,0x00,0x00
29245196,0x3E8,false,0,8,0x02,0x00,0x00,0x00,0x00,0x00,0x54,0x00
29245335,0x3E8,false,0,8,0x03,0x00,0x4C,0x00,0x9F,0x04,0x00,0x00
29245470,0x3E8,false,0,8,0x04,0x00,0x00,0x00,0x90,0x01,0x9A,0x04
29245605,0x3E8,false,0,8,0x05,0x00,0x00,0x00,0x00,0x00,0x00,0x00
29245743,0x3E8,false,0,8,0x06,0x00,0x00,0x00,0x00,0x00,0x00,0x00
29245879,0x3E8,false,0,8,0x07,0x00,0x00,0x00,0x00,0x00,0x07,0x00
29246004,0x3E8,false,0,8,0x08,0x00,0x4F,0x00,0x07,0x00,0x00,0x00
29246129,0x3E8,false,0,8,0x09,0x00,0x00,0x00,0x00,0x00,0x00,0x00
29246266,0x3E8,false,0,8,0x0A,0x00,0x00,0x00,0x00,0x00,0x00,0x00
29246391,0x3E8,false,0,8,0x0B,0x00,0x00,0x00,0x00,0x00,0x00,0x00
29246526,0x3E8,false,0,8,0x0C,0x00,0x00,0x00,0x00,0x00,0x00,0x00
29246674,0x3E8,false,0,8,0x0D,0x00,0x00,0x00,0x05,0x00,0x10,0x00
29294677,0x3E8,false,0,8,0x00,0x00,0x00,0x00,0x66,0x00,0x65,0x00
29307898,0x44C,false,0,8,0x00,0x00,0x19,0x00,0x1A,0x00,0x00,0x00
29308031,0x3E8,false,0,8,0x01,0x00,0xF2,0x03,0x04,0x00,0x00,0x00
29308161,0x44C,false,0,8,0x01,0x00,0x01,0x00,0x00,0x00,0x00,0x00
29308290,0x3E8,false,0,8,0x02,0x00,0x00,0x00,0x00,0x00,0x54,0x00
29308421,0x3E8,false,0,8,0x03,0x00,0x4C,0x00,0x9F,0x04,0x00,0x00
29308553,0x3E8,false,0,8,0x04,0x00,0x00,0x00,0x90,0x01,0x9A,0x04
29308686,0x3E8,false,0,8,0x05,0x00,0x00,0x00,0x00,0x00,0x00,0x00
29308816,0x3E8,false,0,8,0x06,0x00,0x00,0x00,0x00,0x00,0x00,0x00
29308945,0x3E8,false,0,8,0x07,0x00,0x00,0x00,0x00,0x00,0x07,0x00
29309071,0x3E8,false,0,8,0x08,0x00,0x4F,0x00,0x07,0x00,0x00,0x00
29309196,0x3E8,false,0,8,0x09,0x00,0x00,0x00,0x00,0x00,0x00,0x00
29309322,0x3E8,false,0,8,0x0A,0x00,0x00,0x00,0x00,0x00,0x00,0x00
29309448,0x3E8,false,0,8,0x0B,0x00,0x00,0x00,0x00,0x00,0x00,0x00
29309573,0x3E8,false,0,8,0x0C,0x00,0x00,0x00,0x00,0x00,0x00,0x00
29309699,0x3E8,false,0,8,0x0D,0x00,0x00,0x00,0x05,0x00,0x10,0x00
29344656,0x3E8,false,0,8,0x00,0x00,0x00,0x00,0x66,0x00,0x65,0x00
29344857,0x44C,false,0,8,0x00,0x00,0x19,0x00,0x1A,0x00,0x00,0x00
29344992,0x3E8,false,0,8,0x01,0x00,0xF2,0x03,0x04,0x00,0x00,0x00
29345117,0x44C,false,0,8,0x01,0x00,0x01,0x00,0x00,0x00,0x00,0x00
29345255,0x3E8,false,0,8,0x02,0x00,0x00,0x00,0x00,0x00,0x54,0x00
29345392,0x3E8,false,0,8,0x03,0x00,0x4C,0x00,0x9F,0x04,0x00,0x00
29345529,0x3E8,false,0,8,0x04,0x00,0x00,0x00,0x90,0x01,0x9A,0x04
29345665,0x3E8,false,0,8,0x05,0x00,0x00,0x00,0x00,0x00,0x00,0x00
29345800,0x3E8,false,0,8,0x06,0x00,0x00,0x00,0x00,0x00,0x00,0x00
29345939,0x3E8,false,0,8,0x07,0x00,0x00,0x00,0x00,0x00,0x07,0x00
29346064,0x3E8,false,0,8,0x08,0x00,0x4F,0x00,0x07,0x00,0x00,0x00
29346190,0x3E8,false,0,8,0x09,0x00,0x00,0x00,0x00,0x00,0x00,0x00
29346327,0x3E8,false,0,8,0x0A,0x00,0x00,0x00,0x00,0x00,0x00,0x00
29346472,0x3E8,false,0,8,0x0B,0x00,0x00,0x00,0x00,0x00,0x00,0x00
29346617,0x3E8,false,0,8,0x0C,0x00,0x00,0x00,0x00,0x00,0x00,0x00
29346755,0x3E8,false,0,8,0x0D,0x00,0x00,0x00,0x05,0x00,0x10,0x00
29394670,0x3E8,false,0,8,0x00,0x00,0x00,0x00,0x66,0x00,0x65,0x00
29394904,0x44C,false,0,8,0x00,0x00,0x19,0x00,0x1A,0x00,0x00,0x00
29395039,0x3E8,false,0,8,0x01,0x00,0xF2,0x03,0x04,0x00,0x00,0x00
29395164,0x44C,false,0,8,0x01,0x00,0x01,0x00,0x00,0x00,0x00,0x00
29395301,0x3E8,false,0,8,0x02,0x00,0x00,0x00,0x00,0x00,0x54,0x00
29395441,0x3E8,false,0,8,0x03,0x00,0x4C,0x00,0x9F,0x04,0x00,0x00
29395578,0x3E8,false,0,8,0x04,0x00,0x00,0x00,0x90,0x01,0x9A,0x04
29395717,0x3E8,false,0,8,0x05,0x00,0x00,0x00,0x00,0x00,0x00,0x00
29395853,0x3E8,false,0,8,0x06,0x00,0x00,0x00,0x00,0x00,0x00,0x00
29395991,0x3E8,false,0,8,0x07,0x00,0x00,0x00,0x00,0x00,0x07,0x00
29396128,0x3E8,false,0,8,0x08,0x00,0x4F,0x00,0x07,0x00,0x00,0x00
29396253,0x3E8,false,0,8,0x09,0x00,0x00,0x00,0x00,0x00,0x00,0x00
29396378,0x3E8,false,0,8,0x0A,0x00,0x00,0x00,0x00,0x00,0x00,0x00
29396503,0x3E8,false,0,8,0x0B,0x00,0x00,0x00,0x00,0x00,0x00,0x00
29396632,0x3E8,false,0,8,0x0C,0x00,0x00,0x00,0x00,0x00,0x00,0x00
29396757,0x3E8,false,0,8,0x0D,0x00,0x00,0x00,0x05,0x00,0x10,0x00
29444663,0x3E8,false,0,8,0x00,0x00,0x00,0x00,0x66,0x00,0x65,0x00
29444910,0x44C,false,0,8,0x00,0x00,0x19,0x00,0x1A,0x00,0x00,0x00
29445035,0x3E8,false,0,8,0x01,0x00,0xF2,0x03,0x04,0x00,0x00,0x00
29445159,0x44C,false,0,8,0x01,0x00,0x01,0x00,0x00,0x00,0x00,0x00
29445284,0x3E8,false,0,8,0x02,0x00,0x00,0x00,0x00,0x00,0x54,0x00
29445409,0x3E8,false,0,8,0x03,0x00,0x4C,0x00,0x9F,0x04,0x00,0x00
29445533,0x3E8,false,0,8,0x04,0x00,0x00,0x00,0x90,0x01,0x9A,0x04
29445660,0x3E8,false,0,8,0x05,0x00,0x00,0x00,0x00,0x00,0x00,0x00
29445910,0x3E8,false,0,8,0x06,0x00,0x00,0x00,0x00,0x00,0x00,0x00
29446047,0x3E8,false,0,8,0x07,0x00,0x00,0x00,0x00,0x00,0x07,0x00
29446188,0x3E8,false,0,8,0x08,0x00,0x4F,0x00,0x07,0x00,0x00,0x00
29446324,0x3E8,false,0,8,0x09,0x00,0x00,0x00,0x00,0x00,0x00,0x00
29446460,0x3E8,false,0,8,0x0A,0x00,0x00,0x00,0x00,0x00,0x00,0x00
29446601,0x3E8,false,0,8,0x0B,0x00,0x00,0x00,0x00,0x00,0x00,0x00
29446738,0x3E8,false,0,8,0x0C,0x00,0x00,0x00,0x00,0x00,0x00,0x00
29448644,0x3E8,false,0,8,0x0D,0x00,0x00,0x00,0x05,0x00,0x10,0x00
29494646,0x44C,false,0,8,0x00,0x00,0x19,0x00,0x1A,0x00,0x00,0x00
29494788,0x3E8,false,0,8,0x00,0x00,0x00,0x00,0x66,0x00,0x65,0x00
29494923,0x44C,false,0,8,0x01,0x00,0x01,0x00,0x00,0x00,0x00,0x00
29495058,0x3E8,false,0,8,0x01,0x00,0xF2,0x03,0x04,0x00,0x00,0x00
29495196,0x3E8,false,0,8,0x02,0x00,0x00,0x00,0x00,0x00,0x54,0x00
29495342,0x3E8,false,0,8,0x03,0x00,0x4C,0x00,0x9F,0x04,0x00,0x00
29495467,0x3E8,false,0,8,0x04,0x00,0x00,0x00,0x90,0x01,0x9A,0x04
29495591,0x3E8,false,0,8,0x05,0x00,0x00,0x00,0x00,0x00,0x00,0x00
29495727,0x3E8,false,0,8,0x06,0x00,0x00,0x00,0x00,0x00,0x00,0x00
29495951,0x3E8,false,0,8,0x07,0x00,0x00,0x00,0x00,0x00,0x07,0x00
29496089,0x3E8,false,0,8,0x08,0x00,0x4F,0x00,0x07,0x00,0x00,0x00
29496226,0x3E8,false,0,8,0x09,0x00,0x00,0x00,0x00,0x00,0x00,0x00
29496363,0x3E8,false,0,8,0x0A,0x00,0x00,0x00,0x00,0x00,0x00,0x00
29496501,0x3E8,false,0,8,0x0B,0x00,0x00,0x00,0x00,0x00,0x00,0x00
29496642,0x3E8,false,0,8,0x0C,0x00,0x00,0x00,0x00,0x00,0x00,0x00
29496779,0x3E8,false,0,8,0x0D,0x00,0x00,0x00,0x05,0x00,0x10,0x00
29544672,0x3E8,false,0,8,0x00,0x00,0x00,0x00,0x66,0x00,0x65,0x00
29544927,0x44C,false,0,8,0x00,0x00,0x19,0x00,0x1A,0x00,0x00,0x00
29545063,0x3E8,false,0,8,0x01,0x00,0xF2,0x03,0x04,0x00,0x00,0x00
29545200,0x44C,false,0,8,0x01,0x00,0x01,0x00,0x00,0x00,0x00,0x00
29545338,0x3E8,false,0,8,0x02,0x00,0x00,0x00,0x00,0x00,0x54,0x00
29545474,0x3E8,false,0,8,0x03,0x00,0x4C,0x00,0x9F,0x04,0x00,0x00
29545599,0x3E8,false,0,8,0x04,0x00,0x00,0x00,0x90,0x01,0x9A,0x04
29545736,0x3E8,false,0,8,0x05,0x00,0x00,0x00,0x00,0x00,0x00,0x00
29545872,0x3E8,false,0,8,0x06,0x00,0x00,0x00,0x00,0x00,0x00,0x00
29546012,0x3E8,false,0,8,0x07,0x00,0x00,0x00,0x00,0x00,0x07,0x00
29546150,0x3E8,false,0,8,0x08,0x00,0x4F,0x00,0x07,0x00,0x00,0x00
29546288,0x3E8,false,0,8,0x09,0x00,0x00,0x00,0x00,0x00,0x00,0x00
29546426,0x3E8,false,0,8,0x0A,0x00,0x00,0x00,0x00,0x00,0x00,0x00
29546561,0x3E8,false,0,8,0x0B,0x00,0x00,0x00,0x00,0x00,0x00,0x00
29546705,0x3E8,false,0,8,0x0C,0x00,0x00,0x00,0x00,0x00,0x00,0x00
29546832,0x3E8,false,0,8,0x0D,0x00,0x00,0x00,0x05,0x00,0x10,0x00
29594672,0x3E8,false,0,8,0x00,0x00,0x00,0x00,0x66,0x00,0x65,0x00
29594914,0x44C,false,0,8,0x00,0x00,0x19,0x00,0x1A,0x00,0x00,0x00
29595052,0x3E8,false,0,8,0x01,0x00,0xF2,0x03,0x04,0x00,0x00,0x00
29595188,0x44C,false,0,8,0x01,0x00,0x01,0x00,0x00,0x00,0x00,0x00
29595326,0x3E8,false,0,8,0x02,0x00,0x00,0x00,0x00,0x00,0x54,0x00
29595463,0x3E8,false,0,8,0x03,0x00,0x4C,0x00,0x9F,0x04,0x00,0x00
29595599,0x3E8,false,0,8,0x04,0x00,0x00,0x00,0x90,0x01,0x9A,0x04
29595723,0x3E8,false,0,8,0x05,0x00,0x00,0x00,0x00,0x00,0x00,0x00
29595860,0x3E8,false,0,8,0x06,0x00,0x00,0x00,0x00,0x00,0x00,0x00
29596145,0x3E8,false,0,8,0x07,0x00,0x00,0x00,0x00,0x00,0x07,0x00
29596282,0x3E8,false,0,8,0x08,0x00,0x4F,0x00,0x07,0x00,0x00,0x00
29596418,0x3E8,false,0,8,0x09,0x00,0x00,0x00,0x00,0x00,0x00,0x00
29596556,0x3E8,false,0,8,0x0A,0x00,0x00,0x00,0x00,0x00,0x00,0x00
29596697,0x3E8,false,0,8,0x0B,0x00,0x00,0x00,0x00,0x00,0x00,0x00
29596833,0x3E8,false,0,8,0x0C,0x00,0x00,0x00,0x00,0x00,0x00,0x00
29596970,0x3E8,false,0,8,0x0D,0x00,0x00,0x00,0x05,0x00,0x10,0x00
29646671,0x3E8,false,0,8,0x00,0x00,0x00,0x00,0x66,0x00,0x65,0x00
29646895,0x44C,false,0,8,0x00,0x00,0x19,0x00,0x1A,0x00,0x00,0x00
29647030,0x3E8,false,0,8,0x01,0x00,0xF2,0x03,0x04,0x00,0x00,0x00
29647167,0x44C,false,0,8,0x01,0x00,0x01,0x00,0x00,0x00,0x00,0x00
29647303,0x3E8,false,0,8,0x02,0x00,0x00,0x00,0x00,0x00,0x54,0x00
29647439,0x3E8,false,0,8,0x03,0x00,0x4C,0x00,0x9F,0x04,0x00,0x00
29647577,0x3E8,false,0,8,0x04,0x00,0x00,0x00,0x90,0x01,0x9A,0x04
29647705,0x3E8,false,0,8,0x05,0x00,0x00,0x00,0x00,0x00,0x00,0x00
29647840,0x3E8,false,0,8,0x06,0x00,0x00,0x00,0x00,0x00,0x00,0x00
29647967,0x3E8,false,0,8,0x07,0x00,0x00,0x00,0x00,0x00,0x07,0x00
29648091,0x3E8,false,0,8,0x08,0x00,0x4F,0x00,0x07,0x00,0x00,0x00
29648216,0x3E8,false,0,8,0x09,0x00,0x00,0x00,0x00,0x00,0x00,0x00
29648341,0x3E8,false,0,8,0x0A,0x00,0x00,0x00,0x00,0x00,0x00,0x00
29648466,0x3E8,false,0,8,0x0B,0x00,0x00,0x00,0x00,0x00,0x00,0x00
29648591,0x3E8,false,0,8,0x0C,0x00,0x00,0x00,0x00,0x00,0x00,0x00
29660156,0x3E8,false,0,8,0x0D,0x00,0x00,0x00,0x05,0x00,0x10,0x00
29696646,0x3E8,false,0,8,0x00,0x00,0x00,0x00,0x66,0x00,0x65,0x00
29696793,0x44C,false,0,8,0x00,0x00,0x19,0x00,0x1A,0x00,0x00,0x00
29696930,0x3E8,false,0,8,0x01,0x00,0xF2,0x03,0x04,0x00,0x00,0x00
29697066,0x44C,false,0,8,0x01,0x00,0x01,0x00,0x00,0x00,0x00,0x00
29697200,0x3E8,false,0,8,0x02,0x00,0x00,0x00,0x00,0x00,0x54,0x00
29697338,0x3E8,false,0,8,0x03,0x00,0x4C,0x00,0x9F,0x04,0x00,0x00
29697475,0x3E8,false,0,8,0x04,0x00,0x00,0x00,0x90,0x01,0x9A,0x04
29697612,0x3E8,false,0,8,0x05,0x00,0x00,0x00,0x00,0x00,0x00,0x00
29697736,0x3E8,false,0,8,0x06,0x00,0x00,0x00,0x00,0x00,0x00,0x00
29697861,0x3E8,false,0,8,0x07,0x00,0x00,0x00,0x00,0x00,0x07,0x00
29697986,0x3E8,false,0,8,0x08,0x00,0x4F,0x00,0x07,0x00,0x00,0x00
29698110,0x3E8,false,0,8,0x09,0x00,0x00,0x00,0x00,0x00,0x00,0x00
29698235,0x3E8,false,0,8,0x0A,0x00,0x00,0x00,0x00,0x00,0x00,0x00
29698359,0x3E8,false,0,8,0x0B,0x00,0x00,0x00,0x00,0x00,0x00,0x00
29698484,0x3E8,false,0,8,0x0C,0x00,0x00,0x00,0x00,0x00,0x00,0x00
29698613,0x3E8,false,0,8,0x0D,0x00,0x00,0x00,0x05,0x00,0x10,0x00
29746655,0x3E8,false,0,8,0x00,0x00,0x00,0x00,0x66,0x00,0x65,0x00
29746803,0x44C,false,0,8,0x00,0x00,0x19,0x00,0x1A,0x00,0x00,0x00
29746959,0x3E8,false,0,8,0x01,0x00,0xF2,0x03,0x04,0x00,0x00,0x00
29747127,0x44C,false,0,8,0x01,0x00,0x01,0x00,0x00,0x00,0x00,0x00
29747282,0x3E8,false,0,8,0x02,0x00,0x00,0x00,0x00,0x00,0x54,0x00
29747425,0x3E8,false,0,8,0x03,0x00,0x4C,0x00,0x9F,0x04,0x00,0x00
29747568,0x3E8,false,0,8,0x04,0x00,0x00,0x00,0x90,0x01,0x9A,0x04
29747694,0x3E8,false,0,8,0x05,0x00,0x00,0x00,0x00,0x00,0x00,0x00
29747819,0x3E8,false,0,8,0x06,0x00,0x00,0x00,0x00,0x00,0x00,0x00
29747944,0x3E8,false,0,8,0x07,0x00,0x00,0x00,0x00,0x00,0x07,0x00
29748069,0x3E8,false,0,8,0x08,0x00,0x4F,0x00,0x07,0x00,0x00,0x00
29748193,0x3E8,false,0,8,0x09,0x00,0x00,0x00,0x00,0x00,0x00,0x00
29748317,0x3E8,false,0,8,0x0A,0x00,0x00,0x00,0x00,0x00,0x00,0x00
29748442,0x3E8,false,0,8,0x0B,0x00,0x00,0x00,0x00,0x00,0x00,0x00
29748567,0x3E8,false,0,8,0x0C,0x00,0x00,0x00,0x00,0x00,0x00,0x00
29748695,0x3E8,false,0,8,0x0D,0x00,0x00,0x00,0x05,0x00,0x10,0x00
29796690,0x3E8,false,0,8,0x00,0x00,0x00,0x00,0x66,0x00,0x65,0x00
29796969,0x44C,false,0,8,0x00,0x00,0x19,0x00,0x1A,0x00,0x00,0x00
29797113,0x3E8,false,0,8,0x01,0x00,0xF2,0x03,0x04,0x00,0x00,0x00
29797253,0x44C,false,0,8,0x01,0x00,0x01,0x00,0x00,0x00,0x00,0x00
29797407,0x3E8,false,0,8,0x02,0x00,0x00,0x00,0x00,0x00,0x54,0x00
29797568,0x3E8,false,0,8,0x03,0x00,0x4C,0x00,0x9F,0x04,0x00,0x00
29797715,0x3E8,false,0,8,0x04,0x00,0x00,0x00,0x90,0x01,0x9A,0x04
29797865,0x3E8,false,0,8,0x07,0x00,0x00,0x00,0x00,0x00,0x07,0x00
29798010,0x3E8,false,0,8,0x08,0x00,0x4F,0x00,0x07,0x00,0x00,0x00
29798154,0x3E8,false,0,8,0x09,0x00,0x00,0x00,0x00,0x00,0x00,0x00
29798289,0x3E8,false,0,8,0x0A,0x00,0x00,0x00,0x00,0x00,0x00,0x00
29798422,0x3E8,false,0,8,0x0B,0x00,0x00,0x00,0x00,0x00,0x00,0x00
29798551,0x3E8,false,0,8,0x0C,0x00,0x00,0x00,0x00,0x00,0x00,0x00
29798697,0x3E8,false,0,8,0x0D,0x00,0x00,0x00,0x05,0x00,0x10,0x00
29846659,0x3E8,false,0,8,0x00,0x00,0x00,0x00,0x66,0x00,0x65,0x00
29846886,0x44C,false,0,8,0x00,0x00,0x19,0x00,0x1A,0x00,0x00,0x00
29847010,0x3E8,false,0,8,0x01,0x00,0xF2,0x03,0x04,0x00,0x00,0x00
29847135,0x44C,false,0,8,0x01,0x00,0x01,0x00,0x00,0x00,0x00,0x00
29847260,0x3E8,false,0,8,0x02,0x00,0x00,0x00,0x00,0x00,0x54,0x00
29847384,0x3E8,false,0,8,0x03,0x00,0x4C,0x00,0x9F,0x04,0x00,0x00
29847521,0x3E8,false,0,8,0x04,0x00,0x00,0x00,0x90,0x01,0x9A,0x04
29847657,0x3E8,false,0,8,0x05,0x00,0x00,0x00,0x00,0x00,0x00,0x00
29847793,0x3E8,false,0,8,0x06,0x00,0x00,0x00,0x00,0x00,0x00,0x00
29847928,0x3E8,false,0,8,0x07,0x00,0x00,0x00,0x00,0x00,0x07,0x00
29848068,0x3E8,false,0,8,0x08,0x00,0x4F,0x00,0x07,0x00,0x00,0x00
29860041,0x3E8,false,0,8,0x09,0x00,0x00,0x00,0x00,0x00,0x00,0x00
29860199,0x3E8,false,0,8,0x0A,0x00,0x00,0x00,0x00,0x00,0x00,0x00
29860330,0x3E8,false,0,8,0x0B,0x00,0x00,0x00,0x00,0x00,0x00,0x00
29860464,0x3E8,false,0,8,0x0C,0x00,0x00,0x00,0x00,0x00,0x00,0x00
29860589,0x3E8,false,0,8,0x0D,0x00,0x00,0x00,0x05,0x00,0x10,0x00
29896662,0x3E8,false,0,8,0x00,0x00,0x00,0x00,0x66,0x00,0x65,0x00
29896911,0x44C,false,0,8,0x00,0x00,0x19,0x00,0x1A,0x00,0x00,0x00
29897048,0x3E8,false,0,8,0x01,0x00,0xF2,0x03,0x04,0x00,0x00,0x00
29897172,0x44C,false,0,8,0x01,0x00,0x01,0x00,0x00,0x00,0x00,0x00
29897310,0x3E8,false,0,8,0x02,0x00,0x00,0x00,0x00,0x00,0x54,0x00
29897434,0x3E8,false,0,8,0x03,0x00,0x4C,0x00,0x9F,0x04,0x00,0x00
29897570,0x3E8,false,0,8,0x04,0x00,0x00,0x00,0x90,0x01,0x9A,0x04
29897709,0x3E8,false,0,8,0x05,0x00,0x00,0x00,0x00,0x00,0x00,0x00
29897848,0x3E8,false,0,8,0x06,0x00,0x00,0x00,0x00,0x00,0x00,0x00
29897984,0x3E8,false,0,8,0x07,0x00,0x00,0x00,0x00,0x00,0x07,0x00
29898121,0x3E8,false,0,8,0x08,0x00,0x4F,0x00,0x07,0x00,0x00,0x00
29898257,0x3E8,false,0,8,0x09,0x00,0x00,0x00,0x00,0x00,0x00,0x00
29898394,0x3E8,false,0,8,0x0A,0x00,0x00,0x00,0x00,0x00,0x00,0x00
29898519,0x3E8,false,0,8,0x0B,0x00,0x00,0x00,0x00,0x00,0x00,0x00
29898648,0x3E8,false,0,8,0x0C,0x00,0x00,0x00,0x00,0x00,0x00,0x00
29898773,0x3E8,false,0,8,0x0D,0x00,0x00,0x00,0x05,0x00,0x10,0x00
29946662,0x3E8,false,0,8,0x00,0x00,0x00,0x00,0x66,0x00,0x65,0x00
29946911,0x44C,false,0,8,0x00,0x00,0x19,0x00,0x1A,0x00,0x00,0x00
29947047,0x3E8,false,0,8,0x01,0x00,0xF2,0x03,0x04,0x00,0x00,0x00
29947183,0x44C,false,0,8,0x01,0x00,0x01,0x00,0x00,0x00,0x00,0x00
29947318,0x3E8,false,0,8,0x02,0x00,0x00,0x00,0x00,0x00,0x54,0x00
29947444,0x3E8,false,0,8,0x03,0x00,0x4C,0x00,0x9F,0x04,0x00,0x00
29947583,0x3E8,false,0,8,0x04,0x00,0x00,0x00,0x90,0x01,0x9A,0x04
29947720,0x3E8,false,0,8,0x05,0x00,0x00,0x00,0x00,0x00,0x00,0x00
29947857,0x3E8,false,0,8,0x06,0x00,0x00,0x00,0x00,0x00,0x00,0x00
29947997,0x3E8,false,0,8,0x07,0x00,0x00,0x00,0x00,0x00,0x07,0x00
29948134,0x3E8,false,0,8,0x08,0x00,0x4F,0x00,0x07,0x00,0x00,0x00
29948272,0x3E8,false,0,8,0x09,0x00,0x00,0x00,0x00,0x00,0x00,0x00
29948409,0x3E8,false,0,8,0x0A,0x00,0x00,0x00,0x00,0x00,0x00,0x00
29948535,0x3E8,false,0,8,0x0B,0x00,0x00,0x00,0x00,0x00,0x00,0x00
29948665,0x3E8,false,0,8,0x0C,0x00,0x00,0x00,0x00,0x00,0x00,0x00
29948791,0x3E8,false,0,8,0x0D,0x00,0x00,0x00,0x05,0x00,0x10,0x00
29996670,0x3E8,false,0,8,0x00,0x00,0x00,0x00,0x66,0x00,0x65,0x00
29996897,0x44C,false,0,8,0x00,0x00,0x19,0x00,0x1A,0x00,0x00,0x00
29997032,0x3E8,false,0,8,0x01,0x00,0xF2,0x03,0x04,0x00,0x00,0x00
29997178,0x44C,false,0,8,0x01,0x00,0x01,0x00,0x00,0x00,0x00,0x00
29997303,0x3E8,false,0,8,0x02,0x00,0x00,0x00,0x00,0x00,0x54,0x00
29997438,0x3E8,false,0,8,0x03,0x00,0x4C,0x00,0x9F,0x04,0x00,0x00
29997562,0x3E8,false,0,8,0x04,0x00,0x00,0x00,0x90,0x01,0x9A,0x04
29997687,0x3E8,false,0,8,0x05,0x00,0x00,0x00,0x00,0x00,0x00,0x00
29997822,0x3E8,false,0,8,0x06,0x00,0x00,0x00,0x00,0x00,0x00,0x00
29997956,0x3E8,false,0,8,0x07,0x00,0x00,0x00,0x00,0x00,0x07,0x00
29998093,0x3E8,false,0,8,0x08,0x00,0x4F,0x00,0x07,0x00,0x00,0x00
29998228,0x3E8,false,0,8,0x09,0x00,0x00,0x00,0x00,0x00,0x00,0x00
29998367,0x3E8,false,0,8,0x0A,0x00,0x00,0x00,0x00,0x00,0x00,0x00
29998505,0x3E8,false,0,8,0x0B,0x00,0x00,0x00,0x00,0x00,0x00,0x00
29998643,0x3E8,false,0,8,0x0C,0x00,0x00,0x00,0x00,0x00,0x00,0x00
29998768,0x3E8,false,0,8,0x0D,0x00,0x00,0x00,0x05,0x00,0x10,0x00
30046680,0x44C,false,0,8,0x00,0x00,0x19,0x00,0x1A,0x00,0x00,0x00
30046912,0x3E8,false,0,8,0x00,0x00,0x00,0x00,0x66,0x00,0x65,0x00
30047052,0x44C,false,0,8,0x01,0x00,0x01,0x00,0x00,0x00,0x00,0x00
30047190,0x3E8,false,0,8,0x01,0x00,0xF2,0x03,0x04,0x00,0x00,0x00
30047327,0x3E8,false,0,8,0x02,0x00,0x00,0x00,0x00,0x00,0x54,0x00
30047453,0x3E8,false,0,8,0x03,0x00,0x4C,0x00,0x9F,0x04,0x00,0x00
30047577,0x3E8,false,0,8,0x04,0x00,0x00,0x00,0x90,0x01,0x9A,0x04
30047705,0x3E8,false,0,8,0x05,0x00,0x00,0x00,0x00,0x00,0x00,0x00
30051038,0x3E8,false,0,8,0x06,0x00,0x00,0x00,0x00,0x00,0x00,0x00
30051169,0x3E8,false,0,8,0x07,0x00,0x00,0x00,0x00,0x00,0x07,0x00
30051301,0x3E8,false,0,8,0x08,0x00,0x4F,0x00,0x07,0x00,0x00,0x00
30066960,0x3E8,false,0,8,0x09,0x00,0x00,0x00,0x00,0x00,0x00,0x00
30067088,0x3E8,false,0,8,0x0A,0x00,0x00,0x00,0x00,0x00,0x00,0x00
30067213,0x3E8,false,0,8,0x0B,0x00,0x00,0x00,0x00,0x00,0x00,0x00
30067337,0x3E8,false,0,8,0x0C,0x00,0x00,0x00,0x00,0x00,0x00,0x00
30067462,0x3E8,false,0,8,0x0D,0x00,0x00,0x00,0x05,0x00,0x10,0x00
30098650,0x3E8,false,0,8,0x00,0x00,0x00,0x00,0x66,0x00,0x65,0x00
30098807,0x44C,false,0,8,0x00,0x00,0x19,0x00,0x1A,0x00,0x00,0x00
30098946,0x3E8,false,0,8,0x01,0x00,0xF2,0x03,0x04,0x00,0x00,0x00
30099083,0x44C,false,0,8,0x01,0x00,0x01,0x00,0x00,0x00,0x00,0x00
30099220,0x3E8,false,0,8,0x02,0x00,0x00,0x00,0x00,0x00,0x54,0x00
30099344,0x3E8,false,0,8,0x03,0x00,0x4C,0x00,0x9F,0x04,0x00,0x00
30099468,0x3E8,false,0,8,0x04,0x00,0x00,0x00,0x90,0x01,0x9A,0x04
30099592,0x3E8,false,0,8,0x05,0x00,0x00,0x00,0x00,0x00,0x00,0x00
30099717,0x3E8,false,0,8,0x06,0x00,0x00,0x00,0x00,0x00,0x00,0x00
30099841,0x3E8,false,0,8,0x07,0x00,0x00,0x00,0x00,0x00,0x07,0x00
30099966,0x3E8,false,0,8,0x08,0x00,0x4F,0x00,0x07,0x00,0x00,0x00
30100090,0x3E8,false,0,8,0x09,0x00,0x00,0x00,0x00,0x00,0x00,0x00
30100215,0x3E8,false,0,8,0x0A,0x00,0x00,0x00,0x00,0x00,0x00,0x00
30100340,0x3E8,false,0,8,0x0B,0x00,0x00,0x00,0x00,0x00,0x00,0x00
30100464,0x3E8,false,0,8,0x0C,0x00,0x00,0x00,0x00,0x00,0x00,0x00
30100589,0x3E8,false,0,8,0x0D,0x00,0x00,0x00,0x05,0x00,0x10,0x00
30148943,0x3E8,false,0,8,0x00,0x00,0x00,0x00,0x66,0x00,0x65,0x00
30149095,0x44C,false,0,8,0x00,0x00,0x19,0x00,0x1A,0x00,0x00,0x00
30149232,0x3E8,false,0,8,0x01,0x00,0xF2,0x03,0x04,0x00,0x00,0x00
30149356,0x44C,false,0,8,0x01,0x00,0x01,0x00,0x00,0x00,0x00,0x00
30149481,0x3E8,false,0,8,0x02,0x00,0x00,0x00,0x00,0x00,0x54,0x00
30149605,0x3E8,false,0,8,0x03,0x00,0x4C,0x00,0x9F,0x04,0x00,0x00
30149729,0x3E8,false,0,8,0x04,0x00,0x00,0x00,0x90,0x01,0x9A,0x04
30149853,0x3E8,false,0,8,0x05,0x00,0x00,0x00,0x00,0x00,0x00,0x00
30149977,0x3E8,false,0,8,0x06,0x00,0x00,0x00,0x00,0x00,0x00,0x00
30150102,0x3E8,false,0,8,0x07,0x00,0x00,0x00,0x00,0x00,0x07,0x00
30150227,0x3E8,false,0,8,0x08,0x00,0x4F,0x00,0x07,0x00,0x00,0x00
30150351,0x3E8,false,0,8,0x09,0x00,0x00,0x00,0x00,0x00,0x00,0x00
30150475,0x3E8,false,0,8,0x0A,0x00,0x00,0x00,0x00,0x00,0x00,0x00
30150605,0x3E8,false,0,8,0x0B,0x00,0x00,0x00,0x00,0x00,0x00,0x00
30150729,0x3E8,false,0,8,0x0C,0x00,0x00,0x00,0x00,0x00,0x00,0x00
30150854,0x3E8,false,0,8,0x0D,0x00,0x00,0x00,0x05,0x00,0x10,0x00
30198660,0x3E8,false,0,8,0x00,0x00,0x00,0x00,0x66,0x00,0x65,0x00
30198914,0x44C,false,0,8,0x00,0x00,0x19,0x00,0x1A,0x00,0x00,0x00
30199050,0x3E8,false,0,8,0x01,0x00,0xF2,0x03,0x04,0x00,0x00,0x00
30199189,0x44C,false,0,8,0x01,0x00,0x01,0x00,0x00,0x00,0x00,0x00
30199326,0x3E8,false,0,8,0x02,0x00,0x00,0x00,0x00,0x00,0x54,0x00
30199464,0x3E8,false,0,8,0x03,0x00,0x4C,0x00,0x9F,0x04,0x00,0x00
30199588,0x3E8,false,0,8,0x04,0x00,0x00,0x00,0x90,0x01,0x9A,0x04
30199712,0x3E8,false,0,8,0x05,0x00,0x00,0x00,0x00,0x00,0x00,0x00
30199837,0x3E8,false,0,8,0x06,0x00,0x00,0x00,0x00,0x00,0x00,0x00
30199962,0x3E8,false,0,8,0x07,0x00,0x00,0x00,0x00,0x00,0x07,0x00
30200087,0x3E8,false,0,8,0x08,0x00,0x4F,0x00,0x07,0x00,0x00,0x00
30200211,0x3E8,false,0,8,0x09,0x00,0x00,0x00,0x00,0x00,0x00,0x00
30200336,0x3E8,false,0,8,0x0A,0x00,0x00,0x00,0x00,0x00,0x00,0x00
30200461,0x3E8,false,0,8,0x0B,0x00,0x00,0x00,0x00,0x00,0x00,0x00
30200586,0x3E8,false,0,8,0x0C,0x00,0x00,0x00,0x00,0x00,0x00,0x00
30200715,0x3E8,false,0,8,0x0D,0x00,0x00,0x00,0x05,0x00,0x10,0x00
30248660,0x3E8,false,0,8,0x00,0x00,0x00,0x00,0x66,0x00,0x65,0x00
30248870,0x44C,false,0,8,0x00,0x00,0x19,0x00,0x1A,0x00,0x00,0x00
30248994,0x3E8,false,0,8,0x01,0x00,0xF2,0x03,0x04,0x00,0x00,0x00
30249119,0x44C,false,0,8,0x01,0x00,0x01,0x00,0x00,0x00,0x00,0x00
30249255,0x3E8,false,0,8,0x02,0x00,0x00,0x00,0x00,0x00,0x54,0x00
30249391,0x3E8,false,0,8,0x03,0x00,0x4C,0x00,0x9F,0x04,0x00,0x00
30249527,0x3E8,false,0,8,0x04,0x00,0x00,0x00,0x90,0x01,0x9A,0x04
30249664,0x3E8,false,0,8,0x05,0x00,0x00,0x00,0x00,0x00,0x00,0x00
30249803,0x3E8,false,0,8,0x06,0x00,0x00,0x00,0x00,0x00,0x00,0x00
30249940,0x3E8,false,0,8,0x07,0x00,0x00,0x00,0x00,0x00,0x07,0x00
30261656,0x3E8,false,0,8,0x08,0x00,0x4F,0x00,0x07,0x00,0x00,0x00
30261780,0x3E8,false,0,8,0x09,0x00,0x00,0x00,0x00,0x00,0x00,0x00
30261905,0x3E8,false,0,8,0x0A,0x00,0x00,0x00,0x00,0x00,0x00,0x00
30262030,0x3E8,false,0,8,0x0B,0x00,0x00,0x00,0x00,0x00,0x00,0x00
30262154,0x3E8,false,0,8,0x0C,0x00,0x00,0x00,0x00,0x00,0x00,0x00
30262279,0x3E8,false,0,8,0x0D,0x00,0x00,0x00,0x05,0x00,0x10,0x00
30298657,0x44C,false,0,8,0x00,0x00,0x19,0x00,0x1A,0x00,0x00,0x00
30298788,0x3E8,false,0,8,0x00,0x00,0x00,0x00,0x66,0x00,0x65,0x00
30298925,0x44C,false,0,8,0x01,0x00,0x01,0x00,0x00,0x00,0x00,0x00
30299050,0x3E8,false,0,8,0x01,0x00,0xF2,0x03,0x04,0x00,0x00,0x00
30299186,0x3E8,false,0,8,0x02,0x00,0x00,0x00,0x00,0x00,0x54,0x00
30299327,0x3E8,false,0,8,0x03,0x00,0x4C,0x00,0x9F,0x04,0x00,0x00
30299463,0x3E8,false,0,8,0x04,0x00,0x00,0x00,0x90,0x01,0x9A,0x04
30299600,0x3E8,false,0,8,0x05,0x00,0x00,0x00,0x00,0x00,0x00,0x00
30299739,0x3E8,false,0,8,0x06,0x00,0x00,0x00,0x00,0x00,0x00,0x00
30299875,0x3E8,false,0,8,0x07,0x00,0x00,0x00,0x00,0x00,0x07,0x00
30300014,0x3E8,false,0,8,0x08,0x00,0x4F,0x00,0x07,0x00,0x00,0x00
30300138,0x3E8,false,0,8,0x09,0x00,0x00,0x00,0x00,0x00,0x00,0x00
30300263,0x3E8,false,0,8,0x0A,0x00,0x00,0x00,0x00,0x00,0x00,0x00
30300387,0x3E8,false,0,8,0x0B,0x00,0x00,0x00,0x00,0x00,0x00,0x00
30300512,0x3E8,false,0,8,0x0C,0x00,0x00,0x00,0x00,0x00,0x00,0x00
30300641,0x3E8,false,0,8,0x0D,0x00,0x00,0x00,0x05,0x00,0x10,0x00
30348675,0x3E8,false,0,8,0x00,0x00,0x00,0x00,0x66,0x00,0x65,0x00
30348948,0x44C,false,0,8,0x00,0x00,0x19,0x00,0x1A,0x00,0x00,0x00
30349086,0x3E8,false,0,8,0x01,0x00,0xF2,0x03,0x04,0x00,0x00,0x00
30349227,0x44C,false,0,8,0x01,0x00,0x01,0x00,0x00,0x00,0x00,0x00
30349366,0x3E8,false,0,8,0x02,0x00,0x00,0x00,0x00,0x00,0x54,0x00
30349517,0x3E8,false,0,8,0x03,0x00,0x4C,0x00,0x9F,0x04,0x00,0x00
30349678,0x3E8,false,0,8,0x04,0x00,0x00,0x00,0x90,0x01,0x9A,0x04
30349857,0x3E8,false,0,8,0x05,0x00,0x00,0x00,0x00,0x00,0x00,0x00
30350018,0x3E8,false,0,8,0x06,0x00,0x00,0x00,0x00,0x00,0x00,0x00
30350161,0x3E8,false,0,8,0x08,0x00,0x4F,0x00,0x07,0x00,0x00,0x00
30350292,0x3E8,false,0,8,0x09,0x00,0x00,0x00,0x00,0x00,0x00,0x00
30350430,0x3E8,false,0,8,0x0A,0x00,0x00,0x00,0x00,0x00,0x00,0x00
30350560,0x3E8,false,0,8,0x0B,0x00,0x00,0x00,0x00,0x00,0x00,0x00
30350693,0x3E8,false,0,8,0x0C,0x00,0x00,0x00,0x00,0x00,0x00,0x00
30350820,0x3E8,false,0,8,0x0D,0x00,0x00,0x00,0x05,0x00,0x10,0x00
30398666,0x3E8,false,0,8,0x00,0x00,0x00,0x00,0x66,0x00,0x65,0x00
30398912,0x44C,false,0,8,0x00,0x00,0x19,0x00,0x1A,0x00,0x00,0x00
30399037,0x3E8,false,0,8,0x01,0x00,0xF2,0x03,0x04,0x00,0x00,0x00
30399175,0x44C,false,0,8,0x01,0x00,0x01,0x00,0x00,0x00,0x00,0x00
30399300,0x3E8,false,0,8,0x02,0x00,0x00,0x00,0x00,0x00,0x54,0x00
30399437,0x3E8,false,0,8,0x03,0x00,0x4C,0x00,0x9F,0x04,0x00,0x00
30399574,0x3E8,false,0,8,0x04,0x00,0x00,0x00,0x90,0x01,0x9A,0x04
30399714,0x3E8,false,0,8,0x05,0x00,0x00,0x00,0x00,0x00,0x00,0x00
30399850,0x3E8,false,0,8,0x06,0x00,0x00,0x00,0x00,0x00,0x00,0x00
30399987,0x3E8,false,0,8,0x07,0x00,0x00,0x00,0x00,0x00,0x07,0x00
30400125,0x3E8,false,0,8,0x08,0x00,0x4F,0x00,0x07,0x00,0x00,0x00
30400265,0x3E8,false,0,8,0x09,0x00,0x00,0x00,0x00,0x00,0x00,0x00
30400389,0x3E8,false,0,8,0x0A,0x00,0x00,0x00,0x00,0x00,0x00,0x00
30400514,0x3E8,false,0,8,0x0B,0x00,0x00,0x00,0x00,0x00,0x00,0x00
30400643,0x3E8,false,0,8,0x0C,0x00,0x00,0x00,0x00,0x00,0x00,0x00
30400771,0x3E8,false,0,8,0x0D,0x00,0x00,0x00,0x05,0x00,0x10,0x00
30448670,0x3E8,false,0,8,0x00,0x00,0x00,0x00,0x66,0x00,0x65,0x00
30448907,0x44C,false,0,8,0x00,0x00,0x19,0x00,0x1A,0x00,0x00,0x00
30449045,0x3E8,false,0,8,0x01,0x00,0xF2,0x03,0x04,0x00,0x00,0x00
30449170,0x44C,false,0,8,0x01,0x00,0x01,0x00,0x00,0x00,0x00,0x00
30449295,0x3E8,false,0,8,0x02,0x00,0x00,0x00,0x00,0x00,0x54,0x00
30449419,0x3E8,false,0,8,0x03,0x00,0x4C,0x00,0x9F,0x04,0x00,0x00
30449543,0x3E8,false,0,8,0x04,0x00,0x00,0x00,0x90,0x01,0x9A,0x04
30449670,0x3E8,false,0,8,0x05,0x00,0x00,0x00,0x00,0x00,0x00,0x00
30452645,0x3E8,false,0,8,0x06,0x00,0x00,0x00,0x00,0x00,0x00,0x00
30452770,0x3E8,false,0,8,0x07,0x00,0x00,0x00,0x00,0x00,0x07,0x00
30464421,0x3E8,false,0,8,0x08,0x00,0x4F,0x00,0x07,0x00,0x00,0x00
30464546,0x3E8,false,0,8,0x09,0x00,0x00,0x00,0x00,0x00,0x00,0x00
30464674,0x3E8,false,0,8,0x0A,0x00,0x00,0x00,0x00,0x00,0x00,0x00
30464799,0x3E8,false,0,8,0x0B,0x00,0x00,0x00,0x00,0x00,0x00,0x00
30464924,0x3E8,false,0,8,0x0C,0x00,0x00,0x00,0x00,0x00,0x00,0x00
30465048,0x3E8,false,0,8,0x0D,0x00,0x00,0x00,0x05,0x00,0x10,0x00
30498948,0x3E8,false,0,8,0x00,0x00,0x00,0x00,0x66,0x00,0x65,0x00
30499088,0x44C,false,0,8,0x00,0x00,0x19,0x00,0x1A,0x00,0x00,0x00
30499226,0x3E8,false,0,8,0x01,0x00,0xF2,0x03,0x04,0x00,0x00,0x00
30499363,0x44C,false,0,8,0x01,0x00,0x01,0x00,0x00,0x00,0x00,0x00
30499503,0x3E8,false,0,8,0x02,0x00,0x00,0x00,0x00,0x00,0x54,0x00
30499630,0x3E8,false,0,8,0x03,0x00,0x4C,0x00,0x9F,0x04,0x00,0x00
30499766,0x3E8,false,0,8,0x04,0x00,0x00,0x00,0x90,0x01,0x9A,0x04
30499890,0x3E8,false,0,8,0x05,0x00,0x00,0x00,0x00,0x00,0x00,0x00
30500026,0x3E8,false,0,8,0x06,0x00,0x00,0x00,0x00,0x00,0x00,0x00
30500166,0x3E8,false,0,8,0x07,0x00,0x00,0x00,0x00,0x00,0x07,0x00
30500303,0x3E8,false,0,8,0x08,0x00,0x4F,0x00,0x07,0x00,0x00,0x00
30500439,0x3E8,false,0,8,0x09,0x00,0x00,0x00,0x00,0x00,0x00,0x00
30500577,0x3E8,false,0,8,0x0A,0x00,0x00,0x00,0x00,0x00,0x00,0x00
30500718,0x3E8,false,0,8,0x0B,0x00,0x00,0x00,0x00,0x00,0x00,0x00
30500855,0x3E8,false,0,8,0x0C,0x00,0x00,0x00,0x00,0x00,0x00,0x00
30500980,0x3E8,false,0,8,0x0D,0x00,0x00,0x00,0x05,0x00,0x10,0x00
30548657,0x3E8,false,0,8,0x00,0x00,0x00,0x00,0x66,0x00,0x65,0x00
30548865,0x44C,false,0,8,0x00,0x00,0x19,0x00,0x1A,0x00,0x00,0x00
30549005,0x3E8,false,0,8,0x01,0x00,0xF2,0x03,0x04,0x00,0x00,0x00
30549141,0x44C,false,0,8,0x01,0x00,0x01,0x00,0x00,0x00,0x00,0x00
30549278,0x3E8,false,0,8,0x02,0x00,0x00,0x00,0x00,0x00,0x54,0x00
30549415,0x3E8,false,0,8,0x03,0x00,0x4C,0x00,0x9F,0x04,0x00,0x00
30549551,0x3E8,false,0,8,0x04,0x00,0x00,0x00,0x90,0x01,0x9A,0x04
30549688,0x3E8,false,0,8,0x05,0x00,0x00,0x00,0x00,0x00,0x00,0x00
30549812,0x3E8,false,0,8,0x06,0x00,0x00,0x00,0x00,0x00,0x00,0x00
30549949,0x3E8,false,0,8,0x07,0x00,0x00,0x00,0x00,0x00,0x07,0x00
30550086,0x3E8,false,0,8,0x08,0x00,0x4F,0x00,0x07,0x00,0x00,0x00
30550223,0x3E8,false,0,8,0x09,0x00,0x00,0x00,0x00,0x00,0x00,0x00
30550359,0x3E8,false,0,8,0x0A,0x00,0x00,0x00,0x00,0x00,0x00,0x00
30551113,0x3E8,false,0,8,0x0B,0x00,0x00,0x00,0x00,0x00,0x00,0x00
30551325,0x3E8,false,0,8,0x0C,0x00,0x00,0x00,0x00,0x00,0x00,0x00
30551469,0x3E8,false,0,8,0x0D,0x00,0x00,0x00,0x05,0x00,0x10,0x00
30600669,0x3E8,false,0,8,0x00,0x00,0x00,0x00,0x66,0x00,0x65,0x00
30600921,0x44C,false,0,8,0x00,0x00,0x19,0x00,0x1A,0x00,0x00,0x00
30601060,0x3E8,false,0,8,0x01,0x00,0xF2,0x03,0x04,0x00,0x00,0x00
30601185,0x44C,false,0,8,0x01,0x00,0x01,0x00,0x00,0x00,0x00,0x00
30601312,0x3E8,false,0,8,0x02,0x00,0x00,0x00,0x00,0x00,0x54,0x00
30601438,0x3E8,false,0,8,0x03,0x00,0x4C,0x00,0x9F,0x04,0x00,0x00
30601563,0x3E8,false,0,8,0x04,0x00,0x00,0x00,0x90,0x01,0x9A,0x04
30601689,0x3E8,false,0,8,0x05,0x00,0x00,0x00,0x00,0x00,0x00,0x00
30601816,0x3E8,false,0,8,0x06,0x00,0x00,0x00,0x00,0x00,0x00,0x00
30601948,0x3E8,false,0,8,0x07,0x00,0x00,0x00,0x00,0x00,0x07,0x00
30602083,0x3E8,false,0,8,0x08,0x00,0x4F,0x00,0x07,0x00,0x00,0x00
30602216,0x3E8,false,0,8,0x09,0x00,0x00,0x00,0x00,0x00,0x00,0x00
30602348,0x3E8,false,0,8,0x0A,0x00,0x00,0x00,0x00,0x00,0x00,0x00
30602478,0x3E8,false,0,8,0x0B,0x00,0x00,0x00,0x00,0x00,0x00,0x00
30602614,0x3E8,false,0,8,0x0C,0x00,0x00,0x00,0x00,0x00,0x00,0x00
30602744,0x3E8,false,0,8,0x0D,0x00,0x00,0x00,0x05,0x00,0x10,0x00
30650660,0x3E8,false,0,8,0x00,0x00,0x00,0x00,0x66,0x00,0x65,0x00
30650908,0x44C,false,0,8,0x00,0x00,0x19,0x00,0x1A,0x00,0x00,0x00
30651045,0x3E8,false,0,8,0x01,0x00,0xF2,0x03,0x04,0x00,0x00,0x00
30651181,0x44C,false,0,8,0x01,0x00,0x01,0x00,0x00,0x00,0x00,0x00
30651316,0x3E8,false,0,8,0x02,0x00,0x00,0x00,0x00,0x00,0x54,0x00
30651451,0x3E8,false,0,8,0x03,0x00,0x4C,0x00,0x9F,0x04,0x00,0x00
30651575,0x3E8,false,0,8,0x04,0x00,0x00,0x00,0x90,0x01,0x9A,0x04
30651711,0x3E8,false,0,8,0x05,0x00,0x00,0x00,0x00,0x00,0x00,0x00
30651837,0x3E8,false,0,8,0x06,0x00,0x00,0x00,0x00,0x00,0x00,0x00
30665047,0x3E8,false,0,8,0x07,0x00,0x00,0x00,0x00,0x00,0x07,0x00
30665178,0x3E8,false,0,8,0x08,0x00,0x4F,0x00,0x07,0x00,0x00,0x00
30665302,0x3E8,false,0,8,0x09,0x00,0x00,0x00,0x00,0x00,0x00,0x00
30665427,0x3E8,false,0,8,0x0A,0x00,0x00,0x00,0x00,0x00,0x00,0x00
30665552,0x3E8,false,0,8,0x0B,0x00,0x00,0x00,0x00,0x00,0x00,0x00
30665676,0x3E8,false,0,8,0x0C,0x00,0x00,0x00,0x00,0x00,0x00,0x00
30665801,0x3E8,false,0,8,0x0D,0x00,0x00,0x00,0x05,0x00,0x10,0x00
30700645,0x3E8,false,0,8,0x00,0x00,0x00,0x00,0x66,0x00,0x65,0x00
30700791,0x44C,false,0,8,0x00,0x00,0x19,0x00,0x1A,0x00,0x00,0x00
30700927,0x3E8,false,0,8,0x01,0x00,0xF2,0x03,0x04,0x00,0x00,0x00
30701063,0x44C,false,0,8,0x01,0x00,0x01,0x00,0x00,0x00,0x00,0x00
30701200,0x3E8,false,0,8,0x02,0x00,0x00,0x00,0x00,0x00,0x54,0x00
30701338,0x3E8,false,0,8,0x03,0x00,0x4C,0x00,0x9F,0x04,0x00,0x00
30701474,0x3E8,false,0,8,0x04,0x00,0x00,0x00,0x90,0x01,0x9A,0x04
30701613,0x3E8,false,0,8,0x05,0x00,0x00,0x00,0x00,0x00,0x00,0x00
30701738,0x3E8,false,0,8,0x06,0x00,0x00,0x00,0x00,0x00,0x00,0x00
30701863,0x3E8,false,0,8,0x07,0x00,0x00,0x00,0x00,0x00,0x07,0x00
30701987,0x3E8,false,0,8,0x08,0x00,0x4F,0x00,0x07,0x00,0x00,0x00
30702111,0x3E8,false,0,8,0x09,0x00,0x00,0x00,0x00,0x00,0x00,0x00
30702236,0x3E8,false,0,8,0x0A,0x00,0x00,0x00,0x00,0x00,0x00,0x00
30702361,0x3E8,false,0,8,0x0B,0x00,0x00,0x00,0x00,0x00,0x00,0x00
30702485,0x3E8,false,0,8,0x0C,0x00,0x00,0x00,0x00,0x00,0x00,0x00
30702615,0x3E8,false,0,8,0x0D,0x00,0x00,0x00,0x05,0x00,0x10,0x00
30750647,0x3E8,false,0,8,0x00,0x00,0x00,0x00,0x66,0x00,0x65,0x00
30750785,0x44C,false,0,8,0x00,0x00,0x19,0x00,0x1A,0x00,0x00,0x00
30750924,0x3E8,false,0,8,0x01,0x00,0xF2,0x03,0x04,0x00,0x00,0x00
30751061,0x44C,false,0,8,0x01,0x00,0x01,0x00,0x00,0x00,0x00,0x00
30751197,0x3E8,false,0,8,0x02,0x00,0x00,0x00,0x00,0x00,0x54,0x00
30751333,0x3E8,false,0,8,0x03,0x00,0x4C,0x00,0x9F,0x04,0x00,0x00
30751469,0x3E8,false,0,8,0x04,0x00,0x00,0x00,0x90,0x01,0x9A,0x04
30751606,0x3E8,false,0,8,0x05,0x00,0x00,0x00,0x00,0x00,0x00,0x00
30751731,0x3E8,false,0,8,0x06,0x00,0x00,0x00,0x00,0x00,0x00,0x00
30751855,0x3E8,false,0,8,0x07,0x00,0x00,0x00,0x00,0x00,0x07,0x00
30751980,0x3E8,false,0,8,0x08,0x00,0x4F,0x00,0x07,0x00,0x00,0x00
30752104,0x3E8,false,0,8,0x09,0x00,0x00,0x00,0x00,0x00,0x00,0x00
30752229,0x3E8,false,0,8,0x0A,0x00,0x00,0x00,0x00,0x00,0x00,0x00
30752354,0x3E8,false,0,8,0x0B,0x00,0x00,0x00,0x00,0x00,0x00,0x00
30752478,0x3E8,false,0,8,0x0C,0x00,0x00,0x00,0x00,0x00,0x00,0x00
30752608,0x3E8,false,0,8,0x0D,0x00,0x00,0x00,0x05,0x00,0x10,0x00
30800661,0x3E8,false,0,8,0x00,0x00,0x00,0x00,0x66,0x00,0x65,0x00
30800892,0x44C,false,0,8,0x00,0x00,0x19,0x00,0x1A,0x00,0x00,0x00
30801028,0x3E8,false,0,8,0x01,0x00,0xF2,0x03,0x04,0x00,0x00,0x00
30801162,0x44C,false,0,8,0x01,0x00,0x01,0x00,0x00,0x00,0x00,0x00
30801297,0x3E8,false,0,8,0x02,0x00,0x00,0x00,0x00,0x00,0x54,0x00
30801433,0x3E8,false,0,8,0x03,0x00,0x4C,0x00,0x9F,0x04,0x00,0x00
30801570,0x3E8,false,0,8,0x04,0x00,0x00,0x00,0x90,0x01,0x9A,0x04
30801707,0x3E8,false,0,8,0x05,0x00,0x00,0x00,0x00,0x00,0x00,0x00
30801846,0x3E8,false,0,8,0x06,0x00,0x00,0x00,0x00,0x00,0x00,0x00
30801972,0x3E8,false,0,8,0x07,0x00,0x00,0x00,0x00,0x00,0x07,0x00
30802097,0x3E8,false,0,8,0x08,0x00,0x4F,0x00,0x07,0x00,0x00,0x00
30802221,0x3E8,false,0,8,0x09,0x00,0x00,0x00,0x00,0x00,0x00,0x00
30802346,0x3E8,false,0,8,0x0A,0x00,0x00,0x00,0x00,0x00,0x00,0x00
30802470,0x3E8,false,0,8,0x0B,0x00,0x00,0x00,0x00,0x00,0x00,0x00
30802600,0x3E8,false,0,8,0x0C,0x00,0x00,0x00,0x00,0x00,0x00,0x00
30802724,0x3E8,false,0,8,0x0D,0x00,0x00,0x00,0x05,0x00,0x10,0x00
30850661,0x3E8,false,0,8,0x00,0x00,0x00,0x00,0x66,0x00,0x65,0x00
30850889,0x44C,false,0,8,0x00,0x00,0x19,0x00,0x1A,0x00,0x00,0x00
30851013,0x3E8,false,0,8,0x01,0x00,0xF2,0x03,0x04,0x00,0x00,0x00
30851138,0x44C,false,0,8,0x01,0x00,0x01,0x00,0x00,0x00,0x00,0x00
30851263,0x3E8,false,0,8,0x02,0x00,0x00,0x00,0x00,0x00,0x54,0x00
30851387,0x3E8,false,0,8,0x03,0x00,0x4C,0x00,0x9F,0x04,0x00,0x00
30851512,0x3E8,false,0,8,0x04,0x00,0x00,0x00,0x90,0x01,0x9A,0x04
30851650,0x3E8,false,0,8,0x05,0x00,0x00,0x00,0x00,0x00,0x00,0x00
30863458,0x3E8,false,0,8,0x06,0x00,0x00,0x00,0x00,0x00,0x00,0x00
30863588,0x3E8,false,0,8,0x07,0x00,0x00,0x00,0x00,0x00,0x07,0x00
30863717,0x3E8,false,0,8,0x08,0x00,0x4F,0x00,0x07,0x00,0x00,0x00
30863841,0x3E8,false,0,8,0x09,0x00,0x00,0x00,0x00,0x00,0x00,0x00
30863966,0x3E8,false,0,8,0x0A,0x00,0x00,0x00,0x00,0x00,0x00,0x00
30864090,0x3E8,false,0,8,0x0B,0x00,0x00,0x00,0x00,0x00,0x00,0x00
30864215,0x3E8,false,0,8,0x0C,0x00,0x00,0x00,0x00,0x00,0x00,0x00
30864340,0x3E8,false,0,8,0x0D,0x00,0x00,0x00,0x05,0x00,0x10,0x00
30900655,0x3E8,false,0,8,0x00,0x00,0x00,0x00,0x66,0x00,0x65,0x00
30900805,0x44C,false,0,8,0x00,0x00,0x19,0x00,0x1A,0x00,0x00,0x00
30900945,0x3E8,false,0,8,0x01,0x00,0xF2,0x03,0x04,0x00,0x00,0x00
30901084,0x44C,false,0,8,0x01,0x00,0x01,0x00,0x00,0x00,0x00,0x00
30901208,0x3E8,false,0,8,0x02,0x00,0x00,0x00,0x00,0x00,0x54,0x00
30901347,0x3E8,false,0,8,0x03,0x00,0x4C,0x00,0x9F,0x04,0x00,0x00
30901471,0x3E8,false,0,8,0x04,0x00,0x00,0x00,0x90,0x01,0x9A,0x04
30901605,0x3E8,false,0,8,0x05,0x00,0x00,0x00,0x00,0x00,0x00,0x00
30901741,0x3E8,false,0,8,0x06,0x00,0x00,0x00,0x00,0x00,0x00,0x00
30901876,0x3E8,false,0,8,0x07,0x00,0x00,0x00,0x00,0x00,0x07,0x00
30902012,0x3E8,false,0,8,0x08,0x00,0x4F,0x00,0x07,0x00,0x00,0x00
30902147,0x3E8,false,0,8,0x09,0x00,0x00,0x00,0x00,0x00,0x00,0x00
30902286,0x3E8,false,0,8,0x0A,0x00,0x00,0x00,0x00,0x00,0x00,0x00
30902421,0x3E8,false,0,8,0x0B,0x00,0x00,0x00,0x00,0x00,0x00,0x00
30902546,0x3E8,false,0,8,0x0C,0x00,0x00,0x00,0x00,0x00,0x00,0x00
30902674,0x3E8,false,0,8,0x0D,0x00,0x00,0x00,0x05,0x00,0x10,0x00
30950672,0x3E8,false,0,8,0x00,0x00,0x00,0x00,0x66,0x00,0x65,0x00
30950938,0x44C,false,0,8,0x00,0x00,0x19,0x00,0x1A,0x00,0x00,0x00
30951076,0x3E8,false,0,8,0x01,0x00,0xF2,0x03,0x04,0x00,0x00,0x00
30951219,0x44C,false,0,8,0x01,0x00,0x01,0x00,0x00,0x00,0x00,0x00
30951351,0x3E8,false,0,8,0x02,0x00,0x00,0x00,0x00,0x00,0x54,0x00
30951498,0x3E8,false,0,8,0x03,0x00,0x4C,0x00,0x9F,0x04,0x00,0x00
30951642,0x3E8,false,0,8,0x04,0x00,0x00,0x00,0x90,0x01,0x9A,0x04
30951781,0x3E8,false,0,8,0x05,0x00,0x00,0x00,0x00,0x00,0x00,0x00
30951921,0x3E8,false,0,8,0x06,0x00,0x00,0x00,0x00,0x00,0x00,0x00
30952064,0x3E8,false,0,8,0x07,0x00,0x00,0x00,0x00,0x00,0x07,0x00
30952207,0x3E8,false,0,8,0x08,0x00,0x4F,0x00,0x07,0x00,0x00,0x00
30952345,0x3E8,false,0,8,0x09,0x00,0x00,0x00,0x00,0x00,0x00,0x00
30952487,0x3E8,false,0,8,0x0A,0x00,0x00,0x00,0x00,0x00,0x00,0x00
30952622,0x3E8,false,0,8,0x0B,0x00,0x00,0x00,0x00,0x00,0x00,0x00
30952753,0x3E8,false,0,8,0x0C,0x00,0x00,0x00,0x00,0x00,0x00,0x00
30952883,0x3E8,false,0,8,0x0D,0x00,0x00,0x00,0x05,0x00,0x10,0x00
31000670,0x3E8,false,0,8,0x00,0x00,0x00,0x00,0x66,0x00,0x65,0x00
31000917,0x44C,false,0,8,0x00,0x00,0x19,0x00,0x1A,0x00,0x00,0x00
31001053,0x3E8,false,0,8,0x01,0x00,0xF2,0x03,0x04,0x00,0x00,0x00
31001193,0x44C,false,0,8,0x01,0x00,0x01,0x00,0x00,0x00,0x00,0x00
31001329,0x3E8,false,0,8,0x02,0x00,0x00,0x00,0x00,0x00,0x54,0x00
31001454,0x3E8,false,0,8,0x03,0x00,0x4C,0x00,0x9F,0x04,0x00,0x00
31001590,0x3E8,false,0,8,0x04,0x00,0x00,0x00,0x90,0x01,0x9A,0x04
31001714,0x3E8,false,0,8,0x05,0x00,0x00,0x00,0x00,0x00,0x00,0x00
31001853,0x3E8,false,0,8,0x06,0x00,0x00,0x00,0x00,0x00,0x00,0x00
31001990,0x3E8,false,0,8,0x07,0x00,0x00,0x00,0x00,0x00,0x07,0x00
31002126,0x3E8,false,0,8,0x08,0x00,0x4F,0x00,0x07,0x00,0x00,0x00
31002263,0x3E8,false,0,8,0x09,0x00,0x00,0x00,0x00,0x00,0x00,0x00
31002401,0x3E8,false,0,8,0x0A,0x00,0x00,0x00,0x00,0x00,0x00,0x00
31002538,0x3E8,false,0,8,0x0B,0x00,0x00,0x00,0x00,0x00,0x00,0x00
31002679,0x3E8,false,0,8,0x0C,0x00,0x00,0x00,0x00,0x00,0x00,0x00
31002804,0x3E8,false,0,8,0x0D,0x00,0x00,0x00,0x05,0x00,0x10,0x00
31051097,0x3E8,false,0,8,0x00,0x00,0x00,0x00,0x66,0x00,0x65,0x00
31051337,0x44C,false,0,8,0x00,0x00,0x19,0x00,0x1A,0x00,0x00,0x00
31051473,0x3E8,false,0,8,0x01,0x00,0xF2,0x03,0x04,0x00,0x00,0x00
31051598,0x44C,false,0,8,0x01,0x00,0x01,0x00,0x00,0x00,0x00,0x00
31051724,0x3E8,false,0,8,0x02,0x00,0x00,0x00,0x00,0x00,0x54,0x00
31051849,0x3E8,false,0,8,0x03,0x00,0x4C,0x00,0x9F,0x04,0x00,0x00
31051973,0x3E8,false,0,8,0x04,0x00,0x00,0x00,0x90,0x01,0x9A,0x04
31063698,0x3E8,false,0,8,0x05,0x00,0x00,0x00,0x00,0x00,0x00,0x00
31063823,0x3E8,false,0,8,0x06,0x00,0x00,0x00,0x00,0x00,0x00,0x00
31063947,0x3E8,false,0,8,0x07,0x00,0x00,0x00,0x00,0x00,0x07,0x00
31064072,0x3E8,false,0,8,0x08,0x00,0x4F,0x00,0x07,0x00,0x00,0x00
31064196,0x3E8,false,0,8,0x09,0x00,0x00,0x00,0x00,0x00,0x00,0x00
31064321,0x3E8,false,0,8,0x0A,0x00,0x00,0x00,0x00,0x00,0x00,0x00
31064445,0x3E8,false,0,8,0x0B,0x00,0x00,0x00,0x00,0x00,0x00,0x00
31064570,0x3E8,false,0,8,0x0C,0x00,0x00,0x00,0x00,0x00,0x00,0x00
31064699,0x3E8,false,0,8,0x0D,0x00,0x00,0x00,0x05,0x00,0x10,0x00
31102662,0x3E8,false,0,8,0x00,0x00,0x00,0x00,0x66,0x00,0x65,0x00
31102913,0x44C,false,0,8,0x00,0x00,0x19,0x00,0x1A,0x00,0x00,0x00
31103053,0x3E8,false,0,8,0x01,0x00,0xF2,0x03,0x04,0x00,0x00,0x00
31103190,0x44C,false,0,8,0x01,0x00,0x01,0x00,0x00,0x00,0x00,0x00
31103326,0x3E8,false,0,8,0x02,0x00,0x00,0x00,0x00,0x00,0x54,0x00
31103451,0x3E8,false,0,8,0x03,0x00,0x4C,0x00,0x9F,0x04,0x00,0x00
31103577,0x3E8,false,0,8,0x04,0x00,0x00,0x00,0x90,0x01,0x9A,0x04
31103703,0x3E8,false,0,8,0x05,0x00,0x00,0x00,0x00,0x00,0x00,0x00
31103828,0x3E8,false,0,8,0x06,0x00,0x00,0x00,0x00,0x00,0x00,0x00
31103954,0x3E8,false,0,8,0x07,0x00,0x00,0x00,0x00,0x00,0x07,0x00
31104080,0x3E8,false,0,8,0x08,0x00,0x4F,0x00,0x07,0x00,0x00,0x00
31104206,0x3E8,false,0,8,0x09,0x00,0x00,0x00,0x00,0x00,0x00,0x00
31104331,0x3E8,false,0,8,0x0A,0x00,0x00,0x00,0x00,0x00,0x00,0x00
31104457,0x3E8,false,0,8,0x0B,0x00,0x00,0x00,0x00,0x00,0x00,0x00
31104583,0x3E8,false,0,8,0x0C,0x00,0x00,0x00,0x00,0x00,0x00,0x00
31104713,0x3E8,false,0,8,0x0D,0x00,0x00,0x00,0x05,0x00,0x10,0x00
31152670,0x3E8,false,0,8,0x00,0x00,0x00,0x00,0x66,0x00,0x65,0x00
31152909,0x44C,false,0,8,0x00,0x00,0x19,0x00,0x1A,0x00,0x00,0x00
31153046,0x3E8,false,0,8,0x01,0x00,0xF2,0x03,0x04,0x00,0x00,0x00
31153184,0x44C,false,0,8,0x01,0x00,0x01,0x00,0x00,0x00,0x00,0x00
31153321,0x3E8,false,0,8,0x02,0x00,0x00,0x00,0x00,0x00,0x54,0x00
31153447,0x3E8,false,0,8,0x03,0x00,0x4C,0x00,0x9F,0x04,0x00,0x00
31153572,0x3E8,false,0,8,0x04,0x00,0x00,0x00,0x90,0x01,0x9A,0x04
31153698,0x3E8,false,0,8,0x05,0x00,0x00,0x00,0x00,0x00,0x00,0x00
31153828,0x3E8,false,0,8,0x06,0x00,0x00,0x00,0x00,0x00,0x00,0x00
31153960,0x3E8,false,0,8,0x07,0x00,0x00,0x00,0x00,0x00,0x07,0x00
31154087,0x3E8,false,0,8,0x08,0x00,0x4F,0x00,0x07,0x00,0x00,0x00
31154212,0x3E8,false,0,8,0x09,0x00,0x00,0x00,0x00,0x00,0x00,0x00
31154338,0x3E8,false,0,8,0x0A,0x00,0x00,0x00,0x00,0x00,0x00,0x00
31154464,0x3E8,false,0,8,0x0B,0x00,0x00,0x00,0x00,0x00,0x00,0x00
31154590,0x3E8,false,0,8,0x0C,0x00,0x00,0x00,0x00,0x00,0x00,0x00
31154721,0x3E8,false,0,8,0x0D,0x00,0x00,0x00,0x05,0x00,0x10,0x00
31202669,0x3E8,false,0,8,0x00,0x00,0x00,0x00,0x66,0x00,0x65,0x00
31202916,0x44C,false,0,8,0x00,0x00,0x19,0x00,0x1A,0x00,0x00,0x00
31203051,0x3E8,false,0,8,0x01,0x00,0xF2,0x03,0x04,0x00,0x00,0x00
31203186,0x44C,false,0,8,0x01,0x00,0x01,0x00,0x00,0x00,0x00,0x00
31203322,0x3E8,false,0,8,0x02,0x00,0x00,0x00,0x00,0x00,0x54,0x00
31203456,0x3E8,false,0,8,0x03,0x00,0x4C,0x00,0x9F,0x04,0x00,0x00
31203582,0x3E8,false,0,8,0x04,0x00,0x00,0x00,0x90,0x01,0x9A,0x04
31203706,0x3E8,false,0,8,0x05,0x00,0x00,0x00,0x00,0x00,0x00,0x00
31203831,0x3E8,false,0,8,0x06,0x00,0x00,0x00,0x00,0x00,0x00,0x00
31203955,0x3E8,false,0,8,0x07,0x00,0x00,0x00,0x00,0x00,0x07,0x00
31204080,0x3E8,false,0,8,0x08,0x00,0x4F,0x00,0x07,0x00,0x00,0x00
31204205,0x3E8,false,0,8,0x09,0x00,0x00,0x00,0x00,0x00,0x00,0x00
31204330,0x3E8,false,0,8,0x0A,0x00,0x00,0x00,0x00,0x00,0x00,0x00
31204455,0x3E8,false,0,8,0x0B,0x00,0x00,0x00,0x00,0x00,0x00,0x00
31204580,0x3E8,false,0,8,0x0C,0x00,0x00,0x00,0x00,0x00,0x00,0x00
31204709,0x3E8,false,0,8,0x0D,0x00,0x00,0x00,0x05,0x00,0x10,0x00
31252659,0x3E8,false,0,8,0x00,0x00,0x00,0x00,0x66,0x00,0x65,0x00
31252869,0x44C,false,0,8,0x00,0x00,0x19,0x00,0x1A,0x00,0x00,0x00
31252994,0x3E8,false,0,8,0x01,0x00,0xF2,0x03,0x04,0x00,0x00,0x00
31253118,0x44C,false,0,8,0x01,0x00,0x01,0x00,0x00,0x00,0x00,0x00
31253243,0x3E8,false,0,8,0x02,0x00,0x00,0x00,0x00,0x00,0x54,0x00
31253379,0x3E8,false,0,8,0x03,0x00,0x4C,0x00,0x9F,0x04,0x00,0x00
31265084,0x3E8,false,0,8,0x04,0x00,0x00,0x00,0x90,0x01,0x9A,0x04
31265208,0x3E8,false,0,8,0x05,0x00,0x00,0x00,0x00,0x00,0x00,0x00
31265332,0x3E8,false,0,8,0x06,0x00,0x00,0x00,0x00,0x00,0x00,0x00
31265457,0x3E8,false,0,8,0x07,0x00,0x00,0x00,0x00,0x00,0x07,0x00
31265582,0x3E8,false,0,8,0x08,0x00,0x4F,0x00,0x07,0x00,0x00,0x00
31265709,0x3E8,false,0,8,0x09,0x00,0x00,0x00,0x00,0x00,0x00,0x00
31265833,0x3E8,false,0,8,0x0A,0x00,0x00,0x00,0x00,0x00,0x00,0x00
31265958,0x3E8,false,0,8,0x0B,0x00,0x00,0x00,0x00,0x00,0x00,0x00
31266083,0x3E8,false,0,8,0x0C,0x00,0x00,0x00,0x00,0x00,0x00,0x00
31266207,0x3E8,false,0,8,0x0D,0x00,0x00,0x00,0x05,0x00,0x10,0x00
31302645,0x3E8,false,0,8,0x00,0x00,0x00,0x00,0x66,0x00,0x65,0x00
31302786,0x44C,false,0,8,0x00,0x00,0x19,0x00,0x1A,0x00,0x00,0x00
31302925,0x3E8,false,0,8,0x01,0x00,0xF2,0x03,0x04,0x00,0x00,0x00
31303049,0x44C,false,0,8,0x01,0x00,0x01,0x00,0x00,0x00,0x00,0x00
31303186,0x3E8,false,0,8,0x02,0x00,0x00,0x00,0x00,0x00,0x54,0x00
31303322,0x3E8,false,0,8,0x03,0x00,0x4C,0x00,0x9F,0x04,0x00,0x00
31303459,0x3E8,false,0,8,0x04,0x00,0x00,0x00,0x90,0x01,0x9A,0x04
31303595,0x3E8,false,0,8,0x05,0x00,0x00,0x00,0x00,0x00,0x00,0x00
31303731,0x3E8,false,0,8,0x06,0x00,0x00,0x00,0x00,0x00,0x00,0x00
31303866,0x3E8,false,0,8,0x07,0x00,0x00,0x00,0x00,0x00,0x07,0x00
31304003,0x3E8,false,0,8,0x08,0x00,0x4F,0x00,0x07,0x00,0x00,0x00
31304128,0x3E8,false,0,8,0x09,0x00,0x00,0x00,0x00,0x00,0x00,0x00
31304252,0x3E8,false,0,8,0x0A,0x00,0x00,0x00,0x00,0x00,0x00,0x00
31304377,0x3E8,false,0,8,0x0B,0x00,0x00,0x00,0x00,0x00,0x00,0x00
31304501,0x3E8,false,0,8,0x0C,0x00,0x00,0x00,0x00,0x00,0x00,0x00
31304631,0x3E8,false,0,8,0x0D,0x00,0x00,0x00,0x05,0x00,0x10,0x00
31352666,0x3E8,false,0,8,0x00,0x00,0x00,0x00,0x66,0x00,0x65,0x00
31352884,0x44C,false,0,8,0x00,0x00,0x19,0x00,0x1A,0x00,0x00,0x00
31353010,0x3E8,false,0,8,0x01,0x00,0xF2,0x03,0x04,0x00,0x00,0x00
31353148,0x44C,false,0,8,0x01,0x00,0x01,0x00,0x00,0x00,0x00,0x00
31353288,0x3E8,false,0,8,0x02,0x00,0x00,0x00,0x00,0x00,0x54,0x00
31353429,0x3E8,false,0,8,0x03,0x00,0x4C,0x00,0x9F,0x04,0x00,0x00
31353566,0x3E8,false,0,8,0x04,0x00,0x00,0x00,0x90,0x01,0x9A,0x04
31353706,0x3E8,false,0,8,0x05,0x00,0x00,0x00,0x00,0x00,0x00,0x00
31353843,0x3E8,false,0,8,0x06,0x00,0x00,0x00,0x00,0x00,0x00,0x00
31353983,0x3E8,false,0,8,0x07,0x00,0x00,0x00,0x00,0x00,0x07,0x00
31354125,0x3E8,false,0,8,0x08,0x00,0x4F,0x00,0x07,0x00,0x00,0x00
31354251,0x3E8,false,0,8,0x09,0x00,0x00,0x00,0x00,0x00,0x00,0x00
31354377,0x3E8,false,0,8,0x0A,0x00,0x00,0x00,0x00,0x00,0x00,0x00
31354503,0x3E8,false,0,8,0x0B,0x00,0x00,0x00,0x00,0x00,0x00,0x00
31354633,0x3E8,false,0,8,0x0C,0x00,0x00,0x00,0x00,0x00,0x00,0x00
31354759,0x3E8,false,0,8,0x0D,0x00,0x00,0x00,0x05,0x00,0x10,0x00
31402671,0x44C,false,0,8,0x00,0x00,0x19,0x00,0x1A,0x00,0x00,0x00
31402913,0x3E8,false,0,8,0x00,0x00,0x00,0x00,0x66,0x00,0x65,0x00
31403049,0x44C,false,0,8,0x01,0x00,0x01,0x00,0x00,0x00,0x00,0x00
31403174,0x3E8,false,0,8,0x01,0x00,0xF2,0x03,0x04,0x00,0x00,0x00
31403310,0x3E8,false,0,8,0x02,0x00,0x00,0x00,0x00,0x00,0x54,0x00
31403434,0x3E8,false,0,8,0x03,0x00,0x4C,0x00,0x9F,0x04,0x00,0x00
31403571,0x3E8,false,0,8,0x04,0x00,0x00,0x00,0x90,0x01,0x9A,0x04
31403711,0x3E8,false,0,8,0x05,0x00,0x00,0x00,0x00,0x00,0x00,0x00
31403848,0x3E8,false,0,8,0x06,0x00,0x00,0x00,0x00,0x00,0x00,0x00
31403985,0x3E8,false,0,8,0x07,0x00,0x00,0x00,0x00,0x00,0x07,0x00
31404122,0x3E8,false,0,8,0x08,0x00,0x4F,0x00,0x07,0x00,0x00,0x00
31404260,0x3E8,false,0,8,0x09,0x00,0x00,0x00,0x00,0x00,0x00,0x00
31404397,0x3E8,false,0,8,0x0A,0x00,0x00,0x00,0x00,0x00,0x00,0x00
31404522,0x3E8,false,0,8,0x0B,0x00,0x00,0x00,0x00,0x00,0x00,0x00
31404652,0x3E8,false,0,8,0x0C,0x00,0x00,0x00,0x00,0x00,0x00,0x00
31404777,0x3E8,false,0,8,0x0D,0x00,0x00,0x00,0x05,0x00,0x10,0x00
31452670,0x3E8,false,0,8,0x00,0x00,0x00,0x00,0x66,0x00,0x65,0x00
31452911,0x44C,false,0,8,0x00,0x00,0x19,0x00,0x1A,0x00,0x00,0x00
31453046,0x3E8,false,0,8,0x01,0x00,0xF2,0x03,0x04,0x00,0x00,0x00
31453172,0x44C,false,0,8,0x01,0x00,0x01,0x00,0x00,0x00,0x00,0x00
31453297,0x3E8,false,0,8,0x02,0x00,0x00,0x00,0x00,0x00,0x54,0x00
31453421,0x3E8,false,0,8,0x03,0x00,0x4C,0x00,0x9F,0x04,0x00,0x00
31453545,0x3E8,false,0,8,0x04,0x00,0x00,0x00,0x90,0x01,0x9A,0x04
31453670,0x3E8,false,0,8,0x05,0x00,0x00,0x00,0x00,0x00,0x00,0x00
31456644,0x3E8,false,0,8,0x06,0x00,0x00,0x00,0x00,0x00,0x00,0x00
31456769,0x3E8,false,0,8,0x07,0x00,0x00,0x00,0x00,0x00,0x07,0x00
31456894,0x3E8,false,0,8,0x08,0x00,0x4F,0x00,0x07,0x00,0x00,0x00
31457018,0x3E8,false,0,8,0x09,0x00,0x00,0x00,0x00,0x00,0x00,0x00
31457142,0x3E8,false,0,8,0x0A,0x00,0x00,0x00,0x00,0x00,0x00,0x00
31457267,0x3E8,false,0,8,0x0B,0x00,0x00,0x00,0x00,0x00,0x00,0x00
31457392,0x3E8,false,0,8,0x0C,0x00,0x00,0x00,0x00,0x00,0x00,0x00
31457516,0x3E8,false,0,8,0x0D,0x00,0x00,0x00,0x05,0x00,0x10,0x00
31502650,0x3E8,false,0,8,0x00,0x00,0x00,0x00,0x66,0x00,0x65,0x00
31502820,0x44C,false,0,8,0x00,0x00,0x19,0x00,0x1A,0x00,0x00,0x00
31502966,0x3E8,false,0,8,0x01,0x00,0xF2,0x03,0x04,0x00,0x00,0x00
31503090,0x44C,false,0,8,0x01,0x00,0x01,0x00,0x00,0x00,0x00,0x00
31503239,0x3E8,false,0,8,0x02,0x00,0x00,0x00,0x00,0x00,0x54,0x00
31503374,0x3E8,false,0,8,0x03,0x00,0x4C,0x00,0x9F,0x04,0x00,0x00
31503509,0x3E8,false,0,8,0x04,0x00,0x00,0x00,0x90,0x01,0x9A,0x04
31503635,0x3E8,false,0,8,0x05,0x00,0x00,0x00,0x00,0x00,0x00,0x00
31503771,0x3E8,false,0,8,0x06,0x00,0x00,0x00,0x00,0x00,0x00,0x00
31506644,0x3E8,false,0,8,0x07,0x00,0x00,0x00,0x00,0x00,0x07,0x00
31506769,0x3E8,false,0,8,0x08,0x00,0x4F,0x00,0x07,0x00,0x00,0x00
31506893,0x3E8,false,0,8,0x09,0x00,0x00,0x00,0x00,0x00,0x00,0x00
31507018,0x3E8,false,0,8,0x0A,0x00,0x00,0x00,0x00,0x00,0x00,0x00
31507142,0x3E8,false,0,8,0x0B,0x00,0x00,0x00,0x00,0x00,0x00,0x00
31507267,0x3E8,false,0,8,0x0C,0x00,0x00,0x00,0x00,0x00,0x00,0x00
31507392,0x3E8,false,0,8,0x0D,0x00,0x00,0x00,0x05,0x00,0x10,0x00
31554652,0x3E8,false,0,8,0x00,0x00,0x00,0x00,0x66,0x00,0x65,0x00
31554820,0x44C,false,0,8,0x00,0x00,0x19,0x00,0x1A,0x00,0x00,0x00
31554960,0x3E8,false,0,8,0x01,0x00,0xF2,0x03,0x04,0x00,0x00,0x00
31555084,0x44C,false,0,8,0x01,0x00,0x01,0x00,0x00,0x00,0x00,0x00
31555209,0x3E8,false,0,8,0x02,0x00,0x00,0x00,0x00,0x00,0x54,0x00
31555333,0x3E8,false,0,8,0x03,0x00,0x4C,0x00,0x9F,0x04,0x00,0x00
31555457,0x3E8,false,0,8,0x04,0x00,0x00,0x00,0x90,0x01,0x9A,0x04
31555581,0x3E8,false,0,8,0x05,0x00,0x00,0x00,0x00,0x00,0x00,0x00
31555708,0x3E8,false,0,8,0x06,0x00,0x00,0x00,0x00,0x00,0x00,0x00
31555833,0x3E8,false,0,8,0x07,0x00,0x00,0x00,0x00,0x00,0x07,0x00
31555957,0x3E8,false,0,8,0x08,0x00,0x4F,0x00,0x07,0x00,0x00,0x00
31556082,0x3E8,false,0,8,0x09,0x00,0x00,0x00,0x00,0x00,0x00,0x00
31556206,0x3E8,false,0,8,0x0A,0x00,0x00,0x00,0x00,0x00,0x00,0x00
31556331,0x3E8,false,0,8,0x0B,0x00,0x00,0x00,0x00,0x00,0x00,0x00
31556455,0x3E8,false,0,8,0x0C,0x00,0x00,0x00,0x00,0x00,0x00,0x00
31556580,0x3E8,false,0,8,0x0D,0x00,0x00,0x00,0x05,0x00,0x10,0x00
31604665,0x44C,false,0,8,0x00,0x00,0x19,0x00,0x1A,0x00,0x00,0x00
31604912,0x3E8,false,0,8,0x00,0x00,0x00,0x00,0x66,0x00,0x65,0x00
31605049,0x44C,false,0,8,0x01,0x00,0x01,0x00,0x00,0x00,0x00,0x00
31605186,0x3E8,false,0,8,0x01,0x00,0xF2,0x03,0x04,0x00,0x00,0x00
31605310,0x3E8,false,0,8,0x02,0x00,0x00,0x00,0x00,0x00,0x54,0x00
31605435,0x3E8,false,0,8,0x03,0x00,0x4C,0x00,0x9F,0x04,0x00,0x00
31605559,0x3E8,false,0,8,0x04,0x00,0x00,0x00,0x90,0x01,0x9A,0x04
31605690,0x3E8,false,0,8,0x05,0x00,0x00,0x00,0x00,0x00,0x00,0x00
31605814,0x3E8,false,0,8,0x06,0x00,0x00,0x00,0x00,0x00,0x00,0x00
31605940,0x3E8,false,0,8,0x07,0x00,0x00,0x00,0x00,0x00,0x07,0x00
31606065,0x3E8,false,0,8,0x08,0x00,0x4F,0x00,0x07,0x00,0x00,0x00
31606194,0x3E8,false,0,8,0x09,0x00,0x00,0x00,0x00,0x00,0x00,0x00
31606319,0x3E8,false,0,8,0x0A,0x00,0x00,0x00,0x00,0x00,0x00,0x00
31606444,0x3E8,false,0,8,0x0B,0x00,0x00,0x00,0x00,0x00,0x00,0x00
31606569,0x3E8,false,0,8,0x0C,0x00,0x00,0x00,0x00,0x00,0x00,0x00
31606698,0x3E8,false,0,8,0x0D,0x00,0x00,0x00,0x05,0x00,0x10,0x00
31655046,0x3E8,false,0,8,0x00,0x00,0x00,0x00,0x66,0x00,0x65,0x00
31655301,0x44C,false,0,8,0x00,0x00,0x19,0x00,0x1A,0x00,0x00,0x00
31655436,0x3E8,false,0,8,0x01,0x00,0xF2,0x03,0x04,0x00,0x00,0x00
31655572,0x44C,false,0,8,0x01,0x00,0x01,0x00,0x00,0x00,0x00,0x00
31655710,0x3E8,false,0,8,0x02,0x00,0x00,0x00,0x00,0x00,0x54,0x00
31655847,0x3E8,false,0,8,0x03,0x00,0x4C,0x00,0x9F,0x04,0x00,0x00
31655975,0x3E8,false,0,8,0x04,0x00,0x00,0x00,0x90,0x01,0x9A,0x04
31656100,0x3E8,false,0,8,0x05,0x00,0x00,0x00,0x00,0x00,0x00,0x00
31656225,0x3E8,false,0,8,0x06,0x00,0x00,0x00,0x00,0x00,0x00,0x00
31656351,0x3E8,false,0,8,0x07,0x00,0x00,0x00,0x00,0x00,0x07,0x00
31656477,0x3E8,false,0,8,0x08,0x00,0x4F,0x00,0x07,0x00,0x00,0x00
31656608,0x3E8,false,0,8,0x09,0x00,0x00,0x00,0x00,0x00,0x00,0x00
31656733,0x3E8,false,0,8,0x0A,0x00,0x00,0x00,0x00,0x00,0x00,0x00
31656859,0x3E8,false,0,8,0x0B,0x00,0x00,0x00,0x00,0x00,0x00,0x00
31656985,0x3E8,false,0,8,0x0C,0x00,0x00,0x00,0x00,0x00,0x00,0x00
31657110,0x3E8,false,0,8,0x0D,0x00,0x00,0x00,0x05,0x00,0x10,0x00
31704676,0x3E8,false,0,8,0x00,0x00,0x00,0x00,0x66,0x00,0x65,0x00
31704954,0x44C,false,0,8,0x00,0x00,0x19,0x00,0x1A,0x00,0x00,0x00
31705092,0x3E8,false,0,8,0x01,0x00,0xF2,0x03,0x04,0x00,0x00,0x00
31705239,0x44C,false,0,8,0x01,0x00,0x01,0x00,0x00,0x00,0x00,0x00
31705378,0x3E8,false,0,8,0x02,0x00,0x00,0x00,0x00,0x00,0x54,0x00
31705538,0x3E8,false,0,8,0x03,0x00,0x4C,0x00,0x9F,0x04,0x00,0x00
31705689,0x3E8,false,0,8,0x04,0x00,0x00,0x00,0x90,0x01,0x9A,0x04
31705833,0x3E8,false,0,8,0x05,0x00,0x00,0x00,0x00,0x00,0x00,0x00
31705995,0x3E8,false,0,8,0x06,0x00,0x00,0x00,0x00,0x00,0x00,0x00
31706146,0x3E8,false,0,8,0x07,0x00,0x00,0x00,0x00,0x00,0x07,0x00
31706288,0x3E8,false,0,8,0x0A,0x00,0x00,0x00,0x00,0x00,0x00,0x00
31706424,0x3E8,false,0,8,0x0B,0x00,0x00,0x00,0x00,0x00,0x00,0x00
31706552,0x3E8,false,0,8,0x0C,0x00,0x00,0x00,0x00,0x00,0x00,0x00
31706687,0x3E8,false,0,8,0x0D,0x00,0x00,0x00,0x05,0x00,0x10,0x00
31754669,0x3E8,false,0,8,0x00,0x00,0x00,0x00,0x66,0x00,0x65,0x00
31754928,0x44C,false,0,8,0x00,0x00,0x19,0x00,0x1A,0x00,0x00,0x00
31755069,0x3E8,false,0,8,0x01,0x00,0xF2,0x03,0x04,0x00,0x00,0x00
31755208,0x44C,false,0,8,0x01,0x00,0x01,0x00,0x00,0x00,0x00,0x00
31755344,0x3E8,false,0,8,0x02,0x00,0x00,0x00,0x00,0x00,0x54,0x00
31755483,0x3E8,false,0,8,0x03,0x00,0x4C,0x00,0x9F,0x04,0x00,0x00
31755621,0x3E8,false,0,8,0x04,0x00,0x00,0x00,0x90,0x01,0x9A,0x04
31755765,0x3E8,false,0,8,0x05,0x00,0x00,0x00,0x00,0x00,0x00,0x00
31755891,0x3E8,false,0,8,0x06,0x00,0x00,0x00,0x00,0x00,0x00,0x00
31756016,0x3E8,false,0,8,0x07,0x00,0x00,0x00,0x00,0x00,0x07,0x00
31756142,0x3E8,false,0,8,0x08,0x00,0x4F,0x00,0x07,0x00,0x00,0x00
31756272,0x3E8,false,0,8,0x09,0x00,0x00,0x00,0x00,0x00,0x00,0x00
31756399,0x3E8,false,0,8,0x0A,0x00,0x00,0x00,0x00,0x00,0x00,0x00
31756527,0x3E8,false,0,8,0x0B,0x00,0x00,0x00,0x00,0x00,0x00,0x00
31756658,0x3E8,false,0,8,0x0C,0x00,0x00,0x00,0x00,0x00,0x00,0x00
31756784,0x3E8,false,0,8,0x0D,0x00,0x00,0x00,0x05,0x00,0x10,0x00
31804656,0x3E8,false,0,8,0x00,0x00,0x00,0x00,0x66,0x00,0x65,0x00
31804861,0x44C,false,0,8,0x00,0x00,0x19,0x00,0x1A,0x00,0x00,0x00
31804986,0x3E8,false,0,8,0x01,0x00,0xF2,0x03,0x04,0x00,0x00,0x00
31805123,0x44C,false,0,8,0x01,0x00,0x01,0x00,0x00,0x00,0x00,0x00
31805261,0x3E8,false,0,8,0x02,0x00,0x00,0x00,0x00,0x00,0x54,0x00
31805400,0x3E8,false,0,8,0x03,0x00,0x4C,0x00,0x9F,0x04,0x00,0x00
31805536,0x3E8,false,0,8,0x04,0x00,0x00,0x00,0x90,0x01,0x9A,0x04
31805678,0x3E8,false,0,8,0x05,0x00,0x00,0x00,0x00,0x00,0x00,0x00
31805816,0x3E8,false,0,8,0x06,0x00,0x00,0x00,0x00,0x00,0x00,0x00
31805953,0x3E8,false,0,8,0x07,0x00,0x00,0x00,0x00,0x00,0x07,0x00
31806077,0x3E8,false,0,8,0x08,0x00,0x4F,0x00,0x07,0x00,0x00,0x00
31806202,0x3E8,false,0,8,0x09,0x00,0x00,0x00,0x00,0x00,0x00,0x00
31806327,0x3E8,false,0,8,0x0A,0x00,0x00,0x00,0x00,0x00,0x00,0x00
31806452,0x3E8,false,0,8,0x0B,0x00,0x00,0x00,0x00,0x00,0x00,0x00
31806577,0x3E8,false,0,8,0x0C,0x00,0x00,0x00,0x00,0x00,0x00,0x00
31806706,0x3E8,false,0,8,0x0D,0x00,0x00,0x00,0x05,0x00,0x10,0x00
31854671,0x3E8,false,0,8,0x00,0x00,0x00,0x00,0x66,0x00,0x65,0x00
31866806,0x44C,false,0,8,0x00,0x00,0x19,0x00,0x1A,0x00,0x00,0x00
31866936,0x3E8,false,0,8,0x01,0x00,0xF2,0x03,0x04,0x00,0x00,0x00
31867062,0x44C,false,0,8,0x01,0x00,0x01,0x00,0x00,0x00,0x00,0x00
31867187,0x3E8,false,0,8,0x02,0x00,0x00,0x00,0x00,0x00,0x54,0x00
31867313,0x3E8,false,0,8,0x03,0x00,0x4C,0x00,0x9F,0x04,0x00,0x00
31867438,0x3E8,false,0,8,0x04,0x00,0x00,0x00,0x90,0x01,0x9A,0x04
31867563,0x3E8,false,0,8,0x05,0x00,0x00,0x00,0x00,0x00,0x00,0x00
31867689,0x3E8,false,0,8,0x06,0x00,0x00,0x00,0x00,0x00,0x00,0x00
31867815,0x3E8,false,0,8,0x07,0x00,0x00,0x00,0x00,0x00,0x07,0x00
31867940,0x3E8,false,0,8,0x08,0x00,0x4F,0x00,0x07,0x00,0x00,0x00
31868066,0x3E8,false,0,8,0x09,0x00,0x00,0x00,0x00,0x00,0x00,0x00
31868192,0x3E8,false,0,8,0x0A,0x00,0x00,0x00,0x00,0x00,0x00,0x00
31868318,0x3E8,false,0,8,0x0B,0x00,0x00,0x00,0x00,0x00,0x00,0x00
31868443,0x3E8,false,0,8,0x0C,0x00,0x00,0x00,0x00,0x00,0x00,0x00
31868569,0x3E8,false,0,8,0x0D,0x00,0x00,0x00,0x05,0x00,0x10,0x00
31904670,0x3E8,false,0,8,0x00,0x00,0x00,0x00,0x66,0x00,0x65,0x00
31904918,0x44C,false,0,8,0x00,0x00,0x19,0x00,0x1A,0x00,0x00,0x00
31905051,0x3E8,false,0,8,0x01,0x00,0xF2,0x03,0x04,0x00,0x00,0x00
31905187,0x44C,false,0,8,0x01,0x00,0x01,0x00,0x00,0x00,0x00,0x00
31905312,0x3E8,false,0,8,0x02,0x00,0x00,0x00,0x00,0x00,0x54,0x00
31905447,0x3E8,false,0,8,0x03,0x00,0x4C,0x00,0x9F,0x04,0x00,0x00
31905571,0x3E8,false,0,8,0x04,0x00,0x00,0x00,0x90,0x01,0x9A,0x04
31905697,0x3E8,false,0,8,0x05,0x00,0x00,0x00,0x00,0x00,0x00,0x00
31905832,0x3E8,false,0,8,0x06,0x00,0x00,0x00,0x00,0x00,0x00,0x00
31905969,0x3E8,false,0,8,0x07,0x00,0x00,0x00,0x00,0x00,0x07,0x00
31906105,0x3E8,false,0,8,0x08,0x00,0x4F,0x00,0x07,0x00,0x00,0x00
31906242,0x3E8,false,0,8,0x09,0x00,0x00,0x00,0x00,0x00,0x00,0x00
31906389,0x3E8,false,0,8,0x0A,0x00,0x00,0x00,0x00,0x00,0x00,0x00
31906514,0x3E8,false,0,8,0x0B,0x00,0x00,0x00,0x00,0x00,0x00,0x00
31906657,0x3E8,false,0,8,0x0C,0x00,0x00,0x00,0x00,0x00,0x00,0x00
31906782,0x3E8,false,0,8,0x0D,0x00,0x00,0x00,0x05,0x00,0x10,0x00
31954672,0x3E8,false,0,8,0x00,0x00,0x00,0x00,0x66,0x00,0x65,0x00
31954921,0x44C,false,0,8,0x00,0x00,0x19,0x00,0x1A,0x00,0x00,0x00
31955059,0x3E8,false,0,8,0x01,0x00,0xF2,0x03,0x04,0x00,0x00,0x00
31955196,0x44C,false,0,8,0x01,0x00,0x01,0x00,0x00,0x00,0x00,0x00
31955336,0x3E8,false,0,8,0x02,0x00,0x00,0x00,0x00,0x00,0x54,0x00
31955462,0x3E8,false,0,8,0x03,0x00,0x4C,0x00,0x9F,0x04,0x00,0x00
31955598,0x3E8,false,0,8,0x04,0x00,0x00,0x00,0x90,0x01,0x9A,0x04
31955740,0x3E8,false,0,8,0x05,0x00,0x00,0x00,0x00,0x00,0x00,0x00
31955877,0x3E8,false,0,8,0x06,0x00,0x00,0x00,0x00,0x00,0x00,0x00
31956015,0x3E8,false,0,8,0x07,0x00,0x00,0x00,0x00,0x00,0x07,0x00
31956151,0x3E8,false,0,8,0x08,0x00,0x4F,0x00,0x07,0x00,0x00,0x00
31956289,0x3E8,false,0,8,0x09,0x00,0x00,0x00,0x00,0x00,0x00,0x00
31956427,0x3E8,false,0,8,0x0A,0x00,0x00,0x00,0x00,0x00,0x00,0x00
31956563,0x3E8,false,0,8,0x0B,0x00,0x00,0x00,0x00,0x00,0x00,0x00
31956694,0x3E8,false,0,8,0x0C,0x00,0x00,0x00,0x00,0x00,0x00,0x00
31956820,0x3E8,false,0,8,0x0D,0x00,0x00,0x00,0x05,0x00,0x10,0x00
32004675,0x3E8,false,0,8,0x00,0x00,0x00,0x00,0x66,0x00,0x65,0x00
32004929,0x44C,false,0,8,0x00,0x00,0x19,0x00,0x1A,0x00,0x00,0x00
32005065,0x3E8,false,0,8,0x01,0x00,0xF2,0x03,0x04,0x00,0x00,0x00
32005203,0x44C,false,0,8,0x01,0x00,0x01,0x00,0x00,0x00,0x00,0x00
32005341,0x3E8,false,0,8,0x02,0x00,0x00,0x00,0x00,0x00,0x54,0x00
32005479,0x3E8,false,0,8,0x03,0x00,0x4C,0x00,0x9F,0x04,0x00,0x00
32005605,0x3E8,false,0,8,0x04,0x00,0x00,0x00,0x90,0x01,0x9A,0x04
32005744,0x3E8,false,0,8,0x05,0x00,0x00,0x00,0x00,0x00,0x00,0x00
32005869,0x3E8,false,0,8,0x06,0x00,0x00,0x00,0x00,0x00,0x00,0x00
32006005,0x3E8,false,0,8,0x07,0x00,0x00,0x00,0x00,0x00,0x07,0x00
32006142,0x3E8,false,0,8,0x08,0x00,0x4F,0x00,0x07,0x00,0x00,0x00
32006280,0x3E8,false,0,8,0x09,0x00,0x00,0x00,0x00,0x00,0x00,0x00
32006417,0x3E8,false,0,8,0x0A,0x00,0x00,0x00,0x00,0x00,0x00,0x00
32006554,0x3E8,false,0,8,0x0B,0x00,0x00,0x00,0x00,0x00,0x00,0x00
32006696,0x3E8,false,0,8,0x0C,0x00,0x00,0x00,0x00,0x00,0x00,0x00
32006832,0x3E8,false,0,8,0x0D,0x00,0x00,0x00,0x05,0x00,0x10,0x00
32054651,0x3E8,false,0,8,0x00,0x00,0x00,0x00,0x66,0x00,0x65,0x00
32054809,0x44C,false,0,8,0x00,0x00,0x19,0x00,0x1A,0x00,0x00,0x00
32054946,0x3E8,false,0,8,0x01,0x00,0xF2,0x03,0x04,0x00,0x00,0x00
32055083,0x44C,false,0,8,0x01,0x00,0x01,0x00,0x00,0x00,0x00,0x00
32055219,0x3E8,false,0,8,0x02,0x00,0x00,0x00,0x00,0x00,0x54,0x00
32055357,0x3E8,false,0,8,0x03,0x00,0x4C,0x00,0x9F,0x04,0x00,0x00
32055494,0x3E8,false,0,8,0x04,0x00,0x00,0x00,0x90,0x01,0x9A,0x04
32055631,0x3E8,false,0,8,0x05,0x00,0x00,0x00,0x00,0x00,0x00,0x00
32055766,0x3E8,false,0,8,0x06,0x00,0x00,0x00,0x00,0x00,0x00,0x00
32058644,0x3E8,false,0,8,0x07,0x00,0x00,0x00,0x00,0x00,0x07,0x00
32058769,0x3E8,false,0,8,0x08,0x00,0x4F,0x00,0x07,0x00,0x00,0x00
32058893,0x3E8,false,0,8,0x09,0x00,0x00,0x00,0x00,0x00,0x00,0x00
32059018,0x3E8,false,0,8,0x0A,0x00,0x00,0x00,0x00,0x00,0x00,0x00
32059142,0x3E8,false,0,8,0x0B,0x00,0x00,0x00,0x00,0x00,0x00,0x00
32059267,0x3E8,false,0,8,0x0C,0x00,0x00,0x00,0x00,0x00,0x00,0x00
32059392,0x3E8,false,0,8,0x0D,0x00,0x00,0x00,0x05,0x00,0x10,0x00
32106663,0x3E8,false,0,8,0x00,0x00,0x00,0x00,0x66,0x00,0x65,0x00
32106861,0x44C,false,0,8,0x00,0x00,0x19,0x00,0x1A,0x00,0x00,0x00
32107001,0x3E8,false,0,8,0x01,0x00,0xF2,0x03,0x04,0x00,0x00,0x00
32107138,0x44C,false,0,8,0x01,0x00,0x01,0x00,0x00,0x00,0x00,0x00
32107276,0x3E8,false,0,8,0x02,0x00,0x00,0x00,0x00,0x00,0x54,0x00
32107413,0x3E8,false,0,8,0x03,0x00,0x4C,0x00,0x9F,0x04,0x00,0x00
32107537,0x3E8,false,0,8,0x04,0x00,0x00,0x00,0x90,0x01,0x9A,0x04
32107664,0x3E8,false,0,8,0x05,0x00,0x00,0x00,0x00,0x00,0x00,0x00
32107788,0x3E8,false,0,8,0x06,0x00,0x00,0x00,0x00,0x00,0x00,0x00
32107913,0x3E8,false,0,8,0x07,0x00,0x00,0x00,0x00,0x00,0x07,0x00
32108037,0x3E8,false,0,8,0x08,0x00,0x4F,0x00,0x07,0x00,0x00,0x00
32108162,0x3E8,false,0,8,0x09,0x00,0x00,0x00,0x00,0x00,0x00,0x00
32108286,0x3E8,false,0,8,0x0A,0x00,0x00,0x00,0x00,0x00,0x00,0x00
32108411,0x3E8,false,0,8,0x0B,0x00,0x00,0x00,0x00,0x00,0x00,0x00
32108535,0x3E8,false,0,8,0x0C,0x00,0x00,0x00,0x00,0x00,0x00,0x00
32108668,0x3E8,false,0,8,0x0D,0x00,0x00,0x00,0x05,0x00,0x10,0x00
32156696,0x3E8,false,0,8,0x00,0x00,0x00,0x00,0x66,0x00,0x65,0x00
32156944,0x44C,false,0,8,0x00,0x00,0x19,0x00,0x1A,0x00,0x00,0x00
32157081,0x3E8,false,0,8,0x01,0x00,0xF2,0x03,0x04,0x00,0x00,0x00
32157219,0x44C,false,0,8,0x01,0x00,0x01,0x00,0x00,0x00,0x00,0x00
32157358,0x3E8,false,0,8,0x02,0x00,0x00,0x00,0x00,0x00,0x54,0x00
32157499,0x3E8,false,0,8,0x03,0x00,0x4C,0x00,0x9F,0x04,0x00,0x00
32157624,0x3E8,false,0,8,0x04,0x00,0x00,0x00,0x90,0x01,0x9A,0x04
32157750,0x3E8,false,0,8,0x05,0x00,0x00,0x00,0x00,0x00,0x00,0x00
32157877,0x3E8,false,0,8,0x06,0x00,0x00,0x00,0x00,0x00,0x00,0x00
32158003,0x3E8,false,0,8,0x07,0x00,0x00,0x00,0x00,0x00,0x07,0x00
32158130,0x3E8,false,0,8,0x08,0x00,0x4F,0x00,0x07,0x00,0x00,0x00
32158257,0x3E8,false,0,8,0x09,0x00,0x00,0x00,0x00,0x00,0x00,0x00
32158384,0x3E8,false,0,8,0x0A,0x00,0x00,0x00,0x00,0x00,0x00,0x00
32158510,0x3E8,false,0,8,0x0B,0x00,0x00,0x00,0x00,0x00,0x00,0x00
32158641,0x3E8,false,0,8,0x0C,0x00,0x00,0x00,0x00,0x00,0x00,0x00
32158767,0x3E8,false,0,8,0x0D,0x00,0x00,0x00,0x05,0x00,0x10,0x00
32206660,0x3E8,false,0,8,0x00,0x00,0x00,0x00,0x66,0x00,0x65,0x00
32206890,0x44C,false,0,8,0x00,0x00,0x19,0x00,0x1A,0x00,0x00,0x00
32207025,0x3E8,false,0,8,0x01,0x00,0xF2,0x03,0x04,0x00,0x00,0x00
32207164,0x44C,false,0,8,0x01,0x00,0x01,0x00,0x00,0x00,0x00,0x00
32207300,0x3E8,false,0,8,0x02,0x00,0x00,0x00,0x00,0x00,0x54,0x00
32207437,0x3E8,false,0,8,0x03,0x00,0x4C,0x00,0x9F,0x04,0x00,0x00
32207574,0x3E8,false,0,8,0x04,0x00,0x00,0x00,0x90,0x01,0x9A,0x04
32207710,0x3E8,false,0,8,0x05,0x00,0x00,0x00,0x00,0x00,0x00,0x00
32207835,0x3E8,false,0,8,0x06,0x00,0x00,0x00,0x00,0x00,0x00,0x00
32207960,0x3E8,false,0,8,0x07,0x00,0x00,0x00,0x00,0x00,0x07,0x00
32208085,0x3E8,false,0,8,0x08,0x00,0x4F,0x00,0x07,0x00,0x00,0x00
32208210,0x3E8,false,0,8,0x09,0x00,0x00,0x00,0x00,0x00,0x00,0x00
32208335,0x3E8,false,0,8,0x0A,0x00,0x00,0x00,0x00,0x00,0x00,0x00
32208460,0x3E8,false,0,8,0x0B,0x00,0x00,0x00,0x00,0x00,0x00,0x00
32208585,0x3E8,false,0,8,0x0C,0x00,0x00,0x00,0x00,0x00,0x00,0x00
32220307,0x3E8,false,0,8,0x0D,0x00,0x00,0x00,0x05,0x00,0x10,0x00
32256661,0x3E8,false,0,8,0x00,0x00,0x00,0x00,0x66,0x00,0x65,0x00
32256880,0x44C,false,0,8,0x00,0x00,0x19,0x00,0x1A,0x00,0x00,0x00
32257004,0x3E8,false,0,8,0x01,0x00,0xF2,0x03,0x04,0x00,0x00,0x00
32257128,0x44C,false,0,8,0x01,0x00,0x01,0x00,0x00,0x00,0x00,0x00
32257253,0x3E8,false,0,8,0x02,0x00,0x00,0x00,0x00,0x00,0x54,0x00
32257391,0x3E8,false,0,8,0x03,0x00,0x4C,0x00,0x9F,0x04,0x00,0x00
32257526,0x3E8,false,0,8,0x04,0x00,0x00,0x00,0x90,0x01,0x9A,0x04
32257667,0x3E8,false,0,8,0x05,0x00,0x00,0x00,0x00,0x00,0x00,0x00
32257803,0x3E8,false,0,8,0x06,0x00,0x00,0x00,0x00,0x00,0x00,0x00
32257939,0x3E8,false,0,8,0x07,0x00,0x00,0x00,0x00,0x00,0x07,0x00
32258074,0x3E8,false,0,8,0x08,0x00,0x4F,0x00,0x07,0x00,0x00,0x00
32258209,0x3E8,false,0,8,0x09,0x00,0x00,0x00,0x00,0x00,0x00,0x00
32258333,0x3E8,false,0,8,0x0A,0x00,0x00,0x00,0x00,0x00,0x00,0x00
32258458,0x3E8,false,0,8,0x0B,0x00,0x00,0x00,0x00,0x00,0x00,0x00
32258599,0x3E8,false,0,8,0x0C,0x00,0x00,0x00,0x00,0x00,0x00,0x00
32258724,0x3E8,false,0,8,0x0D,0x00,0x00,0x00,0x05,0x00,0x10,0x00
32306659,0x3E8,false,0,8,0x00,0x00,0x00,0x00,0x66,0x00,0x65,0x00
32306907,0x44C,false,0,8,0x00,0x00,0x19,0x00,0x1A,0x00,0x00,0x00
32307031,0x3E8,false,0,8,0x01,0x00,0xF2,0x03,0x04,0x00,0x00,0x00
32307169,0x44C,false,0,8,0x01,0x00,0x01,0x00,0x00,0x00,0x00,0x00
32307294,0x3E8,false,0,8,0x02,0x00,0x00,0x00,0x00,0x00,0x54,0x00
32307430,0x3E8,false,0,8,0x03,0x00,0x4C,0x00,0x9F,0x04,0x00,0x00
32307570,0x3E8,false,0,8,0x04,0x00,0x00,0x00,0x90,0x01,0x9A,0x04
32307706,0x3E8,false,0,8,0x05,0x00,0x00,0x00,0x00,0x00,0x00,0x00
32307843,0x3E8,false,0,8,0x06,0x00,0x00,0x00,0x00,0x00,0x00,0x00
32307981,0x3E8,false,0,8,0x07,0x00,0x00,0x00,0x00,0x00,0x07,0x00
32308118,0x3E8,false,0,8,0x08,0x00,0x4F,0x00,0x07,0x00,0x00,0x00
32308255,0x3E8,false,0,8,0x09,0x00,0x00,0x00,0x00,0x00,0x00,0x00
32308380,0x3E8,false,0,8,0x0A,0x00,0x00,0x00,0x00,0x00,0x00,0x00
32308504,0x3E8,false,0,8,0x0B,0x00,0x00,0x00,0x00,0x00,0x00,0x00
32308633,0x3E8,false,0,8,0x0C,0x00,0x00,0x00,0x00,0x00,0x00,0x00
32308758,0x3E8,false,0,8,0x0D,0x00,0x00,0x00,0x05,0x00,0x10,0x00
32356674,0x3E8,false,0,8,0x00,0x00,0x00,0x00,0x66,0x00,0x65,0x00
32356922,0x44C,false,0,8,0x00,0x00,0x19,0x00,0x1A,0x00,0x00,0x00
32357059,0x3E8,false,0,8,0x01,0x00,0xF2,0x03,0x04,0x00,0x00,0x00
32357184,0x44C,false,0,8,0x01,0x00,0x01,0x00,0x00,0x00,0x00,0x00
32357320,0x3E8,false,0,8,0x02,0x00,0x00,0x00,0x00,0x00,0x54,0x00
32357458,0x3E8,false,0,8,0x03,0x00,0x4C,0x00,0x9F,0x04,0x00,0x00
32357596,0x3E8,false,0,8,0x04,0x00,0x00,0x00,0x90,0x01,0x9A,0x04
32357734,0x3E8,false,0,8,0x05,0x00,0x00,0x00,0x00,0x00,0x00,0x00
32357871,0x3E8,false,0,8,0x06,0x00,0x00,0x00,0x00,0x00,0x00,0x00
32358008,0x3E8,false,0,8,0x07,0x00,0x00,0x00,0x00,0x00,0x07,0x00
32358145,0x3E8,false,0,8,0x08,0x00,0x4F,0x00,0x07,0x00,0x00,0x00
32358283,0x3E8,false,0,8,0x09,0x00,0x00,0x00,0x00,0x00,0x00,0x00
32358408,0x3E8,false,0,8,0x0A,0x00,0x00,0x00,0x00,0x00,0x00,0x00
32358534,0x3E8,false,0,8,0x0B,0x00,0x00,0x00,0x00,0x00,0x00,0x00
32358664,0x3E8,false,0,8,0x0C,0x00,0x00,0x00,0x00,0x00,0x00,0x00
32358790,0x3E8,false,0,8,0x0D,0x00,0x00,0x00,0x05,0x00,0x10,0x00
32406672,0x3E8,false,0,8,0x00,0x00,0x00,0x00,0x66,0x00,0x65,0x00
32406920,0x44C,false,0,8,0x00,0x00,0x19,0x00,0x1A,0x00,0x00,0x00
32407057,0x3E8,false,0,8,0x01,0x00,0xF2,0x03,0x04,0x00,0x00,0x00
32407181,0x44C,false,0,8,0x01,0x00,0x01,0x00,0x00,0x00,0x00,0x00
32407317,0x3E8,false,0,8,0x02,0x00,0x00,0x00,0x00,0x00,0x54,0x00
32407442,0x3E8,false,0,8,0x03,0x00,0x4C,0x00,0x9F,0x04,0x00,0x00
32407583,0x3E8,false,0,8,0x04,0x00,0x00,0x00,0x90,0x01,0x9A,0x04
32407720,0x3E8,false,0,8,0x05,0x00,0x00,0x00,0x00,0x00,0x00,0x00
32407855,0x3E8,false,0,8,0x06,0x00,0x00,0x00,0x00,0x00,0x00,0x00
32407993,0x3E8,false,0,8,0x07,0x00,0x00,0x00,0x00,0x00,0x07,0x00
32408132,0x3E8,false,0,8,0x08,0x00,0x4F,0x00,0x07,0x00,0x00,0x00
32408268,0x3E8,false,0,8,0x09,0x00,0x00,0x00,0x00,0x00,0x00,0x00
32408404,0x3E8,false,0,8,0x0A,0x00,0x00,0x00,0x00,0x00,0x00,0x00
32408531,0x3E8,false,0,8,0x0B,0x00,0x00,0x00,0x00,0x00,0x00,0x00
32420301,0x3E8,false,0,8,0x0C,0x00,0x00,0x00,0x00,0x00,0x00,0x00
32420432,0x3E8,false,0,8,0x0D,0x00,0x00,0x00,0x05,0x00,0x10,0x00
32456672,0x3E8,false,0,8,0x00,0x00,0x00,0x00,0x66,0x00,0x65,0x00
32456916,0x44C,false,0,8,0x00,0x00,0x19,0x00,0x1A,0x00,0x00,0x00
32457040,0x3E8,false,0,8,0x01,0x00,0xF2,0x03,0x04,0x00,0x00,0x00
32457183,0x44C,false,0,8,0x01,0x00,0x01,0x00,0x00,0x00,0x00,0x00
32457308,0x3E8,false,0,8,0x02,0x00,0x00,0x00,0x00,0x00,0x54,0x00
32457432,0x3E8,false,0,8,0x03,0x00,0x4C,0x00,0x9F,0x04,0x00,0x00
32457556,0x3E8,false,0,8,0x04,0x00,0x00,0x00,0x90,0x01,0x9A,0x04
32457684,0x3E8,false,0,8,0x05,0x00,0x00,0x00,0x00,0x00,0x00,0x00
32460656,0x3E8,false,0,8,0x06,0x00,0x00,0x00,0x00,0x00,0x00,0x00
32460789,0x3E8,false,0,8,0x07,0x00,0x00,0x00,0x00,0x00,0x07,0x00
32460921,0x3E8,false,0,8,0x08,0x00,0x4F,0x00,0x07,0x00,0x00,0x00
32461045,0x3E8,false,0,8,0x09,0x00,0x00,0x00,0x00,0x00,0x00,0x00
32461173,0x3E8,false,0,8,0x0A,0x00,0x00,0x00,0x00,0x00,0x00,0x00
32461299,0x3E8,false,0,8,0x0B,0x00,0x00,0x00,0x00,0x00,0x00,0x00
32461424,0x3E8,false,0,8,0x0C,0x00,0x00,0x00,0x00,0x00,0x00,0x00
32461549,0x3E8,false,0,8,0x0D,0x00,0x00,0x00,0x05,0x00,0x10,0x00
32508667,0x3E8,false,0,8,0x00,0x00,0x00,0x00,0x66,0x00,0x65,0x00
32508899,0x44C,false,0,8,0x00,0x00,0x19,0x00,0x1A,0x00,0x00,0x00
32509034,0x3E8,false,0,8,0x01,0x00,0xF2,0x03,0x04,0x00,0x00,0x00
32509159,0x44C,false,0,8,0x01,0x00,0x01,0x00,0x00,0x00,0x00,0x00
32509283,0x3E8,false,0,8,0x02,0x00,0x00,0x00,0x00,0x00,0x54,0x00
32509407,0x3E8,false,0,8,0x03,0x00,0x4C,0x00,0x9F,0x04,0x00,0x00
32509531,0x3E8,false,0,8,0x04,0x00,0x00,0x00,0x90,0x01,0x9A,0x04
32509656,0x3E8,false,0,8,0x05,0x00,0x00,0x00,0x00,0x00,0x00,0x00
32509780,0x3E8,false,0,8,0x06,0x00,0x00,0x00,0x00,0x00,0x00,0x00
32509905,0x3E8,false,0,8,0x07,0x00,0x00,0x00,0x00,0x00,0x07,0x00
32510029,0x3E8,false,0,8,0x08,0x00,0x4F,0x00,0x07,0x00,0x00,0x00
32510154,0x3E8,false,0,8,0x09,0x00,0x00,0x00,0x00,0x00,0x00,0x00
32510278,0x3E8,false,0,8,0x0A,0x00,0x00,0x00,0x00,0x00,0x00,0x00
32510403,0x3E8,false,0,8,0x0B,0x00,0x00,0x00,0x00,0x00,0x00,0x00
32510527,0x3E8,false,0,8,0x0C,0x00,0x00,0x00,0x00,0x00,0x00,0x00
32510657,0x3E8,false,0,8,0x0D,0x00,0x00,0x00,0x05,0x00,0x10,0x00
32558675,0x3E8,false,0,8,0x00,0x00,0x00,0x00,0x66,0x00,0x65,0x00
32558933,0x44C,false,0,8,0x00,0x00,0x19,0x00,0x1A,0x00,0x00,0x00
32559075,0x3E8,false,0,8,0x01,0x00,0xF2,0x03,0x04,0x00,0x00,0x00
32559204,0x44C,false,0,8,0x01,0x00,0x01,0x00,0x00,0x00,0x00,0x00
32559334,0x3E8,false,0,8,0x02,0x00,0x00,0x00,0x00,0x00,0x54,0x00
32559464,0x3E8,false,0,8,0x03,0x00,0x4C,0x00,0x9F,0x04,0x00,0x00
32559593,0x3E8,false,0,8,0x04,0x00,0x00,0x00,0x90,0x01,0x9A,0x04
32559722,0x3E8,false,0,8,0x05,0x00,0x00,0x00,0x00,0x00,0x00,0x00
32559855,0x3E8,false,0,8,0x06,0x00,0x00,0x00,0x00,0x00,0x00,0x00
32559985,0x3E8,false,0,8,0x07,0x00,0x00,0x00,0x00,0x00,0x07,0x00
32560117,0x3E8,false,0,8,0x08,0x00,0x4F,0x00,0x07,0x00,0x00,0x00
32560247,0x3E8,false,0,8,0x09,0x00,0x00,0x00,0x00,0x00,0x00,0x00
32560378,0x3E8,false,0,8,0x0A,0x00,0x00,0x00,0x00,0x00,0x00,0x00
32560505,0x3E8,false,0,8,0x0B,0x00,0x00,0x00,0x00,0x00,0x00,0x00
32560636,0x3E8,false,0,8,0x0C,0x00,0x00,0x00,0x00,0x00,0x00,0x00
32560762,0x3E8,false,0,8,0x0D,0x00,0x00,0x00,0x05,0x00,0x10,0x00
32608662,0x3E8,false,0,8,0x00,0x00,0x00,0x00,0x66,0x00,0x65,0x00
32608906,0x44C,false,0,8,0x00,0x00,0x19,0x00,0x1A,0x00,0x00,0x00
32609043,0x3E8,false,0,8,0x01,0x00,0xF2,0x03,0x04,0x00,0x00,0x00
32609181,0x44C,false,0,8,0x01,0x00,0x01,0x00,0x00,0x00,0x00,0x00
32609318,0x3E8,false,0,8,0x02,0x00,0x00,0x00,0x00,0x00,0x54,0x00
32609442,0x3E8,false,0,8,0x03,0x00,0x4C,0x00,0x9F,0x04,0x00,0x00
32609567,0x3E8,false,0,8,0x04,0x00,0x00,0x00,0x90,0x01,0x9A,0x04
32609695,0x3E8,false,0,8,0x05,0x00,0x00,0x00,0x00,0x00,0x00,0x00
32609820,0x3E8,false,0,8,0x06,0x00,0x00,0x00,0x00,0x00,0x00,0x00
32609945,0x3E8,false,0,8,0x07,0x00,0x00,0x00,0x00,0x00,0x07,0x00
32610070,0x3E8,false,0,8,0x08,0x00,0x4F,0x00,0x07,0x00,0x00,0x00
32610194,0x3E8,false,0,8,0x09,0x00,0x00,0x00,0x00,0x00,0x00,0x00
32610319,0x3E8,false,0,8,0x0A,0x00,0x00,0x00,0x00,0x00,0x00,0x00
32622042,0x3E8,false,0,8,0x0B,0x00,0x00,0x00,0x00,0x00,0x00,0x00
32622167,0x3E8,false,0,8,0x0C,0x00,0x00,0x00,0x00,0x00,0x00,0x00
32622292,0x3E8,false,0,8,0x0D,0x00,0x00,0x00,0x05,0x00,0x10,0x00
32658660,0x44C,false,0,8,0x00,0x00,0x19,0x00,0x1A,0x00,0x00,0x00
32658874,0x3E8,false,0,8,0x00,0x00,0x00,0x00,0x66,0x00,0x65,0x00
32658998,0x44C,false,0,8,0x01,0x00,0x01,0x00,0x00,0x00,0x00,0x00
32659135,0x3E8,false,0,8,0x01,0x00,0xF2,0x03,0x04,0x00,0x00,0x00
32659271,0x3E8,false,0,8,0x02,0x00,0x00,0x00,0x00,0x00,0x54,0x00
32659408,0x3E8,false,0,8,0x03,0x00,0x4C,0x00,0x9F,0x04,0x00,0x00
32659544,0x3E8,false,0,8,0x04,0x00,0x00,0x00,0x90,0x01,0x9A,0x04
32659682,0x3E8,false,0,8,0x05,0x00,0x00,0x00,0x00,0x00,0x00,0x00
32659817,0x3E8,false,0,8,0x06,0x00,0x00,0x00,0x00,0x00,0x00,0x00
32659952,0x3E8,false,0,8,0x07,0x00,0x00,0x00,0x00,0x00,0x07,0x00
32660076,0x3E8,false,0,8,0x08,0x00,0x4F,0x00,0x07,0x00,0x00,0x00
32660212,0x3E8,false,0,8,0x09,0x00,0x00,0x00,0x00,0x00,0x00,0x00
32660336,0x3E8,false,0,8,0x0A,0x00,0x00,0x00,0x00,0x00,0x00,0x00
32660461,0x3E8,false,0,8,0x0B,0x00,0x00,0x00,0x00,0x00,0x00,0x00
32660586,0x3E8,false,0,8,0x0C,0x00,0x00,0x00,0x00,0x00,0x00,0x00
32660715,0x3E8,false,0,8,0x0D,0x00,0x00,0x00,0x05,0x00,0x10,0x00
32708679,0x3E8,false,0,8,0x00,0x00,0x00,0x00,0x66,0x00,0x65,0x00
32708965,0x44C,false,0,8,0x00,0x00,0x19,0x00,0x1A,0x00,0x00,0x00
32709109,0x3E8,false,0,8,0x01,0x00,0xF2,0x03,0x04,0x00,0x00,0x00
32709251,0x44C,false,0,8,0x01,0x00,0x01,0x00,0x00,0x00,0x00,0x00
32709390,0x3E8,false,0,8,0x02,0x00,0x00,0x00,0x00,0x00,0x54,0x00
32709530,0x3E8,false,0,8,0x03,0x00,0x4C,0x00,0x9F,0x04,0x00,0x00
32709673,0x3E8,false,0,8,0x04,0x00,0x00,0x00,0x90,0x01,0x9A,0x04
32709811,0x3E8,false,0,8,0x05,0x00,0x00,0x00,0x00,0x00,0x00,0x00
32709946,0x3E8,false,0,8,0x06,0x00,0x00,0x00,0x00,0x00,0x00,0x00
32710071,0x3E8,false,0,8,0x07,0x00,0x00,0x00,0x00,0x00,0x07,0x00
32710196,0x3E8,false,0,8,0x08,0x00,0x4F,0x00,0x07,0x00,0x00,0x00
32710321,0x3E8,false,0,8,0x09,0x00,0x00,0x00,0x00,0x00,0x00,0x00
32710446,0x3E8,false,0,8,0x0A,0x00,0x00,0x00,0x00,0x00,0x00,0x00
32710570,0x3E8,false,0,8,0x0B,0x00,0x00,0x00,0x00,0x00,0x00,0x00
32710700,0x3E8,false,0,8,0x0C,0x00,0x00,0x00,0x00,0x00,0x00,0x00
32710824,0x3E8,false,0,8,0x0D,0x00,0x00,0x00,0x05,0x00,0x10,0x00
32758671,0x3E8,false,0,8,0x00,0x00,0x00,0x00,0x66,0x00,0x65,0x00
32758911,0x44C,false,0,8,0x00,0x00,0x19,0x00,0x1A,0x00,0x00,0x00
32759049,0x3E8,false,0,8,0x01,0x00,0xF2,0x03,0x04,0x00,0x00,0x00
32759186,0x44C,false,0,8,0x01,0x00,0x01,0x00,0x00,0x00,0x00,0x00
32759323,0x3E8,false,0,8,0x02,0x00,0x00,0x00,0x00,0x00,0x54,0x00
32759459,0x3E8,false,0,8,0x03,0x00,0x4C,0x00,0x9F,0x04,0x00,0x00
32759595,0x3E8,false,0,8,0x04,0x00,0x00,0x00,0x90,0x01,0x9A,0x04
32759729,0x3E8,false,0,8,0x05,0x00,0x00,0x00,0x00,0x00,0x00,0x00
32759871,0x3E8,false,0,8,0x06,0x00,0x00,0x00,0x00,0x00,0x00,0x00
32759996,0x3E8,false,0,8,0x07,0x00,0x00,0x00,0x00,0x00,0x07,0x00
32760120,0x3E8,false,0,8,0x08,0x00,0x4F,0x00,0x07,0x00,0x00,0x00
32760245,0x3E8,false,0,8,0x09,0x00,0x00,0x00,0x00,0x00,0x00,0x00
32760370,0x3E8,false,0,8,0x0A,0x00,0x00,0x00,0x00,0x00,0x00,0x00
32760495,0x3E8,false,0,8,0x0B,0x00,0x00,0x00,0x00,0x00,0x00,0x00
32760625,0x3E8,false,0,8,0x0C,0x00,0x00,0x00,0x00,0x00,0x00,0x00
32760750,0x3E8,false,0,8,0x0D,0x00,0x00,0x00,0x05,0x00,0x10,0x00
32808661,0x3E8,false,0,8,0x00,0x00,0x00,0x00,0x66,0x00,0x65,0x00
32808848,0x44C,false,0,8,0x00,0x00,0x19,0x00,0x1A,0x00,0x00,0x00
32808984,0x3E8,false,0,8,0x01,0x00,0xF2,0x03,0x04,0x00,0x00,0x00
32809110,0x44C,false,0,8,0x01,0x00,0x01,0x00,0x00,0x00,0x00,0x00
32809244,0x3E8,false,0,8,0x02,0x00,0x00,0x00,0x00,0x00,0x54,0x00
32809370,0x3E8,false,0,8,0x03,0x00,0x4C,0x00,0x9F,0x04,0x00,0x00
32809507,0x3E8,false,0,8,0x04,0x00,0x00,0x00,0x90,0x01,0x9A,0x04
32809653,0x3E8,false,0,8,0x05,0x00,0x00,0x00,0x00,0x00,0x00,0x00
32809778,0x3E8,false,0,8,0x06,0x00,0x00,0x00,0x00,0x00,0x00,0x00
32809925,0x3E8,false,0,8,0x07,0x00,0x00,0x00,0x00,0x00,0x07,0x00
32810050,0x3E8,false,0,8,0x08,0x00,0x4F,0x00,0x07,0x00,0x00,0x00
32810188,0x3E8,false,0,8,0x09,0x00,0x00,0x00,0x00,0x00,0x00,0x00
32821793,0x3E8,false,0,8,0x0A,0x00,0x00,0x00,0x00,0x00,0x00,0x00
32821918,0x3E8,false,0,8,0x0B,0x00,0x00,0x00,0x00,0x00,0x00,0x00
32822043,0x3E8,false,0,8,0x0C,0x00,0x00,0x00,0x00,0x00,0x00,0x00
32822167,0x3E8,false,0,8,0x0D,0x00,0x00,0x00,0x05,0x00,0x10,0x00
32858659,0x3E8,false,0,8,0x00,0x00,0x00,0x00,0x66,0x00,0x65,0x00
32858906,0x44C,false,0,8,0x00,0x00,0x19,0x00,0x1A,0x00,0x00,0x00
32859030,0x3E8,false,0,8,0x01,0x00,0xF2,0x03,0x04,0x00,0x00,0x00
32859154,0x44C,false,0,8,0x01,0x00,0x01,0x00,0x00,0x00,0x00,0x00
32859279,0x3E8,false,0,8,0x02,0x00,0x00,0x00,0x00,0x00,0x54,0x00
32859403,0x3E8,false,0,8,0x03,0x00,0x4C,0x00,0x9F,0x04,0x00,0x00
32859527,0x3E8,false,0,8,0x04,0x00,0x00,0x00,0x90,0x01,0x9A,0x04
32859654,0x3E8,false,0,8,0x05,0x00,0x00,0x00,0x00,0x00,0x00,0x00
32859900,0x3E8,false,0,8,0x06,0x00,0x00,0x00,0x00,0x00,0x00,0x00
32860035,0x3E8,false,0,8,0x07,0x00,0x00,0x00,0x00,0x00,0x07,0x00
32860174,0x3E8,false,0,8,0x08,0x00,0x4F,0x00,0x07,0x00,0x00,0x00
32860309,0x3E8,false,0,8,0x09,0x00,0x00,0x00,0x00,0x00,0x00,0x00
32860445,0x3E8,false,0,8,0x0A,0x00,0x00,0x00,0x00,0x00,0x00,0x00
32860582,0x3E8,false,0,8,0x0B,0x00,0x00,0x00,0x00,0x00,0x00,0x00
32860724,0x3E8,false,0,8,0x0C,0x00,0x00,0x00,0x00,0x00,0x00,0x00
32862645,0x3E8,false,0,8,0x0D,0x00,0x00,0x00,0x05,0x00,0x10,0x00
32908688,0x3E8,false,0,8,0x00,0x00,0x00,0x00,0x66,0x00,0x65,0x00
32908966,0x44C,false,0,8,0x00,0x00,0x19,0x00,0x1A,0x00,0x00,0x00
32909110,0x3E8,false,0,8,0x01,0x00,0xF2,0x03,0x04,0x00,0x00,0x00
32909262,0x44C,false,0,8,0x01,0x00,0x01,0x00,0x00,0x00,0x00,0x00
32909410,0x3E8,false,0,8,0x02,0x00,0x00,0x00,0x00,0x00,0x54,0x00
32909543,0x3E8,false,0,8,0x03,0x00,0x4C,0x00,0x9F,0x04,0x00,0x00
32909680,0x3E8,false,0,8,0x04,0x00,0x00,0x00,0x90,0x01,0x9A,0x04
32909805,0x3E8,false,0,8,0x05,0x00,0x00,0x00,0x00,0x00,0x00,0x00
32909950,0x3E8,false,0,8,0x06,0x00,0x00,0x00,0x00,0x00,0x00,0x00
32910090,0x3E8,false,0,8,0x07,0x00,0x00,0x00,0x00,0x00,0x07,0x00
32910226,0x3E8,false,0,8,0x08,0x00,0x4F,0x00,0x07,0x00,0x00,0x00
32910363,0x3E8,false,0,8,0x09,0x00,0x00,0x00,0x00,0x00,0x00,0x00
32910511,0x3E8,false,0,8,0x0A,0x00,0x00,0x00,0x00,0x00,0x00,0x00
32910651,0x3E8,false,0,8,0x0B,0x00,0x00,0x00,0x00,0x00,0x00,0x00
32910776,0x3E8,false,0,8,0x0C,0x00,0x00,0x00,0x00,0x00,0x00,0x00
32910901,0x3E8,false,0,8,0x0D,0x00,0x00,0x00,0x05,0x00,0x10,0x00
32958676,0x3E8,false,0,8,0x00,0x00,0x00,0x00,0x66,0x00,0x65,0x00
32958928,0x44C,false,0,8,0x00,0x00,0x19,0x00,0x1A,0x00,0x00,0x00
32959066,0x3E8,false,0,8,0x01,0x00,0xF2,0x03,0x04,0x00,0x00,0x00
32959204,0x44C,false,0,8,0x01,0x00,0x01,0x00,0x00,0x00,0x00,0x00
32959341,0x3E8,false,0,8,0x02,0x00,0x00,0x00,0x00,0x00,0x54,0x00
32959481,0x3E8,false,0,8,0x03,0x00,0x4C,0x00,0x9F,0x04,0x00,0x00
32964169,0x3E8,false,0,8,0x04,0x00,0x00,0x00,0x90,0x01,0x9A,0x04
32964616,0x3E8,false,0,8,0x05,0x00,0x00,0x00,0x00,0x00,0x00,0x00
32964742,0x3E8,false,0,8,0x06,0x00,0x00,0x00,0x00,0x00,0x00,0x00
32964869,0x3E8,false,0,8,0x07,0x00,0x00,0x00,0x00,0x00,0x07,0x00
32964994,0x3E8,false,0,8,0x08,0x00,0x4F,0x00,0x07,0x00,0x00,0x00
32965126,0x3E8,false,0,8,0x0A,0x00,0x00,0x00,0x00,0x00,0x00,0x00
32965255,0x3E8,false,0,8,0x0B,0x00,0x00,0x00,0x00,0x00,0x00,0x00
32965384,0x3E8,false,0,8,0x0C,0x00,0x00,0x00,0x00,0x00,0x00,0x00
32965511,0x3E8,false,0,8,0x0D,0x00,0x00,0x00,0x05,0x00,0x10,0x00
33008667,0x3E8,false,0,8,0x00,0x00,0x00,0x00,0x66,0x00,0x65,0x00
33008910,0x44C,false,0,8,0x00,0x00,0x19,0x00,0x1A,0x00,0x00,0x00
33009047,0x3E8,false,0,8,0x01,0x00,0xF2,0x03,0x04,0x00,0x00,0x00
33009184,0x44C,false,0,8,0x01,0x00,0x01,0x00,0x00,0x00,0x00,0x00
33009321,0x3E8,false,0,8,0x02,0x00,0x00,0x00,0x00,0x00,0x54,0x00
33009458,0x3E8,false,0,8,0x03,0x00,0x4C,0x00,0x9F,0x04,0x00,0x00
33009597,0x3E8,false,0,8,0x04,0x00,0x00,0x00,0x90,0x01,0x9A,0x04
33022111,0x3E8,false,0,8,0x05,0x00,0x00,0x00,0x00,0x00,0x00,0x00
33022315,0x3E8,false,0,8,0x06,0x00,0x00,0x00,0x00,0x00,0x00,0x00
33022440,0x3E8,false,0,8,0x07,0x00,0x00,0x00,0x00,0x00,0x07,0x00
33022565,0x3E8,false,0,8,0x08,0x00,0x4F,0x00,0x07,0x00,0x00,0x00
33022693,0x3E8,false,0,8,0x09,0x00,0x00,0x00,0x00,0x00,0x00,0x00
33022818,0x3E8,false,0,8,0x0A,0x00,0x00,0x00,0x00,0x00,0x00,0x00
33022943,0x3E8,false,0,8,0x0B,0x00,0x00,0x00,0x00,0x00,0x00,0x00
33023067,0x3E8,false,0,8,0x0C,0x00,0x00,0x00,0x00,0x00,0x00,0x00
33023192,0x3E8,false,0,8,0x0D,0x00,0x00,0x00,0x05,0x00,0x10,0x00
33060672,0x44C,false,0,8,0x00,0x00,0x19,0x00,0x1A,0x00,0x00,0x00
33060908,0x3E8,false,0,8,0x00,0x00,0x00,0x00,0x66,0x00,0x65,0x00
33061045,0x44C,false,0,8,0x01,0x00,0x01,0x00,0x00,0x00,0x00,0x00
33061183,0x3E8,false,0,8,0x01,0x00,0xF2,0x03,0x04,0x00,0x00,0x00
33061318,0x3E8,false,0,8,0x02,0x00,0x00,0x00,0x00,0x00,0x54,0x00
33061455,0x3E8,false,0,8,0x03,0x00,0x4C,0x00,0x9F,0x04,0x00,0x00
33061591,0x3E8,false,0,8,0x04,0x00,0x00,0x00,0x90,0x01,0x9A,0x04
33061715,0x3E8,false,0,8,0x05,0x00,0x00,0x00,0x00,0x00,0x00,0x00
33061850,0x3E8,false,0,8,0x06,0x00,0x00,0x00,0x00,0x00,0x00,0x00
33061980,0x3E8,false,0,8,0x07,0x00,0x00,0x00,0x00,0x00,0x07,0x00
33062104,0x3E8,false,0,8,0x08,0x00,0x4F,0x00,0x07,0x00,0x00,0x00
33062229,0x3E8,false,0,8,0x09,0x00,0x00,0x00,0x00,0x00,0x00,0x00
33062353,0x3E8,false,0,8,0x0A,0x00,0x00,0x00,0x00,0x00,0x00,0x00
33062478,0x3E8,false,0,8,0x0B,0x00,0x00,0x00,0x00,0x00,0x00,0x00
33062607,0x3E8,false,0,8,0x0C,0x00,0x00,0x00,0x00,0x00,0x00,0x00
33062732,0x3E8,false,0,8,0x0D,0x00,0x00,0x00,0x05,0x00,0x10,0x00
33110669,0x3E8,false,0,8,0x00,0x00,0x00,0x00,0x66,0x00,0x65,0x00
33110907,0x44C,false,0,8,0x00,0x00,0x19,0x00,0x1A,0x00,0x00,0x00
33111044,0x3E8,false,0,8,0x01,0x00,0xF2,0x03,0x04,0x00,0x00,0x00
33111178,0x44C,false,0,8,0x01,0x00,0x01,0x00,0x00,0x00,0x00,0x00
33111313,0x3E8,false,0,8,0x02,0x00,0x00,0x00,0x00,0x00,0x54,0x00
33111448,0x3E8,false,0,8,0x03,0x00,0x4C,0x00,0x9F,0x04,0x00,0x00
33111585,0x3E8,false,0,8,0x04,0x00,0x00,0x00,0x90,0x01,0x9A,0x04
33111709,0x3E8,false,0,8,0x05,0x00,0x00,0x00,0x00,0x00,0x00,0x00
33111833,0x3E8,false,0,8,0x06,0x00,0x00,0x00,0x00,0x00,0x00,0x00
33111958,0x3E8,false,0,8,0x07,0x00,0x00,0x00,0x00,0x00,0x07,0x00
33112083,0x3E8,false,0,8,0x08,0x00,0x4F,0x00,0x07,0x00,0x00,0x00
33112207,0x3E8,false,0,8,0x09,0x00,0x00,0x00,0x00,0x00,0x00,0x00
33112331,0x3E8,false,0,8,0x0A,0x00,0x00,0x00,0x00,0x00,0x00,0x00
33112456,0x3E8,false,0,8,0x0B,0x00,0x00,0x00,0x00,0x00,0x00,0x00
33112581,0x3E8,false,0,8,0x0C,0x00,0x00,0x00,0x00,0x00,0x00,0x00
33112709,0x3E8,false,0,8,0x0D,0x00,0x00,0x00,0x05,0x00,0x10,0x00
33160669,0x3E8,false,0,8,0x00,0x00,0x00,0x00,0x66,0x00,0x65,0x00
33160913,0x44C,false,0,8,0x00,0x00,0x19,0x00,0x1A,0x00,0x00,0x00
33161051,0x3E8,false,0,8,0x01,0x00,0xF2,0x03,0x04,0x00,0x00,0x00
33161187,0x44C,false,0,8,0x01,0x00,0x01,0x00,0x00,0x00,0x00,0x00
33161313,0x3E8,false,0,8,0x02,0x00,0x00,0x00,0x00,0x00,0x54,0x00
33161453,0x3E8,false,0,8,0x03,0x00,0x4C,0x00,0x9F,0x04,0x00,0x00
33161595,0x3E8,false,0,8,0x04,0x00,0x00,0x00,0x90,0x01,0x9A,0x04
33161729,0x3E8,false,0,8,0x05,0x00,0x00,0x00,0x00,0x00,0x00,0x00
33161862,0x3E8,false,0,8,0x06,0x00,0x00,0x00,0x00,0x00,0x00,0x00
33162003,0x3E8,false,0,8,0x07,0x00,0x00,0x00,0x00,0x00,0x07,0x00
33162145,0x3E8,false,0,8,0x08,0x00,0x4F,0x00,0x07,0x00,0x00,0x00
33162281,0x3E8,false,0,8,0x09,0x00,0x00,0x00,0x00,0x00,0x00,0x00
33162415,0x3E8,false,0,8,0x0A,0x00,0x00,0x00,0x00,0x00,0x00,0x00
33162544,0x3E8,false,0,8,0x0B,0x00,0x00,0x00,0x00,0x00,0x00,0x00
33162681,0x3E8,false,0,8,0x0C,0x00,0x00,0x00,0x00,0x00,0x00,0x00
33162813,0x3E8,false,0,8,0x0D,0x00,0x00,0x00,0x05,0x00,0x10,0x00
33210669,0x3E8,false,0,8,0x00,0x00,0x00,0x00,0x66,0x00,0x65,0x00
33210913,0x44C,false,0,8,0x00,0x00,0x19,0x00,0x1A,0x00,0x00,0x00
33211054,0x3E8,false,0,8,0x01,0x00,0xF2,0x03,0x04,0x00,0x00,0x00
33211197,0x44C,false,0,8,0x01,0x00,0x01,0x00,0x00,0x00,0x00,0x00
33211340,0x3E8,false,0,8,0x02,0x00,0x00,0x00,0x00,0x00,0x54,0x00
33211476,0x3E8,false,0,8,0x03,0x00,0x4C,0x00,0x9F,0x04,0x00,0x00
33211615,0x3E8,false,0,8,0x04,0x00,0x00,0x00,0x90,0x01,0x9A,0x04
33225846,0x3E8,false,0,8,0x06,0x00,0x00,0x00,0x00,0x00,0x00,0x00
33225975,0x3E8,false,0,8,0x07,0x00,0x00,0x00,0x00,0x00,0x07,0x00
33226100,0x3E8,false,0,8,0x08,0x00,0x4F,0x00,0x07,0x00,0x00,0x00
33226224,0x3E8,false,0,8,0x09,0x00,0x00,0x00,0x00,0x00,0x00,0x00
33226348,0x3E8,false,0,8,0x0A,0x00,0x00,0x00,0x00,0x00,0x00,0x00
33226473,0x3E8,false,0,8,0x0B,0x00,0x00,0x00,0x00,0x00,0x00,0x00
33226602,0x3E8,false,0,8,0x0C,0x00,0x00,0x00,0x00,0x00,0x00,0x00
33226727,0x3E8,false,0,8,0x0D,0x00,0x00,0x00,0x05,0x00,0x10,0x00
33260659,0x3E8,false,0,8,0x00,0x00,0x00,0x00,0x66,0x00,0x65,0x00
33260874,0x44C,false,0,8,0x00,0x00,0x19,0x00,0x1A,0x00,0x00,0x00
33260998,0x3E8,false,0,8,0x01,0x00,0xF2,0x03,0x04,0x00,0x00,0x00
33261122,0x44C,false,0,8,0x01,0x00,0x01,0x00,0x00,0x00,0x00,0x00
33261247,0x3E8,false,0,8,0x02,0x00,0x00,0x00,0x00,0x00,0x54,0x00
33261371,0x3E8,false,0,8,0x03,0x00,0x4C,0x00,0x9F,0x04,0x00,0x00
33261506,0x3E8,false,0,8,0x04,0x00,0x00,0x00,0x90,0x01,0x9A,0x04
33261643,0x3E8,false,0,8,0x05,0x00,0x00,0x00,0x00,0x00,0x00,0x00
33261779,0x3E8,false,0,8,0x06,0x00,0x00,0x00,0x00,0x00,0x00,0x00
33261916,0x3E8,false,0,8,0x07,0x00,0x00,0x00,0x00,0x00,0x07,0x00
33262052,0x3E8,false,0,8,0x08,0x00,0x4F,0x00,0x07,0x00,0x00,0x00
33262188,0x3E8,false,0,8,0x09,0x00,0x00,0x00,0x00,0x00,0x00,0x00
33262322,0x3E8,false,0,8,0x0A,0x00,0x00,0x00,0x00,0x00,0x00,0x00
33262447,0x3E8,false,0,8,0x0B,0x00,0x00,0x00,0x00,0x00,0x00,0x00
33262572,0x3E8,false,0,8,0x0C,0x00,0x00,0x00,0x00,0x00,0x00,0x00
33262715,0x3E8,false,0,8,0x0D,0x00,0x00,0x00,0x05,0x00,0x10,0x00
33310668,0x3E8,false,0,8,0x00,0x00,0x00,0x00,0x66,0x00,0x65,0x00
33310905,0x44C,false,0,8,0x00,0x00,0x19,0x00,0x1A,0x00,0x00,0x00
33311039,0x3E8,false,0,8,0x01,0x00,0xF2,0x03,0x04,0x00,0x00,0x00
33311164,0x44C,false,0,8,0x01,0x00,0x01,0x00,0x00,0x00,0x00,0x00
33311298,0x3E8,false,0,8,0x02,0x00,0x00,0x00,0x00,0x00,0x54,0x00
33311423,0x3E8,false,0,8,0x03,0x00,0x4C,0x00,0x9F,0x04,0x00,0x00
33311562,0x3E8,false,0,8,0x04,0x00,0x00,0x00,0x90,0x01,0x9A,0x04
33311699,0x3E8,false,0,8,0x05,0x00,0x00,0x00,0x00,0x00,0x00,0x00
33311836,0x3E8,false,0,8,0x06,0x00,0x00,0x00,0x00,0x00,0x00,0x00
33311972,0x3E8,false,0,8,0x07,0x00,0x00,0x00,0x00,0x00,0x07,0x00
33312108,0x3E8,false,0,8,0x08,0x00,0x4F,0x00,0x07,0x00,0x00,0x00
33312245,0x3E8,false,0,8,0x09,0x00,0x00,0x00,0x00,0x00,0x00,0x00
33312383,0x3E8,false,0,8,0x0A,0x00,0x00,0x00,0x00,0x00,0x00,0x00
33312507,0x3E8,false,0,8,0x0B,0x00,0x00,0x00,0x00,0x00,0x00,0x00
33312637,0x3E8,false,0,8,0x0C,0x00,0x00,0x00,0x00,0x00,0x00,0x00
33312761,0x3E8,false,0,8,0x0D,0x00,0x00,0x00,0x05,0x00,0x10,0x00
33360688,0x3E8,false,0,8,0x00,0x00,0x00,0x00,0x66,0x00,0x65,0x00
33360944,0x44C,false,0,8,0x00,0x00,0x19,0x00,0x1A,0x00,0x00,0x00
33361089,0x3E8,false,0,8,0x01,0x00,0xF2,0x03,0x04,0x00,0x00,0x00
33361214,0x44C,false,0,8,0x01,0x00,0x01,0x00,0x00,0x00,0x00,0x00
33361351,0x3E8,false,0,8,0x02,0x00,0x00,0x00,0x00,0x00,0x54,0x00
33361488,0x3E8,false,0,8,0x03,0x00,0x4C,0x00,0x9F,0x04,0x00,0x00
33361623,0x3E8,false,0,8,0x04,0x00,0x00,0x00,0x90,0x01,0x9A,0x04
33361767,0x3E8,false,0,8,0x05,0x00,0x00,0x00,0x00,0x00,0x00,0x00
33361904,0x3E8,false,0,8,0x06,0x00,0x00,0x00,0x00,0x00,0x00,0x00
33362039,0x3E8,false,0,8,0x07,0x00,0x00,0x00,0x00,0x00,0x07,0x00
33362174,0x3E8,false,0,8,0x08,0x00,0x4F,0x00,0x07,0x00,0x00,0x00
33362309,0x3E8,false,0,8,0x09,0x00,0x00,0x00,0x00,0x00,0x00,0x00
33362435,0x3E8,false,0,8,0x0A,0x00,0x00,0x00,0x00,0x00,0x00,0x00
33362560,0x3E8,false,0,8,0x0B,0x00,0x00,0x00,0x00,0x00,0x00,0x00
33362689,0x3E8,false,0,8,0x0C,0x00,0x00,0x00,0x00,0x00,0x00,0x00
33362814,0x3E8,false,0,8,0x0D,0x00,0x00,0x00,0x05,0x00,0x10,0x00
33410669,0x3E8,false,0,8,0x00,0x00,0x00,0x00,0x66,0x00,0x65,0x00
33410923,0x44C,false,0,8,0x00,0x00,0x19,0x00,0x1A,0x00,0x00,0x00
33411060,0x3E8,false,0,8,0x01,0x00,0xF2,0x03,0x04,0x00,0x00,0x00
33411199,0x44C,false,0,8,0x01,0x00,0x01,0x00,0x00,0x00,0x00,0x00
33411325,0x3E8,false,0,8,0x02,0x00,0x00,0x00,0x00,0x00,0x54,0x00
33411463,0x3E8,false,0,8,0x03,0x00,0x4C,0x00,0x9F,0x04,0x00,0x00
33411588,0x3E8,false,0,8,0x04,0x00,0x00,0x00,0x90,0x01,0x9A,0x04
33425446,0x3E8,false,0,8,0x05,0x00,0x00,0x00,0x00,0x00,0x00,0x00
33425580,0x3E8,false,0,8,0x06,0x00,0x00,0x00,0x00,0x00,0x00,0x00
33425706,0x3E8,false,0,8,0x07,0x00,0x00,0x00,0x00,0x00,0x07,0x00
33425831,0x3E8,false,0,8,0x08,0x00,0x4F,0x00,0x07,0x00,0x00,0x00
33425955,0x3E8,false,0,8,0x09,0x00,0x00,0x00,0x00,0x00,0x00,0x00
33426079,0x3E8,false,0,8,0x0A,0x00,0x00,0x00,0x00,0x00,0x00,0x00
33426204,0x3E8,false,0,8,0x0B,0x00,0x00,0x00,0x00,0x00,0x00,0x00
33426328,0x3E8,false,0,8,0x0C,0x00,0x00,0x00,0x00,0x00,0x00,0x00
33426453,0x3E8,false,0,8,0x0D,0x00,0x00,0x00,0x05,0x00,0x10,0x00
33460675,0x3E8,false,0,8,0x00,0x00,0x00,0x00,0x66,0x00,0x65,0x00
33460908,0x44C,false,0,8,0x00,0x00,0x19,0x00,0x1A,0x00,0x00,0x00
33461044,0x3E8,false,0,8,0x01,0x00,0xF2,0x03,0x04,0x00,0x00,0x00
33461181,0x44C,false,0,8,0x01,0x00,0x01,0x00,0x00,0x00,0x00,0x00
33461317,0x3E8,false,0,8,0x02,0x00,0x00,0x00,0x00,0x00,0x54,0x00
33461441,0x3E8,false,0,8,0x03,0x00,0x4C,0x00,0x9F,0x04,0x00,0x00
33461565,0x3E8,false,0,8,0x04,0x00,0x00,0x00,0x90,0x01,0x9A,0x04
33461690,0x3E8,false,0,8,0x05,0x00,0x00,0x00,0x00,0x00,0x00,0x00
33464656,0x3E8,false,0,8,0x06,0x00,0x00,0x00,0x00,0x00,0x00,0x00
33464793,0x3E8,false,0,8,0x07,0x00,0x00,0x00,0x00,0x00,0x07,0x00
33464918,0x3E8,false,0,8,0x08,0x00,0x4F,0x00,0x07,0x00,0x00,0x00
33465042,0x3E8,false,0,8,0x09,0x00,0x00,0x00,0x00,0x00,0x00,0x00
33465167,0x3E8,false,0,8,0x0A,0x00,0x00,0x00,0x00,0x00,0x00,0x00
33465291,0x3E8,false,0,8,0x0B,0x00,0x00,0x00,0x00,0x00,0x00,0x00
33465416,0x3E8,false,0,8,0x0C,0x00,0x00,0x00,0x00,0x00,0x00,0x00
33465542,0x3E8,false,0,8,0x0D,0x00,0x00,0x00,0x05,0x00,0x10,0x00
33512662,0x3E8,false,0,8,0x00,0x00,0x00,0x00,0x66,0x00,0x65,0x00
33512905,0x44C,false,0,8,0x00,0x00,0x19,0x00,0x1A,0x00,0x00,0x00
33513041,0x3E8,false,0,8,0x01,0x00,0xF2,0x03,0x04,0x00,0x00,0x00
33513183,0x44C,false,0,8,0x01,0x00,0x01,0x00,0x00,0x00,0x00,0x00
33513307,0x3E8,false,0,8,0x02,0x00,0x00,0x00,0x00,0x00,0x54,0x00
33513432,0x3E8,false,0,8,0x03,0x00,0x4C,0x00,0x9F,0x04,0x00,0x00
33513556,0x3E8,false,0,8,0x04,0x00,0x00,0x00,0x90,0x01,0x9A,0x04
33513680,0x3E8,false,0,8,0x05,0x00,0x00,0x00,0x00,0x00,0x00,0x00
33513806,0x3E8,false,0,8,0x06,0x00,0x00,0x00,0x00,0x00,0x00,0x00
33513931,0x3E8,false,0,8,0x07,0x00,0x00,0x00,0x00,0x00,0x07,0x00
33514055,0x3E8,false,0,8,0x08,0x00,0x4F,0x00,0x07,0x00,0x00,0x00
33514180,0x3E8,false,0,8,0x09,0x00,0x00,0x00,0x00,0x00,0x00,0x00
33514304,0x3E8,false,0,8,0x0A,0x00,0x00,0x00,0x00,0x00,0x00,0x00
33514429,0x3E8,false,0,8,0x0B,0x00,0x00,0x00,0x00,0x00,0x00,0x00
33514554,0x3E8,false,0,8,0x0C,0x00,0x00,0x00,0x00,0x00,0x00,0x00
33514684,0x3E8,false,0,8,0x0D,0x00,0x00,0x00,0x05,0x00,0x10,0x00
33562669,0x3E8,false,0,8,0x00,0x00,0x00,0x00,0x66,0x00,0x65,0x00
33562910,0x44C,false,0,8,0x00,0x00,0x19,0x00,0x1A,0x00,0x00,0x00
33563045,0x3E8,false,0,8,0x01,0x00,0xF2,0x03,0x04,0x00,0x00,0x00
33563182,0x44C,false,0,8,0x01,0x00,0x01,0x00,0x00,0x00,0x00,0x00
33563307,0x3E8,false,0,8,0x02,0x00,0x00,0x00,0x00,0x00,0x54,0x00
33563432,0x3E8,false,0,8,0x03,0x00,0x4C,0x00,0x9F,0x04,0x00,0x00
33563556,0x3E8,false,0,8,0x04,0x00,0x00,0x00,0x90,0x01,0x9A,0x04
33563681,0x3E8,false,0,8,0x05,0x00,0x00,0x00,0x00,0x00,0x00,0x00
33563806,0x3E8,false,0,8,0x06,0x00,0x00,0x00,0x00,0x00,0x00,0x00
33563930,0x3E8,false,0,8,0x07,0x00,0x00,0x00,0x00,0x00,0x07,0x00
33564055,0x3E8,false,0,8,0x08,0x00,0x4F,0x00,0x07,0x00,0x00,0x00
33564180,0x3E8,false,0,8,0x09,0x00,0x00,0x00,0x00,0x00,0x00,0x00
33564305,0x3E8,false,0,8,0x0A,0x00,0x00,0x00,0x00,0x00,0x00,0x00
33564430,0x3E8,false,0,8,0x0B,0x00,0x00,0x00,0x00,0x00,0x00,0x00
33564555,0x3E8,false,0,8,0x0C,0x00,0x00,0x00,0x00,0x00,0x00,0x00
33564684,0x3E8,false,0,8,0x0D,0x00,0x00,0x00,0x05,0x00,0x10,0x00
33612667,0x44C,false,0,8,0x00,0x00,0x19,0x00,0x1A,0x00,0x00,0x00
33612869,0x3E8,false,0,8,0x00,0x00,0x00,0x00,0x66,0x00,0x65,0x00
33613008,0x44C,false,0,8,0x01,0x00,0x01,0x00,0x00,0x00,0x00,0x00
33613143,0x3E8,false,0,8,0x01,0x00,0xF2,0x03,0x04,0x00,0x00,0x00
33613280,0x3E8,false,0,8,0x02,0x00,0x00,0x00,0x00,0x00,0x54,0x00
33613416,0x3E8,false,0,8,0x03,0x00,0x4C,0x00,0x9F,0x04,0x00,0x00
33625558,0x3E8,false,0,8,0x04,0x00,0x00,0x00,0x90,0x01,0x9A,0x04
33625684,0x3E8,false,0,8,0x05,0x00,0x00,0x00,0x00,0x00,0x00,0x00
33625809,0x3E8,false,0,8,0x06,0x00,0x00,0x00,0x00,0x00,0x00,0x00
33625933,0x3E8,false,0,8,0x07,0x00,0x00,0x00,0x00,0x00,0x07,0x00
33626058,0x3E8,false,0,8,0x08,0x00,0x4F,0x00,0x07,0x00,0x00,0x00
33626182,0x3E8,false,0,8,0x09,0x00,0x00,0x00,0x00,0x00,0x00,0x00
33626307,0x3E8,false,0,8,0x0A,0x00,0x00,0x00,0x00,0x00,0x00,0x00
33626431,0x3E8,false,0,8,0x0B,0x00,0x00,0x00,0x00,0x00,0x00,0x00
33626556,0x3E8,false,0,8,0x0C,0x00,0x00,0x00,0x00,0x00,0x00,0x00
33626685,0x3E8,false,0,8,0x0D,0x00,0x00,0x00,0x05,0x00,0x10,0x00
33662660,0x3E8,false,0,8,0x00,0x00,0x00,0x00,0x66,0x00,0x65,0x00
33662860,0x44C,false,0,8,0x00,0x00,0x19,0x00,0x1A,0x00,0x00,0x00
33662984,0x3E8,false,0,8,0x01,0x00,0xF2,0x03,0x04,0x00,0x00,0x00
33663122,0x44C,false,0,8,0x01,0x00,0x01,0x00,0x00,0x00,0x00,0x00
33663258,0x3E8,false,0,8,0x02,0x00,0x00,0x00,0x00,0x00,0x54,0x00
33663394,0x3E8,false,0,8,0x03,0x00,0x4C,0x00,0x9F,0x04,0x00,0x00
33663529,0x3E8,false,0,8,0x04,0x00,0x00,0x00,0x90,0x01,0x9A,0x04
33663664,0x3E8,false,0,8,0x05,0x00,0x00,0x00,0x00,0x00,0x00,0x00
33663799,0x3E8,false,0,8,0x06,0x00,0x00,0x00,0x00,0x00,0x00,0x00
33663924,0x3E8,false,0,8,0x07,0x00,0x00,0x00,0x00,0x00,0x07,0x00
33664058,0x3E8,false,0,8,0x08,0x00,0x4F,0x00,0x07,0x00,0x00,0x00
33664193,0x3E8,false,0,8,0x09,0x00,0x00,0x00,0x00,0x00,0x00,0x00
33664317,0x3E8,false,0,8,0x0A,0x00,0x00,0x00,0x00,0x00,0x00,0x00
33664442,0x3E8,false,0,8,0x0B,0x00,0x00,0x00,0x00,0x00,0x00,0x00
33664567,0x3E8,false,0,8,0x0C,0x00,0x00,0x00,0x00,0x00,0x00,0x00
33664696,0x3E8,false,0,8,0x0D,0x00,0x00,0x00,0x05,0x00,0x10,0x00
33712659,0x3E8,false,0,8,0x00,0x00,0x00,0x00,0x66,0x00,0x65,0x00
33712893,0x44C,false,0,8,0x00,0x00,0x19,0x00,0x1A,0x00,0x00,0x00
33713017,0x3E8,false,0,8,0x01,0x00,0xF2,0x03,0x04,0x00,0x00,0x00
33713155,0x44C,false,0,8,0x01,0x00,0x01,0x00,0x00,0x00,0x00,0x00
33713291,0x3E8,false,0,8,0x02,0x00,0x00,0x00,0x00,0x00,0x54,0x00
33713428,0x3E8,false,0,8,0x03,0x00,0x4C,0x00,0x9F,0x04,0x00,0x00
33713564,0x3E8,false,0,8,0x04,0x00,0x00,0x00,0x90,0x01,0x9A,0x04
33713707,0x3E8,false,0,8,0x05,0x00,0x00,0x00,0x00,0x00,0x00,0x00
33713844,0x3E8,false,0,8,0x06,0x00,0x00,0x00,0x00,0x00,0x00,0x00
33713981,0x3E8,false,0,8,0x07,0x00,0x00,0x00,0x00,0x00,0x07,0x00
33714106,0x3E8,false,0,8,0x08,0x00,0x4F,0x00,0x07,0x00,0x00,0x00
33714230,0x3E8,false,0,8,0x09,0x00,0x00,0x00,0x00,0x00,0x00,0x00
33714354,0x3E8,false,0,8,0x0A,0x00,0x00,0x00,0x00,0x00,0x00,0x00
33714479,0x3E8,false,0,8,0x0B,0x00,0x00,0x00,0x00,0x00,0x00,0x00
33714609,0x3E8,false,0,8,0x0C,0x00,0x00,0x00,0x00,0x00,0x00,0x00
33714733,0x3E8,false,0,8,0x0D,0x00,0x00,0x00,0x05,0x00,0x10,0x00
33762662,0x3E8,false,0,8,0x00,0x00,0x00,0x00,0x66,0x00,0x65,0x00
33762900,0x44C,false,0,8,0x00,0x00,0x19,0x00,0x1A,0x00,0x00,0x00
33763037,0x3E8,false,0,8,0x01,0x00,0xF2,0x03,0x04,0x00,0x00,0x00
33763175,0x44C,false,0,8,0x01,0x00,0x01,0x00,0x00,0x00,0x00,0x00
33763311,0x3E8,false,0,8,0x02,0x00,0x00,0x00,0x00,0x00,0x54,0x00
33763447,0x3E8,false,0,8,0x03,0x00,0x4C,0x00,0x9F,0x04,0x00,0x00
33763586,0x3E8,false,0,8,0x04,0x00,0x00,0x00,0x90,0x01,0x9A,0x04
33763722,0x3E8,false,0,8,0x05,0x00,0x00,0x00,0x00,0x00,0x00,0x00
33763860,0x3E8,false,0,8,0x06,0x00,0x00,0x00,0x00,0x00,0x00,0x00
33763996,0x3E8,false,0,8,0x07,0x00,0x00,0x00,0x00,0x00,0x07,0x00
33764122,0x3E8,false,0,8,0x08,0x00,0x4F,0x00,0x07,0x00,0x00,0x00
33764248,0x3E8,false,0,8,0x09,0x00,0x00,0x00,0x00,0x00,0x00,0x00
33764374,0x3E8,false,0,8,0x0A,0x00,0x00,0x00,0x00,0x00,0x00,0x00
33764500,0x3E8,false,0,8,0x0B,0x00,0x00,0x00,0x00,0x00,0x00,0x00
33764631,0x3E8,false,0,8,0x0C,0x00,0x00,0x00,0x00,0x00,0x00,0x00
33764757,0x3E8,false,0,8,0x0D,0x00,0x00,0x00,0x05,0x00,0x10,0x00
33812675,0x3E8,false,0,8,0x00,0x00,0x00,0x00,0x66,0x00,0x65,0x00
33812916,0x44C,false,0,8,0x00,0x00,0x19,0x00,0x1A,0x00,0x00,0x00
33813051,0x3E8,false,0,8,0x01,0x00,0xF2,0x03,0x04,0x00,0x00,0x00
33813175,0x44C,false,0,8,0x01,0x00,0x01,0x00,0x00,0x00,0x00,0x00
33813300,0x3E8,false,0,8,0x02,0x00,0x00,0x00,0x00,0x00,0x54,0x00
33825299,0x3E8,false,0,8,0x03,0x00,0x4C,0x00,0x9F,0x04,0x00,0x00
33825435,0x3E8,false,0,8,0x04,0x00,0x00,0x00,0x90,0x01,0x9A,0x04
33825571,0x3E8,false,0,8,0x05,0x00,0x00,0x00,0x00,0x00,0x00,0x00
33825706,0x3E8,false,0,8,0x06,0x00,0x00,0x00,0x00,0x00,0x00,0x00
33825855,0x3E8,false,0,8,0x07,0x00,0x00,0x00,0x00,0x00,0x07,0x00
33826001,0x3E8,false,0,8,0x08,0x00,0x4F,0x00,0x07,0x00,0x00,0x00
33826141,0x3E8,false,0,8,0x09,0x00,0x00,0x00,0x00,0x00,0x00,0x00
33826271,0x3E8,false,0,8,0x0A,0x00,0x00,0x00,0x00,0x00,0x00,0x00
33826397,0x3E8,false,0,8,0x0B,0x00,0x00,0x00,0x00,0x00,0x00,0x00
33826523,0x3E8,false,0,8,0x0C,0x00,0x00,0x00,0x00,0x00,0x00,0x00
33826654,0x3E8,false,0,8,0x0D,0x00,0x00,0x00,0x05,0x00,0x10,0x00
33862677,0x3E8,false,0,8,0x00,0x00,0x00,0x00,0x66,0x00,0x65,0x00
33862928,0x44C,false,0,8,0x00,0x00,0x19,0x00,0x1A,0x00,0x00,0x00
33863052,0x3E8,false,0,8,0x01,0x00,0xF2,0x03,0x04,0x00,0x00,0x00
33863176,0x44C,false,0,8,0x01,0x00,0x01,0x00,0x00,0x00,0x00,0x00
33863301,0x3E8,false,0,8,0x02,0x00,0x00,0x00,0x00,0x00,0x54,0x00
33863425,0x3E8,false,0,8,0x03,0x00,0x4C,0x00,0x9F,0x04,0x00,0x00
33863549,0x3E8,false,0,8,0x04,0x00,0x00,0x00,0x90,0x01,0x9A,0x04
33863674,0x3E8,false,0,8,0x05,0x00,0x00,0x00,0x00,0x00,0x00,0x00
33863942,0x3E8,false,0,8,0x06,0x00,0x00,0x00,0x00,0x00,0x00,0x00
33864078,0x3E8,false,0,8,0x07,0x00,0x00,0x00,0x00,0x00,0x07,0x00
33864215,0x3E8,false,0,8,0x08,0x00,0x4F,0x00,0x07,0x00,0x00,0x00
33864350,0x3E8,false,0,8,0x09,0x00,0x00,0x00,0x00,0x00,0x00,0x00
33864586,0x3E8,false,0,8,0x0A,0x00,0x00,0x00,0x00,0x00,0x00,0x00
33864727,0x3E8,false,0,8,0x0B,0x00,0x00,0x00,0x00,0x00,0x00,0x00
33864864,0x3E8,false,0,8,0x0C,0x00,0x00,0x00,0x00,0x00,0x00,0x00
33866644,0x3E8,false,0,8,0x0D,0x00,0x00,0x00,0x05,0x00,0x10,0x00
33912663,0x3E8,false,0,8,0x00,0x00,0x00,0x00,0x66,0x00,0x65,0x00
33912898,0x44C,false,0,8,0x00,0x00,0x19,0x00,0x1A,0x00,0x00,0x00
33913035,0x3E8,false,0,8,0x01,0x00,0xF2,0x03,0x04,0x00,0x00,0x00
33913171,0x44C,false,0,8,0x01,0x00,0x01,0x00,0x00,0x00,0x00,0x00
33913310,0x3E8,false,0,8,0x02,0x00,0x00,0x00,0x00,0x00,0x54,0x00
33913452,0x3E8,false,0,8,0x03,0x00,0x4C,0x00,0x9F,0x04,0x00,0x00
33913576,0x3E8,false,0,8,0x04,0x00,0x00,0x00,0x90,0x01,0x9A,0x04
33913713,0x3E8,false,0,8,0x05,0x00,0x00,0x00,0x00,0x00,0x00,0x00
33913838,0x3E8,false,0,8,0x06,0x00,0x00,0x00,0x00,0x00,0x00,0x00
33913977,0x3E8,false,0,8,0x07,0x00,0x00,0x00,0x00,0x00,0x07,0x00
33914113,0x3E8,false,0,8,0x08,0x00,0x4F,0x00,0x07,0x00,0x00,0x00
33914250,0x3E8,false,0,8,0x09,0x00,0x00,0x00,0x00,0x00,0x00,0x00
33914387,0x3E8,false,0,8,0x0A,0x00,0x00,0x00,0x00,0x00,0x00,0x00
33914525,0x3E8,false,0,8,0x0B,0x00,0x00,0x00,0x00,0x00,0x00,0x00
33914666,0x3E8,false,0,8,0x0C,0x00,0x00,0x00,0x00,0x00,0x00,0x00
33914803,0x3E8,false,0,8,0x0D,0x00,0x00,0x00,0x05,0x00,0x10,0x00
33962662,0x3E8,false,0,8,0x00,0x00,0x00,0x00,0x66,0x00,0x65,0x00
33962922,0x44C,false,0,8,0x00,0x00,0x19,0x00,0x1A,0x00,0x00,0x00
33963059,0x3E8,false,0,8,0x01,0x00,0xF2,0x03,0x04,0x00,0x00,0x00
33963198,0x44C,false,0,8,0x01,0x00,0x01,0x00,0x00,0x00,0x00,0x00
33963334,0x3E8,false,0,8,0x02,0x00,0x00,0x00,0x00,0x00,0x54,0x00
33963474,0x3E8,false,0,8,0x03,0x00,0x4C,0x00,0x9F,0x04,0x00,0x00
33963609,0x3E8,false,0,8,0x04,0x00,0x00,0x00,0x90,0x01,0x9A,0x04
33963747,0x3E8,false,0,8,0x05,0x00,0x00,0x00,0x00,0x00,0x00,0x00
33963883,0x3E8,false,0,8,0x06,0x00,0x00,0x00,0x00,0x00,0x00,0x00
33964009,0x3E8,false,0,8,0x07,0x00,0x00,0x00,0x00,0x00,0x07,0x00
33964147,0x3E8,false,0,8,0x08,0x00,0x4F,0x00,0x07,0x00,0x00,0x00
33964283,0x3E8,false,0,8,0x09,0x00,0x00,0x00,0x00,0x00,0x00,0x00
33964421,0x3E8,false,0,8,0x0A,0x00,0x00,0x00,0x00,0x00,0x00,0x00
33964559,0x3E8,false,0,8,0x0B,0x00,0x00,0x00,0x00,0x00,0x00,0x00
33964700,0x3E8,false,0,8,0x0C,0x00,0x00,0x00,0x00,0x00,0x00,0x00
33964836,0x3E8,false,0,8,0x0D,0x00,0x00,0x00,0x05,0x00,0x10,0x00
34014660,0x3E8,false,0,8,0x00,0x00,0x00,0x00,0x66,0x00,0x65,0x00
34014908,0x44C,false,0,8,0x00,0x00,0x19,0x00,0x1A,0x00,0x00,0x00
34015048,0x3E8,false,0,8,0x01,0x00,0xF2,0x03,0x04,0x00,0x00,0x00
34015176,0x44C,false,0,8,0x01,0x00,0x01,0x00,0x00,0x00,0x00,0x00
34027026,0x3E8,false,0,8,0x02,0x00,0x00,0x00,0x00,0x00,0x54,0x00
34027157,0x3E8,false,0,8,0x03,0x00,0x4C,0x00,0x9F,0x04,0x00,0x00
34027281,0x3E8,false,0,8,0x04,0x00,0x00,0x00,0x90,0x01,0x9A,0x04
34027405,0x3E8,false,0,8,0x05,0x00,0x00,0x00,0x00,0x00,0x00,0x00
34027530,0x3E8,false,0,8,0x06,0x00,0x00,0x00,0x00,0x00,0x00,0x00
34027655,0x3E8,false,0,8,0x07,0x00,0x00,0x00,0x00,0x00,0x07,0x00
34027779,0x3E8,false,0,8,0x08,0x00,0x4F,0x00,0x07,0x00,0x00,0x00
34027903,0x3E8,false,0,8,0x09,0x00,0x00,0x00,0x00,0x00,0x00,0x00
34028028,0x3E8,false,0,8,0x0A,0x00,0x00,0x00,0x00,0x00,0x00,0x00
34028153,0x3E8,false,0,8,0x0B,0x00,0x00,0x00,0x00,0x00,0x00,0x00
34028277,0x3E8,false,0,8,0x0C,0x00,0x00,0x00,0x00,0x00,0x00,0x00
34028402,0x3E8,false,0,8,0x0D,0x00,0x00,0x00,0x05,0x00,0x10,0x00
34064658,0x3E8,false,0,8,0x00,0x00,0x00,0x00,0x66,0x00,0x65,0x00
34064906,0x44C,false,0,8,0x00,0x00,0x19,0x00,0x1A,0x00,0x00,0x00
34065042,0x3E8,false,0,8,0x01,0x00,0xF2,0x03,0x04,0x00,0x00,0x00
34065178,0x44C,false,0,8,0x01,0x00,0x01,0x00,0x00,0x00,0x00,0x00
34065314,0x3E8,false,0,8,0x02,0x00,0x00,0x00,0x00,0x00,0x54,0x00
34065449,0x3E8,false,0,8,0x03,0x00,0x4C,0x00,0x9F,0x04,0x00,0x00
34065583,0x3E8,false,0,8,0x04,0x00,0x00,0x00,0x90,0x01,0x9A,0x04
34065709,0x3E8,false,0,8,0x05,0x00,0x00,0x00,0x00,0x00,0x00,0x00
34065834,0x3E8,false,0,8,0x06,0x00,0x00,0x00,0x00,0x00,0x00,0x00
34065970,0x3E8,false,0,8,0x07,0x00,0x00,0x00,0x00,0x00,0x07,0x00
34066095,0x3E8,false,0,8,0x08,0x00,0x4F,0x00,0x07,0x00,0x00,0x00
34066219,0x3E8,false,0,8,0x09,0x00,0x00,0x00,0x00,0x00,0x00,0x00
34066344,0x3E8,false,0,8,0x0A,0x00,0x00,0x00,0x00,0x00,0x00,0x00
34066468,0x3E8,false,0,8,0x0B,0x00,0x00,0x00,0x00,0x00,0x00,0x00
34066593,0x3E8,false,0,8,0x0C,0x00,0x00,0x00,0x00,0x00,0x00,0x00
34066722,0x3E8,false,0,8,0x0D,0x00,0x00,0x00,0x05,0x00,0x10,0x00
34114645,0x3E8,false,0,8,0x00,0x00,0x00,0x00,0x66,0x00,0x65,0x00
34114784,0x44C,false,0,8,0x00,0x00,0x19,0x00,0x1A,0x00,0x00,0x00
34114920,0x3E8,false,0,8,0x01,0x00,0xF2,0x03,0x04,0x00,0x00,0x00
34115057,0x44C,false,0,8,0x01,0x00,0x01,0x00,0x00,0x00,0x00,0x00
34115194,0x3E8,false,0,8,0x02,0x00,0x00,0x00,0x00,0x00,0x54,0x00
34115331,0x3E8,false,0,8,0x03,0x00,0x4C,0x00,0x9F,0x04,0x00,0x00
34115469,0x3E8,false,0,8,0x04,0x00,0x00,0x00,0x90,0x01,0x9A,0x04
34115605,0x3E8,false,0,8,0x05,0x00,0x00,0x00,0x00,0x00,0x00,0x00
34115730,0x3E8,false,0,8,0x06,0x00,0x00,0x00,0x00,0x00,0x00,0x00
34115854,0x3E8,false,0,8,0x07,0x00,0x00,0x00,0x00,0x00,0x07,0x00
34115979,0x3E8,false,0,8,0x08,0x00,0x4F,0x00,0x07,0x00,0x00,0x00
34116103,0x3E8,false,0,8,0x09,0x00,0x00,0x00,0x00,0x00,0x00,0x00
34116228,0x3E8,false,0,8,0x0A,0x00,0x00,0x00,0x00,0x00,0x00,0x00
34116352,0x3E8,false,0,8,0x0B,0x00,0x00,0x00,0x00,0x00,0x00,0x00
34116477,0x3E8,false,0,8,0x0C,0x00,0x00,0x00,0x00,0x00,0x00,0x00
34116606,0x3E8,false,0,8,0x0D,0x00,0x00,0x00,0x05,0x00,0x10,0x00
34164661,0x3E8,false,0,8,0x00,0x00,0x00,0x00,0x66,0x00,0x65,0x00
34164913,0x44C,false,0,8,0x00,0x00,0x19,0x00,0x1A,0x00,0x00,0x00
34165051,0x3E8,false,0,8,0x01,0x00,0xF2,0x03,0x04,0x00,0x00,0x00
34165189,0x44C,false,0,8,0x01,0x00,0x01,0x00,0x00,0x00,0x00,0x00
34165325,0x3E8,false,0,8,0x02,0x00,0x00,0x00,0x00,0x00,0x54,0x00
34165462,0x3E8,false,0,8,0x03,0x00,0x4C,0x00,0x9F,0x04,0x00,0x00
34165600,0x3E8,false,0,8,0x04,0x00,0x00,0x00,0x90,0x01,0x9A,0x04
34165725,0x3E8,false,0,8,0x05,0x00,0x00,0x00,0x00,0x00,0x00,0x00
34165851,0x3E8,false,0,8,0x06,0x00,0x00,0x00,0x00,0x00,0x00,0x00
34165977,0x3E8,false,0,8,0x07,0x00,0x00,0x00,0x00,0x00,0x07,0x00
34166103,0x3E8,false,0,8,0x08,0x00,0x4F,0x00,0x07,0x00,0x00,0x00
34166228,0x3E8,false,0,8,0x09,0x00,0x00,0x00,0x00,0x00,0x00,0x00
34166354,0x3E8,false,0,8,0x0A,0x00,0x00,0x00,0x00,0x00,0x00,0x00
34166480,0x3E8,false,0,8,0x0B,0x00,0x00,0x00,0x00,0x00,0x00,0x00
34166611,0x3E8,false,0,8,0x0C,0x00,0x00,0x00,0x00,0x00,0x00,0x00
34166737,0x3E8,false,0,8,0x0D,0x00,0x00,0x00,0x05,0x00,0x10,0x00
34214662,0x3E8,false,0,8,0x00,0x00,0x00,0x00,0x66,0x00,0x65,0x00
34214899,0x44C,false,0,8,0x00,0x00,0x19,0x00,0x1A,0x00,0x00,0x00
34215035,0x3E8,false,0,8,0x01,0x00,0xF2,0x03,0x04,0x00,0x00,0x00
34226971,0x44C,false,0,8,0x01,0x00,0x01,0x00,0x00,0x00,0x00,0x00
34227104,0x3E8,false,0,8,0x02,0x00,0x00,0x00,0x00,0x00,0x54,0x00
34227228,0x3E8,false,0,8,0x03,0x00,0x4C,0x00,0x9F,0x04,0x00,0x00
34227353,0x3E8,false,0,8,0x04,0x00,0x00,0x00,0x90,0x01,0x9A,0x04
34227481,0x3E8,false,0,8,0x05,0x00,0x00,0x00,0x00,0x00,0x00,0x00
34227606,0x3E8,false,0,8,0x06,0x00,0x00,0x00,0x00,0x00,0x00,0x00
34227731,0x3E8,false,0,8,0x07,0x00,0x00,0x00,0x00,0x00,0x07,0x00
34227855,0x3E8,false,0,8,0x08,0x00,0x4F,0x00,0x07,0x00,0x00,0x00
34227979,0x3E8,false,0,8,0x09,0x00,0x00,0x00,0x00,0x00,0x00,0x00
34228112,0x3E8,false,0,8,0x0A,0x00,0x00,0x00,0x00,0x00,0x00,0x00
34228237,0x3E8,false,0,8,0x0B,0x00,0x00,0x00,0x00,0x00,0x00,0x00
34228361,0x3E8,false,0,8,0x0C,0x00,0x00,0x00,0x00,0x00,0x00,0x00
34228488,0x3E8,false,0,8,0x0D,0x00,0x00,0x00,0x05,0x00,0x10,0x00
34264662,0x44C,false,0,8,0x00,0x00,0x19,0x00,0x1A,0x00,0x00,0x00
34264880,0x3E8,false,0,8,0x00,0x00,0x00,0x00,0x66,0x00,0x65,0x00
34265004,0x44C,false,0,8,0x01,0x00,0x01,0x00,0x00,0x00,0x00,0x00
34265129,0x3E8,false,0,8,0x01,0x00,0xF2,0x03,0x04,0x00,0x00,0x00
34265253,0x3E8,false,0,8,0x02,0x00,0x00,0x00,0x00,0x00,0x54,0x00
34265378,0x3E8,false,0,8,0x03,0x00,0x4C,0x00,0x9F,0x04,0x00,0x00
34265502,0x3E8,false,0,8,0x04,0x00,0x00,0x00,0x90,0x01,0x9A,0x04
34265644,0x3E8,false,0,8,0x05,0x00,0x00,0x00,0x00,0x00,0x00,0x00
34265782,0x3E8,false,0,8,0x06,0x00,0x00,0x00,0x00,0x00,0x00,0x00
34265919,0x3E8,false,0,8,0x07,0x00,0x00,0x00,0x00,0x00,0x07,0x00
34266055,0x3E8,false,0,8,0x08,0x00,0x4F,0x00,0x07,0x00,0x00,0x00
34266191,0x3E8,false,0,8,0x09,0x00,0x00,0x00,0x00,0x00,0x00,0x00
34266328,0x3E8,false,0,8,0x0A,0x00,0x00,0x00,0x00,0x00,0x00,0x00
34266465,0x3E8,false,0,8,0x0B,0x00,0x00,0x00,0x00,0x00,0x00,0x00
34266589,0x3E8,false,0,8,0x0C,0x00,0x00,0x00,0x00,0x00,0x00,0x00
34266835,0x3E8,false,0,8,0x0D,0x00,0x00,0x00,0x05,0x00,0x10,0x00
34314655,0x3E8,false,0,8,0x00,0x00,0x00,0x00,0x66,0x00,0x65,0x00
34314797,0x44C,false,0,8,0x00,0x00,0x19,0x00,0x1A,0x00,0x00,0x00
34314933,0x3E8,false,0,8,0x01,0x00,0xF2,0x03,0x04,0x00,0x00,0x00
34315068,0x44C,false,0,8,0x01,0x00,0x01,0x00,0x00,0x00,0x00,0x00
34315193,0x3E8,false,0,8,0x02,0x00,0x00,0x00,0x00,0x00,0x54,0x00
34315329,0x3E8,false,0,8,0x03,0x00,0x4C,0x00,0x9F,0x04,0x00,0x00
34315453,0x3E8,false,0,8,0x04,0x00,0x00,0x00,0x90,0x01,0x9A,0x04
34315593,0x3E8,false,0,8,0x05,0x00,0x00,0x00,0x00,0x00,0x00,0x00
34315730,0x3E8,false,0,8,0x06,0x00,0x00,0x00,0x00,0x00,0x00,0x00
34315867,0x3E8,false,0,8,0x07,0x00,0x00,0x00,0x00,0x00,0x07,0x00
34316004,0x3E8,false,0,8,0x08,0x00,0x4F,0x00,0x07,0x00,0x00,0x00
34316140,0x3E8,false,0,8,0x09,0x00,0x00,0x00,0x00,0x00,0x00,0x00
34316281,0x3E8,false,0,8,0x0A,0x00,0x00,0x00,0x00,0x00,0x00,0x00
34316418,0x3E8,false,0,8,0x0B,0x00,0x00,0x00,0x00,0x00,0x00,0x00
34316543,0x3E8,false,0,8,0x0C,0x00,0x00,0x00,0x00,0x00,0x00,0x00
34316672,0x3E8,false,0,8,0x0D,0x00,0x00,0x00,0x05,0x00,0x10,0x00
34364665,0x3E8,false,0,8,0x00,0x00,0x00,0x00,0x66,0x00,0x65,0x00
34364916,0x44C,false,0,8,0x00,0x00,0x19,0x00,0x1A,0x00,0x00,0x00
34365052,0x3E8,false,0,8,0x01,0x00,0xF2,0x03,0x04,0x00,0x00,0x00
34365191,0x44C,false,0,8,0x01,0x00,0x01,0x00,0x00,0x00,0x00,0x00
34365316,0x3E8,false,0,8,0x02,0x00,0x00,0x00,0x00,0x00,0x54,0x00
34365457,0x3E8,false,0,8,0x03,0x00,0x4C,0x00,0x9F,0x04,0x00,0x00
34365594,0x3E8,false,0,8,0x04,0x00,0x00,0x00,0x90,0x01,0x9A,0x04
34365732,0x3E8,false,0,8,0x05,0x00,0x00,0x00,0x00,0x00,0x00,0x00
34365869,0x3E8,false,0,8,0x06,0x00,0x00,0x00,0x00,0x00,0x00,0x00
34366007,0x3E8,false,0,8,0x07,0x00,0x00,0x00,0x00,0x00,0x07,0x00
34366146,0x3E8,false,0,8,0x08,0x00,0x4F,0x00,0x07,0x00,0x00,0x00
34366289,0x3E8,false,0,8,0x09,0x00,0x00,0x00,0x00,0x00,0x00,0x00
34366430,0x3E8,false,0,8,0x0A,0x00,0x00,0x00,0x00,0x00,0x00,0x00
34366783,0x3E8,false,0,8,0x0B,0x00,0x00,0x00,0x00,0x00,0x00,0x00
34366951,0x3E8,false,0,8,0x0C,0x00,0x00,0x00,0x00,0x00,0x00,0x00
34367086,0x3E8,false,0,8,0x0D,0x00,0x00,0x00,0x05,0x00,0x10,0x00
34414663,0x3E8,false,0,8,0x00,0x00,0x00,0x00,0x66,0x00,0x65,0x00
34414881,0x44C,false,0,8,0x00,0x00,0x19,0x00,0x1A,0x00,0x00,0x00
34426805,0x3E8,false,0,8,0x01,0x00,0xF2,0x03,0x04,0x00,0x00,0x00
34426936,0x44C,false,0,8,0x01,0x00,0x01,0x00,0x00,0x00,0x00,0x00
34427060,0x3E8,false,0,8,0x02,0x00,0x00,0x00,0x00,0x00,0x54,0x00
34427191,0x3E8,false,0,8,0x03,0x00,0x4C,0x00,0x9F,0x04,0x00,0x00
34427318,0x3E8,false,0,8,0x04,0x00,0x00,0x00,0x90,0x01,0x9A,0x04
34427449,0x3E8,false,0,8,0x05,0x00,0x00,0x00,0x00,0x00,0x00,0x00
34427591,0x3E8,false,0,8,0x06,0x00,0x00,0x00,0x00,0x00,0x00,0x00
34427732,0x3E8,false,0,8,0x07,0x00,0x00,0x00,0x00,0x00,0x07,0x00
34427878,0x3E8,false,0,8,0x08,0x00,0x4F,0x00,0x07,0x00,0x00,0x00
34428017,0x3E8,false,0,8,0x09,0x00,0x00,0x00,0x00,0x00,0x00,0x00
34428149,0x3E8,false,0,8,0x0A,0x00,0x00,0x00,0x00,0x00,0x00,0x00
34428283,0x3E8,false,0,8,0x0B,0x00,0x00,0x00,0x00,0x00,0x00,0x00
34428408,0x3E8,false,0,8,0x0C,0x00,0x00,0x00,0x00,0x00,0x00,0x00
34428533,0x3E8,false,0,8,0x0D,0x00,0x00,0x00,0x05,0x00,0x10,0x00
34464655,0x3E8,false,0,8,0x00,0x00,0x00,0x00,0x66,0x00,0x65,0x00
34464883,0x44C,false,0,8,0x00,0x00,0x19,0x00,0x1A,0x00,0x00,0x00
34465021,0x3E8,false,0,8,0x01,0x00,0xF2,0x03,0x04,0x00,0x00,0x00
34465159,0x44C,false,0,8,0x01,0x00,0x01,0x00,0x00,0x00,0x00,0x00
34465296,0x3E8,false,0,8,0x02,0x00,0x00,0x00,0x00,0x00,0x54,0x00
34465432,0x3E8,false,0,8,0x03,0x00,0x4C,0x00,0x9F,0x04,0x00,0x00
34465556,0x3E8,false,0,8,0x04,0x00,0x00,0x00,0x90,0x01,0x9A,0x04
34465684,0x3E8,false,0,8,0x05,0x00,0x00,0x00,0x00,0x00,0x00,0x00
34468754,0x3E8,false,0,8,0x06,0x00,0x00,0x00,0x00,0x00,0x00,0x00
34468879,0x3E8,false,0,8,0x07,0x00,0x00,0x00,0x00,0x00,0x07,0x00
34469004,0x3E8,false,0,8,0x08,0x00,0x4F,0x00,0x07,0x00,0x00,0x00
34469129,0x3E8,false,0,8,0x09,0x00,0x00,0x00,0x00,0x00,0x00,0x00
34469253,0x3E8,false,0,8,0x0A,0x00,0x00,0x00,0x00,0x00,0x00,0x00
34469378,0x3E8,false,0,8,0x0B,0x00,0x00,0x00,0x00,0x00,0x00,0x00
34469503,0x3E8,false,0,8,0x0C,0x00,0x00,0x00,0x00,0x00,0x00,0x00
34469634,0x3E8,false,0,8,0x0D,0x00,0x00,0x00,0x05,0x00,0x10,0x00
34516669,0x3E8,false,0,8,0x00,0x00,0x00,0x00,0x66,0x00,0x65,0x00
34516920,0x44C,false,0,8,0x00,0x00,0x19,0x00,0x1A,0x00,0x00,0x00
34517060,0x3E8,false,0,8,0x01,0x00,0xF2,0x03,0x04,0x00,0x00,0x00
34517196,0x44C,false,0,8,0x01,0x00,0x01,0x00,0x00,0x00,0x00,0x00
34517325,0x3E8,false,0,8,0x02,0x00,0x00,0x00,0x00,0x00,0x54,0x00
34517449,0x3E8,false,0,8,0x03,0x00,0x4C,0x00,0x9F,0x04,0x00,0x00
34517574,0x3E8,false,0,8,0x04,0x00,0x00,0x00,0x90,0x01,0x9A,0x04
34517701,0x3E8,false,0,8,0x05,0x00,0x00,0x00,0x00,0x00,0x00,0x00
34517826,0x3E8,false,0,8,0x06,0x00,0x00,0x00,0x00,0x00,0x00,0x00
34517951,0x3E8,false,0,8,0x07,0x00,0x00,0x00,0x00,0x00,0x07,0x00
34518076,0x3E8,false,0,8,0x08,0x00,0x4F,0x00,0x07,0x00,0x00,0x00
34518206,0x3E8,false,0,8,0x09,0x00,0x00,0x00,0x00,0x00,0x00,0x00
34518331,0x3E8,false,0,8,0x0A,0x00,0x00,0x00,0x00,0x00,0x00,0x00
34518456,0x3E8,false,0,8,0x0B,0x00,0x00,0x00,0x00,0x00,0x00,0x00
34518581,0x3E8,false,0,8,0x0C,0x00,0x00,0x00,0x00,0x00,0x00,0x00
34518710,0x3E8,false,0,8,0x0D,0x00,0x00,0x00,0x05,0x00,0x10,0x00
34566669,0x3E8,false,0,8,0x00,0x00,0x00,0x00,0x66,0x00,0x65,0x00
34566918,0x44C,false,0,8,0x00,0x00,0x19,0x00,0x1A,0x00,0x00,0x00
34567052,0x3E8,false,0,8,0x01,0x00,0xF2,0x03,0x04,0x00,0x00,0x00
34567177,0x44C,false,0,8,0x01,0x00,0x01,0x00,0x00,0x00,0x00,0x00
34567314,0x3E8,false,0,8,0x02,0x00,0x00,0x00,0x00,0x00,0x54,0x00
34567439,0x3E8,false,0,8,0x03,0x00,0x4C,0x00,0x9F,0x04,0x00,0x00
34567563,0x3E8,false,0,8,0x04,0x00,0x00,0x00,0x90,0x01,0x9A,0x04
34567691,0x3E8,false,0,8,0x05,0x00,0x00,0x00,0x00,0x00,0x00,0x00
34567816,0x3E8,false,0,8,0x06,0x00,0x00,0x00,0x00,0x00,0x00,0x00
34567941,0x3E8,false,0,8,0x07,0x00,0x00,0x00,0x00,0x00,0x07,0x00
34568066,0x3E8,false,0,8,0x08,0x00,0x4F,0x00,0x07,0x00,0x00,0x00
34568191,0x3E8,false,0,8,0x09,0x00,0x00,0x00,0x00,0x00,0x00,0x00
34581178,0x3E8,false,0,8,0x0A,0x00,0x00,0x00,0x00,0x00,0x00,0x00
34581400,0x3E8,false,0,8,0x0B,0x00,0x00,0x00,0x00,0x00,0x00,0x00
34581525,0x3E8,false,0,8,0x0C,0x00,0x00,0x00,0x00,0x00,0x00,0x00
34581655,0x3E8,false,0,8,0x0D,0x00,0x00,0x00,0x05,0x00,0x10,0x00
34616659,0x3E8,false,0,8,0x00,0x00,0x00,0x00,0x66,0x00,0x65,0x00
34616882,0x44C,false,0,8,0x00,0x00,0x19,0x00,0x1A,0x00,0x00,0x00
34617022,0x3E8,false,0,8,0x01,0x00,0xF2,0x03,0x04,0x00,0x00,0x00
34617158,0x44C,false,0,8,0x01,0x00,0x01,0x00,0x00,0x00,0x00,0x00
34617296,0x3E8,false,0,8,0x02,0x00,0x00,0x00,0x00,0x00,0x54,0x00
34617434,0x3E8,false,0,8,0x03,0x00,0x4C,0x00,0x9F,0x04,0x00,0x00
34617558,0x3E8,false,0,8,0x04,0x00,0x00,0x00,0x90,0x01,0x9A,0x04
34617684,0x3E8,false,0,8,0x05,0x00,0x00,0x00,0x00,0x00,0x00,0x00
34617809,0x3E8,false,0,8,0x06,0x00,0x00,0x00,0x00,0x00,0x00,0x00
34617933,0x3E8,false,0,8,0x07,0x00,0x00,0x00,0x00,0x00,0x07,0x00
34618058,0x3E8,false,0,8,0x08,0x00,0x4F,0x00,0x07,0x00,0x00,0x00
34618182,0x3E8,false,0,8,0x09,0x00,0x00,0x00,0x00,0x00,0x00,0x00
34618307,0x3E8,false,0,8,0x0A,0x00,0x00,0x00,0x00,0x00,0x00,0x00
34618431,0x3E8,false,0,8,0x0B,0x00,0x00,0x00,0x00,0x00,0x00,0x00
34618556,0x3E8,false,0,8,0x0C,0x00,0x00,0x00,0x00,0x00,0x00,0x00
34618685,0x3E8,false,0,8,0x0D,0x00,0x00,0x00,0x05,0x00,0x10,0x00
34666646,0x44C,false,0,8,0x00,0x00,0x19,0x00,0x1A,0x00,0x00,0x00
34666772,0x3E8,false,0,8,0x00,0x00,0x00,0x00,0x66,0x00,0x65,0x00
34666896,0x44C,false,0,8,0x01,0x00,0x01,0x00,0x00,0x00,0x00,0x00
34667020,0x3E8,false,0,8,0x01,0x00,0xF2,0x03,0x04,0x00,0x00,0x00
34667145,0x3E8,false,0,8,0x02,0x00,0x00,0x00,0x00,0x00,0x54,0x00
34667280,0x3E8,false,0,8,0x03,0x00,0x4C,0x00,0x9F,0x04,0x00,0x00
34667417,0x3E8,false,0,8,0x04,0x00,0x00,0x00,0x90,0x01,0x9A,0x04
34667553,0x3E8,false,0,8,0x05,0x00,0x00,0x00,0x00,0x00,0x00,0x00
34667695,0x3E8,false,0,8,0x06,0x00,0x00,0x00,0x00,0x00,0x00,0x00
34667830,0x3E8,false,0,8,0x07,0x00,0x00,0x00,0x00,0x00,0x07,0x00
34667967,0x3E8,false,0,8,0x08,0x00,0x4F,0x00,0x07,0x00,0x00,0x00
34668103,0x3E8,false,0,8,0x09,0x00,0x00,0x00,0x00,0x00,0x00,0x00
34668228,0x3E8,false,0,8,0x0A,0x00,0x00,0x00,0x00,0x00,0x00,0x00
34668362,0x3E8,false,0,8,0x0B,0x00,0x00,0x00,0x00,0x00,0x00,0x00
34668488,0x3E8,false,0,8,0x0C,0x00,0x00,0x00,0x00,0x00,0x00,0x00
34668617,0x3E8,false,0,8,0x0D,0x00,0x00,0x00,0x05,0x00,0x10,0x00
34716671,0x3E8,false,0,8,0x00,0x00,0x00,0x00,0x66,0x00,0x65,0x00
34716898,0x44C,false,0,8,0x00,0x00,0x19,0x00,0x1A,0x00,0x00,0x00
34717036,0x3E8,false,0,8,0x01,0x00,0xF2,0x03,0x04,0x00,0x00,0x00
34717160,0x44C,false,0,8,0x01,0x00,0x01,0x00,0x00,0x00,0x00,0x00
34717297,0x3E8,false,0,8,0x02,0x00,0x00,0x00,0x00,0x00,0x54,0x00
34717435,0x3E8,false,0,8,0x03,0x00,0x4C,0x00,0x9F,0x04,0x00,0x00
34717571,0x3E8,false,0,8,0x04,0x00,0x00,0x00,0x90,0x01,0x9A,0x04
34717708,0x3E8,false,0,8,0x05,0x00,0x00,0x00,0x00,0x00,0x00,0x00
34717846,0x3E8,false,0,8,0x06,0x00,0x00,0x00,0x00,0x00,0x00,0x00
34717983,0x3E8,false,0,8,0x07,0x00,0x00,0x00,0x00,0x00,0x07,0x00
34718119,0x3E8,false,0,8,0x08,0x00,0x4F,0x00,0x07,0x00,0x00,0x00
34718243,0x3E8,false,0,8,0x09,0x00,0x00,0x00,0x00,0x00,0x00,0x00
34718368,0x3E8,false,0,8,0x0A,0x00,0x00,0x00,0x00,0x00,0x00,0x00
34718493,0x3E8,false,0,8,0x0B,0x00,0x00,0x00,0x00,0x00,0x00,0x00
34718622,0x3E8,false,0,8,0x0C,0x00,0x00,0x00,0x00,0x00,0x00,0x00
34718747,0x3E8,false,0,8,0x0D,0x00,0x00,0x00,0x05,0x00,0x10,0x00
34766668,0x3E8,false,0,8,0x00,0x00,0x00,0x00,0x66,0x00,0x65,0x00
34766877,0x44C,false,0,8,0x00,0x00,0x19,0x00,0x1A,0x00,0x00,0x00
34767003,0x3E8,false,0,8,0x01,0x00,0xF2,0x03,0x04,0x00,0x00,0x00
34767140,0x44C,false,0,8,0x01,0x00,0x01,0x00,0x00,0x00,0x00,0x00
34767279,0x3E8,false,0,8,0x02,0x00,0x00,0x00,0x00,0x00,0x54,0x00
34767420,0x3E8,false,0,8,0x03,0x00,0x4C,0x00,0x9F,0x04,0x00,0x00
34767556,0x3E8,false,0,8,0x04,0x00,0x00,0x00,0x90,0x01,0x9A,0x04
34767692,0x3E8,false,0,8,0x05,0x00,0x00,0x00,0x00,0x00,0x00,0x00
34767831,0x3E8,false,0,8,0x06,0x00,0x00,0x00,0x00,0x00,0x00,0x00
34767969,0x3E8,false,0,8,0x07,0x00,0x00,0x00,0x00,0x00,0x07,0x00
34768107,0x3E8,false,0,8,0x08,0x00,0x4F,0x00,0x07,0x00,0x00,0x00
34768233,0x3E8,false,0,8,0x09,0x00,0x00,0x00,0x00,0x00,0x00,0x00
34784317,0x3E8,false,0,8,0x0A,0x00,0x00,0x00,0x00,0x00,0x00,0x00
34784450,0x3E8,false,0,8,0x0B,0x00,0x00,0x00,0x00,0x00,0x00,0x00
34784581,0x3E8,false,0,8,0x0C,0x00,0x00,0x00,0x00,0x00,0x00,0x00
34784714,0x3E8,false,0,8,0x0D,0x00,0x00,0x00,0x05,0x00,0x10,0x00
34816957,0x3E8,false,0,8,0x00,0x00,0x00,0x00,0x66,0x00,0x65,0x00
34817180,0x44C,false,0,8,0x00,0x00,0x19,0x00,0x1A,0x00,0x00,0x00
34817304,0x3E8,false,0,8,0x01,0x00,0xF2,0x03,0x04,0x00,0x00,0x00
34817440,0x44C,false,0,8,0x01,0x00,0x01,0x00,0x00,0x00,0x00,0x00
34817577,0x3E8,false,0,8,0x02,0x00,0x00,0x00,0x00,0x00,0x54,0x00
34817714,0x3E8,false,0,8,0x03,0x00,0x4C,0x00,0x9F,0x04,0x00,0x00
34817849,0x3E8,false,0,8,0x04,0x00,0x00,0x00,0x90,0x01,0x9A,0x04
34817986,0x3E8,false,0,8,0x05,0x00,0x00,0x00,0x00,0x00,0x00,0x00
34818124,0x3E8,false,0,8,0x06,0x00,0x00,0x00,0x00,0x00,0x00,0x00
34818260,0x3E8,false,0,8,0x07,0x00,0x00,0x00,0x00,0x00,0x07,0x00
34818387,0x3E8,false,0,8,0x08,0x00,0x4F,0x00,0x07,0x00,0x00,0x00
34818511,0x3E8,false,0,8,0x09,0x00,0x00,0x00,0x00,0x00,0x00,0x00
34818640,0x3E8,false,0,8,0x0A,0x00,0x00,0x00,0x00,0x00,0x00,0x00
34818765,0x3E8,false,0,8,0x0B,0x00,0x00,0x00,0x00,0x00,0x00,0x00
34818890,0x3E8,false,0,8,0x0C,0x00,0x00,0x00,0x00,0x00,0x00,0x00
34819014,0x3E8,false,0,8,0x0D,0x00,0x00,0x00,0x05,0x00,0x10,0x00
34866672,0x44C,false,0,8,0x00,0x00,0x19,0x00,0x1A,0x00,0x00,0x00
34866905,0x3E8,false,0,8,0x00,0x00,0x00,0x00,0x66,0x00,0x65,0x00
34867041,0x44C,false,0,8,0x01,0x00,0x01,0x00,0x00,0x00,0x00,0x00
34867166,0x3E8,false,0,8,0x01,0x00,0xF2,0x03,0x04,0x00,0x00,0x00
34867290,0x3E8,false,0,8,0x02,0x00,0x00,0x00,0x00,0x00,0x54,0x00
34867415,0x3E8,false,0,8,0x03,0x00,0x4C,0x00,0x9F,0x04,0x00,0x00
34867539,0x3E8,false,0,8,0x04,0x00,0x00,0x00,0x90,0x01,0x9A,0x04
34867664,0x3E8,false,0,8,0x05,0x00,0x00,0x00,0x00,0x00,0x00,0x00
34870751,0x3E8,false,0,8,0x06,0x00,0x00,0x00,0x00,0x00,0x00,0x00
34870877,0x3E8,false,0,8,0x07,0x00,0x00,0x00,0x00,0x00,0x07,0x00
34871001,0x3E8,false,0,8,0x08,0x00,0x4F,0x00,0x07,0x00,0x00,0x00
34871126,0x3E8,false,0,8,0x09,0x00,0x00,0x00,0x00,0x00,0x00,0x00
34871250,0x3E8,false,0,8,0x0A,0x00,0x00,0x00,0x00,0x00,0x00,0x00
34871375,0x3E8,false,0,8,0x0B,0x00,0x00,0x00,0x00,0x00,0x00,0x00
34871500,0x3E8,false,0,8,0x0C,0x00,0x00,0x00,0x00,0x00,0x00,0x00
34871627,0x3E8,false,0,8,0x0D,0x00,0x00,0x00,0x05,0x00,0x10,0x00
34916646,0x3E8,false,0,8,0x00,0x00,0x00,0x00,0x66,0x00,0x65,0x00
34916785,0x44C,false,0,8,0x00,0x00,0x19,0x00,0x1A,0x00,0x00,0x00
34916931,0x3E8,false,0,8,0x01,0x00,0xF2,0x03,0x04,0x00,0x00,0x00
34917055,0x44C,false,0,8,0x01,0x00,0x01,0x00,0x00,0x00,0x00,0x00
34917205,0x3E8,false,0,8,0x02,0x00,0x00,0x00,0x00,0x00,0x54,0x00
34917339,0x3E8,false,0,8,0x03,0x00,0x4C,0x00,0x9F,0x04,0x00,0x00
34917475,0x3E8,false,0,8,0x04,0x00,0x00,0x00,0x90,0x01,0x9A,0x04
34917601,0x3E8,false,0,8,0x05,0x00,0x00,0x00,0x00,0x00,0x00,0x00
34917738,0x3E8,false,0,8,0x06,0x00,0x00,0x00,0x00,0x00,0x00,0x00
34921662,0x3E8,false,0,8,0x07,0x00,0x00,0x00,0x00,0x00,0x07,0x00
34922020,0x3E8,false,0,8,0x08,0x00,0x4F,0x00,0x07,0x00,0x00,0x00
34922144,0x3E8,false,0,8,0x09,0x00,0x00,0x00,0x00,0x00,0x00,0x00
34922272,0x3E8,false,0,8,0x0A,0x00,0x00,0x00,0x00,0x00,0x00,0x00
34922399,0x3E8,false,0,8,0x0B,0x00,0x00,0x00,0x00,0x00,0x00,0x00
34922528,0x3E8,false,0,8,0x0C,0x00,0x00,0x00,0x00,0x00,0x00,0x00
34922660,0x3E8,false,0,8,0x0D,0x00,0x00,0x00,0x05,0x00,0x10,0x00
34968662,0x3E8,false,0,8,0x00,0x00,0x00,0x00,0x66,0x00,0x65,0x00
34968912,0x44C,false,0,8,0x00,0x00,0x19,0x00,0x1A,0x00,0x00,0x00
34969038,0x3E8,false,0,8,0x01,0x00,0xF2,0x03,0x04,0x00,0x00,0x00
34969162,0x44C,false,0,8,0x01,0x00,0x01,0x00,0x00,0x00,0x00,0x00
34969287,0x3E8,false,0,8,0x02,0x00,0x00,0x00,0x00,0x00,0x54,0x00
34969412,0x3E8,false,0,8,0x03,0x00,0x4C,0x00,0x9F,0x04,0x00,0x00
34969536,0x3E8,false,0,8,0x04,0x00,0x00,0x00,0x90,0x01,0x9A,0x04
34969664,0x3E8,false,0,8,0x05,0x00,0x00,0x00,0x00,0x00,0x00,0x00
34969788,0x3E8,false,0,8,0x06,0x00,0x00,0x00,0x00,0x00,0x00,0x00
34969913,0x3E8,false,0,8,0x07,0x00,0x00,0x00,0x00,0x00,0x07,0x00
34970038,0x3E8,false,0,8,0x08,0x00,0x4F,0x00,0x07,0x00,0x00,0x00
34983120,0x3E8,false,0,8,0x09,0x00,0x00,0x00,0x00,0x00,0x00,0x00
34983268,0x3E8,false,0,8,0x0A,0x00,0x00,0x00,0x00,0x00,0x00,0x00
34983404,0x3E8,false,0,8,0x0B,0x00,0x00,0x00,0x00,0x00,0x00,0x00
34983541,0x3E8,false,0,8,0x0C,0x00,0x00,0x00,0x00,0x00,0x00,0x00
34983687,0x3E8,false,0,8,0x0D,0x00,0x00,0x00,0x05,0x00,0x10,0x00
35017113,0x3E8,false,0,8,0x00,0x00,0x00,0x00,0x66,0x00,0x65,0x00
35017394,0x44C,false,0,8,0x00,0x00,0x19,0x00,0x1A,0x00,0x00,0x00
35017537,0x3E8,false,0,8,0x01,0x00,0xF2,0x03,0x04,0x00,0x00,0x00
35017681,0x44C,false,0,8,0x01,0x00,0x01,0x00,0x00,0x00,0x00,0x00
35017824,0x3E8,false,0,8,0x02,0x00,0x00,0x00,0x00,0x00,0x54,0x00
35017966,0x3E8,false,0,8,0x03,0x00,0x4C,0x00,0x9F,0x04,0x00,0x00
35018097,0x3E8,false,0,8,0x04,0x00,0x00,0x00,0x90,0x01,0x9A,0x04
35018241,0x3E8,false,0,8,0x05,0x00,0x00,0x00,0x00,0x00,0x00,0x00
35018385,0x3E8,false,0,8,0x06,0x00,0x00,0x00,0x00,0x00,0x00,0x00
35018527,0x3E8,false,0,8,0x07,0x00,0x00,0x00,0x00,0x00,0x07,0x00
35018673,0x3E8,false,0,8,0x08,0x00,0x4F,0x00,0x07,0x00,0x00,0x00
35018815,0x3E8,false,0,8,0x09,0x00,0x00,0x00,0x00,0x00,0x00,0x00
35018958,0x3E8,false,0,8,0x0A,0x00,0x00,0x00,0x00,0x00,0x00,0x00
35019099,0x3E8,false,0,8,0x0B,0x00,0x00,0x00,0x00,0x00,0x00,0x00
35019231,0x3E8,false,0,8,0x0C,0x00,0x00,0x00,0x00,0x00,0x00,0x00
35019364,0x3E8,false,0,8,0x0D,0x00,0x00,0x00,0x05,0x00,0x10,0x00
35068658,0x3E8,false,0,8,0x00,0x00,0x00,0x00,0x66,0x00,0x65,0x00
35068885,0x44C,false,0,8,0x00,0x00,0x19,0x00,0x1A,0x00,0x00,0x00
35069029,0x3E8,false,0,8,0x01,0x00,0xF2,0x03,0x04,0x00,0x00,0x00
35069171,0x44C,false,0,8,0x01,0x00,0x01,0x00,0x00,0x00,0x00,0x00
35069314,0x3E8,false,0,8,0x02,0x00,0x00,0x00,0x00,0x00,0x54,0x00
35069457,0x3E8,false,0,8,0x03,0x00,0x4C,0x00,0x9F,0x04,0x00,0x00
35069600,0x3E8,false,0,8,0x04,0x00,0x00,0x00,0x90,0x01,0x9A,0x04
35069741,0x3E8,false,0,8,0x05,0x00,0x00,0x00,0x00,0x00,0x00,0x00
35069874,0x3E8,false,0,8,0x06,0x00,0x00,0x00,0x00,0x00,0x00,0x00
35070018,0x3E8,false,0,8,0x07,0x00,0x00,0x00,0x00,0x00,0x07,0x00
35070150,0x3E8,false,0,8,0x08,0x00,0x4F,0x00,0x07,0x00,0x00,0x00
35070282,0x3E8,false,0,8,0x09,0x00,0x00,0x00,0x00,0x00,0x00,0x00
35070415,0x3E8,false,0,8,0x0A,0x00,0x00,0x00,0x00,0x00,0x00,0x00
35070547,0x3E8,false,0,8,0x0B,0x00,0x00,0x00,0x00,0x00,0x00,0x00
35070684,0x3E8,false,0,8,0x0C,0x00,0x00,0x00,0x00,0x00,0x00,0x00
35070817,0x3E8,false,0,8,0x0D,0x00,0x00,0x00,0x05,0x00,0x10,0x00
35118651,0x3E8,false,0,8,0x00,0x00,0x00,0x00,0x66,0x00,0x65,0x00
35118808,0x44C,false,0,8,0x00,0x00,0x19,0x00,0x1A,0x00,0x00,0x00
35118938,0x3E8,false,0,8,0x01,0x00,0xF2,0x03,0x04,0x00,0x00,0x00
35119079,0x44C,false,0,8,0x01,0x00,0x01,0x00,0x00,0x00,0x00,0x00
35119234,0x3E8,false,0,8,0x02,0x00,0x00,0x00,0x00,0x00,0x54,0x00
35119377,0x3E8,false,0,8,0x03,0x00,0x4C,0x00,0x9F,0x04,0x00,0x00
35119522,0x3E8,false,0,8,0x04,0x00,0x00,0x00,0x90,0x01,0x9A,0x04
35119664,0x3E8,false,0,8,0x05,0x00,0x00,0x00,0x00,0x00,0x00,0x00
35119796,0x3E8,false,0,8,0x06,0x00,0x00,0x00,0x00,0x00,0x00,0x00
35119927,0x3E8,false,0,8,0x07,0x00,0x00,0x00,0x00,0x00,0x07,0x00
35120059,0x3E8,false,0,8,0x08,0x00,0x4F,0x00,0x07,0x00,0x00,0x00
35120190,0x3E8,false,0,8,0x09,0x00,0x00,0x00,0x00,0x00,0x00,0x00
35120322,0x3E8,false,0,8,0x0A,0x00,0x00,0x00,0x00,0x00,0x00,0x00
35120455,0x3E8,false,0,8,0x0B,0x00,0x00,0x00,0x00,0x00,0x00,0x00
35120586,0x3E8,false,0,8,0x0C,0x00,0x00,0x00,0x00,0x00,0x00,0x00
35120722,0x3E8,false,0,8,0x0D,0x00,0x00,0x00,0x05,0x00,0x10,0x00
35168660,0x3E8,false,0,8,0x00,0x00,0x00,0x00,0x66,0x00,0x65,0x00
35168912,0x44C,false,0,8,0x00,0x00,0x19,0x00,0x1A,0x00,0x00,0x00
35169048,0x3E8,false,0,8,0x01,0x00,0xF2,0x03,0x04,0x00,0x00,0x00
35169185,0x44C,false,0,8,0x01,0x00,0x01,0x00,0x00,0x00,0x00,0x00
35169322,0x3E8,false,0,8,0x02,0x00,0x00,0x00,0x00,0x00,0x54,0x00
35169457,0x3E8,false,0,8,0x03,0x00,0x4C,0x00,0x9F,0x04,0x00,0x00
35169592,0x3E8,false,0,8,0x04,0x00,0x00,0x00,0x90,0x01,0x9A,0x04
35169726,0x3E8,false,0,8,0x05,0x00,0x00,0x00,0x00,0x00,0x00,0x00
35169853,0x3E8,false,0,8,0x06,0x00,0x00,0x00,0x00,0x00,0x00,0x00
35169977,0x3E8,false,0,8,0x07,0x00,0x00,0x00,0x00,0x00,0x07,0x00
35181617,0x3E8,false,0,8,0x08,0x00,0x4F,0x00,0x07,0x00,0x00,0x00
35181750,0x3E8,false,0,8,0x09,0x00,0x00,0x00,0x00,0x00,0x00,0x00
35181886,0x3E8,false,0,8,0x0A,0x00,0x00,0x00,0x00,0x00,0x00,0x00
35182020,0x3E8,false,0,8,0x0B,0x00,0x00,0x00,0x00,0x00,0x00,0x00
35182161,0x3E8,false,0,8,0x0C,0x00,0x00,0x00,0x00,0x00,0x00,0x00
35182290,0x3E8,false,0,8,0x0D,0x00,0x00,0x00,0x05,0x00,0x10,0x00
35218664,0x3E8,false,0,8,0x00,0x00,0x00,0x00,0x66,0x00,0x65,0x00
35218917,0x44C,false,0,8,0x00,0x00,0x19,0x00,0x1A,0x00,0x00,0x00
35219051,0x3E8,false,0,8,0x01,0x00,0xF2,0x03,0x04,0x00,0x00,0x00
35219195,0x44C,false,0,8,0x01,0x00,0x01,0x00,0x00,0x00,0x00,0x00
35219336,0x3E8,false,0,8,0x02,0x00,0x00,0x00,0x00,0x00,0x54,0x00
35219482,0x3E8,false,0,8,0x03,0x00,0x4C,0x00,0x9F,0x04,0x00,0x00
35219622,0x3E8,false,0,8,0x04,0x00,0x00,0x00,0x90,0x01,0x9A,0x04
35219762,0x3E8,false,0,8,0x05,0x00,0x00,0x00,0x00,0x00,0x00,0x00
35219908,0x3E8,false,0,8,0x06,0x00,0x00,0x00,0x00,0x00,0x00,0x00
35220044,0x3E8,false,0,8,0x07,0x00,0x00,0x00,0x00,0x00,0x07,0x00
35220184,0x3E8,false,0,8,0x08,0x00,0x4F,0x00,0x07,0x00,0x00,0x00
35220326,0x3E8,false,0,8,0x09,0x00,0x00,0x00,0x00,0x00,0x00,0x00
35220457,0x3E8,false,0,8,0x0A,0x00,0x00,0x00,0x00,0x00,0x00,0x00
35220590,0x3E8,false,0,8,0x0D,0x00,0x00,0x00,0x05,0x00,0x10,0x00
35268670,0x3E8,false,0,8,0x00,0x00,0x00,0x00,0x66,0x00,0x65,0x00
35268894,0x44C,false,0,8,0x00,0x00,0x19,0x00,0x1A,0x00,0x00,0x00
35269018,0x3E8,false,0,8,0x01,0x00,0xF2,0x03,0x04,0x00,0x00,0x00
35269144,0x44C,false,0,8,0x01,0x00,0x01,0x00,0x00,0x00,0x00,0x00
35269270,0x3E8,false,0,8,0x02,0x00,0x00,0x00,0x00,0x00,0x54,0x00
35269395,0x3E8,false,0,8,0x03,0x00,0x4C,0x00,0x9F,0x04,0x00,0x00
35269519,0x3E8,false,0,8,0x04,0x00,0x00,0x00,0x90,0x01,0x9A,0x04
35269655,0x3E8,false,0,8,0x05,0x00,0x00,0x00,0x00,0x00,0x00,0x00
35269789,0x3E8,false,0,8,0x06,0x00,0x00,0x00,0x00,0x00,0x00,0x00
35269914,0x3E8,false,0,8,0x07,0x00,0x00,0x00,0x00,0x00,0x07,0x00
35270050,0x3E8,false,0,8,0x08,0x00,0x4F,0x00,0x07,0x00,0x00,0x00
35270186,0x3E8,false,0,8,0x09,0x00,0x00,0x00,0x00,0x00,0x00,0x00
35270326,0x3E8,false,0,8,0x0A,0x00,0x00,0x00,0x00,0x00,0x00,0x00
35270462,0x3E8,false,0,8,0x0B,0x00,0x00,0x00,0x00,0x00,0x00,0x00
35270605,0x3E8,false,0,8,0x0C,0x00,0x00,0x00,0x00,0x00,0x00,0x00
35271011,0x3E8,false,0,8,0x0D,0x00,0x00,0x00,0x05,0x00,0x10,0x00
35318650,0x3E8,false,0,8,0x00,0x00,0x00,0x00,0x66,0x00,0x65,0x00
35318796,0x44C,false,0,8,0x00,0x00,0x19,0x00,0x1A,0x00,0x00,0x00
35318933,0x3E8,false,0,8,0x01,0x00,0xF2,0x03,0x04,0x00,0x00,0x00
35319074,0x44C,false,0,8,0x01,0x00,0x01,0x00,0x00,0x00,0x00,0x00
35319211,0x3E8,false,0,8,0x02,0x00,0x00,0x00,0x00,0x00,0x54,0x00
35319335,0x3E8,false,0,8,0x03,0x00,0x4C,0x00,0x9F,0x04,0x00,0x00
35319472,0x3E8,false,0,8,0x04,0x00,0x00,0x00,0x90,0x01,0x9A,0x04
35319596,0x3E8,false,0,8,0x05,0x00,0x00,0x00,0x00,0x00,0x00,0x00
35319736,0x3E8,false,0,8,0x06,0x00,0x00,0x00,0x00,0x00,0x00,0x00
35319873,0x3E8,false,0,8,0x07,0x00,0x00,0x00,0x00,0x00,0x07,0x00
35320010,0x3E8,false,0,8,0x08,0x00,0x4F,0x00,0x07,0x00,0x00,0x00
35320147,0x3E8,false,0,8,0x09,0x00,0x00,0x00,0x00,0x00,0x00,0x00
35320284,0x3E8,false,0,8,0x0A,0x00,0x00,0x00,0x00,0x00,0x00,0x00
35320421,0x3E8,false,0,8,0x0B,0x00,0x00,0x00,0x00,0x00,0x00,0x00
35320562,0x3E8,false,0,8,0x0C,0x00,0x00,0x00,0x00,0x00,0x00,0x00
35320692,0x3E8,false,0,8,0x0D,0x00,0x00,0x00,0x05,0x00,0x10,0x00
35368695,0x44C,false,0,8,0x00,0x00,0x19,0x00,0x1A,0x00,0x00,0x00
35368939,0x3E8,false,0,8,0x00,0x00,0x00,0x00,0x66,0x00,0x65,0x00
35369083,0x44C,false,0,8,0x01,0x00,0x01,0x00,0x00,0x00,0x00,0x00
35369231,0x3E8,false,0,8,0x01,0x00,0xF2,0x03,0x04,0x00,0x00,0x00
35369367,0x3E8,false,0,8,0x02,0x00,0x00,0x00,0x00,0x00,0x54,0x00
35369521,0x3E8,false,0,8,0x03,0x00,0x4C,0x00,0x9F,0x04,0x00,0x00
35369666,0x3E8,false,0,8,0x04,0x00,0x00,0x00,0x90,0x01,0x9A,0x04
35369820,0x3E8,false,0,8,0x05,0x00,0x00,0x00,0x00,0x00,0x00,0x00
35369967,0x3E8,false,0,8,0x06,0x00,0x00,0x00,0x00,0x00,0x00,0x00
35370111,0x3E8,false,0,8,0x07,0x00,0x00,0x00,0x00,0x00,0x07,0x00
35370252,0x3E8,false,0,8,0x08,0x00,0x4F,0x00,0x07,0x00,0x00,0x00
35382151,0x3E8,false,0,8,0x09,0x00,0x00,0x00,0x00,0x00,0x00,0x00
35382282,0x3E8,false,0,8,0x0A,0x00,0x00,0x00,0x00,0x00,0x00,0x00
35382408,0x3E8,false,0,8,0x0B,0x00,0x00,0x00,0x00,0x00,0x00,0x00
35382534,0x3E8,false,0,8,0x0C,0x00,0x00,0x00,0x00,0x00,0x00,0x00
35382665,0x3E8,false,0,8,0x0D,0x00,0x00,0x00,0x05,0x00,0x10,0x00
35418670,0x3E8,false,0,8,0x00,0x00,0x00,0x00,0x66,0x00,0x65,0x00
35418908,0x44C,false,0,8,0x00,0x00,0x19,0x00,0x1A,0x00,0x00,0x00
35419043,0x3E8,false,0,8,0x01,0x00,0xF2,0x03,0x04,0x00,0x00,0x00
35419181,0x44C,false,0,8,0x01,0x00,0x01,0x00,0x00,0x00,0x00,0x00
35419327,0x3E8,false,0,8,0x02,0x00,0x00,0x00,0x00,0x00,0x54,0x00
35419452,0x3E8,false,0,8,0x03,0x00,0x4C,0x00,0x9F,0x04,0x00,0x00
35419586,0x3E8,false,0,8,0x04,0x00,0x00,0x00,0x90,0x01,0x9A,0x04
35419712,0x3E8,false,0,8,0x05,0x00,0x00,0x00,0x00,0x00,0x00,0x00
35419846,0x3E8,false,0,8,0x06,0x00,0x00,0x00,0x00,0x00,0x00,0x00
35419970,0x3E8,false,0,8,0x07,0x00,0x00,0x00,0x00,0x00,0x07,0x00
35420108,0x3E8,false,0,8,0x08,0x00,0x4F,0x00,0x07,0x00,0x00,0x00
35420257,0x3E8,false,0,8,0x09,0x00,0x00,0x00,0x00,0x00,0x00,0x00
35420383,0x3E8,false,0,8,0x0A,0x00,0x00,0x00,0x00,0x00,0x00,0x00
35422677,0x3E8,false,0,8,0x0B,0x00,0x00,0x00,0x00,0x00,0x00,0x00
35422864,0x3E8,false,0,8,0x0C,0x00,0x00,0x00,0x00,0x00,0x00,0x00
35422996,0x3E8,false,0,8,0x0D,0x00,0x00,0x00,0x05,0x00,0x10,0x00
35468670,0x3E8,false,0,8,0x00,0x00,0x00,0x00,0x66,0x00,0x65,0x00
35468940,0x44C,false,0,8,0x00,0x00,0x19,0x00,0x1A,0x00,0x00,0x00
35469075,0x3E8,false,0,8,0x01,0x00,0xF2,0x03,0x04,0x00,0x00,0x00
35469213,0x44C,false,0,8,0x01,0x00,0x01,0x00,0x00,0x00,0x00,0x00
35469350,0x3E8,false,0,8,0x02,0x00,0x00,0x00,0x00,0x00,0x54,0x00
35469488,0x3E8,false,0,8,0x03,0x00,0x4C,0x00,0x9F,0x04,0x00,0x00
35469613,0x3E8,false,0,8,0x04,0x00,0x00,0x00,0x90,0x01,0x9A,0x04
35469739,0x3E8,false,0,8,0x05,0x00,0x00,0x00,0x00,0x00,0x00,0x00
35472734,0x3E8,false,0,8,0x06,0x00,0x00,0x00,0x00,0x00,0x00,0x00
35472860,0x3E8,false,0,8,0x07,0x00,0x00,0x00,0x00,0x00,0x07,0x00
35472987,0x3E8,false,0,8,0x08,0x00,0x4F,0x00,0x07,0x00,0x00,0x00
35473112,0x3E8,false,0,8,0x09,0x00,0x00,0x00,0x00,0x00,0x00,0x00
35473238,0x3E8,false,0,8,0x0A,0x00,0x00,0x00,0x00,0x00,0x00,0x00
35473365,0x3E8,false,0,8,0x0B,0x00,0x00,0x00,0x00,0x00,0x00,0x00
35473491,0x3E8,false,0,8,0x0C,0x00,0x00,0x00,0x00,0x00,0x00,0x00
35473617,0x3E8,false,0,8,0x0D,0x00,0x00,0x00,0x05,0x00,0x10,0x00
35520661,0x3E8,false,0,8,0x00,0x00,0x00,0x00,0x66,0x00,0x65,0x00
35520911,0x44C,false,0,8,0x00,0x00,0x19,0x00,0x1A,0x00,0x00,0x00
35521048,0x3E8,false,0,8,0x01,0x00,0xF2,0x03,0x04,0x00,0x00,0x00
35521184,0x44C,false,0,8,0x01,0x00,0x01,0x00,0x00,0x00,0x00,0x00
35521322,0x3E8,false,0,8,0x02,0x00,0x00,0x00,0x00,0x00,0x54,0x00
35521446,0x3E8,false,0,8,0x03,0x00,0x4C,0x00,0x9F,0x04,0x00,0x00
35521570,0x3E8,false,0,8,0x04,0x00,0x00,0x00,0x90,0x01,0x9A,0x04
35521695,0x3E8,false,0,8,0x05,0x00,0x00,0x00,0x00,0x00,0x00,0x00
35521820,0x3E8,false,0,8,0x06,0x00,0x00,0x00,0x00,0x00,0x00,0x00
35521945,0x3E8,false,0,8,0x07,0x00,0x00,0x00,0x00,0x00,0x07,0x00
35522069,0x3E8,false,0,8,0x08,0x00,0x4F,0x00,0x07,0x00,0x00,0x00
35522194,0x3E8,false,0,8,0x09,0x00,0x00,0x00,0x00,0x00,0x00,0x00
35522319,0x3E8,false,0,8,0x0A,0x00,0x00,0x00,0x00,0x00,0x00,0x00
35522444,0x3E8,false,0,8,0x0B,0x00,0x00,0x00,0x00,0x00,0x00,0x00
35522569,0x3E8,false,0,8,0x0C,0x00,0x00,0x00,0x00,0x00,0x00,0x00
35522698,0x3E8,false,0,8,0x0D,0x00,0x00,0x00,0x05,0x00,0x10,0x00
35570648,0x3E8,false,0,8,0x00,0x00,0x00,0x00,0x66,0x00,0x65,0x00
35570801,0x44C,false,0,8,0x00,0x00,0x19,0x00,0x1A,0x00,0x00,0x00
35570937,0x3E8,false,0,8,0x01,0x00,0xF2,0x03,0x04,0x00,0x00,0x00
35571073,0x44C,false,0,8,0x01,0x00,0x01,0x00,0x00,0x00,0x00,0x00
35571210,0x3E8,false,0,8,0x02,0x00,0x00,0x00,0x00,0x00,0x54,0x00
35571347,0x3E8,false,0,8,0x03,0x00,0x4C,0x00,0x9F,0x04,0x00,0x00
35571471,0x3E8,false,0,8,0x04,0x00,0x00,0x00,0x90,0x01,0x9A,0x04
35571595,0x3E8,false,0,8,0x05,0x00,0x00,0x00,0x00,0x00,0x00,0x00
35571720,0x3E8,false,0,8,0x06,0x00,0x00,0x00,0x00,0x00,0x00,0x00
35571846,0x3E8,false,0,8,0x07,0x00,0x00,0x00,0x00,0x00,0x07,0x00
35583526,0x3E8,false,0,8,0x08,0x00,0x4F,0x00,0x07,0x00,0x00,0x00
35583662,0x3E8,false,0,8,0x09,0x00,0x00,0x00,0x00,0x00,0x00,0x00
35583786,0x3E8,false,0,8,0x0A,0x00,0x00,0x00,0x00,0x00,0x00,0x00
35583911,0x3E8,false,0,8,0x0B,0x00,0x00,0x00,0x00,0x00,0x00,0x00
35584035,0x3E8,false,0,8,0x0C,0x00,0x00,0x00,0x00,0x00,0x00,0x00
35584160,0x3E8,false,0,8,0x0D,0x00,0x00,0x00,0x05,0x00,0x10,0x00
35620660,0x3E8,false,0,8,0x00,0x00,0x00,0x00,0x66,0x00,0x65,0x00
35620903,0x44C,false,0,8,0x00,0x00,0x19,0x00,0x1A,0x00,0x00,0x00
35621040,0x3E8,false,0,8,0x01,0x00,0xF2,0x03,0x04,0x00,0x00,0x00
35621176,0x44C,false,0,8,0x01,0x00,0x01,0x00,0x00,0x00,0x00,0x00
35621313,0x3E8,false,0,8,0x02,0x00,0x00,0x00,0x00,0x00,0x54,0x00
35621449,0x3E8,false,0,8,0x03,0x00,0x4C,0x00,0x9F,0x04,0x00,0x00
35621586,0x3E8,false,0,8,0x04,0x00,0x00,0x00,0x90,0x01,0x9A,0x04
35621710,0x3E8,false,0,8,0x05,0x00,0x00,0x00,0x00,0x00,0x00,0x00
35621835,0x3E8,false,0,8,0x06,0x00,0x00,0x00,0x00,0x00,0x00,0x00
35621960,0x3E8,false,0,8,0x07,0x00,0x00,0x00,0x00,0x00,0x07,0x00
35622084,0x3E8,false,0,8,0x08,0x00,0x4F,0x00,0x07,0x00,0x00,0x00
35622208,0x3E8,false,0,8,0x09,0x00,0x00,0x00,0x00,0x00,0x00,0x00
35622333,0x3E8,false,0,8,0x0A,0x00,0x00,0x00,0x00,0x00,0x00,0x00
35622458,0x3E8,false,0,8,0x0B,0x00,0x00,0x00,0x00,0x00,0x00,0x00
35622582,0x3E8,false,0,8,0x0C,0x00,0x00,0x00,0x00,0x00,0x00,0x00
35622711,0x3E8,false,0,8,0x0D,0x00,0x00,0x00,0x05,0x00,0x10,0x00
35670659,0x3E8,false,0,8,0x00,0x00,0x00,0x00,0x66,0x00,0x65,0x00
35670859,0x44C,false,0,8,0x00,0x00,0x19,0x00,0x1A,0x00,0x00,0x00
35670983,0x3E8,false,0,8,0x01,0x00,0xF2,0x03,0x04,0x00,0x00,0x00
35671107,0x44C,false,0,8,0x01,0x00,0x01,0x00,0x00,0x00,0x00,0x00
35671232,0x3E8,false,0,8,0x02,0x00,0x00,0x00,0x00,0x00,0x54,0x00
35671370,0x3E8,false,0,8,0x03,0x00,0x4C,0x00,0x9F,0x04,0x00,0x00
35671506,0x3E8,false,0,8,0x04,0x00,0x00,0x00,0x90,0x01,0x9A,0x04
35671645,0x3E8,false,0,8,0x05,0x00,0x00,0x00,0x00,0x00,0x00,0x00
35671780,0x3E8,false,0,8,0x06,0x00,0x00,0x00,0x00,0x00,0x00,0x00
35671917,0x3E8,false,0,8,0x07,0x00,0x00,0x00,0x00,0x00,0x07,0x00
35672054,0x3E8,false,0,8,0x08,0x00,0x4F,0x00,0x07,0x00,0x00,0x00
35672191,0x3E8,false,0,8,0x09,0x00,0x00,0x00,0x00,0x00,0x00,0x00
35672316,0x3E8,false,0,8,0x0A,0x00,0x00,0x00,0x00,0x00,0x00,0x00
35672452,0x3E8,false,0,8,0x0B,0x00,0x00,0x00,0x00,0x00,0x00,0x00
35672578,0x3E8,false,0,8,0x0C,0x00,0x00,0x00,0x00,0x00,0x00,0x00
35672707,0x3E8,false,0,8,0x0D,0x00,0x00,0x00,0x05,0x00,0x10,0x00
35720670,0x3E8,false,0,8,0x00,0x00,0x00,0x00,0x66,0x00,0x65,0x00
35720892,0x44C,false,0,8,0x00,0x00,0x19,0x00,0x1A,0x00,0x00,0x00
35721029,0x3E8,false,0,8,0x01,0x00,0xF2,0x03,0x04,0x00,0x00,0x00
35721154,0x44C,false,0,8,0x01,0x00,0x01,0x00,0x00,0x00,0x00,0x00
35721289,0x3E8,false,0,8,0x02,0x00,0x00,0x00,0x00,0x00,0x54,0x00
35721425,0x3E8,false,0,8,0x03,0x00,0x4C,0x00,0x9F,0x04,0x00,0x00
35721563,0x3E8,false,0,8,0x04,0x00,0x00,0x00,0x90,0x01,0x9A,0x04
35721702,0x3E8,false,0,8,0x05,0x00,0x00,0x00,0x00,0x00,0x00,0x00
35721837,0x3E8,false,0,8,0x06,0x00,0x00,0x00,0x00,0x00,0x00,0x00
35721975,0x3E8,false,0,8,0x07,0x00,0x00,0x00,0x00,0x00,0x07,0x00
35722113,0x3E8,false,0,8,0x08,0x00,0x4F,0x00,0x07,0x00,0x00,0x00
35722238,0x3E8,false,0,8,0x09,0x00,0x00,0x00,0x00,0x00,0x00,0x00
35722362,0x3E8,false,0,8,0x0A,0x00,0x00,0x00,0x00,0x00,0x00,0x00
35722487,0x3E8,false,0,8,0x0B,0x00,0x00,0x00,0x00,0x00,0x00,0x00
35722617,0x3E8,false,0,8,0x0C,0x00,0x00,0x00,0x00,0x00,0x00,0x00
35722742,0x3E8,false,0,8,0x0D,0x00,0x00,0x00,0x05,0x00,0x10,0x00
35770661,0x3E8,false,0,8,0x00,0x00,0x00,0x00,0x66,0x00,0x65,0x00
35770912,0x44C,false,0,8,0x00,0x00,0x19,0x00,0x1A,0x00,0x00,0x00
35771037,0x3E8,false,0,8,0x01,0x00,0xF2,0x03,0x04,0x00,0x00,0x00
35771179,0x44C,false,0,8,0x01,0x00,0x01,0x00,0x00,0x00,0x00,0x00
35771316,0x3E8,false,0,8,0x02,0x00,0x00,0x00,0x00,0x00,0x54,0x00
35771453,0x3E8,false,0,8,0x03,0x00,0x4C,0x00,0x9F,0x04,0x00,0x00
35771590,0x3E8,false,0,8,0x04,0x00,0x00,0x00,0x90,0x01,0x9A,0x04
35771727,0x3E8,false,0,8,0x05,0x00,0x00,0x00,0x00,0x00,0x00,0x00
35771865,0x3E8,false,0,8,0x06,0x00,0x00,0x00,0x00,0x00,0x00,0x00
35783897,0x3E8,false,0,8,0x07,0x00,0x00,0x00,0x00,0x00,0x07,0x00
35784035,0x3E8,false,0,8,0x08,0x00,0x4F,0x00,0x07,0x00,0x00,0x00
35784167,0x3E8,false,0,8,0x09,0x00,0x00,0x00,0x00,0x00,0x00,0x00
35784303,0x3E8,false,0,8,0x0A,0x00,0x00,0x00,0x00,0x00,0x00,0x00
35784439,0x3E8,false,0,8,0x0B,0x00,0x00,0x00,0x00,0x00,0x00,0x00
35784579,0x3E8,false,0,8,0x0C,0x00,0x00,0x00,0x00,0x00,0x00,0x00
35784725,0x3E8,false,0,8,0x0D,0x00,0x00,0x00,0x05,0x00,0x10,0x00
35820663,0x3E8,false,0,8,0x00,0x00,0x00,0x00,0x66,0x00,0x65,0x00
35820911,0x44C,false,0,8,0x00,0x00,0x19,0x00,0x1A,0x00,0x00,0x00
35821046,0x3E8,false,0,8,0x01,0x00,0xF2,0x03,0x04,0x00,0x00,0x00
35821170,0x44C,false,0,8,0x01,0x00,0x01,0x00,0x00,0x00,0x00,0x00
35821307,0x3E8,false,0,8,0x02,0x00,0x00,0x00,0x00,0x00,0x54,0x00
35821431,0x3E8,false,0,8,0x03,0x00,0x4C,0x00,0x9F,0x04,0x00,0x00
35821572,0x3E8,false,0,8,0x04,0x00,0x00,0x00,0x90,0x01,0x9A,0x04
35821709,0x3E8,false,0,8,0x05,0x00,0x00,0x00,0x00,0x00,0x00,0x00
35821846,0x3E8,false,0,8,0x06,0x00,0x00,0x00,0x00,0x00,0x00,0x00
35821984,0x3E8,false,0,8,0x07,0x00,0x00,0x00,0x00,0x00,0x07,0x00
35822124,0x3E8,false,0,8,0x08,0x00,0x4F,0x00,0x07,0x00,0x00,0x00
35822265,0x3E8,false,0,8,0x09,0x00,0x00,0x00,0x00,0x00,0x00,0x00
35822408,0x3E8,false,0,8,0x0A,0x00,0x00,0x00,0x00,0x00,0x00,0x00
35822538,0x3E8,false,0,8,0x0B,0x00,0x00,0x00,0x00,0x00,0x00,0x00
35822677,0x3E8,false,0,8,0x0C,0x00,0x00,0x00,0x00,0x00,0x00,0x00
35822803,0x3E8,false,0,8,0x0D,0x00,0x00,0x00,0x05,0x00,0x10,0x00
35870660,0x3E8,false,0,8,0x00,0x00,0x00,0x00,0x66,0x00,0x65,0x00
35870889,0x44C,false,0,8,0x00,0x00,0x19,0x00,0x1A,0x00,0x00,0x00
35871025,0x3E8,false,0,8,0x01,0x00,0xF2,0x03,0x04,0x00,0x00,0x00
35871162,0x44C,false,0,8,0x01,0x00,0x01,0x00,0x00,0x00,0x00,0x00
35871287,0x3E8,false,0,8,0x02,0x00,0x00,0x00,0x00,0x00,0x54,0x00
35871411,0x3E8,false,0,8,0x03,0x00,0x4C,0x00,0x9F,0x04,0x00,0x00
35871535,0x3E8,false,0,8,0x04,0x00,0x00,0x00,0x90,0x01,0x9A,0x04
35871660,0x3E8,false,0,8,0x05,0x00,0x00,0x00,0x00,0x00,0x00,0x00
35874746,0x3E8,false,0,8,0x06,0x00,0x00,0x00,0x00,0x00,0x00,0x00
35874872,0x3E8,false,0,8,0x07,0x00,0x00,0x00,0x00,0x00,0x07,0x00
35874996,0x3E8,false,0,8,0x08,0x00,0x4F,0x00,0x07,0x00,0x00,0x00
35875121,0x3E8,false,0,8,0x09,0x00,0x00,0x00,0x00,0x00,0x00,0x00
35875245,0x3E8,false,0,8,0x0A,0x00,0x00,0x00,0x00,0x00,0x00,0x00
35875370,0x3E8,false,0,8,0x0B,0x00,0x00,0x00,0x00,0x00,0x00,0x00
35875495,0x3E8,false,0,8,0x0C,0x00,0x00,0x00,0x00,0x00,0x00,0x00
35875622,0x3E8,false,0,8,0x0D,0x00,0x00,0x00,0x05,0x00,0x10,0x00
35920655,0x3E8,false,0,8,0x00,0x00,0x00,0x00,0x66,0x00,0x65,0x00
35920796,0x44C,false,0,8,0x00,0x00,0x19,0x00,0x1A,0x00,0x00,0x00
35920932,0x3E8,false,0,8,0x01,0x00,0xF2,0x03,0x04,0x00,0x00,0x00
35921071,0x44C,false,0,8,0x01,0x00,0x01,0x00,0x00,0x00,0x00,0x00
35921208,0x3E8,false,0,8,0x02,0x00,0x00,0x00,0x00,0x00,0x54,0x00
35921345,0x3E8,false,0,8,0x03,0x00,0x4C,0x00,0x9F,0x04,0x00,0x00
35921482,0x3E8,false,0,8,0x04,0x00,0x00,0x00,0x90,0x01,0x9A,0x04
35921620,0x3E8,false,0,8,0x05,0x00,0x00,0x00,0x00,0x00,0x00,0x00
35921840,0x3E8,false,0,8,0x06,0x00,0x00,0x00,0x00,0x00,0x00,0x00
35924644,0x3E8,false,0,8,0x07,0x00,0x00,0x00,0x00,0x00,0x07,0x00
35924769,0x3E8,false,0,8,0x08,0x00,0x4F,0x00,0x07,0x00,0x00,0x00
35924894,0x3E8,false,0,8,0x09,0x00,0x00,0x00,0x00,0x00,0x00,0x00
35925019,0x3E8,false,0,8,0x0A,0x00,0x00,0x00,0x00,0x00,0x00,0x00
35925144,0x3E8,false,0,8,0x0B,0x00,0x00,0x00,0x00,0x00,0x00,0x00
35925269,0x3E8,false,0,8,0x0C,0x00,0x00,0x00,0x00,0x00,0x00,0x00
35925394,0x3E8,false,0,8,0x0D,0x00,0x00,0x00,0x05,0x00,0x10,0x00
35972672,0x3E8,false,0,8,0x00,0x00,0x00,0x00,0x66,0x00,0x65,0x00
35972909,0x44C,false,0,8,0x00,0x00,0x19,0x00,0x1A,0x00,0x00,0x00
35973045,0x3E8,false,0,8,0x01,0x00,0xF2,0x03,0x04,0x00,0x00,0x00
35973169,0x44C,false,0,8,0x01,0x00,0x01,0x00,0x00,0x00,0x00,0x00
35973295,0x3E8,false,0,8,0x02,0x00,0x00,0x00,0x00,0x00,0x54,0x00
35973419,0x3E8,false,0,8,0x03,0x00,0x4C,0x00,0x9F,0x04,0x00,0x00
35973544,0x3E8,false,0,8,0x04,0x00,0x00,0x00,0x90,0x01,0x9A,0x04
35973670,0x3E8,false,0,8,0x05,0x00,0x00,0x00,0x00,0x00,0x00,0x00
35985397,0x3E8,false,0,8,0x06,0x00,0x00,0x00,0x00,0x00,0x00,0x00
35985537,0x3E8,false,0,8,0x07,0x00,0x00,0x00,0x00,0x00,0x07,0x00
35985673,0x3E8,false,0,8,0x08,0x00,0x4F,0x00,0x07,0x00,0x00,0x00
35985808,0x3E8,false,0,8,0x09,0x00,0x00,0x00,0x00,0x00,0x00,0x00
35985942,0x3E8,false,0,8,0x0A,0x00,0x00,0x00,0x00,0x00,0x00,0x00
35986078,0x3E8,false,0,8,0x0B,0x00,0x00,0x00,0x00,0x00,0x00,0x00
35986206,0x3E8,false,0,8,0x0C,0x00,0x00,0x00,0x00,0x00,0x00,0x00
35986337,0x3E8,false,0,8,0x0D,0x00,0x00,0x00,0x05,0x00,0x10,0x00
36022671,0x3E8,false,0,8,0x00,0x00,0x00,0x00,0x66,0x00,0x65,0x00
36022918,0x44C,false,0,8,0x00,0x00,0x19,0x00,0x1A,0x00,0x00,0x00
36023056,0x3E8,false,0,8,0x01,0x00,0xF2,0x03,0x04,0x00,0x00,0x00
36023194,0x44C,false,0,8,0x01,0x00,0x01,0x00,0x00,0x00,0x00,0x00
36023319,0x3E8,false,0,8,0x02,0x00,0x00,0x00,0x00,0x00,0x54,0x00
36023443,0x3E8,false,0,8,0x03,0x00,0x4C,0x00,0x9F,0x04,0x00,0x00
36023567,0x3E8,false,0,8,0x04,0x00,0x00,0x00,0x90,0x01,0x9A,0x04
36023694,0x3E8,false,0,8,0x05,0x00,0x00,0x00,0x00,0x00,0x00,0x00
36023819,0x3E8,false,0,8,0x06,0x00,0x00,0x00,0x00,0x00,0x00,0x00
36023943,0x3E8,false,0,8,0x07,0x00,0x00,0x00,0x00,0x00,0x07,0x00
36024068,0x3E8,false,0,8,0x08,0x00,0x4F,0x00,0x07,0x00,0x00,0x00
36024192,0x3E8,false,0,8,0x09,0x00,0x00,0x00,0x00,0x00,0x00,0x00
36024317,0x3E8,false,0,8,0x0A,0x00,0x00,0x00,0x00,0x00,0x00,0x00
36024442,0x3E8,false,0,8,0x0B,0x00,0x00,0x00,0x00,0x00,0x00,0x00
36024566,0x3E8,false,0,8,0x0C,0x00,0x00,0x00,0x00,0x00,0x00,0x00
36024695,0x3E8,false,0,8,0x0D,0x00,0x00,0x00,0x05,0x00,0x10,0x00
36072660,0x3E8,false,0,8,0x00,0x00,0x00,0x00,0x66,0x00,0x65,0x00
36072879,0x44C,false,0,8,0x00,0x00,0x19,0x00,0x1A,0x00,0x00,0x00
36073017,0x3E8,false,0,8,0x01,0x00,0xF2,0x03,0x04,0x00,0x00,0x00
36073152,0x44C,false,0,8,0x01,0x00,0x01,0x00,0x00,0x00,0x00,0x00
36073291,0x3E8,false,0,8,0x02,0x00,0x00,0x00,0x00,0x00,0x54,0x00
36073426,0x3E8,false,0,8,0x03,0x00,0x4C,0x00,0x9F,0x04,0x00,0x00
36073563,0x3E8,false,0,8,0x04,0x00,0x00,0x00,0x90,0x01,0x9A,0x04
36073702,0x3E8,false,0,8,0x05,0x00,0x00,0x00,0x00,0x00,0x00,0x00
36073846,0x3E8,false,0,8,0x06,0x00,0x00,0x00,0x00,0x00,0x00,0x00
36073971,0x3E8,false,0,8,0x07,0x00,0x00,0x00,0x00,0x00,0x07,0x00
36074108,0x3E8,false,0,8,0x08,0x00,0x4F,0x00,0x07,0x00,0x00,0x00
36074233,0x3E8,false,0,8,0x09,0x00,0x00,0x00,0x00,0x00,0x00,0x00
36074358,0x3E8,false,0,8,0x0A,0x00,0x00,0x00,0x00,0x00,0x00,0x00
36074484,0x3E8,false,0,8,0x0B,0x00,0x00,0x00,0x00,0x00,0x00,0x00
36074615,0x3E8,false,0,8,0x0C,0x00,0x00,0x00,0x00,0x00,0x00,0x00
36074746,0x3E8,false,0,8,0x0D,0x00,0x00,0x00,0x05,0x00,0x10,0x00
36122669,0x3E8,false,0,8,0x00,0x00,0x00,0x00,0x66,0x00,0x65,0x00
36122885,0x44C,false,0,8,0x00,0x00,0x19,0x00,0x1A,0x00,0x00,0x00
36123020,0x3E8,false,0,8,0x01,0x00,0xF2,0x03,0x04,0x00,0x00,0x00
36123158,0x44C,false,0,8,0x01,0x00,0x01,0x00,0x00,0x00,0x00,0x00
36123293,0x3E8,false,0,8,0x02,0x00,0x00,0x00,0x00,0x00,0x54,0x00
36123428,0x3E8,false,0,8,0x03,0x00,0x4C,0x00,0x9F,0x04,0x00,0x00
36123565,0x3E8,false,0,8,0x04,0x00,0x00,0x00,0x90,0x01,0x9A,0x04
36123702,0x3E8,false,0,8,0x05,0x00,0x00,0x00,0x00,0x00,0x00,0x00
36123839,0x3E8,false,0,8,0x06,0x00,0x00,0x00,0x00,0x00,0x00,0x00
36123964,0x3E8,false,0,8,0x07,0x00,0x00,0x00,0x00,0x00,0x07,0x00
36124088,0x3E8,false,0,8,0x08,0x00,0x4F,0x00,0x07,0x00,0x00,0x00
36124213,0x3E8,false,0,8,0x09,0x00,0x00,0x00,0x00,0x00,0x00,0x00
36124338,0x3E8,false,0,8,0x0A,0x00,0x00,0x00,0x00,0x00,0x00,0x00
36124463,0x3E8,false,0,8,0x0B,0x00,0x00,0x00,0x00,0x00,0x00,0x00
36124587,0x3E8,false,0,8,0x0C,0x00,0x00,0x00,0x00,0x00,0x00,0x00
36124717,0x3E8,false,0,8,0x0D,0x00,0x00,0x00,0x05,0x00,0x10,0x00
36172659,0x3E8,false,0,8,0x00,0x00,0x00,0x00,0x66,0x00,0x65,0x00
36172902,0x44C,false,0,8,0x00,0x00,0x19,0x00,0x1A,0x00,0x00,0x00
36183158,0x3E8,false,0,8,0x01,0x00,0xF2,0x03,0x04,0x00,0x00,0x00
36183284,0x44C,false,0,8,0x01,0x00,0x01,0x00,0x00,0x00,0x00,0x00
36183409,0x3E8,false,0,8,0x02,0x00,0x00,0x00,0x00,0x00,0x54,0x00
36183533,0x3E8,false,0,8,0x03,0x00,0x4C,0x00,0x9F,0x04,0x00,0x00
36183660,0x3E8,false,0,8,0x04,0x00,0x00,0x00,0x90,0x01,0x9A,0x04
36183785,0x3E8,false,0,8,0x05,0x00,0x00,0x00,0x00,0x00,0x00,0x00
36183909,0x3E8,false,0,8,0x06,0x00,0x00,0x00,0x00,0x00,0x00,0x00
36184034,0x3E8,false,0,8,0x07,0x00,0x00,0x00,0x00,0x00,0x07,0x00
36184159,0x3E8,false,0,8,0x08,0x00,0x4F,0x00,0x07,0x00,0x00,0x00
36184283,0x3E8,false,0,8,0x09,0x00,0x00,0x00,0x00,0x00,0x00,0x00
36184407,0x3E8,false,0,8,0x0A,0x00,0x00,0x00,0x00,0x00,0x00,0x00
36184532,0x3E8,false,0,8,0x0B,0x00,0x00,0x00,0x00,0x00,0x00,0x00
36184661,0x3E8,false,0,8,0x0C,0x00,0x00,0x00,0x00,0x00,0x00,0x00
36184786,0x3E8,false,0,8,0x0D,0x00,0x00,0x00,0x05,0x00,0x10,0x00
36222671,0x3E8,false,0,8,0x00,0x00,0x00,0x00,0x66,0x00,0x65,0x00
36222903,0x44C,false,0,8,0x00,0x00,0x19,0x00,0x1A,0x00,0x00,0x00
36223029,0x3E8,false,0,8,0x01,0x00,0xF2,0x03,0x04,0x00,0x00,0x00
36223164,0x44C,false,0,8,0x01,0x00,0x01,0x00,0x00,0x00,0x00,0x00
36223298,0x3E8,false,0,8,0x02,0x00,0x00,0x00,0x00,0x00,0x54,0x00
36223423,0x3E8,false,0,8,0x03,0x00,0x4C,0x00,0x9F,0x04,0x00,0x00
36223567,0x3E8,false,0,8,0x04,0x00,0x00,0x00,0x90,0x01,0x9A,0x04
36223694,0x3E8,false,0,8,0x05,0x00,0x00,0x00,0x00,0x00,0x00,0x00
36223839,0x3E8,false,0,8,0x06,0x00,0x00,0x00,0x00,0x00,0x00,0x00
36223964,0x3E8,false,0,8,0x07,0x00,0x00,0x00,0x00,0x00,0x07,0x00
36224102,0x3E8,false,0,8,0x08,0x00,0x4F,0x00,0x07,0x00,0x00,0x00
36224226,0x3E8,false,0,8,0x09,0x00,0x00,0x00,0x00,0x00,0x00,0x00
36224351,0x3E8,false,0,8,0x0A,0x00,0x00,0x00,0x00,0x00,0x00,0x00
36224475,0x3E8,false,0,8,0x0B,0x00,0x00,0x00,0x00,0x00,0x00,0x00
36224605,0x3E8,false,0,8,0x0C,0x00,0x00,0x00,0x00,0x00,0x00,0x00
36224729,0x3E8,false,0,8,0x0D,0x00,0x00,0x00,0x05,0x00,0x10,0x00
36272665,0x3E8,false,0,8,0x00,0x00,0x00,0x00,0x66,0x00,0x65,0x00
36272900,0x44C,false,0,8,0x00,0x00,0x19,0x00,0x1A,0x00,0x00,0x00
36273024,0x3E8,false,0,8,0x01,0x00,0xF2,0x03,0x04,0x00,0x00,0x00
36273149,0x44C,false,0,8,0x01,0x00,0x01,0x00,0x00,0x00,0x00,0x00
36273274,0x3E8,false,0,8,0x02,0x00,0x00,0x00,0x00,0x00,0x54,0x00
36273399,0x3E8,false,0,8,0x03,0x00,0x4C,0x00,0x9F,0x04,0x00,0x00
36273523,0x3E8,false,0,8,0x04,0x00,0x00,0x00,0x90,0x01,0x9A,0x04
36273650,0x3E8,false,0,8,0x05,0x00,0x00,0x00,0x00,0x00,0x00,0x00
36273789,0x3E8,false,0,8,0x06,0x00,0x00,0x00,0x00,0x00,0x00,0x00
36273927,0x3E8,false,0,8,0x07,0x00,0x00,0x00,0x00,0x00,0x07,0x00
36274069,0x3E8,false,0,8,0x08,0x00,0x4F,0x00,0x07,0x00,0x00,0x00
36274205,0x3E8,false,0,8,0x09,0x00,0x00,0x00,0x00,0x00,0x00,0x00
36274340,0x3E8,false,0,8,0x0A,0x00,0x00,0x00,0x00,0x00,0x00,0x00
36274477,0x3E8,false,0,8,0x0B,0x00,0x00,0x00,0x00,0x00,0x00,0x00
36274621,0x3E8,false,0,8,0x0C,0x00,0x00,0x00,0x00,0x00,0x00,0x00
36274758,0x3E8,false,0,8,0x0D,0x00,0x00,0x00,0x05,0x00,0x10,0x00
36322660,0x3E8,false,0,8,0x00,0x00,0x00,0x00,0x66,0x00,0x65,0x00
36322899,0x44C,false,0,8,0x00,0x00,0x19,0x00,0x1A,0x00,0x00,0x00
36323035,0x3E8,false,0,8,0x01,0x00,0xF2,0x03,0x04,0x00,0x00,0x00
36323172,0x44C,false,0,8,0x01,0x00,0x01,0x00,0x00,0x00,0x00,0x00
36323311,0x3E8,false,0,8,0x02,0x00,0x00,0x00,0x00,0x00,0x54,0x00
36323449,0x3E8,false,0,8,0x03,0x00,0x4C,0x00,0x9F,0x04,0x00,0x00
36323574,0x3E8,false,0,8,0x04,0x00,0x00,0x00,0x90,0x01,0x9A,0x04
36323716,0x3E8,false,0,8,0x05,0x00,0x00,0x00,0x00,0x00,0x00,0x00
36323853,0x3E8,false,0,8,0x06,0x00,0x00,0x00,0x00,0x00,0x00,0x00
36323991,0x3E8,false,0,8,0x07,0x00,0x00,0x00,0x00,0x00,0x07,0x00
36324130,0x3E8,false,0,8,0x08,0x00,0x4F,0x00,0x07,0x00,0x00,0x00
36324266,0x3E8,false,0,8,0x09,0x00,0x00,0x00,0x00,0x00,0x00,0x00
36324402,0x3E8,false,0,8,0x0A,0x00,0x00,0x00,0x00,0x00,0x00,0x00
36324538,0x3E8,false,0,8,0x0B,0x00,0x00,0x00,0x00,0x00,0x00,0x00
36324668,0x3E8,false,0,8,0x0C,0x00,0x00,0x00,0x00,0x00,0x00,0x00
36324793,0x3E8,false,0,8,0x0D,0x00,0x00,0x00,0x05,0x00,0x10,0x00
36372645,0x44C,false,0,8,0x00,0x00,0x19,0x00,0x1A,0x00,0x00,0x00
36372784,0x3E8,false,0,8,0x00,0x00,0x00,0x00,0x66,0x00,0x65,0x00
36403061,0x44C,false,0,8,0x01,0x00,0x01,0x00,0x00,0x00,0x00,0x00
36403196,0x3E8,false,0,8,0x01,0x00,0xF2,0x03,0x04,0x00,0x00,0x00
36403325,0x3E8,false,0,8,0x02,0x00,0x00,0x00,0x00,0x00,0x54,0x00
36403454,0x3E8,false,0,8,0x03,0x00,0x4C,0x00,0x9F,0x04,0x00,0x00
36403583,0x3E8,false,0,8,0x04,0x00,0x00,0x00,0x90,0x01,0x9A,0x04
36403712,0x3E8,false,0,8,0x05,0x00,0x00,0x00,0x00,0x00,0x00,0x00
36403842,0x3E8,false,0,8,0x06,0x00,0x00,0x00,0x00,0x00,0x00,0x00
36403973,0x3E8,false,0,8,0x07,0x00,0x00,0x00,0x00,0x00,0x07,0x00
36404104,0x3E8,false,0,8,0x08,0x00,0x4F,0x00,0x07,0x00,0x00,0x00
36404233,0x3E8,false,0,8,0x09,0x00,0x00,0x00,0x00,0x00,0x00,0x00
36404363,0x3E8,false,0,8,0x0A,0x00,0x00,0x00,0x00,0x00,0x00,0x00
36404489,0x3E8,false,0,8,0x0B,0x00,0x00,0x00,0x00,0x00,0x00,0x00
36404620,0x3E8,false,0,8,0x0C,0x00,0x00,0x00,0x00,0x00,0x00,0x00
36404746,0x3E8,false,0,8,0x0D,0x00,0x00,0x00,0x05,0x00,0x10,0x00
36422678,0x3E8,false,0,8,0x00,0x00,0x00,0x00,0x66,0x00,0x65,0x00
36422899,0x44C,false,0,8,0x00,0x00,0x19,0x00,0x1A,0x00,0x00,0x00
36423036,0x3E8,false,0,8,0x01,0x00,0xF2,0x03,0x04,0x00,0x00,0x00
36423171,0x44C,false,0,8,0x01,0x00,0x01,0x00,0x00,0x00,0x00,0x00
36423308,0x3E8,false,0,8,0x02,0x00,0x00,0x00,0x00,0x00,0x54,0x00
36423444,0x3E8,false,0,8,0x03,0x00,0x4C,0x00,0x9F,0x04,0x00,0x00
36423579,0x3E8,false,0,8,0x04,0x00,0x00,0x00,0x90,0x01,0x9A,0x04
36423704,0x3E8,false,0,8,0x05,0x00,0x00,0x00,0x00,0x00,0x00,0x00
36423843,0x3E8,false,0,8,0x06,0x00,0x00,0x00,0x00,0x00,0x00,0x00
36424097,0x3E8,false,0,8,0x07,0x00,0x00,0x00,0x00,0x00,0x07,0x00
36424238,0x3E8,false,0,8,0x08,0x00,0x4F,0x00,0x07,0x00,0x00,0x00
36424374,0x3E8,false,0,8,0x09,0x00,0x00,0x00,0x00,0x00,0x00,0x00
36424511,0x3E8,false,0,8,0x0A,0x00,0x00,0x00,0x00,0x00,0x00,0x00
36424653,0x3E8,false,0,8,0x0B,0x00,0x00,0x00,0x00,0x00,0x00,0x00
36424790,0x3E8,false,0,8,0x0C,0x00,0x00,0x00,0x00,0x00,0x00,0x00
36424927,0x3E8,false,0,8,0x0D,0x00,0x00,0x00,0x05,0x00,0x10,0x00
36472671,0x44C,false,0,8,0x00,0x00,0x19,0x00,0x1A,0x00,0x00,0x00
36472897,0x3E8,false,0,8,0x00,0x00,0x00,0x00,0x66,0x00,0x65,0x00
36473035,0x44C,false,0,8,0x01,0x00,0x01,0x00,0x00,0x00,0x00,0x00
36473171,0x3E8,false,0,8,0x01,0x00,0xF2,0x03,0x04,0x00,0x00,0x00
36473307,0x3E8,false,0,8,0x02,0x00,0x00,0x00,0x00,0x00,0x54,0x00
36473444,0x3E8,false,0,8,0x03,0x00,0x4C,0x00,0x9F,0x04,0x00,0x00
36473582,0x3E8,false,0,8,0x04,0x00,0x00,0x00,0x90,0x01,0x9A,0x04
36473717,0x3E8,false,0,8,0x05,0x00,0x00,0x00,0x00,0x00,0x00,0x00
36476724,0x3E8,false,0,8,0x06,0x00,0x00,0x00,0x00,0x00,0x00,0x00
36476850,0x3E8,false,0,8,0x07,0x00,0x00,0x00,0x00,0x00,0x07,0x00
36476975,0x3E8,false,0,8,0x08,0x00,0x4F,0x00,0x07,0x00,0x00,0x00
36477100,0x3E8,false,0,8,0x09,0x00,0x00,0x00,0x00,0x00,0x00,0x00
36477225,0x3E8,false,0,8,0x0A,0x00,0x00,0x00,0x00,0x00,0x00,0x00
36477350,0x3E8,false,0,8,0x0B,0x00,0x00,0x00,0x00,0x00,0x00,0x00
36477474,0x3E8,false,0,8,0x0C,0x00,0x00,0x00,0x00,0x00,0x00,0x00
36477600,0x3E8,false,0,8,0x0D,0x00,0x00,0x00,0x05,0x00,0x10,0x00
36524669,0x3E8,false,0,8,0x00,0x00,0x00,0x00,0x66,0x00,0x65,0x00
36524915,0x44C,false,0,8,0x00,0x00,0x19,0x00,0x1A,0x00,0x00,0x00
36525049,0x3E8,false,0,8,0x01,0x00,0xF2,0x03,0x04,0x00,0x00,0x00
36525189,0x44C,false,0,8,0x01,0x00,0x01,0x00,0x00,0x00,0x00,0x00
36525325,0x3E8,false,0,8,0x02,0x00,0x00,0x00,0x00,0x00,0x54,0x00
36525461,0x3E8,false,0,8,0x03,0x00,0x4C,0x00,0x9F,0x04,0x00,0x00
36525587,0x3E8,false,0,8,0x04,0x00,0x00,0x00,0x90,0x01,0x9A,0x04
36525712,0x3E8,false,0,8,0x05,0x00,0x00,0x00,0x00,0x00,0x00,0x00
36525836,0x3E8,false,0,8,0x06,0x00,0x00,0x00,0x00,0x00,0x00,0x00
36525961,0x3E8,false,0,8,0x07,0x00,0x00,0x00,0x00,0x00,0x07,0x00
36526086,0x3E8,false,0,8,0x08,0x00,0x4F,0x00,0x07,0x00,0x00,0x00
36526211,0x3E8,false,0,8,0x09,0x00,0x00,0x00,0x00,0x00,0x00,0x00
36526335,0x3E8,false,0,8,0x0A,0x00,0x00,0x00,0x00,0x00,0x00,0x00
36526460,0x3E8,false,0,8,0x0B,0x00,0x00,0x00,0x00,0x00,0x00,0x00
36526585,0x3E8,false,0,8,0x0C,0x00,0x00,0x00,0x00,0x00,0x00,0x00
36526714,0x3E8,false,0,8,0x0D,0x00,0x00,0x00,0x05,0x00,0x10,0x00
36574665,0x3E8,false,0,8,0x00,0x00,0x00,0x00,0x66,0x00,0x65,0x00
36587932,0x44C,false,0,8,0x00,0x00,0x19,0x00,0x1A,0x00,0x00,0x00
36588056,0x3E8,false,0,8,0x01,0x00,0xF2,0x03,0x04,0x00,0x00,0x00
36588180,0x44C,false,0,8,0x01,0x00,0x01,0x00,0x00,0x00,0x00,0x00
36588305,0x3E8,false,0,8,0x02,0x00,0x00,0x00,0x00,0x00,0x54,0x00
36588429,0x3E8,false,0,8,0x03,0x00,0x4C,0x00,0x9F,0x04,0x00,0x00
36588553,0x3E8,false,0,8,0x04,0x00,0x00,0x00,0x90,0x01,0x9A,0x04
36588682,0x3E8,false,0,8,0x05,0x00,0x00,0x00,0x00,0x00,0x00,0x00
36588806,0x3E8,false,0,8,0x06,0x00,0x00,0x00,0x00,0x00,0x00,0x00
36588931,0x3E8,false,0,8,0x07,0x00,0x00,0x00,0x00,0x00,0x07,0x00
36589055,0x3E8,false,0,8,0x08,0x00,0x4F,0x00,0x07,0x00,0x00,0x00
36589180,0x3E8,false,0,8,0x09,0x00,0x00,0x00,0x00,0x00,0x00,0x00
36589304,0x3E8,false,0,8,0x0A,0x00,0x00,0x00,0x00,0x00,0x00,0x00
36589429,0x3E8,false,0,8,0x0B,0x00,0x00,0x00,0x00,0x00,0x00,0x00
36589553,0x3E8,false,0,8,0x0C,0x00,0x00,0x00,0x00,0x00,0x00,0x00
36589685,0x3E8,false,0,8,0x0D,0x00,0x00,0x00,0x05,0x00,0x10,0x00
36624661,0x3E8,false,0,8,0x00,0x00,0x00,0x00,0x66,0x00,0x65,0x00
36624900,0x44C,false,0,8,0x00,0x00,0x19,0x00,0x1A,0x00,0x00,0x00
36625025,0x3E8,false,0,8,0x01,0x00,0xF2,0x03,0x04,0x00,0x00,0x00
36625160,0x44C,false,0,8,0x01,0x00,0x01,0x00,0x00,0x00,0x00,0x00
36625299,0x3E8,false,0,8,0x02,0x00,0x00,0x00,0x00,0x00,0x54,0x00
36625436,0x3E8,false,0,8,0x03,0x00,0x4C,0x00,0x9F,0x04,0x00,0x00
36625575,0x3E8,false,0,8,0x04,0x00,0x00,0x00,0x90,0x01,0x9A,0x04
36625711,0x3E8,false,0,8,0x05,0x00,0x00,0x00,0x00,0x00,0x00,0x00
36625836,0x3E8,false,0,8,0x06,0x00,0x00,0x00,0x00,0x00,0x00,0x00
36625960,0x3E8,false,0,8,0x07,0x00,0x00,0x00,0x00,0x00,0x07,0x00
36626085,0x3E8,false,0,8,0x08,0x00,0x4F,0x00,0x07,0x00,0x00,0x00
36626209,0x3E8,false,0,8,0x09,0x00,0x00,0x00,0x00,0x00,0x00,0x00
36626334,0x3E8,false,0,8,0x0A,0x00,0x00,0x00,0x00,0x00,0x00,0x00
36626459,0x3E8,false,0,8,0x0B,0x00,0x00,0x00,0x00,0x00,0x00,0x00
36626583,0x3E8,false,0,8,0x0C,0x00,0x00,0x00,0x00,0x00,0x00,0x00
36626712,0x3E8,false,0,8,0x0D,0x00,0x00,0x00,0x05,0x00,0x10,0x00
36674646,0x3E8,false,0,8,0x00,0x00,0x00,0x00,0x66,0x00,0x65,0x00
36674781,0x44C,false,0,8,0x00,0x00,0x19,0x00,0x1A,0x00,0x00,0x00
36674905,0x3E8,false,0,8,0x01,0x00,0xF2,0x03,0x04,0x00,0x00,0x00
36675029,0x44C,false,0,8,0x01,0x00,0x01,0x00,0x00,0x00,0x00,0x00
36675154,0x3E8,false,0,8,0x02,0x00,0x00,0x00,0x00,0x00,0x54,0x00
36675278,0x3E8,false,0,8,0x03,0x00,0x4C,0x00,0x9F,0x04,0x00,0x00
36675402,0x3E8,false,0,8,0x04,0x00,0x00,0x00,0x90,0x01,0x9A,0x04
36675537,0x3E8,false,0,8,0x05,0x00,0x00,0x00,0x00,0x00,0x00,0x00
36675675,0x3E8,false,0,8,0x06,0x00,0x00,0x00,0x00,0x00,0x00,0x00
36675812,0x3E8,false,0,8,0x07,0x00,0x00,0x00,0x00,0x00,0x07,0x00
36675949,0x3E8,false,0,8,0x08,0x00,0x4F,0x00,0x07,0x00,0x00,0x00
36676084,0x3E8,false,0,8,0x09,0x00,0x00,0x00,0x00,0x00,0x00,0x00
36676221,0x3E8,false,0,8,0x0A,0x00,0x00,0x00,0x00,0x00,0x00,0x00
36676357,0x3E8,false,0,8,0x0B,0x00,0x00,0x00,0x00,0x00,0x00,0x00
36676494,0x3E8,false,0,8,0x0C,0x00,0x00,0x00,0x00,0x00,0x00,0x00
36676623,0x3E8,false,0,8,0x0D,0x00,0x00,0x00,0x05,0x00,0x10,0x00
36724658,0x3E8,false,0,8,0x00,0x00,0x00,0x00,0x66,0x00,0x65,0x00
36724809,0x44C,false,0,8,0x00,0x00,0x19,0x00,0x1A,0x00,0x00,0x00
36724945,0x3E8,false,0,8,0x01,0x00,0xF2,0x03,0x04,0x00,0x00,0x00
36725069,0x44C,false,0,8,0x01,0x00,0x01,0x00,0x00,0x00,0x00,0x00
36725206,0x3E8,false,0,8,0x02,0x00,0x00,0x00,0x00,0x00,0x54,0x00
36725330,0x3E8,false,0,8,0x03,0x00,0x4C,0x00,0x9F,0x04,0x00,0x00
36725466,0x3E8,false,0,8,0x04,0x00,0x00,0x00,0x90,0x01,0x9A,0x04
36725605,0x3E8,false,0,8,0x05,0x00,0x00,0x00,0x00,0x00,0x00,0x00
36725741,0x3E8,false,0,8,0x06,0x00,0x00,0x00,0x00,0x00,0x00,0x00
36725879,0x3E8,false,0,8,0x07,0x00,0x00,0x00,0x00,0x00,0x07,0x00
36726015,0x3E8,false,0,8,0x08,0x00,0x4F,0x00,0x07,0x00,0x00,0x00
36726151,0x3E8,false,0,8,0x09,0x00,0x00,0x00,0x00,0x00,0x00,0x00
36726288,0x3E8,false,0,8,0x0A,0x00,0x00,0x00,0x00,0x00,0x00,0x00
36726413,0x3E8,false,0,8,0x0B,0x00,0x00,0x00,0x00,0x00,0x00,0x00
36726537,0x3E8,false,0,8,0x0C,0x00,0x00,0x00,0x00,0x00,0x00,0x00
36726667,0x3E8,false,0,8,0x0D,0x00,0x00,0x00,0x05,0x00,0x10,0x00
36775108,0x44C,false,0,8,0x00,0x00,0x19,0x00,0x1A,0x00,0x00,0x00
36775353,0x3E8,false,0,8,0x00,0x00,0x00,0x00,0x66,0x00,0x65,0x00
36775491,0x44C,false,0,8,0x01,0x00,0x01,0x00,0x00,0x00,0x00,0x00
36775627,0x3E8,false,0,8,0x01,0x00,0xF2,0x03,0x04,0x00,0x00,0x00
36775763,0x3E8,false,0,8,0x02,0x00,0x00,0x00,0x00,0x00,0x54,0x00
36775899,0x3E8,false,0,8,0x03,0x00,0x4C,0x00,0x9F,0x04,0x00,0x00
36776041,0x3E8,false,0,8,0x04,0x00,0x00,0x00,0x90,0x01,0x9A,0x04
36776177,0x3E8,false,0,8,0x05,0x00,0x00,0x00,0x00,0x00,0x00,0x00
36776315,0x3E8,false,0,8,0x06,0x00,0x00,0x00,0x00,0x00,0x00,0x00
36776454,0x3E8,false,0,8,0x07,0x00,0x00,0x00,0x00,0x00,0x07,0x00
36776604,0x3E8,false,0,8,0x08,0x00,0x4F,0x00,0x07,0x00,0x00,0x00
36776742,0x3E8,false,0,8,0x09,0x00,0x00,0x00,0x00,0x00,0x00,0x00
36776873,0x3E8,false,0,8,0x0A,0x00,0x00,0x00,0x00,0x00,0x00,0x00
36777000,0x3E8,false,0,8,0x0B,0x00,0x00,0x00,0x00,0x00,0x00,0x00
36777126,0x3E8,false,0,8,0x0C,0x00,0x00,0x00,0x00,0x00,0x00,0x00
36777252,0x3E8,false,0,8,0x0D,0x00,0x00,0x00,0x05,0x00,0x10,0x00
36824661,0x3E8,false,0,8,0x00,0x00,0x00,0x00,0x66,0x00,0x65,0x00
36824908,0x44C,false,0,8,0x00,0x00,0x19,0x00,0x1A,0x00,0x00,0x00
36825045,0x3E8,false,0,8,0x01,0x00,0xF2,0x03,0x04,0x00,0x00,0x00
36825183,0x44C,false,0,8,0x01,0x00,0x01,0x00,0x00,0x00,0x00,0x00
36825308,0x3E8,false,0,8,0x02,0x00,0x00,0x00,0x00,0x00,0x54,0x00
36825445,0x3E8,false,0,8,0x03,0x00,0x4C,0x00,0x9F,0x04,0x00,0x00
36825569,0x3E8,false,0,8,0x04,0x00,0x00,0x00,0x90,0x01,0x9A,0x04
36825706,0x3E8,false,0,8,0x05,0x00,0x00,0x00,0x00,0x00,0x00,0x00
36825842,0x3E8,false,0,8,0x06,0x00,0x00,0x00,0x00,0x00,0x00,0x00
36825979,0x3E8,false,0,8,0x07,0x00,0x00,0x00,0x00,0x00,0x07,0x00
36826115,0x3E8,false,0,8,0x08,0x00,0x4F,0x00,0x07,0x00,0x00,0x00
36826252,0x3E8,false,0,8,0x09,0x00,0x00,0x00,0x00,0x00,0x00,0x00
36826389,0x3E8,false,0,8,0x0A,0x00,0x00,0x00,0x00,0x00,0x00,0x00
36826526,0x3E8,false,0,8,0x0B,0x00,0x00,0x00,0x00,0x00,0x00,0x00
36826657,0x3E8,false,0,8,0x0C,0x00,0x00,0x00,0x00,0x00,0x00,0x00
36826782,0x3E8,false,0,8,0x0D,0x00,0x00,0x00,0x05,0x00,0x10,0x00
36874660,0x3E8,false,0,8,0x00,0x00,0x00,0x00,0x66,0x00,0x65,0x00
36874905,0x44C,false,0,8,0x00,0x00,0x19,0x00,0x1A,0x00,0x00,0x00
36875044,0x3E8,false,0,8,0x01,0x00,0xF2,0x03,0x04,0x00,0x00,0x00
36875181,0x44C,false,0,8,0x01,0x00,0x01,0x00,0x00,0x00,0x00,0x00
36875320,0x3E8,false,0,8,0x02,0x00,0x00,0x00,0x00,0x00,0x54,0x00
36875445,0x3E8,false,0,8,0x03,0x00,0x4C,0x00,0x9F,0x04,0x00,0x00
36875570,0x3E8,false,0,8,0x04,0x00,0x00,0x00,0x90,0x01,0x9A,0x04
36875694,0x3E8,false,0,8,0x05,0x00,0x00,0x00,0x00,0x00,0x00,0x00
36878740,0x3E8,false,0,8,0x06,0x00,0x00,0x00,0x00,0x00,0x00,0x00
36878867,0x3E8,false,0,8,0x07,0x00,0x00,0x00,0x00,0x00,0x07,0x00
36878991,0x3E8,false,0,8,0x08,0x00,0x4F,0x00,0x07,0x00,0x00,0x00
36879116,0x3E8,false,0,8,0x09,0x00,0x00,0x00,0x00,0x00,0x00,0x00
36879241,0x3E8,false,0,8,0x0A,0x00,0x00,0x00,0x00,0x00,0x00,0x00
36879366,0x3E8,false,0,8,0x0B,0x00,0x00,0x00,0x00,0x00,0x00,0x00
36879491,0x3E8,false,0,8,0x0C,0x00,0x00,0x00,0x00,0x00,0x00,0x00
36879617,0x3E8,false,0,8,0x0D,0x00,0x00,0x00,0x05,0x00,0x10,0x00
36926648,0x3E8,false,0,8,0x00,0x00,0x00,0x00,0x66,0x00,0x65,0x00
36926811,0x44C,false,0,8,0x00,0x00,0x19,0x00,0x1A,0x00,0x00,0x00
36926949,0x3E8,false,0,8,0x01,0x00,0xF2,0x03,0x04,0x00,0x00,0x00
36927083,0x44C,false,0,8,0x01,0x00,0x01,0x00,0x00,0x00,0x00,0x00
36927209,0x3E8,false,0,8,0x02,0x00,0x00,0x00,0x00,0x00,0x54,0x00
36927333,0x3E8,false,0,8,0x03,0x00,0x4C,0x00,0x9F,0x04,0x00,0x00
36927457,0x3E8,false,0,8,0x04,0x00,0x00,0x00,0x90,0x01,0x9A,0x04
36927582,0x3E8,false,0,8,0x05,0x00,0x00,0x00,0x00,0x00,0x00,0x00
36927707,0x3E8,false,0,8,0x06,0x00,0x00,0x00,0x00,0x00,0x00,0x00
36927831,0x3E8,false,0,8,0x07,0x00,0x00,0x00,0x00,0x00,0x07,0x00
36927956,0x3E8,false,0,8,0x08,0x00,0x4F,0x00,0x07,0x00,0x00,0x00
36928081,0x3E8,false,0,8,0x09,0x00,0x00,0x00,0x00,0x00,0x00,0x00
36928206,0x3E8,false,0,8,0x0A,0x00,0x00,0x00,0x00,0x00,0x00,0x00
36928330,0x3E8,false,0,8,0x0B,0x00,0x00,0x00,0x00,0x00,0x00,0x00
36928455,0x3E8,false,0,8,0x0C,0x00,0x00,0x00,0x00,0x00,0x00,0x00
36940358,0x3E8,false,0,8,0x0D,0x00,0x00,0x00,0x05,0x00,0x10,0x00
36976669,0x3E8,false,0,8,0x00,0x00,0x00,0x00,0x66,0x00,0x65,0x00
36976904,0x44C,false,0,8,0x00,0x00,0x19,0x00,0x1A,0x00,0x00,0x00
36977041,0x3E8,false,0,8,0x01,0x00,0xF2,0x03,0x04,0x00,0x00,0x00
36977176,0x44C,false,0,8,0x01,0x00,0x01,0x00,0x00,0x00,0x00,0x00
36977300,0x3E8,false,0,8,0x02,0x00,0x00,0x00,0x00,0x00,0x54,0x00
36977425,0x3E8,false,0,8,0x03,0x00,0x4C,0x00,0x9F,0x04,0x00,0x00
36977549,0x3E8,false,0,8,0x04,0x00,0x00,0x00,0x90,0x01,0x9A,0x04
36977674,0x3E8,false,0,8,0x05,0x00,0x00,0x00,0x00,0x00,0x00,0x00
36977799,0x3E8,false,0,8,0x06,0x00,0x00,0x00,0x00,0x00,0x00,0x00
36977923,0x3E8,false,0,8,0x07,0x00,0x00,0x00,0x00,0x00,0x07,0x00
36978048,0x3E8,false,0,8,0x08,0x00,0x4F,0x00,0x07,0x00,0x00,0x00
36978172,0x3E8,false,0,8,0x09,0x00,0x00,0x00,0x00,0x00,0x00,0x00
36978297,0x3E8,false,0,8,0x0A,0x00,0x00,0x00,0x00,0x00,0x00,0x00
36978421,0x3E8,false,0,8,0x0B,0x00,0x00,0x00,0x00,0x00,0x00,0x00
36978546,0x3E8,false,0,8,0x0C,0x00,0x00,0x00,0x00,0x00,0x00,0x00
36978685,0x3E8,false,0,8,0x0D,0x00,0x00,0x00,0x05,0x00,0x10,0x00
37026669,0x3E8,false,0,8,0x00,0x00,0x00,0x00,0x66,0x00,0x65,0x00
37026910,0x44C,false,0,8,0x00,0x00,0x19,0x00,0x1A,0x00,0x00,0x00
37027034,0x3E8,false,0,8,0x01,0x00,0xF2,0x03,0x04,0x00,0x00,0x00
37027182,0x44C,false,0,8,0x01,0x00,0x01,0x00,0x00,0x00,0x00,0x00
37027317,0x3E8,false,0,8,0x02,0x00,0x00,0x00,0x00,0x00,0x54,0x00
37027441,0x3E8,false,0,8,0x03,0x00,0x4C,0x00,0x9F,0x04,0x00,0x00
37027565,0x3E8,false,0,8,0x04,0x00,0x00,0x00,0x90,0x01,0x9A,0x04
37027690,0x3E8,false,0,8,0x05,0x00,0x00,0x00,0x00,0x00,0x00,0x00
37027815,0x3E8,false,0,8,0x06,0x00,0x00,0x00,0x00,0x00,0x00,0x00
37027940,0x3E8,false,0,8,0x07,0x00,0x00,0x00,0x00,0x00,0x07,0x00
37028064,0x3E8,false,0,8,0x08,0x00,0x4F,0x00,0x07,0x00,0x00,0x00
37028189,0x3E8,false,0,8,0x09,0x00,0x00,0x00,0x00,0x00,0x00,0x00
37028313,0x3E8,false,0,8,0x0A,0x00,0x00,0x00,0x00,0x00,0x00,0x00
37028438,0x3E8,false,0,8,0x0B,0x00,0x00,0x00,0x00,0x00,0x00,0x00
37028563,0x3E8,false,0,8,0x0C,0x00,0x00,0x00,0x00,0x00,0x00,0x00
37028692,0x3E8,false,0,8,0x0D,0x00,0x00,0x00,0x05,0x00,0x10,0x00
37076660,0x3E8,false,0,8,0x00,0x00,0x00,0x00,0x66,0x00,0x65,0x00
37076885,0x44C,false,0,8,0x00,0x00,0x19,0x00,0x1A,0x00,0x00,0x00
37077009,0x3E8,false,0,8,0x01,0x00,0xF2,0x03,0x04,0x00,0x00,0x00
37077147,0x44C,false,0,8,0x01,0x00,0x01,0x00,0x00,0x00,0x00,0x00
37077283,0x3E8,false,0,8,0x02,0x00,0x00,0x00,0x00,0x00,0x54,0x00
37077421,0x3E8,false,0,8,0x03,0x00,0x4C,0x00,0x9F,0x04,0x00,0x00
37077556,0x3E8,false,0,8,0x04,0x00,0x00,0x00,0x90,0x01,0x9A,0x04
37077693,0x3E8,false,0,8,0x05,0x00,0x00,0x00,0x00,0x00,0x00,0x00
37077830,0x3E8,false,0,8,0x06,0x00,0x00,0x00,0x00,0x00,0x00,0x00
37077967,0x3E8,false,0,8,0x07,0x00,0x00,0x00,0x00,0x00,0x07,0x00
37078106,0x3E8,false,0,8,0x08,0x00,0x4F,0x00,0x07,0x00,0x00,0x00
37078230,0x3E8,false,0,8,0x09,0x00,0x00,0x00,0x00,0x00,0x00,0x00
37078355,0x3E8,false,0,8,0x0A,0x00,0x00,0x00,0x00,0x00,0x00,0x00
37078480,0x3E8,false,0,8,0x0B,0x00,0x00,0x00,0x00,0x00,0x00,0x00
37078610,0x3E8,false,0,8,0x0C,0x00,0x00,0x00,0x00,0x00,0x00,0x00
37078735,0x3E8,false,0,8,0x0D,0x00,0x00,0x00,0x05,0x00,0x10,0x00
37126661,0x3E8,false,0,8,0x00,0x00,0x00,0x00,0x66,0x00,0x65,0x00
37126892,0x44C,false,0,8,0x00,0x00,0x19,0x00,0x1A,0x00,0x00,0x00
37127016,0x3E8,false,0,8,0x01,0x00,0xF2,0x03,0x04,0x00,0x00,0x00
37127153,0x44C,false,0,8,0x01,0x00,0x01,0x00,0x00,0x00,0x00,0x00
37127294,0x3E8,false,0,8,0x02,0x00,0x00,0x00,0x00,0x00,0x54,0x00
37127430,0x3E8,false,0,8,0x03,0x00,0x4C,0x00,0x9F,0x04,0x00,0x00
37127567,0x3E8,false,0,8,0x04,0x00,0x00,0x00,0x90,0x01,0x9A,0x04
37127709,0x3E8,false,0,8,0x05,0x00,0x00,0x00,0x00,0x00,0x00,0x00
37127846,0x3E8,false,0,8,0x06,0x00,0x00,0x00,0x00,0x00,0x00,0x00
37127983,0x3E8,false,0,8,0x07,0x00,0x00,0x00,0x00,0x00,0x07,0x00
37128108,0x3E8,false,0,8,0x08,0x00,0x4F,0x00,0x07,0x00,0x00,0x00
37128233,0x3E8,false,0,8,0x09,0x00,0x00,0x00,0x00,0x00,0x00,0x00
37128358,0x3E8,false,0,8,0x0A,0x00,0x00,0x00,0x00,0x00,0x00,0x00
37128482,0x3E8,false,0,8,0x0B,0x00,0x00,0x00,0x00,0x00,0x00,0x00
37140140,0x3E8,false,0,8,0x0C,0x00,0x00,0x00,0x00,0x00,0x00,0x00
37140265,0x3E8,false,0,8,0x0D,0x00,0x00,0x00,0x05,0x00,0x10,0x00
37176666,0x3E8,false,0,8,0x00,0x00,0x00,0x00,0x66,0x00,0x65,0x00
37176915,0x44C,false,0,8,0x00,0x00,0x19,0x00,0x1A,0x00,0x00,0x00
37177050,0x3E8,false,0,8,0x01,0x00,0xF2,0x03,0x04,0x00,0x00,0x00
37177189,0x44C,false,0,8,0x01,0x00,0x01,0x00,0x00,0x00,0x00,0x00
37177327,0x3E8,false,0,8,0x02,0x00,0x00,0x00,0x00,0x00,0x54,0x00
37177464,0x3E8,false,0,8,0x03,0x00,0x4C,0x00,0x9F,0x04,0x00,0x00
37177608,0x3E8,false,0,8,0x04,0x00,0x00,0x00,0x90,0x01,0x9A,0x04
37177753,0x3E8,false,0,8,0x05,0x00,0x00,0x00,0x00,0x00,0x00,0x00
37177900,0x3E8,false,0,8,0x06,0x00,0x00,0x00,0x00,0x00,0x00,0x00
37178043,0x3E8,false,0,8,0x07,0x00,0x00,0x00,0x00,0x00,0x07,0x00
37178174,0x3E8,false,0,8,0x08,0x00,0x4F,0x00,0x07,0x00,0x00,0x00
37178303,0x3E8,false,0,8,0x09,0x00,0x00,0x00,0x00,0x00,0x00,0x00
37178434,0x3E8,false,0,8,0x0A,0x00,0x00,0x00,0x00,0x00,0x00,0x00
37178565,0x3E8,false,0,8,0x0B,0x00,0x00,0x00,0x00,0x00,0x00,0x00
37178699,0x3E8,false,0,8,0x0C,0x00,0x00,0x00,0x00,0x00,0x00,0x00
37178828,0x3E8,false,0,8,0x0D,0x00,0x00,0x00,0x05,0x00,0x10,0x00
37226659,0x3E8,false,0,8,0x00,0x00,0x00,0x00,0x66,0x00,0x65,0x00
37226902,0x44C,false,0,8,0x00,0x00,0x19,0x00,0x1A,0x00,0x00,0x00
37227026,0x3E8,false,0,8,0x01,0x00,0xF2,0x03,0x04,0x00,0x00,0x00
37227164,0x44C,false,0,8,0x01,0x00,0x01,0x00,0x00,0x00,0x00,0x00
37227289,0x3E8,false,0,8,0x02,0x00,0x00,0x00,0x00,0x00,0x54,0x00
37227425,0x3E8,false,0,8,0x03,0x00,0x4C,0x00,0x9F,0x04,0x00,0x00
37227561,0x3E8,false,0,8,0x04,0x00,0x00,0x00,0x90,0x01,0x9A,0x04
37227698,0x3E8,false,0,8,0x05,0x00,0x00,0x00,0x00,0x00,0x00,0x00
37227834,0x3E8,false,0,8,0x06,0x00,0x00,0x00,0x00,0x00,0x00,0x00
37227971,0x3E8,false,0,8,0x07,0x00,0x00,0x00,0x00,0x00,0x07,0x00
37228108,0x3E8,false,0,8,0x08,0x00,0x4F,0x00,0x07,0x00,0x00,0x00
37228244,0x3E8,false,0,8,0x09,0x00,0x00,0x00,0x00,0x00,0x00,0x00
37228369,0x3E8,false,0,8,0x0A,0x00,0x00,0x00,0x00,0x00,0x00,0x00
37228494,0x3E8,false,0,8,0x0B,0x00,0x00,0x00,0x00,0x00,0x00,0x00
37228623,0x3E8,false,0,8,0x0C,0x00,0x00,0x00,0x00,0x00,0x00,0x00
37228748,0x3E8,false,0,8,0x0D,0x00,0x00,0x00,0x05,0x00,0x10,0x00
37276674,0x3E8,false,0,8,0x00,0x00,0x00,0x00,0x66,0x00,0x65,0x00
37276935,0x44C,false,0,8,0x00,0x00,0x19,0x00,0x1A,0x00,0x00,0x00
37277061,0x3E8,false,0,8,0x01,0x00,0xF2,0x03,0x04,0x00,0x00,0x00
37277187,0x44C,false,0,8,0x01,0x00,0x01,0x00,0x00,0x00,0x00,0x00
37277312,0x3E8,false,0,8,0x02,0x00,0x00,0x00,0x00,0x00,0x54,0x00
37277438,0x3E8,false,0,8,0x03,0x00,0x4C,0x00,0x9F,0x04,0x00,0x00
37277563,0x3E8,false,0,8,0x04,0x00,0x00,0x00,0x90,0x01,0x9A,0x04
37277689,0x3E8,false,0,8,0x05,0x00,0x00,0x00,0x00,0x00,0x00,0x00
37277952,0x3E8,false,0,8,0x06,0x00,0x00,0x00,0x00,0x00,0x00,0x00
37278088,0x3E8,false,0,8,0x07,0x00,0x00,0x00,0x00,0x00,0x07,0x00
37278226,0x3E8,false,0,8,0x08,0x00,0x4F,0x00,0x07,0x00,0x00,0x00
37278363,0x3E8,false,0,8,0x09,0x00,0x00,0x00,0x00,0x00,0x00,0x00
37278698,0x3E8,false,0,8,0x0A,0x00,0x00,0x00,0x00,0x00,0x00,0x00
37278837,0x3E8,false,0,8,0x0B,0x00,0x00,0x00,0x00,0x00,0x00,0x00
37278963,0x3E8,false,0,8,0x0C,0x00,0x00,0x00,0x00,0x00,0x00,0x00
37279101,0x3E8,false,0,8,0x0D,0x00,0x00,0x00,0x05,0x00,0x10,0x00
37326658,0x44C,false,0,8,0x00,0x00,0x19,0x00,0x1A,0x00,0x00,0x00
37326874,0x3E8,false,0,8,0x00,0x00,0x00,0x00,0x66,0x00,0x65,0x00
37326998,0x44C,false,0,8,0x01,0x00,0x01,0x00,0x00,0x00,0x00,0x00
37327147,0x3E8,false,0,8,0x01,0x00,0xF2,0x03,0x04,0x00,0x00,0x00
37327283,0x3E8,false,0,8,0x02,0x00,0x00,0x00,0x00,0x00,0x54,0x00
37327418,0x3E8,false,0,8,0x03,0x00,0x4C,0x00,0x9F,0x04,0x00,0x00
37327542,0x3E8,false,0,8,0x04,0x00,0x00,0x00,0x90,0x01,0x9A,0x04
37327681,0x3E8,false,0,8,0x05,0x00,0x00,0x00,0x00,0x00,0x00,0x00
37327807,0x3E8,false,0,8,0x06,0x00,0x00,0x00,0x00,0x00,0x00,0x00
37328048,0x3E8,false,0,8,0x07,0x00,0x00,0x00,0x00,0x00,0x07,0x00
37328185,0x3E8,false,0,8,0x08,0x00,0x4F,0x00,0x07,0x00,0x00,0x00
37328322,0x3E8,false,0,8,0x09,0x00,0x00,0x00,0x00,0x00,0x00,0x00
37328463,0x3E8,false,0,8,0x0A,0x00,0x00,0x00,0x00,0x00,0x00,0x00
37340636,0x3E8,false,0,8,0x0B,0x00,0x00,0x00,0x00,0x00,0x00,0x00
37340777,0x3E8,false,0,8,0x0C,0x00,0x00,0x00,0x00,0x00,0x00,0x00
37340909,0x3E8,false,0,8,0x0D,0x00,0x00,0x00,0x05,0x00,0x10,0x00
37376661,0x3E8,false,0,8,0x00,0x00,0x00,0x00,0x66,0x00,0x65,0x00
37376908,0x44C,false,0,8,0x00,0x00,0x19,0x00,0x1A,0x00,0x00,0x00
37377055,0x3E8,false,0,8,0x01,0x00,0xF2,0x03,0x04,0x00,0x00,0x00
37377199,0x44C,false,0,8,0x01,0x00,0x01,0x00,0x00,0x00,0x00,0x00
37377342,0x3E8,false,0,8,0x02,0x00,0x00,0x00,0x00,0x00,0x54,0x00
37377484,0x3E8,false,0,8,0x03,0x00,0x4C,0x00,0x9F,0x04,0x00,0x00
37377623,0x3E8,false,0,8,0x04,0x00,0x00,0x00,0x90,0x01,0x9A,0x04
37377765,0x3E8,false,0,8,0x05,0x00,0x00,0x00,0x00,0x00,0x00,0x00
37377907,0x3E8,false,0,8,0x06,0x00,0x00,0x00,0x00,0x00,0x00,0x00
37378049,0x3E8,false,0,8,0x07,0x00,0x00,0x00,0x00,0x00,0x07,0x00
37378189,0x3E8,false,0,8,0x08,0x00,0x4F,0x00,0x07,0x00,0x00,0x00
37378330,0x3E8,false,0,8,0x09,0x00,0x00,0x00,0x00,0x00,0x00,0x00
37378461,0x3E8,false,0,8,0x0A,0x00,0x00,0x00,0x00,0x00,0x00,0x00
37378616,0x3E8,false,0,8,0x0B,0x00,0x00,0x00,0x00,0x00,0x00,0x00
37378746,0x3E8,false,0,8,0x0C,0x00,0x00,0x00,0x00,0x00,0x00,0x00
37378887,0x3E8,false,0,8,0x0D,0x00,0x00,0x00,0x05,0x00,0x10,0x00
37428658,0x3E8,false,0,8,0x00,0x00,0x00,0x00,0x66,0x00,0x65,0x00
37428836,0x44C,false,0,8,0x00,0x00,0x19,0x00,0x1A,0x00,0x00,0x00
37428977,0x3E8,false,0,8,0x01,0x00,0xF2,0x03,0x04,0x00,0x00,0x00
37429108,0x44C,false,0,8,0x01,0x00,0x01,0x00,0x00,0x00,0x00,0x00
37429240,0x3E8,false,0,8,0x02,0x00,0x00,0x00,0x00,0x00,0x54,0x00
37429372,0x3E8,false,0,8,0x03,0x00,0x4C,0x00,0x9F,0x04,0x00,0x00
37429504,0x3E8,false,0,8,0x04,0x00,0x00,0x00,0x90,0x01,0x9A,0x04
37429636,0x3E8,false,0,8,0x05,0x00,0x00,0x00,0x00,0x00,0x00,0x00
37429768,0x3E8,false,0,8,0x06,0x00,0x00,0x00,0x00,0x00,0x00,0x00
37429899,0x3E8,false,0,8,0x07,0x00,0x00,0x00,0x00,0x00,0x07,0x00
37430031,0x3E8,false,0,8,0x08,0x00,0x4F,0x00,0x07,0x00,0x00,0x00
37430162,0x3E8,false,0,8,0x09,0x00,0x00,0x00,0x00,0x00,0x00,0x00
37430292,0x3E8,false,0,8,0x0A,0x00,0x00,0x00,0x00,0x00,0x00,0x00
37430424,0x3E8,false,0,8,0x0B,0x00,0x00,0x00,0x00,0x00,0x00,0x00
37430557,0x3E8,false,0,8,0x0C,0x00,0x00,0x00,0x00,0x00,0x00,0x00
37430693,0x3E8,false,0,8,0x0D,0x00,0x00,0x00,0x05,0x00,0x10,0x00
37478814,0x3E8,false,0,8,0x00,0x00,0x00,0x00,0x66,0x00,0x65,0x00
37479105,0x44C,false,0,8,0x00,0x00,0x19,0x00,0x1A,0x00,0x00,0x00
37479249,0x3E8,false,0,8,0x01,0x00,0xF2,0x03,0x04,0x00,0x00,0x00
37479393,0x44C,false,0,8,0x01,0x00,0x01,0x00,0x00,0x00,0x00,0x00
37479533,0x3E8,false,0,8,0x02,0x00,0x00,0x00,0x00,0x00,0x54,0x00
37479675,0x3E8,false,0,8,0x03,0x00,0x4C,0x00,0x9F,0x04,0x00,0x00
37479820,0x3E8,false,0,8,0x04,0x00,0x00,0x00,0x90,0x01,0x9A,0x04
37479953,0x3E8,false,0,8,0x05,0x00,0x00,0x00,0x00,0x00,0x00,0x00
37480091,0x3E8,false,0,8,0x06,0x00,0x00,0x00,0x00,0x00,0x00,0x00
37480239,0x3E8,false,0,8,0x07,0x00,0x00,0x00,0x00,0x00,0x07,0x00
37480376,0x3E8,false,0,8,0x08,0x00,0x4F,0x00,0x07,0x00,0x00,0x00
37480508,0x3E8,false,0,8,0x09,0x00,0x00,0x00,0x00,0x00,0x00,0x00
37480648,0x3E8,false,0,8,0x0A,0x00,0x00,0x00,0x00,0x00,0x00,0x00
37480778,0x3E8,false,0,8,0x0B,0x00,0x00,0x00,0x00,0x00,0x00,0x00
37480905,0x3E8,false,0,8,0x0C,0x00,0x00,0x00,0x00,0x00,0x00,0x00
37481031,0x3E8,false,0,8,0x0D,0x00,0x00,0x00,0x05,0x00,0x10,0x00
37528665,0x3E8,false,0,8,0x00,0x00,0x00,0x00,0x66,0x00,0x65,0x00
37528914,0x44C,false,0,8,0x00,0x00,0x19,0x00,0x1A,0x00,0x00,0x00
37529051,0x3E8,false,0,8,0x01,0x00,0xF2,0x03,0x04,0x00,0x00,0x00
37529190,0x44C,false,0,8,0x01,0x00,0x01,0x00,0x00,0x00,0x00,0x00
37529326,0x3E8,false,0,8,0x02,0x00,0x00,0x00,0x00,0x00,0x54,0x00
37529465,0x3E8,false,0,8,0x03,0x00,0x4C,0x00,0x9F,0x04,0x00,0x00
37529605,0x3E8,false,0,8,0x04,0x00,0x00,0x00,0x90,0x01,0x9A,0x04
37529731,0x3E8,false,0,8,0x05,0x00,0x00,0x00,0x00,0x00,0x00,0x00
37529857,0x3E8,false,0,8,0x06,0x00,0x00,0x00,0x00,0x00,0x00,0x00
37529983,0x3E8,false,0,8,0x07,0x00,0x00,0x00,0x00,0x00,0x07,0x00
37530109,0x3E8,false,0,8,0x08,0x00,0x4F,0x00,0x07,0x00,0x00,0x00
37530235,0x3E8,false,0,8,0x09,0x00,0x00,0x00,0x00,0x00,0x00,0x00
37542179,0x3E8,false,0,8,0x0A,0x00,0x00,0x00,0x00,0x00,0x00,0x00
37542309,0x3E8,false,0,8,0x0B,0x00,0x00,0x00,0x00,0x00,0x00,0x00
37542434,0x3E8,false,0,8,0x0C,0x00,0x00,0x00,0x00,0x00,0x00,0x00
37542558,0x3E8,false,0,8,0x0D,0x00,0x00,0x00,0x05,0x00,0x10,0x00
37578657,0x3E8,false,0,8,0x00,0x00,0x00,0x00,0x66,0x00,0x65,0x00
37578903,0x44C,false,0,8,0x00,0x00,0x19,0x00,0x1A,0x00,0x00,0x00
37579040,0x3E8,false,0,8,0x01,0x00,0xF2,0x03,0x04,0x00,0x00,0x00
37579177,0x44C,false,0,8,0x01,0x00,0x01,0x00,0x00,0x00,0x00,0x00
37579312,0x3E8,false,0,8,0x02,0x00,0x00,0x00,0x00,0x00,0x54,0x00
37579447,0x3E8,false,0,8,0x03,0x00,0x4C,0x00,0x9F,0x04,0x00,0x00
37579581,0x3E8,false,0,8,0x04,0x00,0x00,0x00,0x90,0x01,0x9A,0x04
37579707,0x3E8,false,0,8,0x05,0x00,0x00,0x00,0x00,0x00,0x00,0x00
37579832,0x3E8,false,0,8,0x06,0x00,0x00,0x00,0x00,0x00,0x00,0x00
37579956,0x3E8,false,0,8,0x07,0x00,0x00,0x00,0x00,0x00,0x07,0x00
37580081,0x3E8,false,0,8,0x08,0x00,0x4F,0x00,0x07,0x00,0x00,0x00
37580205,0x3E8,false,0,8,0x09,0x00,0x00,0x00,0x00,0x00,0x00,0x00
37580330,0x3E8,false,0,8,0x0A,0x00,0x00,0x00,0x00,0x00,0x00,0x00
37580454,0x3E8,false,0,8,0x0B,0x00,0x00,0x00,0x00,0x00,0x00,0x00
37580579,0x3E8,false,0,8,0x0C,0x00,0x00,0x00,0x00,0x00,0x00,0x00
37580708,0x3E8,false,0,8,0x0D,0x00,0x00,0x00,0x05,0x00,0x10,0x00
37628660,0x3E8,false,0,8,0x00,0x00,0x00,0x00,0x66,0x00,0x65,0x00
37628892,0x44C,false,0,8,0x00,0x00,0x19,0x00,0x1A,0x00,0x00,0x00
37629029,0x3E8,false,0,8,0x01,0x00,0xF2,0x03,0x04,0x00,0x00,0x00
37629165,0x44C,false,0,8,0x01,0x00,0x01,0x00,0x00,0x00,0x00,0x00
37629302,0x3E8,false,0,8,0x02,0x00,0x00,0x00,0x00,0x00,0x54,0x00
37629438,0x3E8,false,0,8,0x03,0x00,0x4C,0x00,0x9F,0x04,0x00,0x00
37629572,0x3E8,false,0,8,0x04,0x00,0x00,0x00,0x90,0x01,0x9A,0x04
37629709,0x3E8,false,0,8,0x05,0x00,0x00,0x00,0x00,0x00,0x00,0x00
37629845,0x3E8,false,0,8,0x06,0x00,0x00,0x00,0x00,0x00,0x00,0x00
37629970,0x3E8,false,0,8,0x07,0x00,0x00,0x00,0x00,0x00,0x07,0x00
37630094,0x3E8,false,0,8,0x08,0x00,0x4F,0x00,0x07,0x00,0x00,0x00
37630219,0x3E8,false,0,8,0x09,0x00,0x00,0x00,0x00,0x00,0x00,0x00
37630343,0x3E8,false,0,8,0x0A,0x00,0x00,0x00,0x00,0x00,0x00,0x00
37630468,0x3E8,false,0,8,0x0B,0x00,0x00,0x00,0x00,0x00,0x00,0x00
37630592,0x3E8,false,0,8,0x0C,0x00,0x00,0x00,0x00,0x00,0x00,0x00
37630721,0x3E8,false,0,8,0x0D,0x00,0x00,0x00,0x05,0x00,0x10,0x00
37679053,0x3E8,false,0,8,0x00,0x00,0x00,0x00,0x66,0x00,0x65,0x00
37679188,0x44C,false,0,8,0x00,0x00,0x19,0x00,0x1A,0x00,0x00,0x00
37679312,0x3E8,false,0,8,0x01,0x00,0xF2,0x03,0x04,0x00,0x00,0x00
37679437,0x44C,false,0,8,0x01,0x00,0x01,0x00,0x00,0x00,0x00,0x00
37679575,0x3E8,false,0,8,0x02,0x00,0x00,0x00,0x00,0x00,0x54,0x00
37679715,0x3E8,false,0,8,0x03,0x00,0x4C,0x00,0x9F,0x04,0x00,0x00
37679852,0x3E8,false,0,8,0x04,0x00,0x00,0x00,0x90,0x01,0x9A,0x04
37679991,0x3E8,false,0,8,0x05,0x00,0x00,0x00,0x00,0x00,0x00,0x00
37680127,0x3E8,false,0,8,0x06,0x00,0x00,0x00,0x00,0x00,0x00,0x00
37680264,0x3E8,false,0,8,0x07,0x00,0x00,0x00,0x00,0x00,0x07,0x00
37680400,0x3E8,false,0,8,0x08,0x00,0x4F,0x00,0x07,0x00,0x00,0x00
37680535,0x3E8,false,0,8,0x09,0x00,0x00,0x00,0x00,0x00,0x00,0x00
37680664,0x3E8,false,0,8,0x0A,0x00,0x00,0x00,0x00,0x00,0x00,0x00
37680790,0x3E8,false,0,8,0x0B,0x00,0x00,0x00,0x00,0x00,0x00,0x00
37680914,0x3E8,false,0,8,0x0C,0x00,0x00,0x00,0x00,0x00,0x00,0x00
37681039,0x3E8,false,0,8,0x0D,0x00,0x00,0x00,0x05,0x00,0x10,0x00
37728656,0x3E8,false,0,8,0x00,0x00,0x00,0x00,0x66,0x00,0x65,0x00
37728798,0x44C,false,0,8,0x00,0x00,0x19,0x00,0x1A,0x00,0x00,0x00
37728938,0x3E8,false,0,8,0x01,0x00,0xF2,0x03,0x04,0x00,0x00,0x00
37729074,0x44C,false,0,8,0x01,0x00,0x01,0x00,0x00,0x00,0x00,0x00
37729198,0x3E8,false,0,8,0x02,0x00,0x00,0x00,0x00,0x00,0x54,0x00
37729335,0x3E8,false,0,8,0x03,0x00,0x4C,0x00,0x9F,0x04,0x00,0x00
37739395,0x3E8,false,0,8,0x04,0x00,0x00,0x00,0x90,0x01,0x9A,0x04
37739636,0x3E8,false,0,8,0x05,0x00,0x00,0x00,0x00,0x00,0x00,0x00
37739771,0x3E8,false,0,8,0x06,0x00,0x00,0x00,0x00,0x00,0x00,0x00
37739900,0x3E8,false,0,8,0x07,0x00,0x00,0x00,0x00,0x00,0x07,0x00
37740032,0x3E8,false,0,8,0x08,0x00,0x4F,0x00,0x07,0x00,0x00,0x00
37740160,0x3E8,false,0,8,0x09,0x00,0x00,0x00,0x00,0x00,0x00,0x00
37740302,0x3E8,false,0,8,0x0A,0x00,0x00,0x00,0x00,0x00,0x00,0x00
37740437,0x3E8,false,0,8,0x0B,0x00,0x00,0x00,0x00,0x00,0x00,0x00
37740585,0x3E8,false,0,8,0x0C,0x00,0x00,0x00,0x00,0x00,0x00,0x00
37740726,0x3E8,false,0,8,0x0D,0x00,0x00,0x00,0x05,0x00,0x10,0x00
37778669,0x3E8,false,0,8,0x00,0x00,0x00,0x00,0x66,0x00,0x65,0x00
37778928,0x44C,false,0,8,0x00,0x00,0x19,0x00,0x1A,0x00,0x00,0x00
37779065,0x3E8,false,0,8,0x01,0x00,0xF2,0x03,0x04,0x00,0x00,0x00
37779201,0x44C,false,0,8,0x01,0x00,0x01,0x00,0x00,0x00,0x00,0x00
37779327,0x3E8,false,0,8,0x02,0x00,0x00,0x00,0x00,0x00,0x54,0x00
37779463,0x3E8,false,0,8,0x03,0x00,0x4C,0x00,0x9F,0x04,0x00,0x00
37779602,0x3E8,false,0,8,0x04,0x00,0x00,0x00,0x90,0x01,0x9A,0x04
37779737,0x3E8,false,0,8,0x05,0x00,0x00,0x00,0x00,0x00,0x00,0x00
37779875,0x3E8,false,0,8,0x06,0x00,0x00,0x00,0x00,0x00,0x00,0x00
37780015,0x3E8,false,0,8,0x07,0x00,0x00,0x00,0x00,0x00,0x07,0x00
37780154,0x3E8,false,0,8,0x08,0x00,0x4F,0x00,0x07,0x00,0x00,0x00
37780291,0x3E8,false,0,8,0x09,0x00,0x00,0x00,0x00,0x00,0x00,0x00
37780431,0x3E8,false,0,8,0x0A,0x00,0x00,0x00,0x00,0x00,0x00,0x00
37780556,0x3E8,false,0,8,0x0B,0x00,0x00,0x00,0x00,0x00,0x00,0x00
37780688,0x3E8,false,0,8,0x0C,0x00,0x00,0x00,0x00,0x00,0x00,0x00
37780815,0x3E8,false,0,8,0x0D,0x00,0x00,0x00,0x05,0x00,0x10,0x00
37828663,0x3E8,false,0,8,0x00,0x00,0x00,0x00,0x66,0x00,0x65,0x00
37828906,0x44C,false,0,8,0x00,0x00,0x19,0x00,0x1A,0x00,0x00,0x00
37829042,0x3E8,false,0,8,0x01,0x00,0xF2,0x03,0x04,0x00,0x00,0x00
37829181,0x44C,false,0,8,0x01,0x00,0x01,0x00,0x00,0x00,0x00,0x00
37829323,0x3E8,false,0,8,0x02,0x00,0x00,0x00,0x00,0x00,0x54,0x00
37829447,0x3E8,false,0,8,0x03,0x00,0x4C,0x00,0x9F,0x04,0x00,0x00
37829584,0x3E8,false,0,8,0x04,0x00,0x00,0x00,0x90,0x01,0x9A,0x04
37829708,0x3E8,false,0,8,0x05,0x00,0x00,0x00,0x00,0x00,0x00,0x00
37829845,0x3E8,false,0,8,0x06,0x00,0x00,0x00,0x00,0x00,0x00,0x00
37829984,0x3E8,false,0,8,0x07,0x00,0x00,0x00,0x00,0x00,0x07,0x00
37830320,0x3E8,false,0,8,0x08,0x00,0x4F,0x00,0x07,0x00,0x00,0x00
37830467,0x3E8,false,0,8,0x09,0x00,0x00,0x00,0x00,0x00,0x00,0x00
37830592,0x3E8,false,0,8,0x0A,0x00,0x00,0x00,0x00,0x00,0x00,0x00
37830732,0x3E8,false,0,8,0x0B,0x00,0x00,0x00,0x00,0x00,0x00,0x00
37830857,0x3E8,false,0,8,0x0C,0x00,0x00,0x00,0x00,0x00,0x00,0x00
37830982,0x3E8,false,0,8,0x0D,0x00,0x00,0x00,0x05,0x00,0x10,0x00
37878759,0x3E8,false,0,8,0x00,0x00,0x00,0x00,0x66,0x00,0x65,0x00
37878906,0x44C,false,0,8,0x00,0x00,0x19,0x00,0x1A,0x00,0x00,0x00
37879044,0x3E8,false,0,8,0x01,0x00,0xF2,0x03,0x04,0x00,0x00,0x00
37879180,0x44C,false,0,8,0x01,0x00,0x01,0x00,0x00,0x00,0x00,0x00
37879318,0x3E8,false,0,8,0x02,0x00,0x00,0x00,0x00,0x00,0x54,0x00
37879455,0x3E8,false,0,8,0x03,0x00,0x4C,0x00,0x9F,0x04,0x00,0x00
37879579,0x3E8,false,0,8,0x04,0x00,0x00,0x00,0x90,0x01,0x9A,0x04
37879705,0x3E8,false,0,8,0x05,0x00,0x00,0x00,0x00,0x00,0x00,0x00
37882645,0x3E8,false,0,8,0x06,0x00,0x00,0x00,0x00,0x00,0x00,0x00
37882770,0x3E8,false,0,8,0x07,0x00,0x00,0x00,0x00,0x00,0x07,0x00
37882895,0x3E8,false,0,8,0x08,0x00,0x4F,0x00,0x07,0x00,0x00,0x00
37883019,0x3E8,false,0,8,0x09,0x00,0x00,0x00,0x00,0x00,0x00,0x00
37883144,0x3E8,false,0,8,0x0A,0x00,0x00,0x00,0x00,0x00,0x00,0x00
37883269,0x3E8,false,0,8,0x0B,0x00,0x00,0x00,0x00,0x00,0x00,0x00
37883394,0x3E8,false,0,8,0x0C,0x00,0x00,0x00,0x00,0x00,0x00,0x00
37883518,0x3E8,false,0,8,0x0D,0x00,0x00,0x00,0x05,0x00,0x10,0x00
37930644,0x3E8,false,0,8,0x00,0x00,0x00,0x00,0x66,0x00,0x65,0x00
37930794,0x44C,false,0,8,0x00,0x00,0x19,0x00,0x1A,0x00,0x00,0x00
37930928,0x3E8,false,0,8,0x01,0x00,0xF2,0x03,0x04,0x00,0x00,0x00
37931064,0x44C,false,0,8,0x01,0x00,0x01,0x00,0x00,0x00,0x00,0x00
37931199,0x3E8,false,0,8,0x02,0x00,0x00,0x00,0x00,0x00,0x54,0x00
37931324,0x3E8,false,0,8,0x03,0x00,0x4C,0x00,0x9F,0x04,0x00,0x00
37965210,0x3E8,false,0,8,0x04,0x00,0x00,0x00,0x90,0x01,0x9A,0x04
37965339,0x3E8,false,0,8,0x05,0x00,0x00,0x00,0x00,0x00,0x00,0x00
37965464,0x3E8,false,0,8,0x06,0x00,0x00,0x00,0x00,0x00,0x00,0x00
37965588,0x3E8,false,0,8,0x07,0x00,0x00,0x00,0x00,0x00,0x07,0x00
37965720,0x3E8,false,0,8,0x08,0x00,0x4F,0x00,0x07,0x00,0x00,0x00
37965844,0x3E8,false,0,8,0x09,0x00,0x00,0x00,0x00,0x00,0x00,0x00
37965969,0x3E8,false,0,8,0x0A,0x00,0x00,0x00,0x00,0x00,0x00,0x00
37966093,0x3E8,false,0,8,0x0B,0x00,0x00,0x00,0x00,0x00,0x00,0x00
37966218,0x3E8,false,0,8,0x0C,0x00,0x00,0x00,0x00,0x00,0x00,0x00
37966342,0x3E8,false,0,8,0x0D,0x00,0x00,0x00,0x05,0x00,0x10,0x00
37980663,0x3E8,false,0,8,0x00,0x00,0x00,0x00,0x66,0x00,0x65,0x00
37980874,0x44C,false,0,8,0x00,0x00,0x19,0x00,0x1A,0x00,0x00,0x00
37981011,0x3E8,false,0,8,0x01,0x00,0xF2,0x03,0x04,0x00,0x00,0x00
37981145,0x44C,false,0,8,0x01,0x00,0x01,0x00,0x00,0x00,0x00,0x00
37981282,0x3E8,false,0,8,0x02,0x00,0x00,0x00,0x00,0x00,0x54,0x00
37981406,0x3E8,false,0,8,0x03,0x00,0x4C,0x00,0x9F,0x04,0x00,0x00
37981531,0x3E8,false,0,8,0x04,0x00,0x00,0x00,0x90,0x01,0x9A,0x04
37981655,0x3E8,false,0,8,0x05,0x00,0x00,0x00,0x00,0x00,0x00,0x00
37981781,0x3E8,false,0,8,0x06,0x00,0x00,0x00,0x00,0x00,0x00,0x00
37981905,0x3E8,false,0,8,0x07,0x00,0x00,0x00,0x00,0x00,0x07,0x00
37982030,0x3E8,false,0,8,0x08,0x00,0x4F,0x00,0x07,0x00,0x00,0x00
37982157,0x3E8,false,0,8,0x09,0x00,0x00,0x00,0x00,0x00,0x00,0x00
37982291,0x3E8,false,0,8,0x0A,0x00,0x00,0x00,0x00,0x00,0x00,0x00
37982420,0x3E8,false,0,8,0x0B,0x00,0x00,0x00,0x00,0x00,0x00,0x00
37982559,0x3E8,false,0,8,0x0C,0x00,0x00,0x00,0x00,0x00,0x00,0x00
37982703,0x3E8,false,0,8,0x0D,0x00,0x00,0x00,0x05,0x00,0x10,0x00
38031050,0x3E8,false,0,8,0x00,0x00,0x00,0x00,0x66,0x00,0x65,0x00
38031268,0x44C,false,0,8,0x00,0x00,0x19,0x00,0x1A,0x00,0x00,0x00
38031403,0x3E8,false,0,8,0x01,0x00,0xF2,0x03,0x04,0x00,0x00,0x00
38031529,0x44C,false,0,8,0x01,0x00,0x01,0x00,0x00,0x00,0x00,0x00
38031655,0x3E8,false,0,8,0x02,0x00,0x00,0x00,0x00,0x00,0x54,0x00
38031781,0x3E8,false,0,8,0x03,0x00,0x4C,0x00,0x9F,0x04,0x00,0x00
38031906,0x3E8,false,0,8,0x04,0x00,0x00,0x00,0x90,0x01,0x9A,0x04
38032032,0x3E8,false,0,8,0x05,0x00,0x00,0x00,0x00,0x00,0x00,0x00
38032158,0x3E8,false,0,8,0x06,0x00,0x00,0x00,0x00,0x00,0x00,0x00
38032284,0x3E8,false,0,8,0x07,0x00,0x00,0x00,0x00,0x00,0x07,0x00
38032410,0x3E8,false,0,8,0x08,0x00,0x4F,0x00,0x07,0x00,0x00,0x00
38032536,0x3E8,false,0,8,0x09,0x00,0x00,0x00,0x00,0x00,0x00,0x00
38032667,0x3E8,false,0,8,0x0A,0x00,0x00,0x00,0x00,0x00,0x00,0x00
38032793,0x3E8,false,0,8,0x0B,0x00,0x00,0x00,0x00,0x00,0x00,0x00
38032919,0x3E8,false,0,8,0x0C,0x00,0x00,0x00,0x00,0x00,0x00,0x00
38033045,0x3E8,false,0,8,0x0D,0x00,0x00,0x00,0x05,0x00,0x10,0x00
38080659,0x3E8,false,0,8,0x00,0x00,0x00,0x00,0x66,0x00,0x65,0x00
38080884,0x44C,false,0,8,0x00,0x00,0x19,0x00,0x1A,0x00,0x00,0x00
38081009,0x3E8,false,0,8,0x01,0x00,0xF2,0x03,0x04,0x00,0x00,0x00
38081133,0x44C,false,0,8,0x01,0x00,0x01,0x00,0x00,0x00,0x00,0x00
38081267,0x3E8,false,0,8,0x02,0x00,0x00,0x00,0x00,0x00,0x54,0x00
38081405,0x3E8,false,0,8,0x03,0x00,0x4C,0x00,0x9F,0x04,0x00,0x00
38081545,0x3E8,false,0,8,0x04,0x00,0x00,0x00,0x90,0x01,0x9A,0x04
38081683,0x3E8,false,0,8,0x05,0x00,0x00,0x00,0x00,0x00,0x00,0x00
38081818,0x3E8,false,0,8,0x06,0x00,0x00,0x00,0x00,0x00,0x00,0x00
38081954,0x3E8,false,0,8,0x07,0x00,0x00,0x00,0x00,0x00,0x07,0x00
38082091,0x3E8,false,0,8,0x08,0x00,0x4F,0x00,0x07,0x00,0x00,0x00
38082225,0x3E8,false,0,8,0x09,0x00,0x00,0x00,0x00,0x00,0x00,0x00
38082350,0x3E8,false,0,8,0x0A,0x00,0x00,0x00,0x00,0x00,0x00,0x00
38082475,0x3E8,false,0,8,0x0B,0x00,0x00,0x00,0x00,0x00,0x00,0x00
38082604,0x3E8,false,0,8,0x0C,0x00,0x00,0x00,0x00,0x00,0x00,0x00
38082729,0x3E8,false,0,8,0x0D,0x00,0x00,0x00,0x05,0x00,0x10,0x00
38130669,0x3E8,false,0,8,0x00,0x00,0x00,0x00,0x66,0x00,0x65,0x00
38130890,0x44C,false,0,8,0x00,0x00,0x19,0x00,0x1A,0x00,0x00,0x00
38131027,0x3E8,false,0,8,0x01,0x00,0xF2,0x03,0x04,0x00,0x00,0x00
38131152,0x44C,false,0,8,0x01,0x00,0x01,0x00,0x00,0x00,0x00,0x00
38131289,0x3E8,false,0,8,0x02,0x00,0x00,0x00,0x00,0x00,0x54,0x00
38143483,0x3E8,false,0,8,0x03,0x00,0x4C,0x00,0x9F,0x04,0x00,0x00
38143609,0x3E8,false,0,8,0x04,0x00,0x00,0x00,0x90,0x01,0x9A,0x04
38143736,0x3E8,false,0,8,0x05,0x00,0x00,0x00,0x00,0x00,0x00,0x00
38143860,0x3E8,false,0,8,0x06,0x00,0x00,0x00,0x00,0x00,0x00,0x00
38143985,0x3E8,false,0,8,0x07,0x00,0x00,0x00,0x00,0x00,0x07,0x00
38144110,0x3E8,false,0,8,0x08,0x00,0x4F,0x00,0x07,0x00,0x00,0x00
38144234,0x3E8,false,0,8,0x09,0x00,0x00,0x00,0x00,0x00,0x00,0x00
38144358,0x3E8,false,0,8,0x0A,0x00,0x00,0x00,0x00,0x00,0x00,0x00
38144483,0x3E8,false,0,8,0x0B,0x00,0x00,0x00,0x00,0x00,0x00,0x00
38144612,0x3E8,false,0,8,0x0C,0x00,0x00,0x00,0x00,0x00,0x00,0x00
38144737,0x3E8,false,0,8,0x0D,0x00,0x00,0x00,0x05,0x00,0x10,0x00
38180670,0x44C,false,0,8,0x00,0x00,0x19,0x00,0x1A,0x00,0x00,0x00
38180915,0x3E8,false,0,8,0x00,0x00,0x00,0x00,0x66,0x00,0x65,0x00
38181040,0x44C,false,0,8,0x01,0x00,0x01,0x00,0x00,0x00,0x00,0x00
38181177,0x3E8,false,0,8,0x01,0x00,0xF2,0x03,0x04,0x00,0x00,0x00
38181312,0x3E8,false,0,8,0x02,0x00,0x00,0x00,0x00,0x00,0x54,0x00
38181450,0x3E8,false,0,8,0x03,0x00,0x4C,0x00,0x9F,0x04,0x00,0x00
38181585,0x3E8,false,0,8,0x04,0x00,0x00,0x00,0x90,0x01,0x9A,0x04
38181721,0x3E8,false,0,8,0x05,0x00,0x00,0x00,0x00,0x00,0x00,0x00
38181857,0x3E8,false,0,8,0x06,0x00,0x00,0x00,0x00,0x00,0x00,0x00
38181995,0x3E8,false,0,8,0x07,0x00,0x00,0x00,0x00,0x00,0x07,0x00
38182138,0x3E8,false,0,8,0x08,0x00,0x4F,0x00,0x07,0x00,0x00,0x00
38182273,0x3E8,false,0,8,0x09,0x00,0x00,0x00,0x00,0x00,0x00,0x00
38182405,0x3E8,false,0,8,0x0A,0x00,0x00,0x00,0x00,0x00,0x00,0x00
38182536,0x3E8,false,0,8,0x0B,0x00,0x00,0x00,0x00,0x00,0x00,0x00
38182671,0x3E8,false,0,8,0x0C,0x00,0x00,0x00,0x00,0x00,0x00,0x00
38182802,0x3E8,false,0,8,0x0D,0x00,0x00,0x00,0x05,0x00,0x10,0x00
38230676,0x3E8,false,0,8,0x00,0x00,0x00,0x00,0x66,0x00,0x65,0x00
38230931,0x44C,false,0,8,0x00,0x00,0x19,0x00,0x1A,0x00,0x00,0x00
38231061,0x3E8,false,0,8,0x01,0x00,0xF2,0x03,0x04,0x00,0x00,0x00
38231206,0x44C,false,0,8,0x01,0x00,0x01,0x00,0x00,0x00,0x00,0x00
38231340,0x3E8,false,0,8,0x02,0x00,0x00,0x00,0x00,0x00,0x54,0x00
38231492,0x3E8,false,0,8,0x03,0x00,0x4C,0x00,0x9F,0x04,0x00,0x00
38231647,0x3E8,false,0,8,0x04,0x00,0x00,0x00,0x90,0x01,0x9A,0x04
38231796,0x3E8,false,0,8,0x05,0x00,0x00,0x00,0x00,0x00,0x00,0x00
38231941,0x3E8,false,0,8,0x06,0x00,0x00,0x00,0x00,0x00,0x00,0x00
38232085,0x3E8,false,0,8,0x07,0x00,0x00,0x00,0x00,0x00,0x07,0x00
38232223,0x3E8,false,0,8,0x08,0x00,0x4F,0x00,0x07,0x00,0x00,0x00
38232363,0x3E8,false,0,8,0x09,0x00,0x00,0x00,0x00,0x00,0x00,0x00
38232493,0x3E8,false,0,8,0x0A,0x00,0x00,0x00,0x00,0x00,0x00,0x00
38232624,0x3E8,false,0,8,0x0B,0x00,0x00,0x00,0x00,0x00,0x00,0x00
38232748,0x3E8,false,0,8,0x0C,0x00,0x00,0x00,0x00,0x00,0x00,0x00
38232873,0x3E8,false,0,8,0x0D,0x00,0x00,0x00,0x05,0x00,0x10,0x00
38280670,0x3E8,false,0,8,0x00,0x00,0x00,0x00,0x66,0x00,0x65,0x00
38280905,0x44C,false,0,8,0x00,0x00,0x19,0x00,0x1A,0x00,0x00,0x00
38281041,0x3E8,false,0,8,0x01,0x00,0xF2,0x03,0x04,0x00,0x00,0x00
38281165,0x44C,false,0,8,0x01,0x00,0x01,0x00,0x00,0x00,0x00,0x00
38281290,0x3E8,false,0,8,0x02,0x00,0x00,0x00,0x00,0x00,0x54,0x00
38281415,0x3E8,false,0,8,0x03,0x00,0x4C,0x00,0x9F,0x04,0x00,0x00
38281539,0x3E8,false,0,8,0x04,0x00,0x00,0x00,0x90,0x01,0x9A,0x04
38281664,0x3E8,false,0,8,0x05,0x00,0x00,0x00,0x00,0x00,0x00,0x00
38284655,0x3E8,false,0,8,0x06,0x00,0x00,0x00,0x00,0x00,0x00,0x00
38284785,0x3E8,false,0,8,0x07,0x00,0x00,0x00,0x00,0x00,0x07,0x00
38284921,0x3E8,false,0,8,0x08,0x00,0x4F,0x00,0x07,0x00,0x00,0x00
38285066,0x3E8,false,0,8,0x09,0x00,0x00,0x00,0x00,0x00,0x00,0x00
38285208,0x3E8,false,0,8,0x0A,0x00,0x00,0x00,0x00,0x00,0x00,0x00
38285347,0x3E8,false,0,8,0x0B,0x00,0x00,0x00,0x00,0x00,0x00,0x00
38285490,0x3E8,false,0,8,0x0C,0x00,0x00,0x00,0x00,0x00,0x00,0x00
38285622,0x3E8,false,0,8,0x0D,0x00,0x00,0x00,0x05,0x00,0x10,0x00
38330660,0x3E8,false,0,8,0x00,0x00,0x00,0x00,0x66,0x00,0x65,0x00
38330914,0x44C,false,0,8,0x00,0x00,0x19,0x00,0x1A,0x00,0x00,0x00
38331054,0x3E8,false,0,8,0x01,0x00,0xF2,0x03,0x04,0x00,0x00,0x00
38335167,0x44C,false,0,8,0x01,0x00,0x01,0x00,0x00,0x00,0x00,0x00
38347968,0x3E8,false,0,8,0x02,0x00,0x00,0x00,0x00,0x00,0x54,0x00
38348098,0x3E8,false,0,8,0x03,0x00,0x4C,0x00,0x9F,0x04,0x00,0x00
38348222,0x3E8,false,0,8,0x04,0x00,0x00,0x00,0x90,0x01,0x9A,0x04
38348346,0x3E8,false,0,8,0x05,0x00,0x00,0x00,0x00,0x00,0x00,0x00
38348470,0x3E8,false,0,8,0x07,0x00,0x00,0x00,0x00,0x00,0x07,0x00
38348599,0x3E8,false,0,8,0x08,0x00,0x4F,0x00,0x07,0x00,0x00,0x00
38348723,0x3E8,false,0,8,0x09,0x00,0x00,0x00,0x00,0x00,0x00,0x00
38348848,0x3E8,false,0,8,0x0A,0x00,0x00,0x00,0x00,0x00,0x00,0x00
38348973,0x3E8,false,0,8,0x0B,0x00,0x00,0x00,0x00,0x00,0x00,0x00
38349097,0x3E8,false,0,8,0x0C,0x00,0x00,0x00,0x00,0x00,0x00,0x00
38349222,0x3E8,false,0,8,0x0D,0x00,0x00,0x00,0x05,0x00,0x10,0x00
38383067,0x3E8,false,0,8,0x00,0x00,0x00,0x00,0x66,0x00,0x65,0x00
38383281,0x44C,false,0,8,0x00,0x00,0x19,0x00,0x1A,0x00,0x00,0x00
38383405,0x3E8,false,0,8,0x01,0x00,0xF2,0x03,0x04,0x00,0x00,0x00
38383530,0x44C,false,0,8,0x01,0x00,0x01,0x00,0x00,0x00,0x00,0x00
38383654,0x3E8,false,0,8,0x02,0x00,0x00,0x00,0x00,0x00,0x54,0x00
38383779,0x3E8,false,0,8,0x03,0x00,0x4C,0x00,0x9F,0x04,0x00,0x00
38383903,0x3E8,false,0,8,0x04,0x00,0x00,0x00,0x90,0x01,0x9A,0x04
38384027,0x3E8,false,0,8,0x05,0x00,0x00,0x00,0x00,0x00,0x00,0x00
38384151,0x3E8,false,0,8,0x06,0x00,0x00,0x00,0x00,0x00,0x00,0x00
38384276,0x3E8,false,0,8,0x07,0x00,0x00,0x00,0x00,0x00,0x07,0x00
38384400,0x3E8,false,0,8,0x08,0x00,0x4F,0x00,0x07,0x00,0x00,0x00
38384525,0x3E8,false,0,8,0x09,0x00,0x00,0x00,0x00,0x00,0x00,0x00
38384653,0x3E8,false,0,8,0x0A,0x00,0x00,0x00,0x00,0x00,0x00,0x00
38384778,0x3E8,false,0,8,0x0B,0x00,0x00,0x00,0x00,0x00,0x00,0x00
38384903,0x3E8,false,0,8,0x0C,0x00,0x00,0x00,0x00,0x00,0x00,0x00
38385027,0x3E8,false,0,8,0x0D,0x00,0x00,0x00,0x05,0x00,0x10,0x00
38430962,0x3E8,false,0,8,0x00,0x00,0x00,0x00,0x66,0x00,0x65,0x00
38431215,0x44C,false,0,8,0x00,0x00,0x19,0x00,0x1A,0x00,0x00,0x00
38431353,0x3E8,false,0,8,0x01,0x00,0xF2,0x03,0x04,0x00,0x00,0x00
38431490,0x44C,false,0,8,0x01,0x00,0x01,0x00,0x00,0x00,0x00,0x00
38431628,0x3E8,false,0,8,0x02,0x00,0x00,0x00,0x00,0x00,0x54,0x00
38431767,0x3E8,false,0,8,0x03,0x00,0x4C,0x00,0x9F,0x04,0x00,0x00
38431891,0x3E8,false,0,8,0x04,0x00,0x00,0x00,0x90,0x01,0x9A,0x04
38432028,0x3E8,false,0,8,0x05,0x00,0x00,0x00,0x00,0x00,0x00,0x00
38432153,0x3E8,false,0,8,0x06,0x00,0x00,0x00,0x00,0x00,0x00,0x00
38432289,0x3E8,false,0,8,0x07,0x00,0x00,0x00,0x00,0x00,0x07,0x00
38432426,0x3E8,false,0,8,0x08,0x00,0x4F,0x00,0x07,0x00,0x00,0x00
38432562,0x3E8,false,0,8,0x09,0x00,0x00,0x00,0x00,0x00,0x00,0x00
38432708,0x3E8,false,0,8,0x0A,0x00,0x00,0x00,0x00,0x00,0x00,0x00
38432844,0x3E8,false,0,8,0x0B,0x00,0x00,0x00,0x00,0x00,0x00,0x00
38432982,0x3E8,false,0,8,0x0C,0x00,0x00,0x00,0x00,0x00,0x00,0x00
38433119,0x3E8,false,0,8,0x0D,0x00,0x00,0x00,0x05,0x00,0x10,0x00
38482680,0x3E8,false,0,8,0x00,0x00,0x00,0x00,0x66,0x00,0x65,0x00
38482917,0x44C,false,0,8,0x00,0x00,0x19,0x00,0x1A,0x00,0x00,0x00
38483060,0x3E8,false,0,8,0x01,0x00,0xF2,0x03,0x04,0x00,0x00,0x00
38483198,0x44C,false,0,8,0x01,0x00,0x01,0x00,0x00,0x00,0x00,0x00
38483334,0x3E8,false,0,8,0x02,0x00,0x00,0x00,0x00,0x00,0x54,0x00
38483471,0x3E8,false,0,8,0x03,0x00,0x4C,0x00,0x9F,0x04,0x00,0x00
38483612,0x3E8,false,0,8,0x04,0x00,0x00,0x00,0x90,0x01,0x9A,0x04
38483749,0x3E8,false,0,8,0x05,0x00,0x00,0x00,0x00,0x00,0x00,0x00
38483886,0x3E8,false,0,8,0x06,0x00,0x00,0x00,0x00,0x00,0x00,0x00
38484011,0x3E8,false,0,8,0x07,0x00,0x00,0x00,0x00,0x00,0x07,0x00
38484136,0x3E8,false,0,8,0x08,0x00,0x4F,0x00,0x07,0x00,0x00,0x00
38484261,0x3E8,false,0,8,0x09,0x00,0x00,0x00,0x00,0x00,0x00,0x00
38484385,0x3E8,false,0,8,0x0A,0x00,0x00,0x00,0x00,0x00,0x00,0x00
38484510,0x3E8,false,0,8,0x0B,0x00,0x00,0x00,0x00,0x00,0x00,0x00
38484640,0x3E8,false,0,8,0x0C,0x00,0x00,0x00,0x00,0x00,0x00,0x00
38484764,0x3E8,false,0,8,0x0D,0x00,0x00,0x00,0x05,0x00,0x10,0x00
38532673,0x44C,false,0,8,0x00,0x00,0x19,0x00,0x1A,0x00,0x00,0x00
38532931,0x3E8,false,0,8,0x00,0x00,0x00,0x00,0x66,0x00,0x65,0x00
38533069,0x44C,false,0,8,0x01,0x00,0x01,0x00,0x00,0x00,0x00,0x00
38533214,0x3E8,false,0,8,0x01,0x00,0xF2,0x03,0x04,0x00,0x00,0x00
38545545,0x3E8,false,0,8,0x02,0x00,0x00,0x00,0x00,0x00,0x54,0x00
38545677,0x3E8,false,0,8,0x03,0x00,0x4C,0x00,0x9F,0x04,0x00,0x00
38545802,0x3E8,false,0,8,0x04,0x00,0x00,0x00,0x90,0x01,0x9A,0x04
38545928,0x3E8,false,0,8,0x05,0x00,0x00,0x00,0x00,0x00,0x00,0x00
38546053,0x3E8,false,0,8,0x06,0x00,0x00,0x00,0x00,0x00,0x00,0x00
38546179,0x3E8,false,0,8,0x07,0x00,0x00,0x00,0x00,0x00,0x07,0x00
38546305,0x3E8,false,0,8,0x08,0x00,0x4F,0x00,0x07,0x00,0x00,0x00
38546431,0x3E8,false,0,8,0x09,0x00,0x00,0x00,0x00,0x00,0x00,0x00
38546557,0x3E8,false,0,8,0x0A,0x00,0x00,0x00,0x00,0x00,0x00,0x00
38546688,0x3E8,false,0,8,0x0B,0x00,0x00,0x00,0x00,0x00,0x00,0x00
38546814,0x3E8,false,0,8,0x0C,0x00,0x00,0x00,0x00,0x00,0x00,0x00
38546940,0x3E8,false,0,8,0x0D,0x00,0x00,0x00,0x05,0x00,0x10,0x00
38582660,0x3E8,false,0,8,0x00,0x00,0x00,0x00,0x66,0x00,0x65,0x00
38582908,0x44C,false,0,8,0x00,0x00,0x19,0x00,0x1A,0x00,0x00,0x00
38583046,0x3E8,false,0,8,0x01,0x00,0xF2,0x03,0x04,0x00,0x00,0x00
38583183,0x44C,false,0,8,0x01,0x00,0x01,0x00,0x00,0x00,0x00,0x00
38583318,0x3E8,false,0,8,0x02,0x00,0x00,0x00,0x00,0x00,0x54,0x00
38583454,0x3E8,false,0,8,0x03,0x00,0x4C,0x00,0x9F,0x04,0x00,0x00
38583590,0x3E8,false,0,8,0x04,0x00,0x00,0x00,0x90,0x01,0x9A,0x04
38583728,0x3E8,false,0,8,0x05,0x00,0x00,0x00,0x00,0x00,0x00,0x00
38583852,0x3E8,false,0,8,0x06,0x00,0x00,0x00,0x00,0x00,0x00,0x00
38583977,0x3E8,false,0,8,0x07,0x00,0x00,0x00,0x00,0x00,0x07,0x00
38584101,0x3E8,false,0,8,0x08,0x00,0x4F,0x00,0x07,0x00,0x00,0x00
38584226,0x3E8,false,0,8,0x09,0x00,0x00,0x00,0x00,0x00,0x00,0x00
38584350,0x3E8,false,0,8,0x0A,0x00,0x00,0x00,0x00,0x00,0x00,0x00
38584475,0x3E8,false,0,8,0x0B,0x00,0x00,0x00,0x00,0x00,0x00,0x00
38584604,0x3E8,false,0,8,0x0C,0x00,0x00,0x00,0x00,0x00,0x00,0x00
38584729,0x3E8,false,0,8,0x0D,0x00,0x00,0x00,0x05,0x00,0x10,0x00
38632659,0x3E8,false,0,8,0x00,0x00,0x00,0x00,0x66,0x00,0x65,0x00
38632892,0x44C,false,0,8,0x00,0x00,0x19,0x00,0x1A,0x00,0x00,0x00
38633016,0x3E8,false,0,8,0x01,0x00,0xF2,0x03,0x04,0x00,0x00,0x00
38633153,0x44C,false,0,8,0x01,0x00,0x01,0x00,0x00,0x00,0x00,0x00
38633295,0x3E8,false,0,8,0x02,0x00,0x00,0x00,0x00,0x00,0x54,0x00
38633432,0x3E8,false,0,8,0x03,0x00,0x4C,0x00,0x9F,0x04,0x00,0x00
38633568,0x3E8,false,0,8,0x04,0x00,0x00,0x00,0x90,0x01,0x9A,0x04
38633707,0x3E8,false,0,8,0x05,0x00,0x00,0x00,0x00,0x00,0x00,0x00
38633844,0x3E8,false,0,8,0x06,0x00,0x00,0x00,0x00,0x00,0x00,0x00
38633984,0x3E8,false,0,8,0x07,0x00,0x00,0x00,0x00,0x00,0x07,0x00
38634109,0x3E8,false,0,8,0x08,0x00,0x4F,0x00,0x07,0x00,0x00,0x00
38634234,0x3E8,false,0,8,0x09,0x00,0x00,0x00,0x00,0x00,0x00,0x00
38634359,0x3E8,false,0,8,0x0A,0x00,0x00,0x00,0x00,0x00,0x00,0x00
38634483,0x3E8,false,0,8,0x0B,0x00,0x00,0x00,0x00,0x00,0x00,0x00
38634613,0x3E8,false,0,8,0x0C,0x00,0x00,0x00,0x00,0x00,0x00,0x00
38634738,0x3E8,false,0,8,0x0D,0x00,0x00,0x00,0x05,0x00,0x10,0x00
38682668,0x3E8,false,0,8,0x00,0x00,0x00,0x00,0x66,0x00,0x65,0x00
38682889,0x44C,false,0,8,0x00,0x00,0x19,0x00,0x1A,0x00,0x00,0x00
38683014,0x3E8,false,0,8,0x01,0x00,0xF2,0x03,0x04,0x00,0x00,0x00
38683139,0x44C,false,0,8,0x01,0x00,0x01,0x00,0x00,0x00,0x00,0x00
38683264,0x3E8,false,0,8,0x02,0x00,0x00,0x00,0x00,0x00,0x54,0x00
38683389,0x3E8,false,0,8,0x03,0x00,0x4C,0x00,0x9F,0x04,0x00,0x00
38683513,0x3E8,false,0,8,0x04,0x00,0x00,0x00,0x90,0x01,0x9A,0x04
38683649,0x3E8,false,0,8,0x05,0x00,0x00,0x00,0x00,0x00,0x00,0x00
38683775,0x3E8,false,0,8,0x06,0x00,0x00,0x00,0x00,0x00,0x00,0x00
38683912,0x3E8,false,0,8,0x07,0x00,0x00,0x00,0x00,0x00,0x07,0x00
38684048,0x3E8,false,0,8,0x08,0x00,0x4F,0x00,0x07,0x00,0x00,0x00
38684182,0x3E8,false,0,8,0x09,0x00,0x00,0x00,0x00,0x00,0x00,0x00
38684319,0x3E8,false,0,8,0x0A,0x00,0x00,0x00,0x00,0x00,0x00,0x00
38684456,0x3E8,false,0,8,0x0B,0x00,0x00,0x00,0x00,0x00,0x00,0x00
38684593,0x3E8,false,0,8,0x0C,0x00,0x00,0x00,0x00,0x00,0x00,0x00
38684738,0x3E8,false,0,8,0x0D,0x00,0x00,0x00,0x05,0x00,0x10,0x00
38732655,0x3E8,false,0,8,0x00,0x00,0x00,0x00,0x66,0x00,0x65,0x00
38732794,0x44C,false,0,8,0x00,0x00,0x19,0x00,0x1A,0x00,0x00,0x00
38732931,0x3E8,false,0,8,0x01,0x00,0xF2,0x03,0x04,0x00,0x00,0x00
38745366,0x44C,false,0,8,0x01,0x00,0x01,0x00,0x00,0x00,0x00,0x00
38745499,0x3E8,false,0,8,0x02,0x00,0x00,0x00,0x00,0x00,0x54,0x00
38745627,0x3E8,false,0,8,0x03,0x00,0x4C,0x00,0x9F,0x04,0x00,0x00
38745754,0x3E8,false,0,8,0x04,0x00,0x00,0x00,0x90,0x01,0x9A,0x04
38745879,0x3E8,false,0,8,0x05,0x00,0x00,0x00,0x00,0x00,0x00,0x00
38746005,0x3E8,false,0,8,0x06,0x00,0x00,0x00,0x00,0x00,0x00,0x00
38746130,0x3E8,false,0,8,0x07,0x00,0x00,0x00,0x00,0x00,0x07,0x00
38746256,0x3E8,false,0,8,0x08,0x00,0x4F,0x00,0x07,0x00,0x00,0x00
38746382,0x3E8,false,0,8,0x09,0x00,0x00,0x00,0x00,0x00,0x00,0x00
38746508,0x3E8,false,0,8,0x0A,0x00,0x00,0x00,0x00,0x00,0x00,0x00
38746638,0x3E8,false,0,8,0x0B,0x00,0x00,0x00,0x00,0x00,0x00,0x00
38746763,0x3E8,false,0,8,0x0C,0x00,0x00,0x00,0x00,0x00,0x00,0x00
38746889,0x3E8,false,0,8,0x0D,0x00,0x00,0x00,0x05,0x00,0x10,0x00
38782675,0x3E8,false,0,8,0x00,0x00,0x00,0x00,0x66,0x00,0x65,0x00
38782921,0x44C,false,0,8,0x00,0x00,0x19,0x00,0x1A,0x00,0x00,0x00
38783058,0x3E8,false,0,8,0x01,0x00,0xF2,0x03,0x04,0x00,0x00,0x00
38783195,0x44C,false,0,8,0x01,0x00,0x01,0x00,0x00,0x00,0x00,0x00
38783338,0x3E8,false,0,8,0x02,0x00,0x00,0x00,0x00,0x00,0x54,0x00
38783462,0x3E8,false,0,8,0x03,0x00,0x4C,0x00,0x9F,0x04,0x00,0x00
38783601,0x3E8,false,0,8,0x04,0x00,0x00,0x00,0x90,0x01,0x9A,0x04
38783735,0x3E8,false,0,8,0x05,0x00,0x00,0x00,0x00,0x00,0x00,0x00
38783872,0x3E8,false,0,8,0x06,0x00,0x00,0x00,0x00,0x00,0x00,0x00
38784008,0x3E8,false,0,8,0x07,0x00,0x00,0x00,0x00,0x00,0x07,0x00
38784146,0x3E8,false,0,8,0x08,0x00,0x4F,0x00,0x07,0x00,0x00,0x00
38784283,0x3E8,false,0,8,0x09,0x00,0x00,0x00,0x00,0x00,0x00,0x00
38784420,0x3E8,false,0,8,0x0A,0x00,0x00,0x00,0x00,0x00,0x00,0x00
38784556,0x3E8,false,0,8,0x0B,0x00,0x00,0x00,0x00,0x00,0x00,0x00
38784685,0x3E8,false,0,8,0x0C,0x00,0x00,0x00,0x00,0x00,0x00,0x00
38784816,0x3E8,false,0,8,0x0D,0x00,0x00,0x00,0x05,0x00,0x10,0x00
38832672,0x3E8,false,0,8,0x00,0x00,0x00,0x00,0x66,0x00,0x65,0x00
38832919,0x44C,false,0,8,0x00,0x00,0x19,0x00,0x1A,0x00,0x00,0x00
38833057,0x3E8,false,0,8,0x01,0x00,0xF2,0x03,0x04,0x00,0x00,0x00
38833194,0x44C,false,0,8,0x01,0x00,0x01,0x00,0x00,0x00,0x00,0x00
38833332,0x3E8,false,0,8,0x02,0x00,0x00,0x00,0x00,0x00,0x54,0x00
38833469,0x3E8,false,0,8,0x03,0x00,0x4C,0x00,0x9F,0x04,0x00,0x00
38833595,0x3E8,false,0,8,0x04,0x00,0x00,0x00,0x90,0x01,0x9A,0x04
38833734,0x3E8,false,0,8,0x05,0x00,0x00,0x00,0x00,0x00,0x00,0x00
38833861,0x3E8,false,0,8,0x06,0x00,0x00,0x00,0x00,0x00,0x00,0x00
38833999,0x3E8,false,0,8,0x07,0x00,0x00,0x00,0x00,0x00,0x07,0x00
38834136,0x3E8,false,0,8,0x08,0x00,0x4F,0x00,0x07,0x00,0x00,0x00
38834278,0x3E8,false,0,8,0x09,0x00,0x00,0x00,0x00,0x00,0x00,0x00
38834415,0x3E8,false,0,8,0x0A,0x00,0x00,0x00,0x00,0x00,0x00,0x00
38836648,0x3E8,false,0,8,0x0B,0x00,0x00,0x00,0x00,0x00,0x00,0x00
38836780,0x3E8,false,0,8,0x0C,0x00,0x00,0x00,0x00,0x00,0x00,0x00
38836907,0x3E8,false,0,8,0x0D,0x00,0x00,0x00,0x05,0x00,0x10,0x00
38882660,0x3E8,false,0,8,0x00,0x00,0x00,0x00,0x66,0x00,0x65,0x00
38882913,0x44C,false,0,8,0x00,0x00,0x19,0x00,0x1A,0x00,0x00,0x00
38883049,0x3E8,false,0,8,0x01,0x00,0xF2,0x03,0x04,0x00,0x00,0x00
38883188,0x44C,false,0,8,0x01,0x00,0x01,0x00,0x00,0x00,0x00,0x00
38883325,0x3E8,false,0,8,0x02,0x00,0x00,0x00,0x00,0x00,0x54,0x00
38883461,0x3E8,false,0,8,0x03,0x00,0x4C,0x00,0x9F,0x04,0x00,0x00
38883597,0x3E8,false,0,8,0x04,0x00,0x00,0x00,0x90,0x01,0x9A,0x04
38883724,0x3E8,false,0,8,0x05,0x00,0x00,0x00,0x00,0x00,0x00,0x00
38886644,0x3E8,false,0,8,0x06,0x00,0x00,0x00,0x00,0x00,0x00,0x00
38886770,0x3E8,false,0,8,0x07,0x00,0x00,0x00,0x00,0x00,0x07,0x00
38886895,0x3E8,false,0,8,0x08,0x00,0x4F,0x00,0x07,0x00,0x00,0x00
38887019,0x3E8,false,0,8,0x09,0x00,0x00,0x00,0x00,0x00,0x00,0x00
38887144,0x3E8,false,0,8,0x0A,0x00,0x00,0x00,0x00,0x00,0x00,0x00
38887269,0x3E8,false,0,8,0x0B,0x00,0x00,0x00,0x00,0x00,0x00,0x00
38887393,0x3E8,false,0,8,0x0C,0x00,0x00,0x00,0x00,0x00,0x00,0x00
38887518,0x3E8,false,0,8,0x0D,0x00,0x00,0x00,0x05,0x00,0x10,0x00
38934667,0x3E8,false,0,8,0x00,0x00,0x00,0x00,0x66,0x00,0x65,0x00
38934876,0x44C,false,0,8,0x00,0x00,0x19,0x00,0x1A,0x00,0x00,0x00
38946952,0x3E8,false,0,8,0x01,0x00,0xF2,0x03,0x04,0x00,0x00,0x00
38947076,0x44C,false,0,8,0x01,0x00,0x01,0x00,0x00,0x00,0x00,0x00
38947201,0x3E8,false,0,8,0x02,0x00,0x00,0x00,0x00,0x00,0x54,0x00
38947325,0x3E8,false,0,8,0x03,0x00,0x4C,0x00,0x9F,0x04,0x00,0x00
38947449,0x3E8,false,0,8,0x04,0x00,0x00,0x00,0x90,0x01,0x9A,0x04
38947573,0x3E8,false,0,8,0x05,0x00,0x00,0x00,0x00,0x00,0x00,0x00
38947701,0x3E8,false,0,8,0x06,0x00,0x00,0x00,0x00,0x00,0x00,0x00
38947826,0x3E8,false,0,8,0x07,0x00,0x00,0x00,0x00,0x00,0x07,0x00
38947950,0x3E8,false,0,8,0x08,0x00,0x4F,0x00,0x07,0x00,0x00,0x00
38948075,0x3E8,false,0,8,0x09,0x00,0x00,0x00,0x00,0x00,0x00,0x00
38948199,0x3E8,false,0,8,0x0A,0x00,0x00,0x00,0x00,0x00,0x00,0x00
38948324,0x3E8,false,0,8,0x0B,0x00,0x00,0x00,0x00,0x00,0x00,0x00
38948448,0x3E8,false,0,8,0x0C,0x00,0x00,0x00,0x00,0x00,0x00,0x00
38948573,0x3E8,false,0,8,0x0D,0x00,0x00,0x00,0x05,0x00,0x10,0x00
38984674,0x3E8,false,0,8,0x00,0x00,0x00,0x00,0x66,0x00,0x65,0x00
38984924,0x44C,false,0,8,0x00,0x00,0x19,0x00,0x1A,0x00,0x00,0x00
38985061,0x3E8,false,0,8,0x01,0x00,0xF2,0x03,0x04,0x00,0x00,0x00
38985198,0x44C,false,0,8,0x01,0x00,0x01,0x00,0x00,0x00,0x00,0x00
38985326,0x3E8,false,0,8,0x02,0x00,0x00,0x00,0x00,0x00,0x54,0x00
38985463,0x3E8,false,0,8,0x03,0x00,0x4C,0x00,0x9F,0x04,0x00,0x00
38985588,0x3E8,false,0,8,0x04,0x00,0x00,0x00,0x90,0x01,0x9A,0x04
38985713,0x3E8,false,0,8,0x05,0x00,0x00,0x00,0x00,0x00,0x00,0x00
38985839,0x3E8,false,0,8,0x06,0x00,0x00,0x00,0x00,0x00,0x00,0x00
38985964,0x3E8,false,0,8,0x07,0x00,0x00,0x00,0x00,0x00,0x07,0x00
38986089,0x3E8,false,0,8,0x08,0x00,0x4F,0x00,0x07,0x00,0x00,0x00
38986215,0x3E8,false,0,8,0x09,0x00,0x00,0x00,0x00,0x00,0x00,0x00
38986341,0x3E8,false,0,8,0x0A,0x00,0x00,0x00,0x00,0x00,0x00,0x00
38986467,0x3E8,false,0,8,0x0B,0x00,0x00,0x00,0x00,0x00,0x00,0x00
38986592,0x3E8,false,0,8,0x0C,0x00,0x00,0x00,0x00,0x00,0x00,0x00
38986723,0x3E8,false,0,8,0x0D,0x00,0x00,0x00,0x05,0x00,0x10,0x00
39034669,0x3E8,false,0,8,0x00,0x00,0x00,0x00,0x66,0x00,0x65,0x00
39034904,0x44C,false,0,8,0x00,0x00,0x19,0x00,0x1A,0x00,0x00,0x00
39035038,0x3E8,false,0,8,0x01,0x00,0xF2,0x03,0x04,0x00,0x00,0x00
39035175,0x44C,false,0,8,0x01,0x00,0x01,0x00,0x00,0x00,0x00,0x00
39035315,0x3E8,false,0,8,0x02,0x00,0x00,0x00,0x00,0x00,0x54,0x00
39035454,0x3E8,false,0,8,0x03,0x00,0x4C,0x00,0x9F,0x04,0x00,0x00
39035590,0x3E8,false,0,8,0x04,0x00,0x00,0x00,0x90,0x01,0x9A,0x04
39035714,0x3E8,false,0,8,0x05,0x00,0x00,0x00,0x00,0x00,0x00,0x00
39035839,0x3E8,false,0,8,0x06,0x00,0x00,0x00,0x00,0x00,0x00,0x00
39035964,0x3E8,false,0,8,0x07,0x00,0x00,0x00,0x00,0x00,0x07,0x00
39036089,0x3E8,false,0,8,0x08,0x00,0x4F,0x00,0x07,0x00,0x00,0x00
39036214,0x3E8,false,0,8,0x09,0x00,0x00,0x00,0x00,0x00,0x00,0x00
39036339,0x3E8,false,0,8,0x0A,0x00,0x00,0x00,0x00,0x00,0x00,0x00
39036464,0x3E8,false,0,8,0x0B,0x00,0x00,0x00,0x00,0x00,0x00,0x00
39036589,0x3E8,false,0,8,0x0C,0x00,0x00,0x00,0x00,0x00,0x00,0x00
39036718,0x3E8,false,0,8,0x0D,0x00,0x00,0x00,0x05,0x00,0x10,0x00
39084675,0x3E8,false,0,8,0x00,0x00,0x00,0x00,0x66,0x00,0x65,0x00
39084914,0x44C,false,0,8,0x00,0x00,0x19,0x00,0x1A,0x00,0x00,0x00
39085044,0x3E8,false,0,8,0x01,0x00,0xF2,0x03,0x04,0x00,0x00,0x00
39085174,0x44C,false,0,8,0x01,0x00,0x01,0x00,0x00,0x00,0x00,0x00
39085304,0x3E8,false,0,8,0x02,0x00,0x00,0x00,0x00,0x00,0x54,0x00
39085447,0x3E8,false,0,8,0x03,0x00,0x4C,0x00,0x9F,0x04,0x00,0x00
39085588,0x3E8,false,0,8,0x04,0x00,0x00,0x00,0x90,0x01,0x9A,0x04
39085731,0x3E8,false,0,8,0x05,0x00,0x00,0x00,0x00,0x00,0x00,0x00
39085871,0x3E8,false,0,8,0x06,0x00,0x00,0x00,0x00,0x00,0x00,0x00
39086010,0x3E8,false,0,8,0x07,0x00,0x00,0x00,0x00,0x00,0x07,0x00
39086145,0x3E8,false,0,8,0x08,0x00,0x4F,0x00,0x07,0x00,0x00,0x00
39086271,0x3E8,false,0,8,0x09,0x00,0x00,0x00,0x00,0x00,0x00,0x00
39086406,0x3E8,false,0,8,0x0A,0x00,0x00,0x00,0x00,0x00,0x00,0x00
39086533,0x3E8,false,0,8,0x0B,0x00,0x00,0x00,0x00,0x00,0x00,0x00
39086663,0x3E8,false,0,8,0x0C,0x00,0x00,0x00,0x00,0x00,0x00,0x00
39086789,0x3E8,false,0,8,0x0D,0x00,0x00,0x00,0x05,0x00,0x10,0x00
39134660,0x3E8,false,0,8,0x00,0x00,0x00,0x00,0x66,0x00,0x65,0x00
39147153,0x44C,false,0,8,0x00,0x00,0x19,0x00,0x1A,0x00,0x00,0x00
39147283,0x3E8,false,0,8,0x01,0x00,0xF2,0x03,0x04,0x00,0x00,0x00
39147407,0x44C,false,0,8,0x01,0x00,0x01,0x00,0x00,0x00,0x00,0x00
39147532,0x3E8,false,0,8,0x02,0x00,0x00,0x00,0x00,0x00,0x54,0x00
39147659,0x3E8,false,0,8,0x03,0x00,0x4C,0x00,0x9F,0x04,0x00,0x00
39147783,0x3E8,false,0,8,0x04,0x00,0x00,0x00,0x90,0x01,0x9A,0x04
39147907,0x3E8,false,0,8,0x05,0x00,0x00,0x00,0x00,0x00,0x00,0x00
39148032,0x3E8,false,0,8,0x06,0x00,0x00,0x00,0x00,0x00,0x00,0x00
39148157,0x3E8,false,0,8,0x07,0x00,0x00,0x00,0x00,0x00,0x07,0x00
39148281,0x3E8,false,0,8,0x08,0x00,0x4F,0x00,0x07,0x00,0x00,0x00
39148405,0x3E8,false,0,8,0x09,0x00,0x00,0x00,0x00,0x00,0x00,0x00
39148530,0x3E8,false,0,8,0x0A,0x00,0x00,0x00,0x00,0x00,0x00,0x00
39148659,0x3E8,false,0,8,0x0B,0x00,0x00,0x00,0x00,0x00,0x00,0x00
39148784,0x3E8,false,0,8,0x0C,0x00,0x00,0x00,0x00,0x00,0x00,0x00
39148909,0x3E8,false,0,8,0x0D,0x00,0x00,0x00,0x05,0x00,0x10,0x00
39184670,0x3E8,false,0,8,0x00,0x00,0x00,0x00,0x66,0x00,0x65,0x00
39184909,0x44C,false,0,8,0x00,0x00,0x19,0x00,0x1A,0x00,0x00,0x00
39185045,0x3E8,false,0,8,0x01,0x00,0xF2,0x03,0x04,0x00,0x00,0x00
39185169,0x44C,false,0,8,0x01,0x00,0x01,0x00,0x00,0x00,0x00,0x00
39185306,0x3E8,false,0,8,0x02,0x00,0x00,0x00,0x00,0x00,0x54,0x00
39185444,0x3E8,false,0,8,0x03,0x00,0x4C,0x00,0x9F,0x04,0x00,0x00
39185580,0x3E8,false,0,8,0x04,0x00,0x00,0x00,0x90,0x01,0x9A,0x04
39185717,0x3E8,false,0,8,0x05,0x00,0x00,0x00,0x00,0x00,0x00,0x00
39185854,0x3E8,false,0,8,0x06,0x00,0x00,0x00,0x00,0x00,0x00,0x00
39185990,0x3E8,false,0,8,0x07,0x00,0x00,0x00,0x00,0x00,0x07,0x00
39186125,0x3E8,false,0,8,0x08,0x00,0x4F,0x00,0x07,0x00,0x00,0x00
39186261,0x3E8,false,0,8,0x09,0x00,0x00,0x00,0x00,0x00,0x00,0x00
39186386,0x3E8,false,0,8,0x0A,0x00,0x00,0x00,0x00,0x00,0x00,0x00
39186510,0x3E8,false,0,8,0x0B,0x00,0x00,0x00,0x00,0x00,0x00,0x00
39186640,0x3E8,false,0,8,0x0C,0x00,0x00,0x00,0x00,0x00,0x00,0x00
39186764,0x3E8,false,0,8,0x0D,0x00,0x00,0x00,0x05,0x00,0x10,0x00
39234670,0x3E8,false,0,8,0x00,0x00,0x00,0x00,0x66,0x00,0x65,0x00
39234896,0x44C,false,0,8,0x00,0x00,0x19,0x00,0x1A,0x00,0x00,0x00
39235044,0x3E8,false,0,8,0x01,0x00,0xF2,0x03,0x04,0x00,0x00,0x00
39235169,0x44C,false,0,8,0x01,0x00,0x01,0x00,0x00,0x00,0x00,0x00
39235305,0x3E8,false,0,8,0x02,0x00,0x00,0x00,0x00,0x00,0x54,0x00
39235432,0x3E8,false,0,8,0x03,0x00,0x4C,0x00,0x9F,0x04,0x00,0x00
39235566,0x3E8,false,0,8,0x04,0x00,0x00,0x00,0x90,0x01,0x9A,0x04
39235691,0x3E8,false,0,8,0x05,0x00,0x00,0x00,0x00,0x00,0x00,0x00
39235829,0x3E8,false,0,8,0x06,0x00,0x00,0x00,0x00,0x00,0x00,0x00
39235977,0x3E8,false,0,8,0x07,0x00,0x00,0x00,0x00,0x00,0x07,0x00
39236102,0x3E8,false,0,8,0x08,0x00,0x4F,0x00,0x07,0x00,0x00,0x00
39236252,0x3E8,false,0,8,0x09,0x00,0x00,0x00,0x00,0x00,0x00,0x00
39236387,0x3E8,false,0,8,0x0A,0x00,0x00,0x00,0x00,0x00,0x00,0x00
39236513,0x3E8,false,0,8,0x0B,0x00,0x00,0x00,0x00,0x00,0x00,0x00
39236642,0x3E8,false,0,8,0x0C,0x00,0x00,0x00,0x00,0x00,0x00,0x00
39236767,0x3E8,false,0,8,0x0D,0x00,0x00,0x00,0x05,0x00,0x10,0x00
39284655,0x3E8,false,0,8,0x00,0x00,0x00,0x00,0x66,0x00,0x65,0x00
39284797,0x44C,false,0,8,0x00,0x00,0x19,0x00,0x1A,0x00,0x00,0x00
39284933,0x3E8,false,0,8,0x01,0x00,0xF2,0x03,0x04,0x00,0x00,0x00
39285069,0x44C,false,0,8,0x01,0x00,0x01,0x00,0x00,0x00,0x00,0x00
39285208,0x3E8,false,0,8,0x02,0x00,0x00,0x00,0x00,0x00,0x54,0x00
39285334,0x3E8,false,0,8,0x03,0x00,0x4C,0x00,0x9F,0x04,0x00,0x00
39285458,0x3E8,false,0,8,0x04,0x00,0x00,0x00,0x90,0x01,0x9A,0x04
39285582,0x3E8,false,0,8,0x05,0x00,0x00,0x00,0x00,0x00,0x00,0x00
39288644,0x3E8,false,0,8,0x06,0x00,0x00,0x00,0x00,0x00,0x00,0x00
39288771,0x3E8,false,0,8,0x07,0x00,0x00,0x00,0x00,0x00,0x07,0x00
39288896,0x3E8,false,0,8,0x08,0x00,0x4F,0x00,0x07,0x00,0x00,0x00
39303631,0x3E8,false,0,8,0x09,0x00,0x00,0x00,0x00,0x00,0x00,0x00
39303759,0x3E8,false,0,8,0x0A,0x00,0x00,0x00,0x00,0x00,0x00,0x00
39303883,0x3E8,false,0,8,0x0B,0x00,0x00,0x00,0x00,0x00,0x00,0x00
39304008,0x3E8,false,0,8,0x0C,0x00,0x00,0x00,0x00,0x00,0x00,0x00
39304133,0x3E8,false,0,8,0x0D,0x00,0x00,0x00,0x05,0x00,0x10,0x00
39337082,0x3E8,false,0,8,0x00,0x00,0x00,0x00,0x66,0x00,0x65,0x00
39337306,0x44C,false,0,8,0x00,0x00,0x19,0x00,0x1A,0x00,0x00,0x00
39337431,0x3E8,false,0,8,0x01,0x00,0xF2,0x03,0x04,0x00,0x00,0x00
39337556,0x44C,false,0,8,0x01,0x00,0x01,0x00,0x00,0x00,0x00,0x00
39337681,0x3E8,false,0,8,0x02,0x00,0x00,0x00,0x00,0x00,0x54,0x00
39337807,0x3E8,false,0,8,0x03,0x00,0x4C,0x00,0x9F,0x04,0x00,0x00
39337932,0x3E8,false,0,8,0x04,0x00,0x00,0x00,0x90,0x01,0x9A,0x04
39338057,0x3E8,false,0,8,0x05,0x00,0x00,0x00,0x00,0x00,0x00,0x00
39338186,0x3E8,false,0,8,0x06,0x00,0x00,0x00,0x00,0x00,0x00,0x00
39338319,0x3E8,false,0,8,0x07,0x00,0x00,0x00,0x00,0x00,0x07,0x00
39338454,0x3E8,false,0,8,0x08,0x00,0x4F,0x00,0x07,0x00,0x00,0x00
39338586,0x3E8,false,0,8,0x09,0x00,0x00,0x00,0x00,0x00,0x00,0x00
39338723,0x3E8,false,0,8,0x0A,0x00,0x00,0x00,0x00,0x00,0x00,0x00
39338854,0x3E8,false,0,8,0x0B,0x00,0x00,0x00,0x00,0x00,0x00,0x00
39338983,0x3E8,false,0,8,0x0C,0x00,0x00,0x00,0x00,0x00,0x00,0x00
39339113,0x3E8,false,0,8,0x0D,0x00,0x00,0x00,0x05,0x00,0x10,0x00
39385066,0x3E8,false,0,8,0x00,0x00,0x00,0x00,0x66,0x00,0x65,0x00
39385302,0x44C,false,0,8,0x00,0x00,0x19,0x00,0x1A,0x00,0x00,0x00
39385451,0x3E8,false,0,8,0x01,0x00,0xF2,0x03,0x04,0x00,0x00,0x00
39385585,0x44C,false,0,8,0x01,0x00,0x01,0x00,0x00,0x00,0x00,0x00
39385723,0x3E8,false,0,8,0x02,0x00,0x00,0x00,0x00,0x00,0x54,0x00
39385847,0x3E8,false,0,8,0x03,0x00,0x4C,0x00,0x9F,0x04,0x00,0x00
39385981,0x3E8,false,0,8,0x04,0x00,0x00,0x00,0x90,0x01,0x9A,0x04
39386118,0x3E8,false,0,8,0x05,0x00,0x00,0x00,0x00,0x00,0x00,0x00
39386254,0x3E8,false,0,8,0x06,0x00,0x00,0x00,0x00,0x00,0x00,0x00
39386381,0x3E8,false,0,8,0x07,0x00,0x00,0x00,0x00,0x00,0x07,0x00
39386523,0x3E8,false,0,8,0x08,0x00,0x4F,0x00,0x07,0x00,0x00,0x00
39386678,0x3E8,false,0,8,0x09,0x00,0x00,0x00,0x00,0x00,0x00,0x00
39388665,0x3E8,false,0,8,0x0A,0x00,0x00,0x00,0x00,0x00,0x00,0x00
39388843,0x3E8,false,0,8,0x0B,0x00,0x00,0x00,0x00,0x00,0x00,0x00
39388981,0x3E8,false,0,8,0x0C,0x00,0x00,0x00,0x00,0x00,0x00,0x00
39389112,0x3E8,false,0,8,0x0D,0x00,0x00,0x00,0x05,0x00,0x10,0x00
39436670,0x44C,false,0,8,0x00,0x00,0x19,0x00,0x1A,0x00,0x00,0x00
39436902,0x3E8,false,0,8,0x00,0x00,0x00,0x00,0x66,0x00,0x65,0x00
39437039,0x44C,false,0,8,0x01,0x00,0x01,0x00,0x00,0x00,0x00,0x00
39437175,0x3E8,false,0,8,0x01,0x00,0xF2,0x03,0x04,0x00,0x00,0x00
39437317,0x3E8,false,0,8,0x02,0x00,0x00,0x00,0x00,0x00,0x54,0x00
39437442,0x3E8,false,0,8,0x03,0x00,0x4C,0x00,0x9F,0x04,0x00,0x00
39437566,0x3E8,false,0,8,0x04,0x00,0x00,0x00,0x90,0x01,0x9A,0x04
39437691,0x3E8,false,0,8,0x05,0x00,0x00,0x00,0x00,0x00,0x00,0x00
39437816,0x3E8,false,0,8,0x06,0x00,0x00,0x00,0x00,0x00,0x00,0x00
39437941,0x3E8,false,0,8,0x07,0x00,0x00,0x00,0x00,0x00,0x07,0x00
39438066,0x3E8,false,0,8,0x08,0x00,0x4F,0x00,0x07,0x00,0x00,0x00
39438190,0x3E8,false,0,8,0x09,0x00,0x00,0x00,0x00,0x00,0x00,0x00
39438315,0x3E8,false,0,8,0x0A,0x00,0x00,0x00,0x00,0x00,0x00,0x00
39438440,0x3E8,false,0,8,0x0B,0x00,0x00,0x00,0x00,0x00,0x00,0x00
39438565,0x3E8,false,0,8,0x0C,0x00,0x00,0x00,0x00,0x00,0x00,0x00
39438694,0x3E8,false,0,8,0x0D,0x00,0x00,0x00,0x05,0x00,0x10,0x00
39486660,0x3E8,false,0,8,0x00,0x00,0x00,0x00,0x66,0x00,0x65,0x00
39486877,0x44C,false,0,8,0x00,0x00,0x19,0x00,0x1A,0x00,0x00,0x00
39487014,0x3E8,false,0,8,0x01,0x00,0xF2,0x03,0x04,0x00,0x00,0x00
39487149,0x44C,false,0,8,0x01,0x00,0x01,0x00,0x00,0x00,0x00,0x00
39487288,0x3E8,false,0,8,0x02,0x00,0x00,0x00,0x00,0x00,0x54,0x00
39487423,0x3E8,false,0,8,0x03,0x00,0x4C,0x00,0x9F,0x04,0x00,0x00
39487560,0x3E8,false,0,8,0x04,0x00,0x00,0x00,0x90,0x01,0x9A,0x04
39487697,0x3E8,false,0,8,0x05,0x00,0x00,0x00,0x00,0x00,0x00,0x00
39487838,0x3E8,false,0,8,0x06,0x00,0x00,0x00,0x00,0x00,0x00,0x00
39487975,0x3E8,false,0,8,0x07,0x00,0x00,0x00,0x00,0x00,0x07,0x00
39488100,0x3E8,false,0,8,0x08,0x00,0x4F,0x00,0x07,0x00,0x00,0x00
39521296,0x3E8,false,0,8,0x09,0x00,0x00,0x00,0x00,0x00,0x00,0x00
39521432,0x3E8,false,0,8,0x0A,0x00,0x00,0x00,0x00,0x00,0x00,0x00
39521565,0x3E8,false,0,8,0x0B,0x00,0x00,0x00,0x00,0x00,0x00,0x00
39521698,0x3E8,false,0,8,0x0C,0x00,0x00,0x00,0x00,0x00,0x00,0x00
39521831,0x3E8,false,0,8,0x0D,0x00,0x00,0x00,0x05,0x00,0x10,0x00
39536646,0x3E8,false,0,8,0x00,0x00,0x00,0x00,0x66,0x00,0x65,0x00
39536799,0x44C,false,0,8,0x00,0x00,0x19,0x00,0x1A,0x00,0x00,0x00
39536931,0x3E8,false,0,8,0x01,0x00,0xF2,0x03,0x04,0x00,0x00,0x00
39537073,0x44C,false,0,8,0x01,0x00,0x01,0x00,0x00,0x00,0x00,0x00
39537215,0x3E8,false,0,8,0x02,0x00,0x00,0x00,0x00,0x00,0x54,0x00
39537369,0x3E8,false,0,8,0x03,0x00,0x4C,0x00,0x9F,0x04,0x00,0x00
39537512,0x3E8,false,0,8,0x04,0x00,0x00,0x00,0x90,0x01,0x9A,0x04
39537658,0x3E8,false,0,8,0x05,0x00,0x00,0x00,0x00,0x00,0x00,0x00
39537799,0x3E8,false,0,8,0x06,0x00,0x00,0x00,0x00,0x00,0x00,0x00
39537932,0x3E8,false,0,8,0x07,0x00,0x00,0x00,0x00,0x00,0x07,0x00
39538064,0x3E8,false,0,8,0x08,0x00,0x4F,0x00,0x07,0x00,0x00,0x00
39538196,0x3E8,false,0,8,0x09,0x00,0x00,0x00,0x00,0x00,0x00,0x00
39538328,0x3E8,false,0,8,0x0A,0x00,0x00,0x00,0x00,0x00,0x00,0x00
39538460,0x3E8,false,0,8,0x0B,0x00,0x00,0x00,0x00,0x00,0x00,0x00
39538593,0x3E8,false,0,8,0x0C,0x00,0x00,0x00,0x00,0x00,0x00,0x00
39538734,0x3E8,false,0,8,0x0D,0x00,0x00,0x00,0x05,0x00,0x10,0x00
39586989,0x44C,false,0,8,0x00,0x00,0x19,0x00,0x1A,0x00,0x00,0x00
39587255,0x3E8,false,0,8,0x00,0x00,0x00,0x00,0x66,0x00,0x65,0x00
39587402,0x44C,false,0,8,0x01,0x00,0x01,0x00,0x00,0x00,0x00,0x00
39587546,0x3E8,false,0,8,0x01,0x00,0xF2,0x03,0x04,0x00,0x00,0x00
39587690,0x3E8,false,0,8,0x02,0x00,0x00,0x00,0x00,0x00,0x54,0x00
39587832,0x3E8,false,0,8,0x03,0x00,0x4C,0x00,0x9F,0x04,0x00,0x00
39587963,0x3E8,false,0,8,0x04,0x00,0x00,0x00,0x90,0x01,0x9A,0x04
39588093,0x3E8,false,0,8,0x05,0x00,0x00,0x00,0x00,0x00,0x00,0x00
39588224,0x3E8,false,0,8,0x06,0x00,0x00,0x00,0x00,0x00,0x00,0x00
39588355,0x3E8,false,0,8,0x07,0x00,0x00,0x00,0x00,0x00,0x07,0x00
39588486,0x3E8,false,0,8,0x08,0x00,0x4F,0x00,0x07,0x00,0x00,0x00
39588622,0x3E8,false,0,8,0x09,0x00,0x00,0x00,0x00,0x00,0x00,0x00
39588754,0x3E8,false,0,8,0x0A,0x00,0x00,0x00,0x00,0x00,0x00,0x00
39588886,0x3E8,false,0,8,0x0B,0x00,0x00,0x00,0x00,0x00,0x00,0x00
39589018,0x3E8,false,0,8,0x0C,0x00,0x00,0x00,0x00,0x00,0x00,0x00
39589149,0x3E8,false,0,8,0x0D,0x00,0x00,0x00,0x05,0x00,0x10,0x00
39636673,0x3E8,false,0,8,0x00,0x00,0x00,0x00,0x66,0x00,0x65,0x00
39636880,0x44C,false,0,8,0x00,0x00,0x19,0x00,0x1A,0x00,0x00,0x00
39637019,0x3E8,false,0,8,0x01,0x00,0xF2,0x03,0x04,0x00,0x00,0x00
39637144,0x44C,false,0,8,0x01,0x00,0x01,0x00,0x00,0x00,0x00,0x00
39637282,0x3E8,false,0,8,0x02,0x00,0x00,0x00,0x00,0x00,0x54,0x00
39637418,0x3E8,false,0,8,0x03,0x00,0x4C,0x00,0x9F,0x04,0x00,0x00
39637555,0x3E8,false,0,8,0x04,0x00,0x00,0x00,0x90,0x01,0x9A,0x04
39637689,0x3E8,false,0,8,0x05,0x00,0x00,0x00,0x00,0x00,0x00,0x00
39637827,0x3E8,false,0,8,0x06,0x00,0x00,0x00,0x00,0x00,0x00,0x00
39637964,0x3E8,false,0,8,0x07,0x00,0x00,0x00,0x00,0x00,0x07,0x00
39638102,0x3E8,false,0,8,0x08,0x00,0x4F,0x00,0x07,0x00,0x00,0x00
39638226,0x3E8,false,0,8,0x09,0x00,0x00,0x00,0x00,0x00,0x00,0x00
39638351,0x3E8,false,0,8,0x0A,0x00,0x00,0x00,0x00,0x00,0x00,0x00
39638476,0x3E8,false,0,8,0x0B,0x00,0x00,0x00,0x00,0x00,0x00,0x00
39638606,0x3E8,false,0,8,0x0C,0x00,0x00,0x00,0x00,0x00,0x00,0x00
39638731,0x3E8,false,0,8,0x0D,0x00,0x00,0x00,0x05,0x00,0x10,0x00
39686670,0x3E8,false,0,8,0x00,0x00,0x00,0x00,0x66,0x00,0x65,0x00
39686898,0x44C,false,0,8,0x00,0x00,0x19,0x00,0x1A,0x00,0x00,0x00
39687025,0x3E8,false,0,8,0x01,0x00,0xF2,0x03,0x04,0x00,0x00,0x00
39687150,0x44C,false,0,8,0x01,0x00,0x01,0x00,0x00,0x00,0x00,0x00
39687275,0x3E8,false,0,8,0x02,0x00,0x00,0x00,0x00,0x00,0x54,0x00
39687399,0x3E8,false,0,8,0x03,0x00,0x4C,0x00,0x9F,0x04,0x00,0x00
39687524,0x3E8,false,0,8,0x04,0x00,0x00,0x00,0x90,0x01,0x9A,0x04
39687650,0x3E8,false,0,8,0x05,0x00,0x00,0x00,0x00,0x00,0x00,0x00
39687787,0x3E8,false,0,8,0x06,0x00,0x00,0x00,0x00,0x00,0x00,0x00
39687923,0x3E8,false,0,8,0x07,0x00,0x00,0x00,0x00,0x00,0x07,0x00
39700108,0x3E8,false,0,8,0x08,0x00,0x4F,0x00,0x07,0x00,0x00,0x00
39700232,0x3E8,false,0,8,0x09,0x00,0x00,0x00,0x00,0x00,0x00,0x00
39700357,0x3E8,false,0,8,0x0A,0x00,0x00,0x00,0x00,0x00,0x00,0x00
39700482,0x3E8,false,0,8,0x0B,0x00,0x00,0x00,0x00,0x00,0x00,0x00
39700611,0x3E8,false,0,8,0x0C,0x00,0x00,0x00,0x00,0x00,0x00,0x00
39700736,0x3E8,false,0,8,0x0D,0x00,0x00,0x00,0x05,0x00,0x10,0x00
39736693,0x3E8,false,0,8,0x00,0x00,0x00,0x00,0x66,0x00,0x65,0x00
39736961,0x44C,false,0,8,0x00,0x00,0x19,0x00,0x1A,0x00,0x00,0x00
39737102,0x3E8,false,0,8,0x01,0x00,0xF2,0x03,0x04,0x00,0x00,0x00
39737248,0x44C,false,0,8,0x01,0x00,0x01,0x00,0x00,0x00,0x00,0x00
39737383,0x3E8,false,0,8,0x02,0x00,0x00,0x00,0x00,0x00,0x54,0x00
39737524,0x3E8,false,0,8,0x03,0x00,0x4C,0x00,0x9F,0x04,0x00,0x00
39737653,0x3E8,false,0,8,0x04,0x00,0x00,0x00,0x90,0x01,0x9A,0x04
39737792,0x3E8,false,0,8,0x05,0x00,0x00,0x00,0x00,0x00,0x00,0x00
39737935,0x3E8,false,0,8,0x06,0x00,0x00,0x00,0x00,0x00,0x00,0x00
39743064,0x3E8,false,0,8,0x07,0x00,0x00,0x00,0x00,0x00,0x07,0x00
39743433,0x3E8,false,0,8,0x08,0x00,0x4F,0x00,0x07,0x00,0x00,0x00
39743568,0x3E8,false,0,8,0x09,0x00,0x00,0x00,0x00,0x00,0x00,0x00
39743700,0x3E8,false,0,8,0x0A,0x00,0x00,0x00,0x00,0x00,0x00,0x00
39743837,0x3E8,false,0,8,0x0B,0x00,0x00,0x00,0x00,0x00,0x00,0x00
39743973,0x3E8,false,0,8,0x0C,0x00,0x00,0x00,0x00,0x00,0x00,0x00
39744107,0x3E8,false,0,8,0x0D,0x00,0x00,0x00,0x05,0x00,0x10,0x00
39786670,0x3E8,false,0,8,0x00,0x00,0x00,0x00,0x66,0x00,0x65,0x00
39786921,0x44C,false,0,8,0x00,0x00,0x19,0x00,0x1A,0x00,0x00,0x00
39787058,0x3E8,false,0,8,0x01,0x00,0xF2,0x03,0x04,0x00,0x00,0x00
39787193,0x44C,false,0,8,0x01,0x00,0x01,0x00,0x00,0x00,0x00,0x00
39787331,0x3E8,false,0,8,0x02,0x00,0x00,0x00,0x00,0x00,0x54,0x00
39787465,0x3E8,false,0,8,0x03,0x00,0x4C,0x00,0x9F,0x04,0x00,0x00
39787605,0x3E8,false,0,8,0x04,0x00,0x00,0x00,0x90,0x01,0x9A,0x04
39795981,0x3E8,false,0,8,0x05,0x00,0x00,0x00,0x00,0x00,0x00,0x00
39796415,0x3E8,false,0,8,0x06,0x00,0x00,0x00,0x00,0x00,0x00,0x00
39796540,0x3E8,false,0,8,0x07,0x00,0x00,0x00,0x00,0x00,0x07,0x00
39796671,0x3E8,false,0,8,0x08,0x00,0x4F,0x00,0x07,0x00,0x00,0x00
39796798,0x3E8,false,0,8,0x09,0x00,0x00,0x00,0x00,0x00,0x00,0x00
39796924,0x3E8,false,0,8,0x0A,0x00,0x00,0x00,0x00,0x00,0x00,0x00
39797055,0x3E8,false,0,8,0x0B,0x00,0x00,0x00,0x00,0x00,0x00,0x00
39797185,0x3E8,false,0,8,0x0C,0x00,0x00,0x00,0x00,0x00,0x00,0x00
39797311,0x3E8,false,0,8,0x0D,0x00,0x00,0x00,0x05,0x00,0x10,0x00
39836672,0x3E8,false,0,8,0x00,0x00,0x00,0x00,0x66,0x00,0x65,0x00
39836924,0x44C,false,0,8,0x00,0x00,0x19,0x00,0x1A,0x00,0x00,0x00
39837062,0x3E8,false,0,8,0x01,0x00,0xF2,0x03,0x04,0x00,0x00,0x00
39837199,0x44C,false,0,8,0x01,0x00,0x01,0x00,0x00,0x00,0x00,0x00
39837338,0x3E8,false,0,8,0x02,0x00,0x00,0x00,0x00,0x00,0x54,0x00
39837473,0x3E8,false,0,8,0x03,0x00,0x4C,0x00,0x9F,0x04,0x00,0x00
39837599,0x3E8,false,0,8,0x04,0x00,0x00,0x00,0x90,0x01,0x9A,0x04
39837738,0x3E8,false,0,8,0x05,0x00,0x00,0x00,0x00,0x00,0x00,0x00
39837864,0x3E8,false,0,8,0x06,0x00,0x00,0x00,0x00,0x00,0x00,0x00
39838001,0x3E8,false,0,8,0x07,0x00,0x00,0x00,0x00,0x00,0x07,0x00
39838137,0x3E8,false,0,8,0x08,0x00,0x4F,0x00,0x07,0x00,0x00,0x00
39838273,0x3E8,false,0,8,0x09,0x00,0x00,0x00,0x00,0x00,0x00,0x00
39838413,0x3E8,false,0,8,0x0A,0x00,0x00,0x00,0x00,0x00,0x00,0x00
39838549,0x3E8,false,0,8,0x0B,0x00,0x00,0x00,0x00,0x00,0x00,0x00
39838693,0x3E8,false,0,8,0x0C,0x00,0x00,0x00,0x00,0x00,0x00,0x00
39838830,0x3E8,false,0,8,0x0D,0x00,0x00,0x00,0x05,0x00,0x10,0x00
39886671,0x3E8,false,0,8,0x00,0x00,0x00,0x00,0x66,0x00,0x65,0x00
39886921,0x44C,false,0,8,0x00,0x00,0x19,0x00,0x1A,0x00,0x00,0x00
39887061,0x3E8,false,0,8,0x01,0x00,0xF2,0x03,0x04,0x00,0x00,0x00
39887197,0x44C,false,0,8,0x01,0x00,0x01,0x00,0x00,0x00,0x00,0x00
39887334,0x3E8,false,0,8,0x02,0x00,0x00,0x00,0x00,0x00,0x54,0x00
39887471,0x3E8,false,0,8,0x03,0x00,0x4C,0x00,0x9F,0x04,0x00,0x00
39887609,0x3E8,false,0,8,0x04,0x00,0x00,0x00,0x90,0x01,0x9A,0x04
39887733,0x3E8,false,0,8,0x05,0x00,0x00,0x00,0x00,0x00,0x00,0x00
39890665,0x3E8,false,0,8,0x06,0x00,0x00,0x00,0x00,0x00,0x00,0x00
39903040,0x3E8,false,0,8,0x07,0x00,0x00,0x00,0x00,0x00,0x07,0x00
39903171,0x3E8,false,0,8,0x08,0x00,0x4F,0x00,0x07,0x00,0x00,0x00
39903296,0x3E8,false,0,8,0x09,0x00,0x00,0x00,0x00,0x00,0x00,0x00
39903420,0x3E8,false,0,8,0x0A,0x00,0x00,0x00,0x00,0x00,0x00,0x00
39903545,0x3E8,false,0,8,0x0B,0x00,0x00,0x00,0x00,0x00,0x00,0x00
39903671,0x3E8,false,0,8,0x0C,0x00,0x00,0x00,0x00,0x00,0x00,0x00
39903796,0x3E8,false,0,8,0x0D,0x00,0x00,0x00,0x05,0x00,0x10,0x00
39938653,0x3E8,false,0,8,0x00,0x00,0x00,0x00,0x66,0x00,0x65,0x00
39938851,0x44C,false,0,8,0x00,0x00,0x19,0x00,0x1A,0x00,0x00,0x00
39938986,0x3E8,false,0,8,0x01,0x00,0xF2,0x03,0x04,0x00,0x00,0x00
39939125,0x44C,false,0,8,0x01,0x00,0x01,0x00,0x00,0x00,0x00,0x00
39939261,0x3E8,false,0,8,0x02,0x00,0x00,0x00,0x00,0x00,0x54,0x00
39939396,0x3E8,false,0,8,0x03,0x00,0x4C,0x00,0x9F,0x04,0x00,0x00
39939523,0x3E8,false,0,8,0x04,0x00,0x00,0x00,0x90,0x01,0x9A,0x04
39939650,0x3E8,false,0,8,0x05,0x00,0x00,0x00,0x00,0x00,0x00,0x00
39939774,0x3E8,false,0,8,0x06,0x00,0x00,0x00,0x00,0x00,0x00,0x00
39939899,0x3E8,false,0,8,0x07,0x00,0x00,0x00,0x00,0x00,0x07,0x00
39940024,0x3E8,false,0,8,0x08,0x00,0x4F,0x00,0x07,0x00,0x00,0x00
39940148,0x3E8,false,0,8,0x09,0x00,0x00,0x00,0x00,0x00,0x00,0x00
39940272,0x3E8,false,0,8,0x0A,0x00,0x00,0x00,0x00,0x00,0x00,0x00
39940397,0x3E8,false,0,8,0x0B,0x00,0x00,0x00,0x00,0x00,0x00,0x00
39940522,0x3E8,false,0,8,0x0C,0x00,0x00,0x00,0x00,0x00,0x00,0x00
39940651,0x3E8,false,0,8,0x0D,0x00,0x00,0x00,0x05,0x00,0x10,0x00
39988660,0x3E8,false,0,8,0x00,0x00,0x00,0x00,0x66,0x00,0x65,0x00
39988913,0x44C,false,0,8,0x00,0x00,0x19,0x00,0x1A,0x00,0x00,0x00
39989049,0x3E8,false,0,8,0x01,0x00,0xF2,0x03,0x04,0x00,0x00,0x00
39989183,0x44C,false,0,8,0x01,0x00,0x01,0x00,0x00,0x00,0x00,0x00
39989318,0x3E8,false,0,8,0x02,0x00,0x00,0x00,0x00,0x00,0x54,0x00
39989457,0x3E8,false,0,8,0x03,0x00,0x4C,0x00,0x9F,0x04,0x00,0x00
39989581,0x3E8,false,0,8,0x04,0x00,0x00,0x00,0x90,0x01,0x9A,0x04
39989706,0x3E8,false,0,8,0x05,0x00,0x00,0x00,0x00,0x00,0x00,0x00
39989830,0x3E8,false,0,8,0x06,0x00,0x00,0x00,0x00,0x00,0x00,0x00
39989955,0x3E8,false,0,8,0x07,0x00,0x00,0x00,0x00,0x00,0x07,0x00
39990080,0x3E8,false,0,8,0x08,0x00,0x4F,0x00,0x07,0x00,0x00,0x00
39990204,0x3E8,false,0,8,0x09,0x00,0x00,0x00,0x00,0x00,0x00,0x00
39990329,0x3E8,false,0,8,0x0A,0x00,0x00,0x00,0x00,0x00,0x00,0x00
39990454,0x3E8,false,0,8,0x0B,0x00,0x00,0x00,0x00,0x00,0x00,0x00
39990578,0x3E8,false,0,8,0x0C,0x00,0x00,0x00,0x00,0x00,0x00,0x00
39990708,0x3E8,false,0,8,0x0D,0x00,0x00,0x00,0x05,0x00,0x10,0x00
